model,task,story_id,repetition,stability
deepseek14b,false_belief,fb001,1,0.11389991641044617
deepseek14b,false_belief,fb001,2,0.1782023310661316
deepseek14b,false_belief,fb001,3,0.151133194565773
deepseek14b,false_belief,fb002,1,0.1041985034942627
deepseek14b,false_belief,fb002,2,0.07977596521377564
deepseek14b,false_belief,fb002,3,0.10695208311080932
deepseek14b,false_belief,fb003,1,0.0861482322216034
deepseek14b,false_belief,fb003,2,0.0720929205417633
deepseek14b,false_belief,fb003,3,0.13849230110645294
deepseek14b,false_belief,fb004,1,0.10869871079921722
deepseek14b,false_belief,fb004,2,0.13026447594165802
deepseek14b,false_belief,fb004,3,0.1029617041349411
deepseek14b,false_belief,fb005,1,0.12481425702571869
deepseek14b,false_belief,fb005,2,0.15679556131362915
deepseek14b,false_belief,fb005,3,0.1544392704963684
deepseek14b,false_belief,fb006,1,0.14695578813552856
deepseek14b,false_belief,fb006,2,0.06639890372753143
deepseek14b,false_belief,fb006,3,0.2155073881149292
deepseek14b,false_belief,fb007,1,0.10131056606769562
deepseek14b,false_belief,fb007,2,0.0982455313205719
deepseek14b,false_belief,fb007,3,0.1588841825723648
deepseek14b,false_belief,fb008,1,0.05334682762622833
deepseek14b,false_belief,fb008,2,0.09549795091152191
deepseek14b,false_belief,fb008,3,0.05886010825634003
deepseek14b,false_belief,fb009,1,0.18264267841974893
deepseek14b,false_belief,fb009,2,0.11766342322031657
deepseek14b,false_belief,fb009,3,0.1666013995806376
deepseek14b,false_belief,fb010,1,0.11276662349700928
deepseek14b,false_belief,fb010,2,0.10329291224479675
deepseek14b,false_belief,fb010,3,0.11153043806552887
deepseek14b,false_belief,fb011,1,0.11813056468963623
deepseek14b,false_belief,fb011,2,0.09404557943344116
deepseek14b,false_belief,fb011,3,0.17768102884292603
deepseek14b,false_belief,fb012,1,0.11571209132671356
deepseek14b,false_belief,fb012,2,0.11090648174285889
deepseek14b,false_belief,fb012,3,0.187406525015831
deepseek14b,false_belief,fb013,1,0.094885915517807
deepseek14b,false_belief,fb013,2,0.1900988221168518
deepseek14b,false_belief,fb013,3,0.11386212706565857
deepseek14b,false_belief,fb014,1,0.2139301300048828
deepseek14b,false_belief,fb014,2,0.05909961462020874
deepseek14b,false_belief,fb014,3,0.16082090139389038
deepseek14b,false_belief,fb015,1,0.1544782966375351
deepseek14b,false_belief,fb015,2,0.11348949372768402
deepseek14b,false_belief,fb015,3,0.1471283733844757
deepseek14b,false_belief,fb016,1,0.1209494024515152
deepseek14b,false_belief,fb016,2,0.112961545586586
deepseek14b,false_belief,fb016,3,0.11355413496494293
deepseek14b,false_belief,fb017,1,0.05708529055118561
deepseek14b,false_belief,fb017,2,0.044017404317855835
deepseek14b,false_belief,fb017,3,0.11536571383476257
deepseek14b,false_belief,fb018,1,0.1650625467300415
deepseek14b,false_belief,fb018,2,0.09646642208099365
deepseek14b,false_belief,fb018,3,0.15000560879707336
deepseek14b,false_belief,fb019,1,0.090320885181427
deepseek14b,false_belief,fb019,2,0.06425487995147705
deepseek14b,false_belief,fb019,3,0.21210350096225739
deepseek14b,false_belief,fb020,1,0.1339079588651657
deepseek14b,false_belief,fb020,2,0.17624028027057648
deepseek14b,false_belief,fb020,3,0.10104325413703918
deepseek14b,false_belief,fb021,1,0.07434254884719849
deepseek14b,false_belief,fb021,2,0.07886427640914917
deepseek14b,false_belief,fb021,3,0.07303352355957031
deepseek14b,false_belief,fb022,1,0.09589226543903351
deepseek14b,false_belief,fb022,2,0.16743960976600647
deepseek14b,false_belief,fb022,3,0.15827275812625885
deepseek14b,false_belief,fb023,1,0.13467395305633545
deepseek14b,false_belief,fb023,2,0.24636463522911073
deepseek14b,false_belief,fb023,3,0.22445504665374755
deepseek14b,false_belief,fb024,1,0.1250194509824117
deepseek14b,false_belief,fb024,2,0.126029372215271
deepseek14b,false_belief,fb024,3,0.18422222137451172
deepseek14b,false_belief,fb025,1,0.12167772650718689
deepseek14b,false_belief,fb025,2,0.07343076169490814
deepseek14b,false_belief,fb025,3,0.14382818341255188
deepseek14b,false_belief,fb026,1,0.27371466159820557
deepseek14b,false_belief,fb026,2,0.15700644254684448
deepseek14b,false_belief,fb026,3,0.174129048983256
deepseek14b,false_belief,fb027,1,0.11183659235636394
deepseek14b,false_belief,fb027,2,0.15620080629984537
deepseek14b,false_belief,fb027,3,0.09908237059911092
deepseek14b,false_belief,fb028,1,0.16466668248176575
deepseek14b,false_belief,fb028,2,0.1732206791639328
deepseek14b,false_belief,fb028,3,0.13334786891937256
deepseek14b,false_belief,fb029,1,0.12097878754138947
deepseek14b,false_belief,fb029,2,0.0812862366437912
deepseek14b,false_belief,fb029,3,0.09844976663589478
deepseek14b,false_belief,fb030,1,0.13738864660263062
deepseek14b,false_belief,fb030,2,0.09535963833332062
deepseek14b,false_belief,fb030,3,0.11595074832439423
deepseek14b,false_belief,fb031,1,0.09319086372852325
deepseek14b,false_belief,fb031,2,0.12573610246181488
deepseek14b,false_belief,fb031,3,0.0993281900882721
deepseek14b,false_belief,fb032,1,0.22068514674901962
deepseek14b,false_belief,fb032,2,0.1418341100215912
deepseek14b,false_belief,fb032,3,0.10059855878353119
deepseek14b,false_belief,fb033,1,0.13692235946655273
deepseek14b,false_belief,fb033,2,0.08902856707572937
deepseek14b,false_belief,fb033,3,0.13007335364818573
deepseek14b,false_belief,fb034,1,0.11704839766025543
deepseek14b,false_belief,fb034,2,0.15360014140605927
deepseek14b,false_belief,fb034,3,0.07912862300872803
deepseek14b,false_belief,fb035,1,0.07646375894546509
deepseek14b,false_belief,fb035,2,0.12385788559913635
deepseek14b,false_belief,fb035,3,0.12119485437870026
deepseek14b,false_belief,fb036,1,0.09641791582107544
deepseek14b,false_belief,fb036,2,0.13902111053466798
deepseek14b,false_belief,fb036,3,0.19580328464508057
deepseek14b,false_belief,fb037,1,0.06335370242595673
deepseek14b,false_belief,fb037,2,0.14208179712295532
deepseek14b,false_belief,fb037,3,0.0852891355752945
deepseek14b,false_belief,fb038,1,0.15736567974090576
deepseek14b,false_belief,fb038,2,0.14680035412311554
deepseek14b,false_belief,fb038,3,0.10967375338077545
deepseek14b,false_belief,fb039,1,0.10750162601470947
deepseek14b,false_belief,fb039,2,0.15022262930870056
deepseek14b,false_belief,fb039,3,0.11491326987743378
deepseek14b,false_belief,fb040,1,0.11942526698112488
deepseek14b,false_belief,fb040,2,0.1299353539943695
deepseek14b,false_belief,fb040,3,0.09438800811767578
deepseek14b,false_belief,fb041,1,0.14359191060066223
deepseek14b,false_belief,fb041,2,0.14294934272766113
deepseek14b,false_belief,fb041,3,0.17404797673225403
deepseek14b,false_belief,fb042,1,0.08982743322849274
deepseek14b,false_belief,fb042,2,0.16347022354602814
deepseek14b,false_belief,fb042,3,0.09357850253582001
deepseek14b,false_belief,fb043,1,0.20253828167915344
deepseek14b,false_belief,fb043,2,0.17207731306552887
deepseek14b,false_belief,fb043,3,0.21981728076934814
deepseek14b,false_belief,fb044,1,0.11028563976287842
deepseek14b,false_belief,fb044,2,0.21107206493616104
deepseek14b,false_belief,fb044,3,0.11289173364639282
deepseek14b,false_belief,fb045,1,0.157236647605896
deepseek14b,false_belief,fb045,2,0.11397355794906616
deepseek14b,false_belief,fb045,3,0.14734798669815063
deepseek14b,false_belief,fb046,1,0.15591810643672943
deepseek14b,false_belief,fb046,2,0.1610105186700821
deepseek14b,false_belief,fb046,3,0.12327423691749573
deepseek14b,false_belief,fb047,1,0.12467557191848755
deepseek14b,false_belief,fb047,2,0.17218105494976044
deepseek14b,false_belief,fb047,3,0.14870408177375793
deepseek14b,false_belief,fb048,1,0.149459570646286
deepseek14b,false_belief,fb048,2,0.09050996601581573
deepseek14b,false_belief,fb048,3,0.11107848584651947
deepseek14b,false_belief,fb049,1,0.09045203030109406
deepseek14b,false_belief,fb049,2,0.059862419962882996
deepseek14b,false_belief,fb049,3,0.08033056557178497
deepseek14b,false_belief,fb050,1,0.07459726929664612
deepseek14b,false_belief,fb050,2,0.18898101150989532
deepseek14b,false_belief,fb050,3,0.18310391902923584
deepseek14b,false_belief,fb051,1,0.1488826870918274
deepseek14b,false_belief,fb051,2,0.20667028427124023
deepseek14b,false_belief,fb051,3,0.2018482486406962
deepseek14b,false_belief,fb052,1,0.21590746939182281
deepseek14b,false_belief,fb052,2,0.05632248520851135
deepseek14b,false_belief,fb052,3,0.09519203007221222
deepseek14b,false_belief,fb053,1,0.12479740381240845
deepseek14b,false_belief,fb053,2,0.12426355481147766
deepseek14b,false_belief,fb053,3,0.12016363441944122
deepseek14b,false_belief,fb054,1,0.15052282810211182
deepseek14b,false_belief,fb054,2,0.20346638560295105
deepseek14b,false_belief,fb054,3,0.12953335046768188
deepseek14b,false_belief,fb055,1,0.08559353649616241
deepseek14b,false_belief,fb055,2,0.08975666761398315
deepseek14b,false_belief,fb055,3,0.10852247476577759
deepseek14b,false_belief,fb056,1,0.15372027456760406
deepseek14b,false_belief,fb056,2,0.19832831621170044
deepseek14b,false_belief,fb056,3,0.16520266234874725
deepseek14b,false_belief,fb057,1,0.18175584077835083
deepseek14b,false_belief,fb057,2,0.1859789788722992
deepseek14b,false_belief,fb057,3,0.20824450254440308
deepseek14b,false_belief,fb058,1,0.2171136736869812
deepseek14b,false_belief,fb058,2,0.1090053915977478
deepseek14b,false_belief,fb058,3,0.1152808666229248
deepseek14b,false_belief,fb059,1,0.1327693611383438
deepseek14b,false_belief,fb059,2,0.131936177611351
deepseek14b,false_belief,fb059,3,0.0919165164232254
deepseek14b,false_belief,fb060,1,0.14974215626716614
deepseek14b,false_belief,fb060,2,0.1904284507036209
deepseek14b,false_belief,fb060,3,0.1247805655002594
deepseek14b,false_belief,sfp011,1,0.15965215861797333
deepseek14b,false_belief,sfp011,2,0.1477048248052597
deepseek14b,false_belief,sfp011,3,0.1804897040128708
deepseek14b,false_belief,sfp012,1,0.0727904736995697
deepseek14b,false_belief,sfp012,2,0.11448495090007782
deepseek14b,false_belief,sfp012,3,0.1679440587759018
deepseek14b,false_belief,sfp013,1,0.14516836404800415
deepseek14b,false_belief,sfp013,2,0.14403735101222992
deepseek14b,false_belief,sfp013,3,0.20647607743740082
deepseek14b,false_belief,sfp014,1,0.10706079006195068
deepseek14b,false_belief,sfp014,2,0.11151671409606934
deepseek14b,false_belief,sfp014,3,0.1703600287437439
deepseek14b,false_belief,sfp015,1,0.09193865060806275
deepseek14b,false_belief,sfp015,2,0.1565226674079895
deepseek14b,false_belief,sfp015,3,0.10215256214141846
deepseek14b,false_belief,sfp016,1,0.24552658796310425
deepseek14b,false_belief,sfp016,2,0.16736661195755004
deepseek14b,false_belief,sfp016,3,0.1913243293762207
deepseek14b,false_belief,sfp017,1,0.18494629859924316
deepseek14b,false_belief,sfp017,2,0.24911470711231232
deepseek14b,false_belief,sfp017,3,0.20689727365970612
deepseek14b,false_belief,sfp018,1,0.16705377399921417
deepseek14b,false_belief,sfp018,2,0.1784360408782959
deepseek14b,false_belief,sfp018,3,0.17799922823905945
deepseek14b,false_belief,sfp019,1,0.1746627390384674
deepseek14b,false_belief,sfp019,2,0.2539411336183548
deepseek14b,false_belief,sfp019,3,0.2581467777490616
deepseek14b,false_belief,sfp020,1,0.08672836422920227
deepseek14b,false_belief,sfp020,2,0.09018413722515106
deepseek14b,false_belief,sfp020,3,0.12983517348766327
deepseek14b,faux_pas,sfp001,1,0.16744171380996703
deepseek14b,faux_pas,sfp001,2,0.1566061019897461
deepseek14b,faux_pas,sfp001,3,0.28874156177043914
deepseek14b,faux_pas,sfp002,1,0.3114636242389679
deepseek14b,faux_pas,sfp002,2,0.3575809672474861
deepseek14b,faux_pas,sfp002,3,0.33134113252162933
deepseek14b,faux_pas,sfp003,1,0.4311191141605377
deepseek14b,faux_pas,sfp003,2,0.5615747347474098
deepseek14b,faux_pas,sfp003,3,0.4365442842245102
deepseek14b,faux_pas,sfp004,1,0.33560750633478165
deepseek14b,faux_pas,sfp004,2,0.34877412766218185
deepseek14b,faux_pas,sfp004,3,0.3684516027569771
deepseek14b,faux_pas,sfp005,1,0.25836181640625
deepseek14b,faux_pas,sfp005,2,0.26062409579753876
deepseek14b,faux_pas,sfp005,3,0.25841474533081055
deepseek14b,faux_pas,sfp006,1,0.2361752986907959
deepseek14b,faux_pas,sfp006,2,0.23040282726287842
deepseek14b,faux_pas,sfp006,3,0.35828855633735657
deepseek14b,faux_pas,sfp007,1,0.28049008548259735
deepseek14b,faux_pas,sfp007,2,0.3112785071134567
deepseek14b,faux_pas,sfp007,3,0.3117743209004402
deepseek14b,faux_pas,sfp008,1,0.31417208909988403
deepseek14b,faux_pas,sfp008,2,0.24252876043319702
deepseek14b,faux_pas,sfp008,3,0.2889959990978241
deepseek14b,faux_pas,sfp009,1,0.2730485002199809
deepseek14b,faux_pas,sfp009,2,0.35173394282658893
deepseek14b,faux_pas,sfp009,3,0.4022004008293152
deepseek14b,faux_pas,sfp010,1,0.3671182592709859
deepseek14b,faux_pas,sfp010,2,0.31257354219754535
deepseek14b,faux_pas,sfp010,3,0.31244567036628723
deepseek14b,implicature,swmimp001,1,0.3971193177359445
deepseek14b,implicature,swmimp001,2,0.3109084367752075
deepseek14b,implicature,swmimp001,3,0.18851502452577865
deepseek14b,implicature,swmimp002,1,0.40333937406539916
deepseek14b,implicature,swmimp002,2,0.34867058992385863
deepseek14b,implicature,swmimp002,3,0.41763322353363036
deepseek14b,implicature,swmimp003,1,0.26195406913757324
deepseek14b,implicature,swmimp003,2,0.3575441241264343
deepseek14b,implicature,swmimp003,3,0.44229501485824585
deepseek14b,implicature,swmimp004,1,0.36785946786403656
deepseek14b,implicature,swmimp004,2,0.2552812546491623
deepseek14b,implicature,swmimp004,3,0.4000515788793564
deepseek14b,implicature,swmimp005,1,0.2957231402397156
deepseek14b,implicature,swmimp005,2,0.39014985660711926
deepseek14b,implicature,swmimp005,3,0.2554572621981303
deepseek14b,implicature,swmimp006,1,0.15822978814442953
deepseek14b,implicature,swmimp006,2,0.33446192741394043
deepseek14b,implicature,swmimp006,3,0.2515993316968282
deepseek14b,implicature,swmimp007,1,0.38205651726041523
deepseek14b,implicature,swmimp007,2,0.4242588792528425
deepseek14b,implicature,swmimp007,3,0.5133408733776638
deepseek14b,implicature,swmimp008,1,0.24580518007278443
deepseek14b,implicature,swmimp008,2,0.19742633104324342
deepseek14b,implicature,swmimp008,3,0.2047150254249573
deepseek14b,implicature,swmimp009,1,0.31158727407455444
deepseek14b,implicature,swmimp009,2,0.1648084044456482
deepseek14b,implicature,swmimp009,3,0.11637210845947266
deepseek14b,implicature,swmimp010,1,0.46833668649196625
deepseek14b,implicature,swmimp010,2,0.3678247928619385
deepseek14b,implicature,swmimp010,3,0.5413138456642628
deepseek14b,implicature,swmimp011,1,0.17387662827968597
deepseek14b,implicature,swmimp011,2,0.34474562108516693
deepseek14b,implicature,swmimp011,3,0.24318742752075195
deepseek14b,implicature,swmimp012,1,0.14714024464289346
deepseek14b,implicature,swmimp012,2,0.28723055124282837
deepseek14b,implicature,swmimp012,3,0.1595290501912435
deepseek14b,implicature,swmimp013,1,0.41621725261211395
deepseek14b,implicature,swmimp013,2,0.23664212226867676
deepseek14b,implicature,swmimp013,3,0.26417553424835205
deepseek14b,implicature,swmimp014,1,0.27087464928627014
deepseek14b,implicature,swmimp014,2,0.46685706079006195
deepseek14b,implicature,swmimp014,3,0.4986618757247925
deepseek14b,implicature,swmimp015,1,0.30315083265304565
deepseek14b,implicature,swmimp015,2,0.25371503829956055
deepseek14b,implicature,swmimp015,3,0.6592017114162445
deepseek14b,implicature,swmimp016,1,0.26063934961954754
deepseek14b,implicature,swmimp016,2,0.2578744755850898
deepseek14b,implicature,swmimp016,3,0.20396451817618477
deepseek14b,implicature,swmimp017,1,0.6377910077571869
deepseek14b,implicature,swmimp017,2,0.3537864685058594
deepseek14b,implicature,swmimp017,3,0.2652043302853902
deepseek14b,implicature,swmimp018,1,0.15130198001861572
deepseek14b,implicature,swmimp018,2,0.08886095881462097
deepseek14b,implicature,swmimp018,3,0.1618882715702057
deepseek14b,implicature,swmimp019,1,0.24163101613521576
deepseek14b,implicature,swmimp019,2,0.4516982063651085
deepseek14b,implicature,swmimp019,3,0.4064836725592613
deepseek14b,implicature,swmimp020,1,0.4631697436173757
deepseek14b,implicature,swmimp020,2,0.22041217486063638
deepseek14b,implicature,swmimp020,3,0.18266940116882324
deepseek14b,implicature,swmimp021,1,0.1544474959373474
deepseek14b,implicature,swmimp021,2,0.23809874057769775
deepseek14b,implicature,swmimp021,3,0.2992727756500244
deepseek14b,implicature,swmimp022,1,0.2606242299079895
deepseek14b,implicature,swmimp022,2,0.3528294563293457
deepseek14b,implicature,swmimp022,3,0.3534420927365621
deepseek14b,implicature,swmimp023,1,0.08799159526824951
deepseek14b,implicature,swmimp023,2,0.1140890121459961
deepseek14b,implicature,swmimp023,3,0.27934548258781433
deepseek14b,implicature,swmimp024,1,0.16809327900409698
deepseek14b,implicature,swmimp024,2,0.23316030204296112
deepseek14b,implicature,swmimp024,3,0.29516226053237915
deepseek14b,implicature,swmimp025,1,0.33598427176475526
deepseek14b,implicature,swmimp025,2,0.40734527111053465
deepseek14b,implicature,swmimp025,3,0.3910610556602478
deepseek14b,implicature,swmimp026,1,0.33554645627737045
deepseek14b,implicature,swmimp026,2,0.47845181822776794
deepseek14b,implicature,swmimp026,3,0.3378053158521652
deepseek14b,implicature,swmimp027,1,0.22808167338371277
deepseek14b,implicature,swmimp027,2,0.21884074807167053
deepseek14b,implicature,swmimp027,3,0.22245216369628906
deepseek14b,implicature,swmimp028,1,0.20944168170293173
deepseek14b,implicature,swmimp028,2,0.23095139861106873
deepseek14b,implicature,swmimp028,3,0.32237955927848816
deepseek14b,implicature,swmimp029,1,0.3328634301821391
deepseek14b,implicature,swmimp029,2,0.15498348077138266
deepseek14b,implicature,swmimp029,3,0.21416300535202026
deepseek14b,implicature,swmimp030,1,0.23730838298797607
deepseek14b,implicature,swmimp030,2,0.17228949069976807
deepseek14b,implicature,swmimp030,3,0.1574013630549113
deepseek14b,implicature,swmimp031,1,0.389186544077737
deepseek14b,implicature,swmimp031,2,0.3374035784176418
deepseek14b,implicature,swmimp031,3,0.2580372095108032
deepseek14b,implicature,swmimp032,1,0.17300564050674438
deepseek14b,implicature,swmimp032,2,0.3100234816471736
deepseek14b,implicature,swmimp032,3,0.5128276894489924
deepseek14b,implicature,swmimp033,1,0.34200260043144226
deepseek14b,implicature,swmimp033,2,0.29368408024311066
deepseek14b,implicature,swmimp033,3,0.3095407634973526
deepseek14b,implicature,swmimp034,1,0.23287177085876465
deepseek14b,implicature,swmimp034,2,0.15940025448799133
deepseek14b,implicature,swmimp034,3,0.264058917760849
deepseek14b,implicature,swmimp035,1,0.3260993957519531
deepseek14b,implicature,swmimp035,2,0.3326241225004196
deepseek14b,implicature,swmimp035,3,0.22258493304252625
deepseek14b,implicature,swmimp036,1,0.24058080911636354
deepseek14b,implicature,swmimp036,2,0.2014577031135559
deepseek14b,implicature,swmimp036,3,0.4661871135234833
deepseek14b,implicature,swmimp037,1,0.3058641850948334
deepseek14b,implicature,swmimp037,2,0.32204845547676086
deepseek14b,implicature,swmimp037,3,0.26903389394283295
deepseek14b,implicature,swmimp038,1,0.3225844552119573
deepseek14b,implicature,swmimp038,2,0.3037777890761693
deepseek14b,implicature,swmimp038,3,0.2620412657658259
deepseek14b,implicature,swmimp039,1,0.514761209487915
deepseek14b,implicature,swmimp039,2,0.29345232248306274
deepseek14b,implicature,swmimp039,3,0.3720066726207733
deepseek14b,implicature,swmimp040,1,0.3142130970954895
deepseek14b,implicature,swmimp040,2,0.2289748340845108
deepseek14b,implicature,swmimp040,3,0.20442895591259003
deepseek14b,implicature,swmimp041,1,0.31308187544345856
deepseek14b,implicature,swmimp041,2,0.37051430344581604
deepseek14b,implicature,swmimp041,3,0.42324867099523544
deepseek14b,implicature,swmimp042,1,0.29768437147140503
deepseek14b,implicature,swmimp042,2,0.3917996386686961
deepseek14b,implicature,swmimp042,3,0.26189424594243366
deepseek14b,implicature,swmimp043,1,0.22375386953353882
deepseek14b,implicature,swmimp043,2,0.3066483438014984
deepseek14b,implicature,swmimp043,3,0.5354137867689133
deepseek14b,implicature,swmimp044,1,0.2636144757270813
deepseek14b,implicature,swmimp044,2,0.36587061882019045
deepseek14b,implicature,swmimp044,3,0.4744574844837189
deepseek14b,implicature,swmimp045,1,0.4622233584523201
deepseek14b,implicature,swmimp045,2,0.33422020077705383
deepseek14b,implicature,swmimp045,3,0.2810547798871994
deepseek14b,implicature,swmimp046,1,0.28582621216773985
deepseek14b,implicature,swmimp046,2,0.22100671529769897
deepseek14b,implicature,swmimp046,3,0.330215060710907
deepseek14b,implicature,swmimp047,1,0.35502522190411884
deepseek14b,implicature,swmimp047,2,0.4851946433385213
deepseek14b,implicature,swmimp047,3,0.4094525973002116
deepseek14b,implicature,swmimp048,1,0.3277096152305603
deepseek14b,implicature,swmimp048,2,0.19184617698192596
deepseek14b,implicature,swmimp048,3,0.12871518731117249
deepseek14b,implicature,swmimp049,1,0.229725681245327
deepseek14b,implicature,swmimp049,2,0.34158868342638016
deepseek14b,implicature,swmimp049,3,0.23317649960517883
deepseek14b,implicature,swmimp050,1,0.314223575592041
deepseek14b,implicature,swmimp050,2,0.4123177468776703
deepseek14b,implicature,swmimp050,3,0.30759771466255187
deepseek14b,implicature,swmimp051,1,0.18232953548431396
deepseek14b,implicature,swmimp051,2,0.31394314765930176
deepseek14b,implicature,swmimp051,3,0.2377196431159973
deepseek14b,implicature,swmimp052,1,0.49252094328403473
deepseek14b,implicature,swmimp052,2,0.2456512749195099
deepseek14b,implicature,swmimp052,3,0.24099163711071014
deepseek14b,implicature,swmimp053,1,0.2595531145731608
deepseek14b,implicature,swmimp053,2,0.3008454541365306
deepseek14b,implicature,swmimp053,3,0.29246190190315247
deepseek14b,implicature,swmimp054,1,0.5527103245258331
deepseek14b,implicature,swmimp054,2,0.3833554983139038
deepseek14b,implicature,swmimp054,3,0.4941096901893616
deepseek14b,implicature,swmimp055,1,0.299895191192627
deepseek14b,implicature,swmimp055,2,0.26761298179626464
deepseek14b,implicature,swmimp055,3,0.3127790093421936
deepseek14b,implicature,swmimp056,1,0.3926937331755956
deepseek14b,implicature,swmimp056,2,0.318595012029012
deepseek14b,implicature,swmimp056,3,0.4186725119749705
deepseek14b,implicature,swmimp057,1,0.48006802797317505
deepseek14b,implicature,swmimp057,2,0.3524308204650879
deepseek14b,implicature,swmimp057,3,0.24309424559275308
deepseek14b,implicature,swmimp058,1,0.3557113806406657
deepseek14b,implicature,swmimp058,2,0.4928043286005656
deepseek14b,implicature,swmimp058,3,0.1826095978418986
deepseek14b,implicature,swmimp059,1,0.25331608951091766
deepseek14b,implicature,swmimp059,2,0.2675575613975525
deepseek14b,implicature,swmimp059,3,0.23243539035320282
deepseek14b,implicature,swmimp060,1,0.36024359862009686
deepseek14b,implicature,swmimp060,2,0.28033671776453656
deepseek14b,implicature,swmimp060,3,0.19622276226679483
deepseek14b,implicature,swmimp061,1,0.21479782462120056
deepseek14b,implicature,swmimp061,2,0.4915085434913635
deepseek14b,implicature,swmimp061,3,0.2576880156993866
deepseek14b,implicature,swmimp062,1,0.07333898544311523
deepseek14b,implicature,swmimp062,2,0.1339841683705648
deepseek14b,implicature,swmimp062,3,0.2456441322962443
deepseek14b,implicature,swmimp063,1,0.2901979386806488
deepseek14b,implicature,swmimp063,2,0.2796458527445793
deepseek14b,implicature,swmimp063,3,0.2547909840941429
deepseek14b,implicature,swmimp064,1,0.36400609463453293
deepseek14b,implicature,swmimp064,2,0.33482566475868225
deepseek14b,implicature,swmimp064,3,0.23880048096179962
deepseek14b,implicature,swmimp065,1,0.27569228410720825
deepseek14b,implicature,swmimp065,2,0.43814903994401294
deepseek14b,implicature,swmimp065,3,0.27813372015953064
deepseek14b,implicature,swmimp066,1,0.38035757342974347
deepseek14b,implicature,swmimp066,2,0.3467058539390564
deepseek14b,implicature,swmimp066,3,0.34849174817403156
deepseek14b,implicature,swmimp067,1,0.22740694284439086
deepseek14b,implicature,swmimp067,2,0.2200084686279297
deepseek14b,implicature,swmimp067,3,0.3604746639728546
deepseek14b,implicature,swmimp068,1,0.409238005677859
deepseek14b,implicature,swmimp068,2,0.21550660332043967
deepseek14b,implicature,swmimp068,3,0.3400358408689499
deepseek14b,implicature,swmimp069,1,0.23534547090530394
deepseek14b,implicature,swmimp069,2,0.6474327981472016
deepseek14b,implicature,swmimp069,3,0.22433563470840454
deepseek14b,implicature,swmimp070,1,0.325792595744133
deepseek14b,implicature,swmimp070,2,0.3621872141957283
deepseek14b,implicature,swmimp070,3,0.383077934384346
deepseek14b,implicature,swmimp071,1,0.42456942796707153
deepseek14b,implicature,swmimp071,2,0.34699706733226776
deepseek14b,implicature,swmimp071,3,0.3383820801973343
deepseek14b,implicature,swmimp072,1,0.21731474002202353
deepseek14b,implicature,swmimp072,2,0.20728152990341187
deepseek14b,implicature,swmimp072,3,0.2317951520284017
deepseek14b,implicature,swmimp073,1,0.23657078544298807
deepseek14b,implicature,swmimp073,2,0.36021694044272107
deepseek14b,implicature,swmimp073,3,0.5072250117858251
deepseek14b,implicature,swmimp074,1,0.26713061332702637
deepseek14b,implicature,swmimp074,2,0.26747966806093854
deepseek14b,implicature,swmimp074,3,0.2904212127129237
deepseek14b,implicature,swmimp075,1,0.24502840212413243
deepseek14b,implicature,swmimp075,2,0.333539149590901
deepseek14b,implicature,swmimp075,3,0.3853274541241782
deepseek14b,implicature,swmimp076,1,0.19178026914596558
deepseek14b,implicature,swmimp076,2,0.24730108678340912
deepseek14b,implicature,swmimp076,3,0.22626057267189026
deepseek14b,implicature,swmimp077,1,0.19627946615219116
deepseek14b,implicature,swmimp077,2,0.1277642011642456
deepseek14b,implicature,swmimp077,3,0.1639618158340454
deepseek14b,implicature,swmimp078,1,0.3968731462955475
deepseek14b,implicature,swmimp078,2,0.20586748917897543
deepseek14b,implicature,swmimp078,3,0.3187110672394435
deepseek14b,implicature,swmimp079,1,0.32932608468191965
deepseek14b,implicature,swmimp079,2,0.28928333095141817
deepseek14b,implicature,swmimp079,3,0.26114950861249653
deepseek14b,implicature,swmimp080,1,0.1707632303237915
deepseek14b,implicature,swmimp080,2,0.35577123165130614
deepseek14b,implicature,swmimp080,3,0.1785704970359802
deepseek14b,implicature,swmimp081,1,0.2998043656349182
deepseek14b,implicature,swmimp081,2,0.32308387756347656
deepseek14b,implicature,swmimp081,3,0.5585376594215632
deepseek14b,implicature,swmimp082,1,0.2616621404886246
deepseek14b,implicature,swmimp082,2,0.2930006831884384
deepseek14b,implicature,swmimp082,3,0.39010506123304367
deepseek14b,implicature,swmimp083,1,0.16345871488253275
deepseek14b,implicature,swmimp083,2,0.14094562331835428
deepseek14b,implicature,swmimp083,3,0.18970176577568054
deepseek14b,implicature,swmimp084,1,0.4008972465991974
deepseek14b,implicature,swmimp084,2,0.3345110774040222
deepseek14b,implicature,swmimp084,3,0.2775376796722412
deepseek14b,implicature,swmimp085,1,0.45125259831547737
deepseek14b,implicature,swmimp085,2,0.2392222248017788
deepseek14b,implicature,swmimp085,3,0.35532936453819275
deepseek14b,implicature,swmimp086,1,0.20588558912277222
deepseek14b,implicature,swmimp086,2,0.22969408035278321
deepseek14b,implicature,swmimp086,3,0.43306894302368165
deepseek14b,implicature,swmimp087,1,0.19559027254581451
deepseek14b,implicature,swmimp087,2,0.40051449835300446
deepseek14b,implicature,swmimp087,3,0.4558711461722851
deepseek14b,implicature,swmimp088,1,0.23205974698066711
deepseek14b,implicature,swmimp088,2,0.2157948911190033
deepseek14b,implicature,swmimp088,3,0.24887309968471527
deepseek14b,implicature,swmimp089,1,0.3115387757619222
deepseek14b,implicature,swmimp089,2,0.36920469999313354
deepseek14b,implicature,swmimp089,3,0.21701417366663614
deepseek14b,implicature,swmimp090,1,0.1992370287577311
deepseek14b,implicature,swmimp090,2,0.2984362244606018
deepseek14b,implicature,swmimp090,3,0.1804893215497335
deepseek14b,implicature,swmimp091,1,0.2684364914894104
deepseek14b,implicature,swmimp091,2,0.3062408804893494
deepseek14b,implicature,swmimp091,3,0.4360053539276123
deepseek14b,implicature,swmimp092,1,0.43557896465063095
deepseek14b,implicature,swmimp092,2,0.33840571716427803
deepseek14b,implicature,swmimp092,3,0.42297323048114777
deepseek14b,implicature,swmimp093,1,0.2630258798599243
deepseek14b,implicature,swmimp093,2,0.29408276081085205
deepseek14b,implicature,swmimp093,3,0.23839309811592102
deepseek14b,implicature,swmimp094,1,0.2904287377993266
deepseek14b,implicature,swmimp094,2,0.2181097169717153
deepseek14b,implicature,swmimp094,3,0.3846749613682429
deepseek14b,implicature,swmimp095,1,0.18031002581119537
deepseek14b,implicature,swmimp095,2,0.4017701968550682
deepseek14b,implicature,swmimp095,3,0.35965919494628906
deepseek14b,implicature,swmimp096,1,0.2821773588657379
deepseek14b,implicature,swmimp096,2,0.22398520708084108
deepseek14b,implicature,swmimp096,3,0.2545875906944275
deepseek14b,implicature,swmimp097,1,0.338016743461291
deepseek14b,implicature,swmimp097,2,0.3205729275941849
deepseek14b,implicature,swmimp097,3,0.30413562556107837
deepseek14b,implicature,swmimp098,1,0.42348309357961017
deepseek14b,implicature,swmimp098,2,0.49057746430238086
deepseek14b,implicature,swmimp098,3,0.43195941547552746
deepseek14b,implicature,swmimp099,1,0.5583278015255928
deepseek14b,implicature,swmimp099,2,0.2904653996229172
deepseek14b,implicature,swmimp099,3,0.35835012048482895
deepseek14b,implicature,swmimp100,1,0.2721962213516235
deepseek14b,implicature,swmimp100,2,0.4045345962047577
deepseek14b,implicature,swmimp100,3,0.37580670714378356
deepseek14b,implicature,swmimp101,1,0.293183448639783
deepseek14b,implicature,swmimp101,2,0.36496411670338025
deepseek14b,implicature,swmimp101,3,0.38702675158327277
deepseek14b,implicature,swmimp102,1,0.2604693282734264
deepseek14b,implicature,swmimp102,2,0.2696873870762912
deepseek14b,implicature,swmimp102,3,0.3003026165745475
deepseek14b,implicature,swmimp103,1,0.0
deepseek14b,implicature,swmimp103,2,0.0
deepseek14b,implicature,swmimp103,3,0.0
deepseek14b,implicature,swmimp104,1,0.24887376752766696
deepseek14b,implicature,swmimp104,2,0.27681566910310224
deepseek14b,implicature,swmimp104,3,0.15111477266658435
deepseek14b,implicature,swmimp105,1,0.0
deepseek14b,implicature,swmimp105,2,0.0
deepseek14b,implicature,swmimp105,3,0.0
deepseek14b,implicature,swmimp106,1,0.0
deepseek14b,implicature,swmimp106,2,0.0
deepseek14b,implicature,swmimp106,3,0.0
deepseek14b,implicature,swmimp107,1,0.0
deepseek14b,implicature,swmimp107,2,0.0
deepseek14b,implicature,swmimp107,3,0.0
deepseek14b,implicature,swmimp108,1,0.0
deepseek14b,implicature,swmimp108,2,0.0
deepseek14b,implicature,swmimp108,3,0.0
deepseek14b,implicature,swmimp109,1,0.0
deepseek14b,implicature,swmimp109,2,0.0
deepseek14b,implicature,swmimp109,3,0.0
deepseek14b,implicature,swmimp110,1,0.21727296710014343
deepseek14b,implicature,swmimp110,2,0.13165885210037231
deepseek14b,implicature,swmimp110,3,0.26649385690689087
deepseek14b,implicature,swmimp111,1,0.4309003808919121
deepseek14b,implicature,swmimp111,2,0.29696640722891865
deepseek14b,implicature,swmimp111,3,0.29426057549083934
deepseek14b,implicature,swmimp112,1,0.3051385521888733
deepseek14b,implicature,swmimp112,2,0.32528201937675477
deepseek14b,implicature,swmimp112,3,0.29503717422485354
deepseek14b,implicature,swmimp113,1,0.19850597211292811
deepseek14b,implicature,swmimp113,2,0.20257983888898576
deepseek14b,implicature,swmimp113,3,0.365793696471623
deepseek14b,implicature,swmimp114,1,0.23720285296440125
deepseek14b,implicature,swmimp114,2,0.21052426099777222
deepseek14b,implicature,swmimp114,3,0.26368454429838395
deepseek14b,implicature,swmimp115,1,0.3161942809820175
deepseek14b,implicature,swmimp115,2,0.24873605370521545
deepseek14b,implicature,swmimp115,3,0.3212239593267441
deepseek14b,implicature,swmimp116,1,0.3872862259546916
deepseek14b,implicature,swmimp116,2,0.3357756733894348
deepseek14b,implicature,swmimp116,3,0.2531159818172455
deepseek14b,implicature,swmimp117,1,0.16481436789035797
deepseek14b,implicature,swmimp117,2,0.2085704207420349
deepseek14b,implicature,swmimp117,3,0.2388077676296234
deepseek14b,implicature,swmimp118,1,0.5186971326669058
deepseek14b,implicature,swmimp118,2,0.19188259045283
deepseek14b,implicature,swmimp118,3,0.36864256858825684
deepseek14b,implicature,swmimp119,1,0.23461195826530457
deepseek14b,implicature,swmimp119,2,0.1863359972834587
deepseek14b,implicature,swmimp119,3,0.2544440671801567
deepseek14b,implicature,swmimp120,1,0.17895352840423584
deepseek14b,implicature,swmimp120,2,0.4456534485022227
deepseek14b,implicature,swmimp120,3,0.2911982436974843
deepseek14b,implicature,swmimp121,1,0.35785847157239914
deepseek14b,implicature,swmimp121,2,0.2413351982831955
deepseek14b,implicature,swmimp121,3,0.3112671226263046
deepseek14b,implicature,swmimp122,1,0.21557557582855225
deepseek14b,implicature,swmimp122,2,0.19821608066558838
deepseek14b,implicature,swmimp122,3,0.142399400472641
deepseek14b,implicature,swmimp123,1,0.24960112571716309
deepseek14b,implicature,swmimp123,2,0.5023913110295931
deepseek14b,implicature,swmimp123,3,0.2624637285868327
deepseek14b,implicature,swmimp124,1,0.3875918707677296
deepseek14b,implicature,swmimp124,2,0.3113008567265102
deepseek14b,implicature,swmimp124,3,0.35456920734473635
deepseek14b,implicature,swmimp125,1,0.2993255002158029
deepseek14b,implicature,swmimp125,2,0.3328500453914915
deepseek14b,implicature,swmimp125,3,0.3219180149691446
deepseek14b,implicature,swmimp126,1,0.3703727014362812
deepseek14b,implicature,swmimp126,2,0.20383257418870926
deepseek14b,implicature,swmimp126,3,0.288907241076231
deepseek14b,implicature,swmimp127,1,0.37610862652460736
deepseek14b,implicature,swmimp127,2,0.3100341061751048
deepseek14b,implicature,swmimp127,3,0.34214458531803554
deepseek14b,implicature,swmimp128,1,0.3214057465394338
deepseek14b,implicature,swmimp128,2,0.3150521953900655
deepseek14b,implicature,swmimp128,3,0.36861880620320636
deepseek14b,implicature,swmimp129,1,0.30219602584838867
deepseek14b,implicature,swmimp129,2,0.2568428615729014
deepseek14b,implicature,swmimp129,3,0.20157623291015625
deepseek14b,implicature,swmimp130,1,0.223672886689504
deepseek14b,implicature,swmimp130,2,0.22551631927490234
deepseek14b,implicature,swmimp130,3,0.32249707645840114
deepseek14b,implicature,swmimp131,1,0.43477830042441684
deepseek14b,implicature,swmimp131,2,0.2571362853050232
deepseek14b,implicature,swmimp131,3,0.3188512722651164
deepseek14b,implicature,swmimp132,1,0.2695505142211914
deepseek14b,implicature,swmimp132,2,0.1741666615009308
deepseek14b,implicature,swmimp132,3,0.24108679890632628
deepseek14b,implicature,swmimp133,1,0.24531669020652772
deepseek14b,implicature,swmimp133,2,0.22254507541656493
deepseek14b,implicature,swmimp133,3,0.260864394903183
deepseek14b,implicature,swmimp134,1,0.26863812406857807
deepseek14b,implicature,swmimp134,2,0.2078117529551188
deepseek14b,implicature,swmimp134,3,0.27684763073921204
deepseek14b,implicature,swmimp135,1,0.2492671087384224
deepseek14b,implicature,swmimp135,2,0.3185262009501457
deepseek14b,implicature,swmimp135,3,0.3308497555553913
deepseek14b,implicature,swmimp136,1,0.2890092611312866
deepseek14b,implicature,swmimp136,2,0.3426004409790039
deepseek14b,implicature,swmimp136,3,0.42203680872917176
deepseek14b,implicature,swmimp137,1,0.4637765983740489
deepseek14b,implicature,swmimp137,2,0.34338244795799255
deepseek14b,implicature,swmimp137,3,0.4047187864780426
deepseek14b,implicature,swmimp138,1,0.21552162170410155
deepseek14b,implicature,swmimp138,2,0.2670015573501587
deepseek14b,implicature,swmimp138,3,0.22674567699432374
deepseek14b,implicature,swmimp139,1,0.5746593219893319
deepseek14b,implicature,swmimp139,2,0.36888861656188965
deepseek14b,implicature,swmimp139,3,0.20468727179936
deepseek14b,implicature,swmimp140,1,0.3865039919813474
deepseek14b,implicature,swmimp140,2,0.38386543343464535
deepseek14b,implicature,swmimp140,3,0.39222723783718216
deepseek14b,implicature,swmimp141,1,0.18949326276779174
deepseek14b,implicature,swmimp141,2,0.16784180998802184
deepseek14b,implicature,swmimp141,3,0.19124680757522583
deepseek14b,implicature,swmimp142,1,0.2831217249234517
deepseek14b,implicature,swmimp142,2,0.27641094393200344
deepseek14b,implicature,swmimp142,3,0.4464581277635362
deepseek14b,implicature,swmimp143,1,0.33252034993732676
deepseek14b,implicature,swmimp143,2,0.3373188236180474
deepseek14b,implicature,swmimp143,3,0.4331026024678174
deepseek14b,implicature,swmimp144,1,0.35505619509653613
deepseek14b,implicature,swmimp144,2,0.4156920056451451
deepseek14b,implicature,swmimp144,3,0.34844276715408673
deepseek14b,implicature,swmimp145,1,0.44900859395662945
deepseek14b,implicature,swmimp145,2,0.4187920093536377
deepseek14b,implicature,swmimp145,3,0.3100184202194214
deepseek14b,implicature,swmimp146,1,0.2924866357754017
deepseek14b,implicature,swmimp146,2,0.3315222016696272
deepseek14b,implicature,swmimp146,3,0.28188435579168386
deepseek14b,implicature,swmimp147,1,0.24872875875896877
deepseek14b,implicature,swmimp147,2,0.33538149462805855
deepseek14b,implicature,swmimp147,3,0.27327507072024876
deepseek14b,implicature,swmimp148,1,0.27226434074915373
deepseek14b,implicature,swmimp148,2,0.22594025272589463
deepseek14b,implicature,swmimp148,3,0.29705223326499647
deepseek14b,implicature,swmimp149,1,0.23186779022216797
deepseek14b,implicature,swmimp149,2,0.3966686546802521
deepseek14b,implicature,swmimp149,3,0.22340863645076753
deepseek14b,implicature,swmimp150,1,0.32547910809516906
deepseek14b,implicature,swmimp150,2,0.42115660905838015
deepseek14b,implicature,swmimp150,3,0.3813461124897003
deepseek14b,implicature,swmimp151,1,0.4367647341319493
deepseek14b,implicature,swmimp151,2,0.26580348185130526
deepseek14b,implicature,swmimp151,3,0.19737539972577775
deepseek14b,implicature,swmimp152,1,0.23922512266370985
deepseek14b,implicature,swmimp152,2,0.29687630467944676
deepseek14b,implicature,swmimp152,3,0.27003451850679183
deepseek14b,implicature,swmimp153,1,0.3029661443498399
deepseek14b,implicature,swmimp153,2,0.3040972616937425
deepseek14b,implicature,swmimp153,3,0.30611396829287213
deepseek14b,implicature,swmimp154,1,0.4406137201521132
deepseek14b,implicature,swmimp154,2,0.30085506124628913
deepseek14b,implicature,swmimp154,3,0.47223489441805416
deepseek14b,implicature,swmimp155,1,0.24985897541046143
deepseek14b,implicature,swmimp155,2,0.27773386240005493
deepseek14b,implicature,swmimp155,3,0.43229663372039795
deepseek14b,implicature,swmimp156,1,0.39401698112487793
deepseek14b,implicature,swmimp156,2,0.2254681266271151
deepseek14b,implicature,swmimp156,3,0.24894189605346093
deepseek14b,implicature,swmimp157,1,0.3264833887418111
deepseek14b,implicature,swmimp157,2,0.25169118245442706
deepseek14b,implicature,swmimp157,3,0.5197453598181406
deepseek14b,implicature,swmimp158,1,0.20634490251541138
deepseek14b,implicature,swmimp158,2,0.2717379033565521
deepseek14b,implicature,swmimp158,3,0.38207657635211945
deepseek14b,implicature,swmimp159,1,0.243280896118709
deepseek14b,implicature,swmimp159,2,0.24859442029680526
deepseek14b,implicature,swmimp159,3,0.24908694199153356
deepseek14b,implicature,swmimp160,1,0.31904594387326923
deepseek14b,implicature,swmimp160,2,0.34650432637759615
deepseek14b,implicature,swmimp160,3,0.3435407153197697
deepseek14b,implicature,swmimp161,1,0.2847027267728533
deepseek14b,implicature,swmimp161,2,0.3448787246431623
deepseek14b,implicature,swmimp161,3,0.3926853622709002
deepseek14b,implicature,swmimp162,1,0.3773161868254344
deepseek14b,implicature,swmimp162,2,0.20422820250193277
deepseek14b,implicature,swmimp162,3,0.26724205414454144
deepseek14b,implicature,swmimp163,1,0.22748658723301357
deepseek14b,implicature,swmimp163,2,0.1635052760442098
deepseek14b,implicature,swmimp163,3,0.2484015491273668
deepseek14b,implicature,swmimp164,1,0.2079535275697708
deepseek14b,implicature,swmimp164,2,0.1919998973608017
deepseek14b,implicature,swmimp164,3,0.1214926689863205
deepseek14b,implicature,swmimp165,1,0.45045144359270733
deepseek14b,implicature,swmimp165,2,0.41046708822250366
deepseek14b,implicature,swmimp165,3,0.5823335945606232
deepseek14b,implicature,swmimp166,1,0.16708889603614807
deepseek14b,implicature,swmimp166,2,0.10613664984703064
deepseek14b,implicature,swmimp166,3,0.17700183391571045
deepseek14b,implicature,swmimp167,1,0.15000118017196656
deepseek14b,implicature,swmimp167,2,0.32086214423179626
deepseek14b,implicature,swmimp167,3,0.3691358208656311
deepseek14b,implicature,swmimp168,1,0.24158323804537454
deepseek14b,implicature,swmimp168,2,0.28301818172136944
deepseek14b,implicature,swmimp168,3,0.2803875654935837
deepseek14b,implicature,swmimp169,1,0.24118121465047201
deepseek14b,implicature,swmimp169,2,0.36571556826432544
deepseek14b,implicature,swmimp169,3,0.27236443758010864
deepseek14b,implicature,swmimp170,1,0.412945419549942
deepseek14b,implicature,swmimp170,2,0.15814781188964844
deepseek14b,implicature,swmimp170,3,0.36456645280122757
deepseek14b,implicature,swmimp171,1,0.284021946516904
deepseek14b,implicature,swmimp171,2,0.28356691382148047
deepseek14b,implicature,swmimp171,3,0.32449735836549237
deepseek14b,implicature,swmimp172,1,0.6820999185244242
deepseek14b,implicature,swmimp172,2,0.21764119466145834
deepseek14b,implicature,swmimp172,3,0.5996297846237818
deepseek14b,implicature,swmimp173,1,0.24618417024612427
deepseek14b,implicature,swmimp173,2,0.3771188333630562
deepseek14b,implicature,swmimp173,3,0.29141825437545776
deepseek14b,implicature,swmimp174,1,0.3439651846885681
deepseek14b,implicature,swmimp174,2,0.3587156295776367
deepseek14b,implicature,swmimp174,3,0.4347223162651062
deepseek14b,implicature,swmimp175,1,0.18012808561325072
deepseek14b,implicature,swmimp175,2,0.29965604543685914
deepseek14b,implicature,swmimp175,3,0.23383874893188478
deepseek14b,implicature,swmimp176,1,0.35363221168518066
deepseek14b,implicature,swmimp176,2,0.27611809968948364
deepseek14b,implicature,swmimp176,3,0.3688735544681549
deepseek14b,implicature,swmimp177,1,0.22280492740018026
deepseek14b,implicature,swmimp177,2,0.3662970576967512
deepseek14b,implicature,swmimp177,3,0.3317272024495261
deepseek14b,implicature,swmimp178,1,0.2536191957838395
deepseek14b,implicature,swmimp178,2,0.35105468420421376
deepseek14b,implicature,swmimp178,3,0.3989892242585911
deepseek14b,implicature,swmimp179,1,0.30975573137402534
deepseek14b,implicature,swmimp179,2,0.39115218445658684
deepseek14b,implicature,swmimp179,3,0.4539343696087599
deepseek14b,implicature,swmimp180,1,0.3333877265453339
deepseek14b,implicature,swmimp180,2,0.2907663106918335
deepseek14b,implicature,swmimp180,3,0.30168564319610597
deepseek14b,implicature,swmimp181,1,0.36319870608193533
deepseek14b,implicature,swmimp181,2,0.34823109209537506
deepseek14b,implicature,swmimp181,3,0.39655440620013643
deepseek14b,implicature,swmimp182,1,0.4082493782043457
deepseek14b,implicature,swmimp182,2,0.1795169711112976
deepseek14b,implicature,swmimp182,3,0.41648274660110474
deepseek14b,implicature,swmimp183,1,0.41369027892748517
deepseek14b,implicature,swmimp183,2,0.2568717797597249
deepseek14b,implicature,swmimp183,3,0.3582969705263774
deepseek14b,implicature,swmimp184,1,0.4923148453235626
deepseek14b,implicature,swmimp184,2,0.1861947923898697
deepseek14b,implicature,swmimp184,3,0.2811960130929947
deepseek14b,implicature,swmimp185,1,0.24229922890663147
deepseek14b,implicature,swmimp185,2,0.28926317393779755
deepseek14b,implicature,swmimp185,3,0.34368614852428436
deepseek14b,implicature,swmimp186,1,0.3165575861930847
deepseek14b,implicature,swmimp186,2,0.45098286867141724
deepseek14b,implicature,swmimp186,3,0.49541932344436646
deepseek14b,implicature,swmimp187,1,0.14792782068252563
deepseek14b,implicature,swmimp187,2,0.3497302830219269
deepseek14b,implicature,swmimp187,3,0.16930991411209106
deepseek14b,implicature,swmimp188,1,0.3655379191040993
deepseek14b,implicature,swmimp188,2,0.2923353388905525
deepseek14b,implicature,swmimp188,3,0.2844405025243759
deepseek14b,implicature,swmimp189,1,0.3067428668340047
deepseek14b,implicature,swmimp189,2,0.2555508812268575
deepseek14b,implicature,swmimp189,3,0.35588037967681885
deepseek14b,implicature,swmimp190,1,0.4774586657683055
deepseek14b,implicature,swmimp190,2,0.3461107015609741
deepseek14b,implicature,swmimp190,3,0.38412635525067645
deepseek14b,implicature,swmimp191,1,0.24864383041858673
deepseek14b,implicature,swmimp191,2,0.23385590314865112
deepseek14b,implicature,swmimp191,3,0.2332797795534134
deepseek14b,implicature,swmimp192,1,0.34626103937625885
deepseek14b,implicature,swmimp192,2,0.37227414548397064
deepseek14b,implicature,swmimp192,3,0.32967665791511536
deepseek14b,implicature,swmimp193,1,0.19266808032989502
deepseek14b,implicature,swmimp193,2,0.4667171239852905
deepseek14b,implicature,swmimp193,3,0.4750941793123881
deepseek14b,implicature,swmimp194,1,0.5138225436210633
deepseek14b,implicature,swmimp194,2,0.3640625
deepseek14b,implicature,swmimp194,3,0.32201567888259885
deepseek14b,implicature,swmimp195,1,0.21567257907655504
deepseek14b,implicature,swmimp195,2,0.22720003128051758
deepseek14b,implicature,swmimp195,3,0.2631054057015313
deepseek14b,implicature,swmimp196,1,0.253072589635849
deepseek14b,implicature,swmimp196,2,0.281236857175827
deepseek14b,implicature,swmimp196,3,0.20443285504976907
deepseek14b,implicature,swmimp197,1,0.32443761825561523
deepseek14b,implicature,swmimp197,2,0.54155233502388
deepseek14b,implicature,swmimp197,3,0.4051660895347595
deepseek14b,implicature,swmimp198,1,0.25300367673238117
deepseek14b,implicature,swmimp198,2,0.19089510043462118
deepseek14b,implicature,swmimp198,3,0.16627609729766846
deepseek14b,implicature,swmimp199,1,0.2589820325374603
deepseek14b,implicature,swmimp199,2,0.2514587342739105
deepseek14b,implicature,swmimp199,3,0.23375166952610016
deepseek14b,implicature,swmimp200,1,0.46962738037109375
deepseek14b,implicature,swmimp200,2,0.316514790058136
deepseek14b,implicature,swmimp200,3,0.2010735273361206
deepseek14b_bf16,false_belief,fb001,1,0.17314398288726807
deepseek14b_bf16,false_belief,fb002,1,0.1032558798789978
deepseek14b_bf16,false_belief,fb003,1,0.1827467530965805
deepseek14b_bf16,false_belief,fb004,1,0.19873790442943573
deepseek14b_bf16,false_belief,fb005,1,0.12112309038639069
deepseek14b_bf16,false_belief,fb006,1,0.12595883011817932
deepseek14b_bf16,false_belief,fb007,1,0.14439859986305237
deepseek14b_bf16,false_belief,fb008,1,0.09193974733352661
deepseek14b_bf16,false_belief,fb009,1,0.16136223077774048
deepseek14b_bf16,false_belief,fb010,1,0.11460810899734497
deepseek14b_bf16,false_belief,fb011,1,0.10770514607429504
deepseek14b_bf16,false_belief,fb012,1,0.14509661495685577
deepseek14b_bf16,false_belief,fb013,1,0.16157764196395874
deepseek14b_bf16,false_belief,fb014,1,0.07033467292785645
deepseek14b_bf16,false_belief,fb015,1,0.11315569281578064
deepseek14b_bf16,false_belief,fb016,1,0.1280781328678131
deepseek14b_bf16,false_belief,fb017,1,0.11872789263725281
deepseek14b_bf16,false_belief,fb018,1,0.22212167084217072
deepseek14b_bf16,false_belief,fb019,1,0.13818712532520294
deepseek14b_bf16,false_belief,fb020,1,0.17979587614536285
deepseek14b_bf16,faux_pas,sfp001,1,0.15595821142196656
deepseek14b_bf16,faux_pas,sfp002,1,0.22798606753349304
deepseek14b_bf16,faux_pas,sfp003,1,0.24578817188739777
deepseek14b_bf16,faux_pas,sfp004,1,0.265383705496788
deepseek14b_bf16,faux_pas,sfp005,1,0.1845300793647766
deepseek32b,false_belief,fb001,1,0.09169511497020721
deepseek32b,false_belief,fb001,2,0.07181914150714874
deepseek32b,false_belief,fb001,3,0.07255446910858154
deepseek32b,false_belief,fb002,1,0.07270920276641846
deepseek32b,false_belief,fb002,2,0.0794722318649292
deepseek32b,false_belief,fb002,3,0.06358296871185302
deepseek32b,false_belief,fb003,1,0.06837141513824463
deepseek32b,false_belief,fb003,2,0.05322301387786865
deepseek32b,false_belief,fb003,3,0.06212887167930603
deepseek32b,false_belief,fb004,1,0.11543089151382446
deepseek32b,false_belief,fb004,2,0.1156320571899414
deepseek32b,false_belief,fb004,3,0.09841974079608917
deepseek32b,false_belief,fb005,1,0.09284275770187378
deepseek32b,false_belief,fb005,2,0.16539788246154785
deepseek32b,false_belief,fb005,3,0.08543340861797333
deepseek32b,false_belief,fb006,1,0.11924150586128235
deepseek32b,false_belief,fb006,2,0.1247192770242691
deepseek32b,false_belief,fb006,3,0.1214914321899414
deepseek32b,false_belief,fb007,1,0.10005934536457062
deepseek32b,false_belief,fb007,2,0.11337147653102875
deepseek32b,false_belief,fb007,3,0.09873437881469727
deepseek32b,false_belief,fb008,1,0.058574333786964417
deepseek32b,false_belief,fb008,2,0.04304209351539612
deepseek32b,false_belief,fb008,3,0.06399405002593994
deepseek32b,false_belief,fb009,1,0.08056914806365967
deepseek32b,false_belief,fb009,2,0.12340279420216878
deepseek32b,false_belief,fb009,3,0.11851723988850911
deepseek32b,false_belief,fb010,1,0.13839711248874664
deepseek32b,false_belief,fb010,2,0.10531237721443176
deepseek32b,false_belief,fb010,3,0.10364601016044617
deepseek32b,false_belief,fb011,1,0.06270220875740051
deepseek32b,false_belief,fb011,2,0.08504903316497803
deepseek32b,false_belief,fb011,3,0.11231395602226257
deepseek32b,false_belief,fb012,1,0.10226708650588989
deepseek32b,false_belief,fb012,2,0.13510428369045258
deepseek32b,false_belief,fb012,3,0.08867032825946808
deepseek32b,false_belief,fb013,1,0.09177994728088379
deepseek32b,false_belief,fb013,2,0.08718319237232208
deepseek32b,false_belief,fb013,3,0.07234416902065277
deepseek32b,false_belief,fb014,1,0.11071383953094482
deepseek32b,false_belief,fb014,2,0.1084412932395935
deepseek32b,false_belief,fb014,3,0.09919816255569458
deepseek32b,false_belief,fb015,1,0.06778538227081299
deepseek32b,false_belief,fb015,2,0.11394071578979492
deepseek32b,false_belief,fb015,3,0.09942546486854553
deepseek32b,false_belief,fb016,1,0.15643194317817688
deepseek32b,false_belief,fb016,2,0.13593429327011108
deepseek32b,false_belief,fb016,3,0.12491565942764282
deepseek32b,false_belief,fb017,1,0.0654241293668747
deepseek32b,false_belief,fb017,2,0.08760631084442139
deepseek32b,false_belief,fb017,3,0.08313930034637451
deepseek32b,false_belief,fb018,1,0.10659584403038025
deepseek32b,false_belief,fb018,2,0.08726541697978973
deepseek32b,false_belief,fb018,3,0.07057060301303864
deepseek32b,false_belief,fb019,1,0.13463637232780457
deepseek32b,false_belief,fb019,2,0.14420706033706665
deepseek32b,false_belief,fb019,3,0.10314829647541046
deepseek32b,false_belief,fb020,1,0.10994704067707062
deepseek32b,false_belief,fb020,2,0.16895700991153717
deepseek32b,false_belief,fb020,3,0.14009134471416473
deepseek32b,false_belief,fb021,1,0.09772263765335083
deepseek32b,false_belief,fb021,2,0.07189724445343018
deepseek32b,false_belief,fb021,3,0.06425037384033203
deepseek32b,false_belief,fb022,1,0.13304759562015533
deepseek32b,false_belief,fb022,2,0.09581483900547028
deepseek32b,false_belief,fb022,3,0.18758750706911087
deepseek32b,false_belief,fb023,1,0.1778622269630432
deepseek32b,false_belief,fb023,2,0.13944060802459718
deepseek32b,false_belief,fb023,3,0.10076038837432862
deepseek32b,false_belief,fb024,1,0.08709156513214111
deepseek32b,false_belief,fb024,2,0.15574719508488974
deepseek32b,false_belief,fb024,3,0.12550532817840576
deepseek32b,false_belief,fb025,1,0.09826512634754181
deepseek32b,false_belief,fb025,2,0.14401182532310486
deepseek32b,false_belief,fb025,3,0.12180787324905396
deepseek32b,false_belief,fb026,1,0.13147300481796265
deepseek32b,false_belief,fb026,2,0.12974673509597778
deepseek32b,false_belief,fb026,3,0.3473894198735555
deepseek32b,false_belief,fb027,1,0.13503370682398477
deepseek32b,false_belief,fb027,2,0.1631403168042501
deepseek32b,false_belief,fb027,3,0.18518579006195068
deepseek32b,false_belief,fb028,1,0.1420922428369522
deepseek32b,false_belief,fb028,2,0.09390711784362793
deepseek32b,false_belief,fb028,3,0.12093642354011536
deepseek32b,false_belief,fb029,1,0.06796866655349731
deepseek32b,false_belief,fb029,2,0.11903475224971771
deepseek32b,false_belief,fb029,3,0.09623908996582031
deepseek32b,false_belief,fb030,1,0.06652890145778656
deepseek32b,false_belief,fb030,2,0.06121732294559479
deepseek32b,false_belief,fb030,3,0.06379592418670654
deepseek32b,false_belief,fb031,1,0.07631398737430573
deepseek32b,false_belief,fb031,2,0.08427366614341736
deepseek32b,false_belief,fb031,3,0.1276634931564331
deepseek32b,false_belief,fb032,1,0.44754693657159805
deepseek32b,false_belief,fb032,2,0.09362000226974487
deepseek32b,false_belief,fb032,3,0.07230314612388611
deepseek32b,false_belief,fb033,1,0.0675860047340393
deepseek32b,false_belief,fb033,2,0.0728268027305603
deepseek32b,false_belief,fb033,3,0.07349810004234314
deepseek32b,false_belief,fb034,1,0.09366223216056824
deepseek32b,false_belief,fb034,2,0.0649375170469284
deepseek32b,false_belief,fb034,3,0.07014897465705872
deepseek32b,false_belief,fb035,1,0.10646413266658783
deepseek32b,false_belief,fb035,2,0.10987494885921478
deepseek32b,false_belief,fb035,3,0.1141442060470581
deepseek32b,false_belief,fb036,1,0.094665789604187
deepseek32b,false_belief,fb036,2,0.10171172618865967
deepseek32b,false_belief,fb036,3,0.13826847076416016
deepseek32b,false_belief,fb037,1,0.07667611539363861
deepseek32b,false_belief,fb037,2,0.07986584305763245
deepseek32b,false_belief,fb037,3,0.10283587872982025
deepseek32b,false_belief,fb038,1,0.09129510819911957
deepseek32b,false_belief,fb038,2,0.27086831629276276
deepseek32b,false_belief,fb038,3,0.20294752717018127
deepseek32b,false_belief,fb039,1,0.0776425153017044
deepseek32b,false_belief,fb039,2,0.058135226368904114
deepseek32b,false_belief,fb039,3,0.10716718435287476
deepseek32b,false_belief,fb040,1,0.10087789595127106
deepseek32b,false_belief,fb040,2,0.085739865899086
deepseek32b,false_belief,fb040,3,0.0870421975851059
deepseek32b,false_belief,fb041,1,0.13799409568309784
deepseek32b,false_belief,fb041,2,0.0834064781665802
deepseek32b,false_belief,fb041,3,0.15485094487667084
deepseek32b,false_belief,fb042,1,0.12106937170028687
deepseek32b,false_belief,fb042,2,0.14110344648361206
deepseek32b,false_belief,fb042,3,0.09781022369861603
deepseek32b,false_belief,fb043,1,0.12989738583564758
deepseek32b,false_belief,fb043,2,0.12684614956378937
deepseek32b,false_belief,fb043,3,0.14131218194961548
deepseek32b,false_belief,fb044,1,0.1928969919681549
deepseek32b,false_belief,fb044,2,0.09819889068603516
deepseek32b,false_belief,fb044,3,0.09405483305454254
deepseek32b,false_belief,fb045,1,0.10539110898971557
deepseek32b,false_belief,fb045,2,0.13511072397232055
deepseek32b,false_belief,fb045,3,0.08274381160736084
deepseek32b,false_belief,fb046,1,0.2040795087814331
deepseek32b,false_belief,fb046,2,0.0752832442522049
deepseek32b,false_belief,fb046,3,0.09960542619228363
deepseek32b,false_belief,fb047,1,0.11149586737155914
deepseek32b,false_belief,fb047,2,0.06655579805374146
deepseek32b,false_belief,fb047,3,0.08475923538208008
deepseek32b,false_belief,fb048,1,0.09392847120761871
deepseek32b,false_belief,fb048,2,0.08300244808197021
deepseek32b,false_belief,fb048,3,0.08691748976707458
deepseek32b,false_belief,fb049,1,0.06421461701393127
deepseek32b,false_belief,fb049,2,0.08033663034439087
deepseek32b,false_belief,fb049,3,0.09894385933876038
deepseek32b,false_belief,fb050,1,0.09617289900779724
deepseek32b,false_belief,fb050,2,0.16913174092769623
deepseek32b,false_belief,fb050,3,0.26198355853557587
deepseek32b,false_belief,fb051,1,0.1261756420135498
deepseek32b,false_belief,fb051,2,0.13091065486272177
deepseek32b,false_belief,fb051,3,0.11468970775604248
deepseek32b,false_belief,fb052,1,0.09116235375404358
deepseek32b,false_belief,fb052,2,0.0862119048833847
deepseek32b,false_belief,fb052,3,0.06672823429107666
deepseek32b,false_belief,fb053,1,0.06824842095375061
deepseek32b,false_belief,fb053,2,0.0711531788110733
deepseek32b,false_belief,fb053,3,0.08428458869457245
deepseek32b,false_belief,fb054,1,0.17364096641540527
deepseek32b,false_belief,fb054,2,0.06960934400558472
deepseek32b,false_belief,fb054,3,0.12998084723949432
deepseek32b,false_belief,fb055,1,0.07847896218299866
deepseek32b,false_belief,fb055,2,0.07519020140171051
deepseek32b,false_belief,fb055,3,0.08102686703205109
deepseek32b,false_belief,fb056,1,0.13801001012325287
deepseek32b,false_belief,fb056,2,0.1332181692123413
deepseek32b,false_belief,fb056,3,0.19745731353759766
deepseek32b,false_belief,fb057,1,0.16885000467300415
deepseek32b,false_belief,fb057,2,0.1493934839963913
deepseek32b,false_belief,fb057,3,0.197416752576828
deepseek32b,false_belief,fb058,1,0.08680333197116852
deepseek32b,false_belief,fb058,2,0.10462884604930878
deepseek32b,false_belief,fb058,3,0.07559564709663391
deepseek32b,false_belief,fb059,1,0.09731592237949371
deepseek32b,false_belief,fb059,2,0.11164051294326782
deepseek32b,false_belief,fb059,3,0.140095517039299
deepseek32b,false_belief,fb060,1,0.139104962348938
deepseek32b,false_belief,fb060,2,0.1047261655330658
deepseek32b,false_belief,fb060,3,0.1364806443452835
deepseek32b,false_belief,sfp011,1,0.11284324526786804
deepseek32b,false_belief,sfp011,2,0.12187381088733673
deepseek32b,false_belief,sfp011,3,0.07486648857593536
deepseek32b,false_belief,sfp012,1,0.13553448021411896
deepseek32b,false_belief,sfp012,2,0.18440331518650055
deepseek32b,false_belief,sfp012,3,0.1093117743730545
deepseek32b,false_belief,sfp013,1,0.10891208052635193
deepseek32b,false_belief,sfp013,2,0.1042042076587677
deepseek32b,false_belief,sfp013,3,0.0962049663066864
deepseek32b,false_belief,sfp014,1,0.13377483685811362
deepseek32b,false_belief,sfp014,2,0.08459858099619548
deepseek32b,false_belief,sfp014,3,0.15399408340454102
deepseek32b,false_belief,sfp015,1,0.06206059455871582
deepseek32b,false_belief,sfp015,2,0.06458308696746826
deepseek32b,false_belief,sfp015,3,0.2115537405014038
deepseek32b,false_belief,sfp016,1,0.21047385931015014
deepseek32b,false_belief,sfp016,2,0.17067055702209472
deepseek32b,false_belief,sfp016,3,0.11282911300659179
deepseek32b,false_belief,sfp017,1,0.14980754256248474
deepseek32b,false_belief,sfp017,2,0.16324809193611145
deepseek32b,false_belief,sfp017,3,0.2045043706893921
deepseek32b,false_belief,sfp018,1,0.19079570472240448
deepseek32b,false_belief,sfp018,2,0.1360521912574768
deepseek32b,false_belief,sfp018,3,0.17684556543827057
deepseek32b,false_belief,sfp019,1,0.1360187977552414
deepseek32b,false_belief,sfp019,2,0.19229452311992645
deepseek32b,false_belief,sfp019,3,0.33212806284427643
deepseek32b,false_belief,sfp020,1,0.079796701669693
deepseek32b,false_belief,sfp020,2,0.08372741937637329
deepseek32b,false_belief,sfp020,3,0.10167562961578369
deepseek32b,faux_pas,sfp001,1,0.23294903039932252
deepseek32b,faux_pas,sfp001,2,0.2508192896842957
deepseek32b,faux_pas,sfp001,3,0.24193481206893921
deepseek32b,faux_pas,sfp002,1,0.3354065716266632
deepseek32b,faux_pas,sfp002,2,0.3417176753282547
deepseek32b,faux_pas,sfp002,3,0.3073238283395767
deepseek32b,faux_pas,sfp003,1,0.5587030351161957
deepseek32b,faux_pas,sfp003,2,0.31274884939193726
deepseek32b,faux_pas,sfp003,3,0.4059489294886589
deepseek32b,faux_pas,sfp004,1,0.32363829016685486
deepseek32b,faux_pas,sfp004,2,0.31977981328964233
deepseek32b,faux_pas,sfp004,3,0.36209189891815186
deepseek32b,faux_pas,sfp005,1,0.33110926300287247
deepseek32b,faux_pas,sfp005,2,0.33347341790795326
deepseek32b,faux_pas,sfp005,3,0.3400881439447403
deepseek32b,faux_pas,sfp006,1,0.3725520670413971
deepseek32b,faux_pas,sfp006,2,0.3609009385108948
deepseek32b,faux_pas,sfp006,3,0.2405712902545929
deepseek32b,faux_pas,sfp007,1,0.3911868780851364
deepseek32b,faux_pas,sfp007,2,0.42138658463954926
deepseek32b,faux_pas,sfp007,3,0.40005146712064743
deepseek32b,faux_pas,sfp008,1,0.29704880714416504
deepseek32b,faux_pas,sfp008,2,0.3495781600475311
deepseek32b,faux_pas,sfp008,3,0.34286338090896606
deepseek32b,faux_pas,sfp009,1,0.36704200506210327
deepseek32b,faux_pas,sfp009,2,0.40011823177337646
deepseek32b,faux_pas,sfp009,3,0.3871402144432068
deepseek32b,faux_pas,sfp010,1,0.28827081123987836
deepseek32b,faux_pas,sfp010,2,0.3650205731391907
deepseek32b,faux_pas,sfp010,3,0.3641960322856903
deepseek32b,implicature,swmimp001,1,0.1598235879625593
deepseek32b,implicature,swmimp001,2,0.21043558631624495
deepseek32b,implicature,swmimp001,3,0.21052049739020212
deepseek32b,implicature,swmimp002,1,0.3323557376861572
deepseek32b,implicature,swmimp002,2,0.31756824254989624
deepseek32b,implicature,swmimp002,3,0.24652109146118165
deepseek32b,implicature,swmimp003,1,0.3596315582593282
deepseek32b,implicature,swmimp003,2,0.32600436607996625
deepseek32b,implicature,swmimp003,3,0.30965369939804077
deepseek32b,implicature,swmimp004,1,0.24090097844600677
deepseek32b,implicature,swmimp004,2,0.24045877158641815
deepseek32b,implicature,swmimp004,3,0.34913788735866547
deepseek32b,implicature,swmimp005,1,0.22657354672749838
deepseek32b,implicature,swmimp005,2,0.24615918596585593
deepseek32b,implicature,swmimp005,3,0.2155990997950236
deepseek32b,implicature,swmimp006,1,0.2542911966641744
deepseek32b,implicature,swmimp006,2,0.0984038511912028
deepseek32b,implicature,swmimp006,3,0.14498784144719443
deepseek32b,implicature,swmimp007,1,0.2624954240662711
deepseek32b,implicature,swmimp007,2,0.32684679542269024
deepseek32b,implicature,swmimp007,3,0.2646944522857666
deepseek32b,implicature,swmimp008,1,0.17092607021331788
deepseek32b,implicature,swmimp008,2,0.13981112241744995
deepseek32b,implicature,swmimp008,3,0.19945390224456788
deepseek32b,implicature,swmimp009,1,0.11510108709335327
deepseek32b,implicature,swmimp009,2,0.0938610315322876
deepseek32b,implicature,swmimp009,3,0.2015690565109253
deepseek32b,implicature,swmimp010,1,0.36721567809581757
deepseek32b,implicature,swmimp010,2,0.3797664940357208
deepseek32b,implicature,swmimp010,3,0.3557639420032501
deepseek32b,implicature,swmimp011,1,0.2877366840839386
deepseek32b,implicature,swmimp011,2,0.36143621802330017
deepseek32b,implicature,swmimp011,3,0.23495520651340485
deepseek32b,implicature,swmimp012,1,0.12854053576787314
deepseek32b,implicature,swmimp012,2,0.2234471638997396
deepseek32b,implicature,swmimp012,3,0.15634959936141968
deepseek32b,implicature,swmimp013,1,0.17342203855514526
deepseek32b,implicature,swmimp013,2,0.08500468730926514
deepseek32b,implicature,swmimp013,3,0.13348489999771118
deepseek32b,implicature,swmimp014,1,0.28715354204177856
deepseek32b,implicature,swmimp014,2,0.2985733598470688
deepseek32b,implicature,swmimp014,3,0.21566632390022278
deepseek32b,implicature,swmimp015,1,0.26230883598327637
deepseek32b,implicature,swmimp015,2,0.2903856039047241
deepseek32b,implicature,swmimp015,3,0.4412408471107483
deepseek32b,implicature,swmimp016,1,0.1736103743314743
deepseek32b,implicature,swmimp016,2,0.18029730187522042
deepseek32b,implicature,swmimp016,3,0.14002724488576254
deepseek32b,implicature,swmimp017,1,0.22797628243764242
deepseek32b,implicature,swmimp017,2,0.1957008441289266
deepseek32b,implicature,swmimp017,3,0.19979210694630942
deepseek32b,implicature,swmimp018,1,0.20831498503684998
deepseek32b,implicature,swmimp018,2,0.2937900722026825
deepseek32b,implicature,swmimp018,3,0.3380448818206787
deepseek32b,implicature,swmimp019,1,0.14430993795394897
deepseek32b,implicature,swmimp019,2,0.10807502269744873
deepseek32b,implicature,swmimp019,3,0.12377139925956726
deepseek32b,implicature,swmimp020,1,0.2018993099530538
deepseek32b,implicature,swmimp020,2,0.21891111135482788
deepseek32b,implicature,swmimp020,3,0.20490960280100504
deepseek32b,implicature,swmimp021,1,0.15555459260940552
deepseek32b,implicature,swmimp021,2,0.3053596019744873
deepseek32b,implicature,swmimp021,3,0.16652584075927734
deepseek32b,implicature,swmimp022,1,0.3541419307390849
deepseek32b,implicature,swmimp022,2,0.4044761061668396
deepseek32b,implicature,swmimp022,3,0.38165146112442017
deepseek32b,implicature,swmimp023,1,0.27494046092033386
deepseek32b,implicature,swmimp023,2,0.4856528341770172
deepseek32b,implicature,swmimp023,3,0.254748672246933
deepseek32b,implicature,swmimp024,1,0.3514196202158928
deepseek32b,implicature,swmimp024,2,0.2543379068374634
deepseek32b,implicature,swmimp024,3,0.3405712619423866
deepseek32b,implicature,swmimp025,1,0.23400276899337769
deepseek32b,implicature,swmimp025,2,0.33432903289794924
deepseek32b,implicature,swmimp025,3,0.31843063831329343
deepseek32b,implicature,swmimp026,1,0.22033081948757172
deepseek32b,implicature,swmimp026,2,0.286350317299366
deepseek32b,implicature,swmimp026,3,0.15989936888217926
deepseek32b,implicature,swmimp027,1,0.15500998497009277
deepseek32b,implicature,swmimp027,2,0.2600812315940857
deepseek32b,implicature,swmimp027,3,0.32804161310195923
deepseek32b,implicature,swmimp028,1,0.22351939976215363
deepseek32b,implicature,swmimp028,2,0.2360629439353943
deepseek32b,implicature,swmimp028,3,0.2670332044363022
deepseek32b,implicature,swmimp029,1,0.17728243271509805
deepseek32b,implicature,swmimp029,2,0.4238351583480835
deepseek32b,implicature,swmimp029,3,0.3255954583485921
deepseek32b,implicature,swmimp030,1,0.189028799533844
deepseek32b,implicature,swmimp030,2,0.1082181731859843
deepseek32b,implicature,swmimp030,3,0.09475149710973103
deepseek32b,implicature,swmimp031,1,0.29189689244542805
deepseek32b,implicature,swmimp031,2,0.29573880774634226
deepseek32b,implicature,swmimp031,3,0.2824580328805106
deepseek32b,implicature,swmimp032,1,0.2831488847732544
deepseek32b,implicature,swmimp032,2,0.2295449177424113
deepseek32b,implicature,swmimp032,3,0.22483625014623007
deepseek32b,implicature,swmimp033,1,0.1762525737285614
deepseek32b,implicature,swmimp033,2,0.30939701199531555
deepseek32b,implicature,swmimp033,3,0.3153798580169678
deepseek32b,implicature,swmimp034,1,0.14174658060073853
deepseek32b,implicature,swmimp034,2,0.262616366147995
deepseek32b,implicature,swmimp034,3,0.23980063199996948
deepseek32b,implicature,swmimp035,1,0.2202078104019165
deepseek32b,implicature,swmimp035,2,0.22829946875572205
deepseek32b,implicature,swmimp035,3,0.24170167744159698
deepseek32b,implicature,swmimp036,1,0.2701226234436035
deepseek32b,implicature,swmimp036,2,0.33703765869140623
deepseek32b,implicature,swmimp036,3,0.3126933455467224
deepseek32b,implicature,swmimp037,1,0.20294013619422913
deepseek32b,implicature,swmimp037,2,0.2072465419769287
deepseek32b,implicature,swmimp037,3,0.21929404139518738
deepseek32b,implicature,swmimp038,1,0.16537436842918396
deepseek32b,implicature,swmimp038,2,0.19003871083259583
deepseek32b,implicature,swmimp038,3,0.11014209191004436
deepseek32b,implicature,swmimp039,1,0.3038159251213074
deepseek32b,implicature,swmimp039,2,0.44406514167785643
deepseek32b,implicature,swmimp039,3,0.24419578313827514
deepseek32b,implicature,swmimp040,1,0.12034013867378235
deepseek32b,implicature,swmimp040,2,0.2760314792394638
deepseek32b,implicature,swmimp040,3,0.5513710156083107
deepseek32b,implicature,swmimp041,1,0.2980005145072937
deepseek32b,implicature,swmimp041,2,0.28078658878803253
deepseek32b,implicature,swmimp041,3,0.2567698657512665
deepseek32b,implicature,swmimp042,1,0.1875452995300293
deepseek32b,implicature,swmimp042,2,0.23981332778930664
deepseek32b,implicature,swmimp042,3,0.3650667071342468
deepseek32b,implicature,swmimp043,1,0.1841801404953003
deepseek32b,implicature,swmimp043,2,0.2601970434188843
deepseek32b,implicature,swmimp043,3,0.33526870608329773
deepseek32b,implicature,swmimp044,1,0.22566640377044678
deepseek32b,implicature,swmimp044,2,0.2660944938659668
deepseek32b,implicature,swmimp044,3,0.29203290939331056
deepseek32b,implicature,swmimp045,1,0.22134804725646973
deepseek32b,implicature,swmimp045,2,0.3189134746789932
deepseek32b,implicature,swmimp045,3,0.27736519277095795
deepseek32b,implicature,swmimp046,1,0.22356758117675782
deepseek32b,implicature,swmimp046,2,0.28005659580230713
deepseek32b,implicature,swmimp046,3,0.2109984874725342
deepseek32b,implicature,swmimp047,1,0.2664745052655538
deepseek32b,implicature,swmimp047,2,0.18630915880203247
deepseek32b,implicature,swmimp047,3,0.2968115011850993
deepseek32b,implicature,swmimp048,1,0.2622611075639725
deepseek32b,implicature,swmimp048,2,0.22666522860527039
deepseek32b,implicature,swmimp048,3,0.24694176018238068
deepseek32b,implicature,swmimp049,1,0.2657531797885895
deepseek32b,implicature,swmimp049,2,0.38544535636901855
deepseek32b,implicature,swmimp049,3,0.15747591853141785
deepseek32b,implicature,swmimp050,1,0.36191917657852174
deepseek32b,implicature,swmimp050,2,0.2753610134124756
deepseek32b,implicature,swmimp050,3,0.18269435167312623
deepseek32b,implicature,swmimp051,1,0.24057323932647706
deepseek32b,implicature,swmimp051,2,0.15298061370849608
deepseek32b,implicature,swmimp051,3,0.25374737977981565
deepseek32b,implicature,swmimp052,1,0.199485644698143
deepseek32b,implicature,swmimp052,2,0.3125758767127991
deepseek32b,implicature,swmimp052,3,0.2597937285900116
deepseek32b,implicature,swmimp053,1,0.21832881371180216
deepseek32b,implicature,swmimp053,2,0.21844041347503662
deepseek32b,implicature,swmimp053,3,0.20417343576749167
deepseek32b,implicature,swmimp054,1,0.1760205626487732
deepseek32b,implicature,swmimp054,2,0.3827199935913086
deepseek32b,implicature,swmimp054,3,0.34809035062789917
deepseek32b,implicature,swmimp055,1,0.2650837659835815
deepseek32b,implicature,swmimp055,2,0.25190690755844114
deepseek32b,implicature,swmimp055,3,0.38767402768135073
deepseek32b,implicature,swmimp056,1,0.27658578753471375
deepseek32b,implicature,swmimp056,2,0.28943557540575665
deepseek32b,implicature,swmimp056,3,0.21256978313128153
deepseek32b,implicature,swmimp057,1,0.3704984684785207
deepseek32b,implicature,swmimp057,2,0.2542176842689514
deepseek32b,implicature,swmimp057,3,0.2753186623255412
deepseek32b,implicature,swmimp058,1,0.13892455895741782
deepseek32b,implicature,swmimp058,2,0.15209867556889853
deepseek32b,implicature,swmimp058,3,0.26005282004674274
deepseek32b,implicature,swmimp059,1,0.19961059093475342
deepseek32b,implicature,swmimp059,2,0.20362643897533417
deepseek32b,implicature,swmimp059,3,0.21115551888942719
deepseek32b,implicature,swmimp060,1,0.19194775819778442
deepseek32b,implicature,swmimp060,2,0.2867122491200765
deepseek32b,implicature,swmimp060,3,0.24094241857528687
deepseek32b,implicature,swmimp061,1,0.2895772457122803
deepseek32b,implicature,swmimp061,2,0.22036144137382507
deepseek32b,implicature,swmimp061,3,0.6585302799940109
deepseek32b,implicature,swmimp062,1,0.2527046203613281
deepseek32b,implicature,swmimp062,2,0.1362462838490804
deepseek32b,implicature,swmimp062,3,0.36173460880915326
deepseek32b,implicature,swmimp063,1,0.3991558700799942
deepseek32b,implicature,swmimp063,2,0.18236158788204193
deepseek32b,implicature,swmimp063,3,0.3183843344449997
deepseek32b,implicature,swmimp064,1,0.30042774975299835
deepseek32b,implicature,swmimp064,2,0.31772375106811523
deepseek32b,implicature,swmimp064,3,0.29258570075035095
deepseek32b,implicature,swmimp065,1,0.24398663640022278
deepseek32b,implicature,swmimp065,2,0.3676816026369731
deepseek32b,implicature,swmimp065,3,0.3837055613597234
deepseek32b,implicature,swmimp066,1,0.22464342912038168
deepseek32b,implicature,swmimp066,2,0.16853604714075723
deepseek32b,implicature,swmimp066,3,0.3970494469006856
deepseek32b,implicature,swmimp067,1,0.19126332998275758
deepseek32b,implicature,swmimp067,2,0.2103157639503479
deepseek32b,implicature,swmimp067,3,0.2963180780410767
deepseek32b,implicature,swmimp068,1,0.20815744002660116
deepseek32b,implicature,swmimp068,2,0.25911204020182294
deepseek32b,implicature,swmimp068,3,0.24088850617408752
deepseek32b,implicature,swmimp069,1,0.40206955671310424
deepseek32b,implicature,swmimp069,2,0.462052983045578
deepseek32b,implicature,swmimp069,3,0.3572521686553955
deepseek32b,implicature,swmimp070,1,0.46064938604831696
deepseek32b,implicature,swmimp070,2,0.3334236145019531
deepseek32b,implicature,swmimp070,3,0.23999440670013428
deepseek32b,implicature,swmimp071,1,0.2446332573890686
deepseek32b,implicature,swmimp071,2,0.3200310617685318
deepseek32b,implicature,swmimp071,3,0.35273946821689606
deepseek32b,implicature,swmimp072,1,0.288965364297231
deepseek32b,implicature,swmimp072,2,0.23128455877304077
deepseek32b,implicature,swmimp072,3,0.26852911710739136
deepseek32b,implicature,swmimp073,1,0.21394721666971842
deepseek32b,implicature,swmimp073,2,0.38429274161656696
deepseek32b,implicature,swmimp073,3,0.2651462256908417
deepseek32b,implicature,swmimp074,1,0.2034397025903066
deepseek32b,implicature,swmimp074,2,0.20926740765571594
deepseek32b,implicature,swmimp074,3,0.21782918771107992
deepseek32b,implicature,swmimp075,1,0.15539151430130005
deepseek32b,implicature,swmimp075,2,0.1344989197594779
deepseek32b,implicature,swmimp075,3,0.13225482191358293
deepseek32b,implicature,swmimp076,1,0.26238255202770233
deepseek32b,implicature,swmimp076,2,0.26298999786376953
deepseek32b,implicature,swmimp076,3,0.2092212438583374
deepseek32b,implicature,swmimp077,1,0.41483176946640016
deepseek32b,implicature,swmimp077,2,0.19643607139587402
deepseek32b,implicature,swmimp077,3,0.22045930624008178
deepseek32b,implicature,swmimp078,1,0.1932122011979421
deepseek32b,implicature,swmimp078,2,0.24135780334472656
deepseek32b,implicature,swmimp078,3,0.2258679767449697
deepseek32b,implicature,swmimp079,1,0.29419849600110737
deepseek32b,implicature,swmimp079,2,0.24754637479782104
deepseek32b,implicature,swmimp079,3,0.3015231830733163
deepseek32b,implicature,swmimp080,1,0.07906790971755981
deepseek32b,implicature,swmimp080,2,0.16807467937469484
deepseek32b,implicature,swmimp080,3,0.1191413402557373
deepseek32b,implicature,swmimp081,1,0.19128395318984986
deepseek32b,implicature,swmimp081,2,0.27248120307922363
deepseek32b,implicature,swmimp081,3,0.18174736499786376
deepseek32b,implicature,swmimp082,1,0.29382047057151794
deepseek32b,implicature,swmimp082,2,0.30495932698249817
deepseek32b,implicature,swmimp082,3,0.24285878241062164
deepseek32b,implicature,swmimp083,1,0.19633060693740845
deepseek32b,implicature,swmimp083,2,0.20285625259081522
deepseek32b,implicature,swmimp083,3,0.2254610856374105
deepseek32b,implicature,swmimp084,1,0.29116392135620117
deepseek32b,implicature,swmimp084,2,0.25145664215087893
deepseek32b,implicature,swmimp084,3,0.29728457927703855
deepseek32b,implicature,swmimp085,1,0.2386937513947487
deepseek32b,implicature,swmimp085,2,0.2152021899819374
deepseek32b,implicature,swmimp085,3,0.25691884011030197
deepseek32b,implicature,swmimp086,1,0.1423511505126953
deepseek32b,implicature,swmimp086,2,0.1844162106513977
deepseek32b,implicature,swmimp086,3,0.1581982135772705
deepseek32b,implicature,swmimp087,1,0.3785427287220955
deepseek32b,implicature,swmimp087,2,0.4214836433529854
deepseek32b,implicature,swmimp087,3,0.31633321940898895
deepseek32b,implicature,swmimp088,1,0.4314776472747326
deepseek32b,implicature,swmimp088,2,0.3855278864502907
deepseek32b,implicature,swmimp088,3,0.30438487976789474
deepseek32b,implicature,swmimp089,1,0.35073258479436237
deepseek32b,implicature,swmimp089,2,0.23647036155064902
deepseek32b,implicature,swmimp089,3,0.26822517315546673
deepseek32b,implicature,swmimp090,1,0.19759003321329752
deepseek32b,implicature,swmimp090,2,0.14850022395451865
deepseek32b,implicature,swmimp090,3,0.17085508505503336
deepseek32b,implicature,swmimp091,1,0.23817309141159057
deepseek32b,implicature,swmimp091,2,0.1822964906692505
deepseek32b,implicature,swmimp091,3,0.2700209081172943
deepseek32b,implicature,swmimp092,1,0.18817951530218124
deepseek32b,implicature,swmimp092,2,0.32856135070323944
deepseek32b,implicature,swmimp092,3,0.2868179902434349
deepseek32b,implicature,swmimp093,1,0.24195259809494019
deepseek32b,implicature,swmimp093,2,0.27208732068538666
deepseek32b,implicature,swmimp093,3,0.1780242770910263
deepseek32b,implicature,swmimp094,1,0.17437555392583212
deepseek32b,implicature,swmimp094,2,0.19783048828442892
deepseek32b,implicature,swmimp094,3,0.25390588243802387
deepseek32b,implicature,swmimp095,1,0.11117227375507355
deepseek32b,implicature,swmimp095,2,0.10052737593650818
deepseek32b,implicature,swmimp095,3,0.10013622045516968
deepseek32b,implicature,swmimp096,1,0.21966465711593627
deepseek32b,implicature,swmimp096,2,0.26044301986694335
deepseek32b,implicature,swmimp096,3,0.3742604494094849
deepseek32b,implicature,swmimp097,1,0.2081732451915741
deepseek32b,implicature,swmimp097,2,0.21279603242874146
deepseek32b,implicature,swmimp097,3,0.18464262286822
deepseek32b,implicature,swmimp098,1,0.3022389014561971
deepseek32b,implicature,swmimp098,2,0.3470856249332428
deepseek32b,implicature,swmimp098,3,0.2756089170773824
deepseek32b,implicature,swmimp099,1,0.309227779507637
deepseek32b,implicature,swmimp099,2,0.3419591933488846
deepseek32b,implicature,swmimp099,3,0.3814878538250923
deepseek32b,implicature,swmimp100,1,0.2492009401321411
deepseek32b,implicature,swmimp100,2,0.3763100028038025
deepseek32b,implicature,swmimp100,3,0.3638467788696289
deepseek32b,implicature,swmimp101,1,0.3159241622144526
deepseek32b,implicature,swmimp101,2,0.3005914769389413
deepseek32b,implicature,swmimp101,3,0.2736846750432795
deepseek32b,implicature,swmimp102,1,0.23194292458620938
deepseek32b,implicature,swmimp102,2,0.2795592898672277
deepseek32b,implicature,swmimp102,3,0.18196130340749567
deepseek32b,implicature,swmimp103,1,0.0
deepseek32b,implicature,swmimp103,2,0.0
deepseek32b,implicature,swmimp103,3,0.0
deepseek32b,implicature,swmimp104,1,0.18851735375144266
deepseek32b,implicature,swmimp104,2,0.26232198693535547
deepseek32b,implicature,swmimp104,3,0.2836137901652943
deepseek32b,implicature,swmimp105,1,0.0
deepseek32b,implicature,swmimp105,2,0.0
deepseek32b,implicature,swmimp105,3,0.0
deepseek32b,implicature,swmimp106,1,0.0
deepseek32b,implicature,swmimp106,2,0.0
deepseek32b,implicature,swmimp106,3,0.0
deepseek32b,implicature,swmimp107,1,0.0
deepseek32b,implicature,swmimp107,2,0.0
deepseek32b,implicature,swmimp107,3,0.0
deepseek32b,implicature,swmimp108,1,0.0
deepseek32b,implicature,swmimp108,2,0.0
deepseek32b,implicature,swmimp108,3,0.0
deepseek32b,implicature,swmimp109,1,0.0
deepseek32b,implicature,swmimp109,2,0.0
deepseek32b,implicature,swmimp109,3,0.0
deepseek32b,implicature,swmimp110,1,0.13495436310768127
deepseek32b,implicature,swmimp110,2,0.34804388880729675
deepseek32b,implicature,swmimp110,3,0.35121676325798035
deepseek32b,implicature,swmimp111,1,0.2183357932988335
deepseek32b,implicature,swmimp111,2,0.24189747782314525
deepseek32b,implicature,swmimp111,3,0.20971845528658697
deepseek32b,implicature,swmimp112,1,0.20216654539108275
deepseek32b,implicature,swmimp112,2,0.23747168779373168
deepseek32b,implicature,swmimp112,3,0.27812509536743163
deepseek32b,implicature,swmimp113,1,0.19593157087053573
deepseek32b,implicature,swmimp113,2,0.2809560213770185
deepseek32b,implicature,swmimp113,3,0.20218083688191005
deepseek32b,implicature,swmimp114,1,0.28104956944783527
deepseek32b,implicature,swmimp114,2,0.2850492033693526
deepseek32b,implicature,swmimp114,3,0.2595008744133843
deepseek32b,implicature,swmimp115,1,0.3757623881101608
deepseek32b,implicature,swmimp115,2,0.27141647040843964
deepseek32b,implicature,swmimp115,3,0.3169066682457924
deepseek32b,implicature,swmimp116,1,0.2504303654034932
deepseek32b,implicature,swmimp116,2,0.17740478118260702
deepseek32b,implicature,swmimp116,3,0.28477472563584644
deepseek32b,implicature,swmimp117,1,0.19913223385810852
deepseek32b,implicature,swmimp117,2,0.2584337294101715
deepseek32b,implicature,swmimp117,3,0.34598369896411896
deepseek32b,implicature,swmimp118,1,0.3131789565086365
deepseek32b,implicature,swmimp118,2,0.23012991746266684
deepseek32b,implicature,swmimp118,3,0.417120228211085
deepseek32b,implicature,swmimp119,1,0.15719219744205476
deepseek32b,implicature,swmimp119,2,0.16683947741985322
deepseek32b,implicature,swmimp119,3,0.12481895983219146
deepseek32b,implicature,swmimp120,1,0.23855770627657572
deepseek32b,implicature,swmimp120,2,0.39264143506685895
deepseek32b,implicature,swmimp120,3,0.2974180777867635
deepseek32b,implicature,swmimp121,1,0.23621848225593567
deepseek32b,implicature,swmimp121,2,0.23007037490606308
deepseek32b,implicature,swmimp121,3,0.31024062633514404
deepseek32b,implicature,swmimp122,1,0.20758607983589172
deepseek32b,implicature,swmimp122,2,0.20868444442749023
deepseek32b,implicature,swmimp122,3,0.22399649024009705
deepseek32b,implicature,swmimp123,1,0.3326121171315511
deepseek32b,implicature,swmimp123,2,0.3112081487973531
deepseek32b,implicature,swmimp123,3,0.29438058535257977
deepseek32b,implicature,swmimp124,1,0.36585955747536253
deepseek32b,implicature,swmimp124,2,0.26474758982658386
deepseek32b,implicature,swmimp124,3,0.3330462340797697
deepseek32b,implicature,swmimp125,1,0.1860594621726445
deepseek32b,implicature,swmimp125,2,0.15432330540248326
deepseek32b,implicature,swmimp125,3,0.12703996896743774
deepseek32b,implicature,swmimp126,1,0.3053717091679573
deepseek32b,implicature,swmimp126,2,0.24216454476118088
deepseek32b,implicature,swmimp126,3,0.1602504476904869
deepseek32b,implicature,swmimp127,1,0.23225543896357217
deepseek32b,implicature,swmimp127,2,0.15817903147803414
deepseek32b,implicature,swmimp127,3,0.2433446447054545
deepseek32b,implicature,swmimp128,1,0.19896989663441975
deepseek32b,implicature,swmimp128,2,0.26669283310572306
deepseek32b,implicature,swmimp128,3,0.23795355955759684
deepseek32b,implicature,swmimp129,1,0.2237409253915151
deepseek32b,implicature,swmimp129,2,0.25840158263842267
deepseek32b,implicature,swmimp129,3,0.25754522283871967
deepseek32b,implicature,swmimp130,1,0.2428319189283583
deepseek32b,implicature,swmimp130,2,0.18724867370393541
deepseek32b,implicature,swmimp130,3,0.20791429943508571
deepseek32b,implicature,swmimp131,1,0.2945496737957001
deepseek32b,implicature,swmimp131,2,0.3404112954934438
deepseek32b,implicature,swmimp131,3,0.29983747005462646
deepseek32b,implicature,swmimp132,1,0.2682698369026184
deepseek32b,implicature,swmimp132,2,0.2869787931442261
deepseek32b,implicature,swmimp132,3,0.18737245202064515
deepseek32b,implicature,swmimp133,1,0.18043214082717896
deepseek32b,implicature,swmimp133,2,0.1321008324623108
deepseek32b,implicature,swmimp133,3,0.34574258923530576
deepseek32b,implicature,swmimp134,1,0.23120322823524475
deepseek32b,implicature,swmimp134,2,0.3407610555489858
deepseek32b,implicature,swmimp134,3,0.28195791443188983
deepseek32b,implicature,swmimp135,1,0.2716329097747803
deepseek32b,implicature,swmimp135,2,0.2512471377849579
deepseek32b,implicature,swmimp135,3,0.30581264942884445
deepseek32b,implicature,swmimp136,1,0.28479231595993043
deepseek32b,implicature,swmimp136,2,0.29769459962844846
deepseek32b,implicature,swmimp136,3,0.30465327501296996
deepseek32b,implicature,swmimp137,1,0.41158854961395264
deepseek32b,implicature,swmimp137,2,0.30690522988637287
deepseek32b,implicature,swmimp137,3,0.42502959569295246
deepseek32b,implicature,swmimp138,1,0.31687583923339846
deepseek32b,implicature,swmimp138,2,0.29825377464294434
deepseek32b,implicature,swmimp138,3,0.24057027101516723
deepseek32b,implicature,swmimp139,1,0.22360299314771379
deepseek32b,implicature,swmimp139,2,0.36780733934470583
deepseek32b,implicature,swmimp139,3,0.25805905035563875
deepseek32b,implicature,swmimp140,1,0.24039485057195029
deepseek32b,implicature,swmimp140,2,0.23531980481412676
deepseek32b,implicature,swmimp140,3,0.25667277971903485
deepseek32b,implicature,swmimp141,1,0.1459401786327362
deepseek32b,implicature,swmimp141,2,0.13118985295295715
deepseek32b,implicature,swmimp141,3,0.1597445487976074
deepseek32b,implicature,swmimp142,1,0.2130506369802687
deepseek32b,implicature,swmimp142,2,0.2520272533098857
deepseek32b,implicature,swmimp142,3,0.22565368149015638
deepseek32b,implicature,swmimp143,1,0.24801414503770716
deepseek32b,implicature,swmimp143,2,0.23651999936384313
deepseek32b,implicature,swmimp143,3,0.2376655480440925
deepseek32b,implicature,swmimp144,1,0.3385959010232579
deepseek32b,implicature,swmimp144,2,0.355928125706586
deepseek32b,implicature,swmimp144,3,0.25482453541322186
deepseek32b,implicature,swmimp145,1,0.17683825890223184
deepseek32b,implicature,swmimp145,2,0.20114256938298544
deepseek32b,implicature,swmimp145,3,0.35058297713597614
deepseek32b,implicature,swmimp146,1,0.1651382384629085
deepseek32b,implicature,swmimp146,2,0.17782954717504568
deepseek32b,implicature,swmimp146,3,0.20793452139558463
deepseek32b,implicature,swmimp147,1,0.2864956988228692
deepseek32b,implicature,swmimp147,2,0.2508174843258328
deepseek32b,implicature,swmimp147,3,0.2931990888383653
deepseek32b,implicature,swmimp148,1,0.2578081534459041
deepseek32b,implicature,swmimp148,2,0.3168376684188843
deepseek32b,implicature,swmimp148,3,0.23007485499748817
deepseek32b,implicature,swmimp149,1,0.22811407446861268
deepseek32b,implicature,swmimp149,2,0.2533704400062561
deepseek32b,implicature,swmimp149,3,0.25156567990779877
deepseek32b,implicature,swmimp150,1,0.17789415121078492
deepseek32b,implicature,swmimp150,2,0.3433667182922363
deepseek32b,implicature,swmimp150,3,0.19955227375030518
deepseek32b,implicature,swmimp151,1,0.16191730328968593
deepseek32b,implicature,swmimp151,2,0.16480192116328649
deepseek32b,implicature,swmimp151,3,0.2570496542113168
deepseek32b,implicature,swmimp152,1,0.17947918176651
deepseek32b,implicature,swmimp152,2,0.13541403743955824
deepseek32b,implicature,swmimp152,3,0.17094954517152575
deepseek32b,implicature,swmimp153,1,0.35463640424940324
deepseek32b,implicature,swmimp153,2,0.33114414082633126
deepseek32b,implicature,swmimp153,3,0.33459341194894576
deepseek32b,implicature,swmimp154,1,0.20626050896114773
deepseek32b,implicature,swmimp154,2,0.12652016348308986
deepseek32b,implicature,swmimp154,3,0.20431339575184715
deepseek32b,implicature,swmimp155,1,0.21565788984298706
deepseek32b,implicature,swmimp155,2,0.5940257608890533
deepseek32b,implicature,swmimp155,3,0.49425625801086426
deepseek32b,implicature,swmimp156,1,0.22040703204961923
deepseek32b,implicature,swmimp156,2,0.27634207101968616
deepseek32b,implicature,swmimp156,3,0.23278398238695586
deepseek32b,implicature,swmimp157,1,0.4325416485468547
deepseek32b,implicature,swmimp157,2,0.27513593435287476
deepseek32b,implicature,swmimp157,3,0.3404802878697713
deepseek32b,implicature,swmimp158,1,0.28803615272045135
deepseek32b,implicature,swmimp158,2,0.21275031566619873
deepseek32b,implicature,swmimp158,3,0.24701137840747833
deepseek32b,implicature,swmimp159,1,0.3323486532483782
deepseek32b,implicature,swmimp159,2,0.23904059614453996
deepseek32b,implicature,swmimp159,3,0.27681914397648405
deepseek32b,implicature,swmimp160,1,0.22684032576424734
deepseek32b,implicature,swmimp160,2,0.34189138242176603
deepseek32b,implicature,swmimp160,3,0.21395876577922276
deepseek32b,implicature,swmimp161,1,0.3803249214376722
deepseek32b,implicature,swmimp161,2,0.37000363213675364
deepseek32b,implicature,swmimp161,3,0.28294243131365093
deepseek32b,implicature,swmimp162,1,0.2599349518616994
deepseek32b,implicature,swmimp162,2,0.2587171792984009
deepseek32b,implicature,swmimp162,3,0.2918932835261027
deepseek32b,implicature,swmimp163,1,0.23918148544099596
deepseek32b,implicature,swmimp163,2,0.20091235637664795
deepseek32b,implicature,swmimp163,3,0.25283367766274345
deepseek32b,implicature,swmimp164,1,0.30512459576129913
deepseek32b,implicature,swmimp164,2,0.13388392329216003
deepseek32b,implicature,swmimp164,3,0.2198265641927719
deepseek32b,implicature,swmimp165,1,0.4424380163351695
deepseek32b,implicature,swmimp165,2,0.43996095657348633
deepseek32b,implicature,swmimp165,3,0.3923235535621643
deepseek32b,implicature,swmimp166,1,0.30115199089050293
deepseek32b,implicature,swmimp166,2,0.25803080201148987
deepseek32b,implicature,swmimp166,3,0.5179334729909897
deepseek32b,implicature,swmimp167,1,0.340513801574707
deepseek32b,implicature,swmimp167,2,0.19442055225372315
deepseek32b,implicature,swmimp167,3,0.3825947642326355
deepseek32b,implicature,swmimp168,1,0.2019106149673462
deepseek32b,implicature,swmimp168,2,0.2523136039574941
deepseek32b,implicature,swmimp168,3,0.2498872180779775
deepseek32b,implicature,swmimp169,1,0.19822283585866293
deepseek32b,implicature,swmimp169,2,0.2006974716981252
deepseek32b,implicature,swmimp169,3,0.214333176612854
deepseek32b,implicature,swmimp170,1,0.3092586249113083
deepseek32b,implicature,swmimp170,2,0.20912913978099823
deepseek32b,implicature,swmimp170,3,0.19989065825939178
deepseek32b,implicature,swmimp171,1,0.2982681854204698
deepseek32b,implicature,swmimp171,2,0.2041786421429027
deepseek32b,implicature,swmimp171,3,0.2699599699540572
deepseek32b,implicature,swmimp172,1,0.24262243509292603
deepseek32b,implicature,swmimp172,2,0.4786665042241414
deepseek32b,implicature,swmimp172,3,0.3404166301091512
deepseek32b,implicature,swmimp173,1,0.28510142862796783
deepseek32b,implicature,swmimp173,2,0.3440004587173462
deepseek32b,implicature,swmimp173,3,0.3122105151414871
deepseek32b,implicature,swmimp174,1,0.390837287902832
deepseek32b,implicature,swmimp174,2,0.3782769083976746
deepseek32b,implicature,swmimp174,3,0.3378986716270447
deepseek32b,implicature,swmimp175,1,0.25212898254394533
deepseek32b,implicature,swmimp175,2,0.2569858431816101
deepseek32b,implicature,swmimp175,3,0.25600744485855104
deepseek32b,implicature,swmimp176,1,0.35127546787261965
deepseek32b,implicature,swmimp176,2,0.2767383813858032
deepseek32b,implicature,swmimp176,3,0.2830684304237366
deepseek32b,implicature,swmimp177,1,0.2218357196875981
deepseek32b,implicature,swmimp177,2,0.26828275833811077
deepseek32b,implicature,swmimp177,3,0.29057134900774273
deepseek32b,implicature,swmimp178,1,0.26560311107074513
deepseek32b,implicature,swmimp178,2,0.2259497326963088
deepseek32b,implicature,swmimp178,3,0.2985527795903823
deepseek32b,implicature,swmimp179,1,0.271103098988533
deepseek32b,implicature,swmimp179,2,0.4393838606774807
deepseek32b,implicature,swmimp179,3,0.28115470707416534
deepseek32b,implicature,swmimp180,1,0.23537518978118896
deepseek32b,implicature,swmimp180,2,0.2536604881286621
deepseek32b,implicature,swmimp180,3,0.26543948650360105
deepseek32b,implicature,swmimp181,1,0.19400605985096522
deepseek32b,implicature,swmimp181,2,0.16176918574741908
deepseek32b,implicature,swmimp181,3,0.19616855893816268
deepseek32b,implicature,swmimp182,1,0.36303651332855225
deepseek32b,implicature,swmimp182,2,0.274652898311615
deepseek32b,implicature,swmimp182,3,0.32577401399612427
deepseek32b,implicature,swmimp183,1,0.34434038400650024
deepseek32b,implicature,swmimp183,2,0.489105224609375
deepseek32b,implicature,swmimp183,3,0.40622703234354657
deepseek32b,implicature,swmimp184,1,0.1813955008983612
deepseek32b,implicature,swmimp184,2,0.3259710446000099
deepseek32b,implicature,swmimp184,3,0.3086312711238861
deepseek32b,implicature,swmimp185,1,0.31665171682834625
deepseek32b,implicature,swmimp185,2,0.19468720257282257
deepseek32b,implicature,swmimp185,3,0.25399845838546753
deepseek32b,implicature,swmimp186,1,0.37969905138015747
deepseek32b,implicature,swmimp186,2,0.31613069772720337
deepseek32b,implicature,swmimp186,3,0.5250448882579803
deepseek32b,implicature,swmimp187,1,0.34132935106754303
deepseek32b,implicature,swmimp187,2,0.404734343290329
deepseek32b,implicature,swmimp187,3,0.08916109800338745
deepseek32b,implicature,swmimp188,1,0.2142648696899414
deepseek32b,implicature,swmimp188,2,0.43922920525074005
deepseek32b,implicature,swmimp188,3,0.1986139416694641
deepseek32b,implicature,swmimp189,1,0.340004563331604
deepseek32b,implicature,swmimp189,2,0.10362104574839275
deepseek32b,implicature,swmimp189,3,0.08407819271087646
deepseek32b,implicature,swmimp190,1,0.1706645886103312
deepseek32b,implicature,swmimp190,2,0.183121124903361
deepseek32b,implicature,swmimp190,3,0.25582148631413776
deepseek32b,implicature,swmimp191,1,0.2595894783735275
deepseek32b,implicature,swmimp191,2,0.21742776036262512
deepseek32b,implicature,swmimp191,3,0.16529789566993713
deepseek32b,implicature,swmimp192,1,0.37742120772600174
deepseek32b,implicature,swmimp192,2,0.39768296480178833
deepseek32b,implicature,swmimp192,3,0.33138102293014526
deepseek32b,implicature,swmimp193,1,0.24932040770848593
deepseek32b,implicature,swmimp193,2,0.3522462646166484
deepseek32b,implicature,swmimp193,3,0.39438865582148236
deepseek32b,implicature,swmimp194,1,0.1889955520629883
deepseek32b,implicature,swmimp194,2,0.23709322214126588
deepseek32b,implicature,swmimp194,3,0.3496337056159973
deepseek32b,implicature,swmimp195,1,0.25278535816404557
deepseek32b,implicature,swmimp195,2,0.1923779116736518
deepseek32b,implicature,swmimp195,3,0.20323171880510119
deepseek32b,implicature,swmimp196,1,0.24332856138547262
deepseek32b,implicature,swmimp196,2,0.2849045793215434
deepseek32b,implicature,swmimp196,3,0.29595305522282916
deepseek32b,implicature,swmimp197,1,0.26756542921066284
deepseek32b,implicature,swmimp197,2,0.29622769355773926
deepseek32b,implicature,swmimp197,3,0.26764580607414246
deepseek32b,implicature,swmimp198,1,0.2064502239227295
deepseek32b,implicature,swmimp198,2,0.2738875349362691
deepseek32b,implicature,swmimp198,3,0.3002996842066447
deepseek32b,implicature,swmimp199,1,0.2804457098245621
deepseek32b,implicature,swmimp199,2,0.2797730714082718
deepseek32b,implicature,swmimp199,3,0.16546671092510223
deepseek32b,implicature,swmimp200,1,0.25276337067286175
deepseek32b,implicature,swmimp200,2,0.26534563302993774
deepseek32b,implicature,swmimp200,3,0.29675598939259845
deepseek7b,false_belief,fb001,1,0.11976142227649689
deepseek7b,false_belief,fb001,2,0.21466094255447388
deepseek7b,false_belief,fb001,3,0.18968269228935242
deepseek7b,false_belief,fb002,1,0.1362387180328369
deepseek7b,false_belief,fb002,2,0.13747117519378663
deepseek7b,false_belief,fb002,3,0.19781944751739503
deepseek7b,false_belief,fb003,1,0.1640327125787735
deepseek7b,false_belief,fb003,2,0.16250234842300415
deepseek7b,false_belief,fb003,3,0.17772990465164185
deepseek7b,false_belief,fb004,1,0.14620554447174072
deepseek7b,false_belief,fb004,2,0.17262697219848633
deepseek7b,false_belief,fb004,3,0.14637082815170288
deepseek7b,false_belief,fb005,1,0.14997270703315735
deepseek7b,false_belief,fb005,2,0.2061312049627304
deepseek7b,false_belief,fb005,3,0.2335931956768036
deepseek7b,false_belief,fb006,1,0.19724735617637634
deepseek7b,false_belief,fb006,2,0.2465178370475769
deepseek7b,false_belief,fb006,3,0.255933552980423
deepseek7b,false_belief,fb007,1,0.14686064422130585
deepseek7b,false_belief,fb007,2,0.24093718826770782
deepseek7b,false_belief,fb007,3,0.1609107255935669
deepseek7b,false_belief,fb008,1,0.15813077986240387
deepseek7b,false_belief,fb008,2,0.1255185753107071
deepseek7b,false_belief,fb008,3,0.13849006593227386
deepseek7b,false_belief,fb009,1,0.17546135187149048
deepseek7b,false_belief,fb009,2,0.47948943575223285
deepseek7b,false_belief,fb009,3,0.15387056271235147
deepseek7b,false_belief,fb010,1,0.17291811108589172
deepseek7b,false_belief,fb010,2,0.20597293972969055
deepseek7b,false_belief,fb010,3,0.19788600504398346
deepseek7b,false_belief,fb011,1,0.18628738820552826
deepseek7b,false_belief,fb011,2,0.1238863468170166
deepseek7b,false_belief,fb011,3,0.15223030745983124
deepseek7b,false_belief,fb012,1,0.5710928216576576
deepseek7b,false_belief,fb012,2,0.28798535466194153
deepseek7b,false_belief,fb012,3,0.21073448657989502
deepseek7b,false_belief,fb013,1,0.2778647169470787
deepseek7b,false_belief,fb013,2,0.25293323397636414
deepseek7b,false_belief,fb013,3,0.15741798281669617
deepseek7b,false_belief,fb014,1,0.1338181495666504
deepseek7b,false_belief,fb014,2,0.11853587627410889
deepseek7b,false_belief,fb014,3,0.28009676933288574
deepseek7b,false_belief,fb015,1,0.18298247456550598
deepseek7b,false_belief,fb015,2,0.2674989253282547
deepseek7b,false_belief,fb015,3,0.22705642879009247
deepseek7b,false_belief,fb016,1,0.19007447361946106
deepseek7b,false_belief,fb016,2,0.17085133492946625
deepseek7b,false_belief,fb016,3,0.23501506447792053
deepseek7b,false_belief,fb017,1,0.2282712310552597
deepseek7b,false_belief,fb017,2,0.17305950820446014
deepseek7b,false_belief,fb017,3,0.14354649186134338
deepseek7b,false_belief,fb018,1,0.23440631479024887
deepseek7b,false_belief,fb018,2,0.23426106572151184
deepseek7b,false_belief,fb018,3,0.2569570243358612
deepseek7b,false_belief,fb019,1,0.10812839865684509
deepseek7b,false_belief,fb019,2,0.08225017786026001
deepseek7b,false_belief,fb019,3,0.21667516231536865
deepseek7b,false_belief,fb020,1,0.288812592625618
deepseek7b,false_belief,fb020,2,0.23066094517707825
deepseek7b,false_belief,fb020,3,0.19703149795532227
deepseek7b,false_belief,fb021,1,0.16591100692749022
deepseek7b,false_belief,fb021,2,0.1764855146408081
deepseek7b,false_belief,fb021,3,0.1608126401901245
deepseek7b,false_belief,fb022,1,0.22316007316112518
deepseek7b,false_belief,fb022,2,0.20189398527145386
deepseek7b,false_belief,fb022,3,0.3156743049621582
deepseek7b,false_belief,fb023,1,0.248924720287323
deepseek7b,false_belief,fb023,2,0.3967819809913635
deepseek7b,false_belief,fb023,3,0.311068058013916
deepseek7b,false_belief,fb024,1,0.28930673996607464
deepseek7b,false_belief,fb024,2,0.23766438166300455
deepseek7b,false_belief,fb024,3,0.1639348268508911
deepseek7b,false_belief,fb025,1,0.34461189806461334
deepseek7b,false_belief,fb025,2,0.3189074397087097
deepseek7b,false_belief,fb025,3,0.19672460854053497
deepseek7b,false_belief,fb026,1,0.18434836467107138
deepseek7b,false_belief,fb026,2,0.22264552116394043
deepseek7b,false_belief,fb026,3,0.18709848324457803
deepseek7b,false_belief,fb027,1,0.18018480141957602
deepseek7b,false_belief,fb027,2,0.1670129895210266
deepseek7b,false_belief,fb027,3,0.16455533107121786
deepseek7b,false_belief,fb028,1,0.22465907037258148
deepseek7b,false_belief,fb028,2,0.5081999767571688
deepseek7b,false_belief,fb028,3,0.23656225204467773
deepseek7b,false_belief,fb029,1,0.20044681429862976
deepseek7b,false_belief,fb029,2,0.11704719066619873
deepseek7b,false_belief,fb029,3,0.2015858292579651
deepseek7b,false_belief,fb030,1,0.1332765519618988
deepseek7b,false_belief,fb030,2,0.17458419501781464
deepseek7b,false_belief,fb030,3,0.1659804880619049
deepseek7b,false_belief,fb031,1,0.13479465246200562
deepseek7b,false_belief,fb031,2,0.19167323410511017
deepseek7b,false_belief,fb031,3,0.16812273859977722
deepseek7b,false_belief,fb032,1,0.2733250632882118
deepseek7b,false_belief,fb032,2,0.21260225772857666
deepseek7b,false_belief,fb032,3,0.1733299046754837
deepseek7b,false_belief,fb033,1,0.10814444720745087
deepseek7b,false_belief,fb033,2,0.10402268171310425
deepseek7b,false_belief,fb033,3,0.12960503995418549
deepseek7b,false_belief,fb034,1,0.19394998252391815
deepseek7b,false_belief,fb034,2,0.20136916637420654
deepseek7b,false_belief,fb034,3,0.12489868700504303
deepseek7b,false_belief,fb035,1,0.1808737963438034
deepseek7b,false_belief,fb035,2,0.16550862789154053
deepseek7b,false_belief,fb035,3,0.19489581882953644
deepseek7b,false_belief,fb036,1,0.25942301750183105
deepseek7b,false_belief,fb036,2,0.20059671401977539
deepseek7b,false_belief,fb036,3,0.22153247594833375
deepseek7b,false_belief,fb037,1,0.21060238778591156
deepseek7b,false_belief,fb037,2,0.20102612674236298
deepseek7b,false_belief,fb037,3,0.1616254299879074
deepseek7b,false_belief,fb038,1,0.22851026058197021
deepseek7b,false_belief,fb038,2,0.22319869697093964
deepseek7b,false_belief,fb038,3,0.1643257737159729
deepseek7b,false_belief,fb039,1,0.16256724298000336
deepseek7b,false_belief,fb039,2,0.19565783441066742
deepseek7b,false_belief,fb039,3,0.19040969014167786
deepseek7b,false_belief,fb040,1,0.18089298903942108
deepseek7b,false_belief,fb040,2,0.14297129213809967
deepseek7b,false_belief,fb040,3,0.21338661015033722
deepseek7b,false_belief,fb041,1,0.2303571254014969
deepseek7b,false_belief,fb041,2,0.24049510061740875
deepseek7b,false_belief,fb041,3,0.1824013888835907
deepseek7b,false_belief,fb042,1,0.24123241007328033
deepseek7b,false_belief,fb042,2,0.29186558723449707
deepseek7b,false_belief,fb042,3,0.14656071364879608
deepseek7b,false_belief,fb043,1,0.22350431978702545
deepseek7b,false_belief,fb043,2,0.21571125090122223
deepseek7b,false_belief,fb043,3,0.18998299539089203
deepseek7b,false_belief,fb044,1,0.1988450139760971
deepseek7b,false_belief,fb044,2,0.26597410440444946
deepseek7b,false_belief,fb044,3,0.23368294537067413
deepseek7b,false_belief,fb045,1,0.25508995056152345
deepseek7b,false_belief,fb045,2,0.22335699796676636
deepseek7b,false_belief,fb045,3,0.24530376195907594
deepseek7b,false_belief,fb046,1,0.22693835198879242
deepseek7b,false_belief,fb046,2,0.19883373379707336
deepseek7b,false_belief,fb046,3,0.14579685032367706
deepseek7b,false_belief,fb047,1,0.2199704647064209
deepseek7b,false_belief,fb047,2,0.1695600003004074
deepseek7b,false_belief,fb047,3,0.1776386797428131
deepseek7b,false_belief,fb048,1,0.18170572817325592
deepseek7b,false_belief,fb048,2,0.5789094230858609
deepseek7b,false_belief,fb048,3,0.30365481972694397
deepseek7b,false_belief,fb049,1,0.2079530656337738
deepseek7b,false_belief,fb049,2,0.3067379370331764
deepseek7b,false_belief,fb049,3,0.2268148511648178
deepseek7b,false_belief,fb050,1,0.3650818318128586
deepseek7b,false_belief,fb050,2,0.2717196047306061
deepseek7b,false_belief,fb050,3,0.20906893908977509
deepseek7b,false_belief,fb051,1,0.17705692847569784
deepseek7b,false_belief,fb051,2,0.1638543208440145
deepseek7b,false_belief,fb051,3,0.19726641972859701
deepseek7b,false_belief,fb052,1,0.13644888997077942
deepseek7b,false_belief,fb052,2,0.25583118200302124
deepseek7b,false_belief,fb052,3,0.24997994303703308
deepseek7b,false_belief,fb053,1,0.1364012211561203
deepseek7b,false_belief,fb053,2,0.24324177205562592
deepseek7b,false_belief,fb053,3,0.18207505345344543
deepseek7b,false_belief,fb054,1,0.22904670238494873
deepseek7b,false_belief,fb054,2,0.1637992560863495
deepseek7b,false_belief,fb054,3,0.22293689846992493
deepseek7b,false_belief,fb055,1,0.1927342414855957
deepseek7b,false_belief,fb055,2,0.15889406204223633
deepseek7b,false_belief,fb055,3,0.17527715861797333
deepseek7b,false_belief,fb056,1,0.18105721473693848
deepseek7b,false_belief,fb056,2,0.25250600278377533
deepseek7b,false_belief,fb056,3,0.1417955458164215
deepseek7b,false_belief,fb057,1,0.2596725672483444
deepseek7b,false_belief,fb057,2,0.31355586647987366
deepseek7b,false_belief,fb057,3,0.32098326086997986
deepseek7b,false_belief,fb058,1,0.22141824662685394
deepseek7b,false_belief,fb058,2,0.2514785826206207
deepseek7b,false_belief,fb058,3,0.24109642207622528
deepseek7b,false_belief,fb059,1,0.11116722226142883
deepseek7b,false_belief,fb059,2,0.1292589008808136
deepseek7b,false_belief,fb059,3,0.20241644978523254
deepseek7b,false_belief,fb060,1,0.3023454248905182
deepseek7b,false_belief,fb060,2,0.21745865046977997
deepseek7b,false_belief,fb060,3,0.1967269331216812
deepseek7b,false_belief,sfp011,1,0.16808876395225525
deepseek7b,false_belief,sfp011,2,0.15644650161266327
deepseek7b,false_belief,sfp011,3,0.14739474654197693
deepseek7b,false_belief,sfp012,1,0.23274275660514832
deepseek7b,false_belief,sfp012,2,0.17343638837337494
deepseek7b,false_belief,sfp012,3,0.16638249158859253
deepseek7b,false_belief,sfp013,1,0.15199480950832367
deepseek7b,false_belief,sfp013,2,0.233125701546669
deepseek7b,false_belief,sfp013,3,0.2253824919462204
deepseek7b,false_belief,sfp014,1,0.1529903213183085
deepseek7b,false_belief,sfp014,2,0.17042807737986246
deepseek7b,false_belief,sfp014,3,0.202257772286733
deepseek7b,false_belief,sfp015,1,0.15280138254165648
deepseek7b,false_belief,sfp015,2,0.10811705589294433
deepseek7b,false_belief,sfp015,3,0.1662227988243103
deepseek7b,false_belief,sfp016,1,0.16340558528900145
deepseek7b,false_belief,sfp016,2,0.16472156047821046
deepseek7b,false_belief,sfp016,3,0.15906182527542115
deepseek7b,false_belief,sfp017,1,0.2611638456583023
deepseek7b,false_belief,sfp017,2,0.16787120699882507
deepseek7b,false_belief,sfp017,3,0.1244100034236908
deepseek7b,false_belief,sfp018,1,0.24239733815193176
deepseek7b,false_belief,sfp018,2,0.10494275391101837
deepseek7b,false_belief,sfp018,3,0.16178302466869354
deepseek7b,false_belief,sfp019,1,0.25308650732040405
deepseek7b,false_belief,sfp019,2,0.22248442471027374
deepseek7b,false_belief,sfp019,3,0.2681276202201843
deepseek7b,false_belief,sfp020,1,0.1681203991174698
deepseek7b,false_belief,sfp020,2,0.09706194698810577
deepseek7b,false_belief,sfp020,3,0.1171923577785492
deepseek7b,faux_pas,sfp001,1,0.28210690021514895
deepseek7b,faux_pas,sfp001,2,0.26292728185653685
deepseek7b,faux_pas,sfp001,3,0.300960910320282
deepseek7b,faux_pas,sfp002,1,0.7439181843074039
deepseek7b,faux_pas,sfp002,2,0.49288475699722767
deepseek7b,faux_pas,sfp002,3,0.7363175749778748
deepseek7b,faux_pas,sfp003,1,0.6745918225497007
deepseek7b,faux_pas,sfp003,2,0.28770115971565247
deepseek7b,faux_pas,sfp003,3,0.5417810305953026
deepseek7b,faux_pas,sfp004,1,0.6093506719917059
deepseek7b,faux_pas,sfp004,2,0.6023138519376516
deepseek7b,faux_pas,sfp004,3,0.37312988191843033
deepseek7b,faux_pas,sfp005,1,0.5374202486127615
deepseek7b,faux_pas,sfp005,2,0.2810332924127579
deepseek7b,faux_pas,sfp005,3,0.41348693519830704
deepseek7b,faux_pas,sfp006,1,0.5855589509010315
deepseek7b,faux_pas,sfp006,2,0.5824097003787756
deepseek7b,faux_pas,sfp006,3,0.4428820013999939
deepseek7b,faux_pas,sfp007,1,0.6928378148004413
deepseek7b,faux_pas,sfp007,2,0.3700183108448982
deepseek7b,faux_pas,sfp007,3,0.7530306987464428
deepseek7b,faux_pas,sfp008,1,0.5582107752561569
deepseek7b,faux_pas,sfp008,2,0.5149553939700127
deepseek7b,faux_pas,sfp008,3,0.6522125184535981
deepseek7b,faux_pas,sfp009,1,0.3532768686612447
deepseek7b,faux_pas,sfp009,2,0.4090376098950704
deepseek7b,faux_pas,sfp009,3,0.40757707754770917
deepseek7b,faux_pas,sfp010,1,0.5409285252292951
deepseek7b,faux_pas,sfp010,2,0.6235416183869044
deepseek7b,faux_pas,sfp010,3,0.4063699543476105
deepseek7b,implicature,swmimp001,1,0.3598219496863229
deepseek7b,implicature,swmimp001,2,0.32905374254499165
deepseek7b,implicature,swmimp001,3,0.3124725137438093
deepseek7b,implicature,swmimp002,1,0.642376258969307
deepseek7b,implicature,swmimp002,2,0.6592052280902863
deepseek7b,implicature,swmimp002,3,0.7299217522144318
deepseek7b,implicature,swmimp003,1,0.21700497468312582
deepseek7b,implicature,swmimp003,2,0.36705464124679565
deepseek7b,implicature,swmimp003,3,0.33184221386909485
deepseek7b,implicature,swmimp004,1,0.5123321488499641
deepseek7b,implicature,swmimp004,2,0.5245625227689743
deepseek7b,implicature,swmimp004,3,0.4425862841308117
deepseek7b,implicature,swmimp005,1,0.3576468179623286
deepseek7b,implicature,swmimp005,2,0.2657861113548279
deepseek7b,implicature,swmimp005,3,0.3378109335899353
deepseek7b,implicature,swmimp006,1,0.23246667782465616
deepseek7b,implicature,swmimp006,2,0.13135480880737305
deepseek7b,implicature,swmimp006,3,0.18652345736821493
deepseek7b,implicature,swmimp007,1,0.31302984271730694
deepseek7b,implicature,swmimp007,2,0.4620085890804018
deepseek7b,implicature,swmimp007,3,0.3475750855037144
deepseek7b,implicature,swmimp008,1,0.3097483992576599
deepseek7b,implicature,swmimp008,2,0.543324989080429
deepseek7b,implicature,swmimp008,3,0.3751958966255188
deepseek7b,implicature,swmimp009,1,0.37423787713050843
deepseek7b,implicature,swmimp009,2,0.6414112567901611
deepseek7b,implicature,swmimp009,3,0.3184093952178955
deepseek7b,implicature,swmimp010,1,0.2394072562456131
deepseek7b,implicature,swmimp010,2,0.3265760987997055
deepseek7b,implicature,swmimp010,3,0.23697952926158905
deepseek7b,implicature,swmimp011,1,0.23889636993408203
deepseek7b,implicature,swmimp011,2,0.3001355081796646
deepseek7b,implicature,swmimp011,3,0.22629164159297943
deepseek7b,implicature,swmimp012,1,0.4740947037935257
deepseek7b,implicature,swmimp012,2,0.44541629155476886
deepseek7b,implicature,swmimp012,3,0.3803676962852478
deepseek7b,implicature,swmimp013,1,0.2829451858997345
deepseek7b,implicature,swmimp013,2,0.3578034043312073
deepseek7b,implicature,swmimp013,3,0.30609577894210815
deepseek7b,implicature,swmimp014,1,0.3374788165092468
deepseek7b,implicature,swmimp014,2,0.5022899508476257
deepseek7b,implicature,swmimp014,3,0.40256306529045105
deepseek7b,implicature,swmimp015,1,0.6398735642433167
deepseek7b,implicature,swmimp015,2,0.5119023323059082
deepseek7b,implicature,swmimp015,3,0.8785257190465927
deepseek7b,implicature,swmimp016,1,0.19747426443629795
deepseek7b,implicature,swmimp016,2,0.30359941389825607
deepseek7b,implicature,swmimp016,3,0.26637905173831516
deepseek7b,implicature,swmimp017,1,0.3324287136395772
deepseek7b,implicature,swmimp017,2,0.3514346480369568
deepseek7b,implicature,swmimp017,3,0.24687792857487997
deepseek7b,implicature,swmimp018,1,0.6883990168571472
deepseek7b,implicature,swmimp018,2,0.08536943793296814
deepseek7b,implicature,swmimp018,3,0.2279898226261139
deepseek7b,implicature,swmimp019,1,0.25562287867069244
deepseek7b,implicature,swmimp019,2,0.21874703466892242
deepseek7b,implicature,swmimp019,3,0.18850097060203552
deepseek7b,implicature,swmimp020,1,0.21730607748031616
deepseek7b,implicature,swmimp020,2,0.2186733881632487
deepseek7b,implicature,swmimp020,3,0.27489592631657916
deepseek7b,implicature,swmimp021,1,0.6708375513553619
deepseek7b,implicature,swmimp021,2,0.31726235151290894
deepseek7b,implicature,swmimp021,3,0.8729194700717926
deepseek7b,implicature,swmimp022,1,0.26901255051294964
deepseek7b,implicature,swmimp022,2,0.255030353864034
deepseek7b,implicature,swmimp022,3,0.3276300032933553
deepseek7b,implicature,swmimp023,1,0.16507121920585632
deepseek7b,implicature,swmimp023,2,0.23387598991394043
deepseek7b,implicature,swmimp023,3,0.2762344777584076
deepseek7b,implicature,swmimp024,1,0.592180211097002
deepseek7b,implicature,swmimp024,2,0.6638671066612005
deepseek7b,implicature,swmimp024,3,0.45542843639850616
deepseek7b,implicature,swmimp025,1,0.5291026428341865
deepseek7b,implicature,swmimp025,2,0.495288673043251
deepseek7b,implicature,swmimp025,3,0.37196197509765627
deepseek7b,implicature,swmimp026,1,0.3825874999165535
deepseek7b,implicature,swmimp026,2,0.19268544018268585
deepseek7b,implicature,swmimp026,3,0.3833395466208458
deepseek7b,implicature,swmimp027,1,0.5670378655195236
deepseek7b,implicature,swmimp027,2,0.3794560134410858
deepseek7b,implicature,swmimp027,3,0.6094412207603455
deepseek7b,implicature,swmimp028,1,0.38353607555230457
deepseek7b,implicature,swmimp028,2,0.42404918869336444
deepseek7b,implicature,swmimp028,3,0.38289129734039307
deepseek7b,implicature,swmimp029,1,0.5406240324179331
deepseek7b,implicature,swmimp029,2,0.24460852146148682
deepseek7b,implicature,swmimp029,3,0.2628120183944702
deepseek7b,implicature,swmimp030,1,0.28692970673243207
deepseek7b,implicature,swmimp030,2,0.15851138035456339
deepseek7b,implicature,swmimp030,3,0.1395019292831421
deepseek7b,implicature,swmimp031,1,0.4810254488672529
deepseek7b,implicature,swmimp031,2,0.39377290649073465
deepseek7b,implicature,swmimp031,3,0.3636272762502943
deepseek7b,implicature,swmimp032,1,0.3725769395629565
deepseek7b,implicature,swmimp032,2,0.24303489923477173
deepseek7b,implicature,swmimp032,3,0.18981573979059854
deepseek7b,implicature,swmimp033,1,0.5388070270419121
deepseek7b,implicature,swmimp033,2,0.2993783801794052
deepseek7b,implicature,swmimp033,3,0.7193942591547966
deepseek7b,implicature,swmimp034,1,0.2162708342075348
deepseek7b,implicature,swmimp034,2,0.14514264464378357
deepseek7b,implicature,swmimp034,3,0.18748977780342102
deepseek7b,implicature,swmimp035,1,0.6936940932646394
deepseek7b,implicature,swmimp035,2,0.6233608424663544
deepseek7b,implicature,swmimp035,3,0.673353623598814
deepseek7b,implicature,swmimp036,1,0.4485071450471878
deepseek7b,implicature,swmimp036,2,0.48514171242713927
deepseek7b,implicature,swmimp036,3,0.3116779088973999
deepseek7b,implicature,swmimp037,1,0.2364368438720703
deepseek7b,implicature,swmimp037,2,0.24141065776348114
deepseek7b,implicature,swmimp037,3,0.261870875954628
deepseek7b,implicature,swmimp038,1,0.42790595690409344
deepseek7b,implicature,swmimp038,2,0.22475647926330566
deepseek7b,implicature,swmimp038,3,0.2042918006579081
deepseek7b,implicature,swmimp039,1,0.5355688393115997
deepseek7b,implicature,swmimp039,2,0.32986198663711547
deepseek7b,implicature,swmimp039,3,0.3222878575325012
deepseek7b,implicature,swmimp040,1,0.4093962758779526
deepseek7b,implicature,swmimp040,2,0.5034546628594398
deepseek7b,implicature,swmimp040,3,0.36851172149181366
deepseek7b,implicature,swmimp041,1,0.16260524094104767
deepseek7b,implicature,swmimp041,2,0.20286813378334045
deepseek7b,implicature,swmimp041,3,0.34624461829662323
deepseek7b,implicature,swmimp042,1,0.558453711370627
deepseek7b,implicature,swmimp042,2,0.7420292447010676
deepseek7b,implicature,swmimp042,3,0.5006926506757736
deepseek7b,implicature,swmimp043,1,0.23252150416374207
deepseek7b,implicature,swmimp043,2,0.27662718296051025
deepseek7b,implicature,swmimp043,3,0.4148157238960266
deepseek7b,implicature,swmimp044,1,0.4418393909931183
deepseek7b,implicature,swmimp044,2,0.4017647266387939
deepseek7b,implicature,swmimp044,3,0.37436445653438566
deepseek7b,implicature,swmimp045,1,0.6345633417367935
deepseek7b,implicature,swmimp045,2,0.45065218955278397
deepseek7b,implicature,swmimp045,3,0.29722772538661957
deepseek7b,implicature,swmimp046,1,0.31491883993148806
deepseek7b,implicature,swmimp046,2,0.38823412656784057
deepseek7b,implicature,swmimp046,3,0.19594534635543823
deepseek7b,implicature,swmimp047,1,0.40558095276355743
deepseek7b,implicature,swmimp047,2,0.30677473545074463
deepseek7b,implicature,swmimp047,3,0.2914380033810933
deepseek7b,implicature,swmimp048,1,0.27532002329826355
deepseek7b,implicature,swmimp048,2,0.24295231699943542
deepseek7b,implicature,swmimp048,3,0.2994338572025299
deepseek7b,implicature,swmimp049,1,0.4333319738507271
deepseek7b,implicature,swmimp049,2,0.3088827431201935
deepseek7b,implicature,swmimp049,3,0.25719280540943146
deepseek7b,implicature,swmimp050,1,0.33109389543533324
deepseek7b,implicature,swmimp050,2,0.21096876859664918
deepseek7b,implicature,swmimp050,3,0.15772899389266967
deepseek7b,implicature,swmimp051,1,0.3819854497909546
deepseek7b,implicature,swmimp051,2,0.29635963439941404
deepseek7b,implicature,swmimp051,3,0.22049233913421631
deepseek7b,implicature,swmimp052,1,0.5495346002280712
deepseek7b,implicature,swmimp052,2,0.23490193486213684
deepseek7b,implicature,swmimp052,3,0.20434489846229553
deepseek7b,implicature,swmimp053,1,0.40304601689179737
deepseek7b,implicature,swmimp053,2,0.2846246063709259
deepseek7b,implicature,swmimp053,3,0.22445850570996603
deepseek7b,implicature,swmimp054,1,0.1867193579673767
deepseek7b,implicature,swmimp054,2,0.2103339433670044
deepseek7b,implicature,swmimp054,3,0.8743211477994919
deepseek7b,implicature,swmimp055,1,0.34409339427948
deepseek7b,implicature,swmimp055,2,0.3801687717437744
deepseek7b,implicature,swmimp055,3,0.38663968443870544
deepseek7b,implicature,swmimp056,1,0.3454657470186551
deepseek7b,implicature,swmimp056,2,0.43548312534888584
deepseek7b,implicature,swmimp056,3,0.4341464266180992
deepseek7b,implicature,swmimp057,1,0.6637068490187327
deepseek7b,implicature,swmimp057,2,0.37862783670425415
deepseek7b,implicature,swmimp057,3,0.349211851755778
deepseek7b,implicature,swmimp058,1,0.2542684078216553
deepseek7b,implicature,swmimp058,2,0.30864044030507404
deepseek7b,implicature,swmimp058,3,0.3373716076215108
deepseek7b,implicature,swmimp059,1,0.6613971274346113
deepseek7b,implicature,swmimp059,2,0.3291344493627548
deepseek7b,implicature,swmimp059,3,0.32301153987646103
deepseek7b,implicature,swmimp060,1,0.34419308106104535
deepseek7b,implicature,swmimp060,2,0.34483136733373004
deepseek7b,implicature,swmimp060,3,0.31037702163060504
deepseek7b,implicature,swmimp061,1,0.44070860743522644
deepseek7b,implicature,swmimp061,2,0.2900449335575104
deepseek7b,implicature,swmimp061,3,0.3136424124240875
deepseek7b,implicature,swmimp062,1,0.16064202785491943
deepseek7b,implicature,swmimp062,2,0.1351879040400187
deepseek7b,implicature,swmimp062,3,0.3253117799758911
deepseek7b,implicature,swmimp063,1,0.2798048108816147
deepseek7b,implicature,swmimp063,2,0.40828100964426994
deepseek7b,implicature,swmimp063,3,0.5246215537190437
deepseek7b,implicature,swmimp064,1,0.3743565082550049
deepseek7b,implicature,swmimp064,2,0.6312081143260002
deepseek7b,implicature,swmimp064,3,0.38930588960647583
deepseek7b,implicature,swmimp065,1,0.3236860434214274
deepseek7b,implicature,swmimp065,2,0.37296169996261597
deepseek7b,implicature,swmimp065,3,0.3607073376576106
deepseek7b,implicature,swmimp066,1,0.26499466101328534
deepseek7b,implicature,swmimp066,2,0.35146528482437134
deepseek7b,implicature,swmimp066,3,0.39473555485407513
deepseek7b,implicature,swmimp067,1,0.38297754526138306
deepseek7b,implicature,swmimp067,2,0.2368098020553589
deepseek7b,implicature,swmimp067,3,0.264483380317688
deepseek7b,implicature,swmimp068,1,0.368574395775795
deepseek7b,implicature,swmimp068,2,0.5109327702472607
deepseek7b,implicature,swmimp068,3,0.3710041518012683
deepseek7b,implicature,swmimp069,1,0.45705288350582124
deepseek7b,implicature,swmimp069,2,0.1873674988746643
deepseek7b,implicature,swmimp069,3,0.2973680257797241
deepseek7b,implicature,swmimp070,1,0.17358852922916412
deepseek7b,implicature,swmimp070,2,0.22870931029319763
deepseek7b,implicature,swmimp070,3,0.3540986329317093
deepseek7b,implicature,swmimp071,1,0.6048851609230042
deepseek7b,implicature,swmimp071,2,0.5645485073328018
deepseek7b,implicature,swmimp071,3,0.4943390414118767
deepseek7b,implicature,swmimp072,1,0.24909400939941406
deepseek7b,implicature,swmimp072,2,0.515005350112915
deepseek7b,implicature,swmimp072,3,0.35170527299245197
deepseek7b,implicature,swmimp073,1,0.4624975274006526
deepseek7b,implicature,swmimp073,2,0.5033185283342997
deepseek7b,implicature,swmimp073,3,0.655060442785422
deepseek7b,implicature,swmimp074,1,0.34558608134587604
deepseek7b,implicature,swmimp074,2,0.2640470763047536
deepseek7b,implicature,swmimp074,3,0.28254997233549756
deepseek7b,implicature,swmimp075,1,0.44979734293052126
deepseek7b,implicature,swmimp075,2,0.3295677389417376
deepseek7b,implicature,swmimp075,3,0.35856944748333525
deepseek7b,implicature,swmimp076,1,0.27362003922462463
deepseek7b,implicature,swmimp076,2,0.3299311399459839
deepseek7b,implicature,swmimp076,3,0.586615975946188
deepseek7b,implicature,swmimp077,1,0.4467539370059967
deepseek7b,implicature,swmimp077,2,0.4141335040330887
deepseek7b,implicature,swmimp077,3,0.35543897151947024
deepseek7b,implicature,swmimp078,1,0.24738659461339316
deepseek7b,implicature,swmimp078,2,0.39197733501593274
deepseek7b,implicature,swmimp078,3,0.3243175148963928
deepseek7b,implicature,swmimp079,1,0.6032947983060565
deepseek7b,implicature,swmimp079,2,0.3734807627541678
deepseek7b,implicature,swmimp079,3,0.281551969902856
deepseek7b,implicature,swmimp080,1,0.2882852673530579
deepseek7b,implicature,swmimp080,2,0.21059483289718628
deepseek7b,implicature,swmimp080,3,0.26397067308425903
deepseek7b,implicature,swmimp081,1,0.6932171791791916
deepseek7b,implicature,swmimp081,2,0.5677317649126052
deepseek7b,implicature,swmimp081,3,0.4348821699619293
deepseek7b,implicature,swmimp082,1,0.2625187039375305
deepseek7b,implicature,swmimp082,2,0.32595041394233704
deepseek7b,implicature,swmimp082,3,0.24843867123126984
deepseek7b,implicature,swmimp083,1,0.30233394106229144
deepseek7b,implicature,swmimp083,2,0.31667601068814594
deepseek7b,implicature,swmimp083,3,0.2665158311525981
deepseek7b,implicature,swmimp084,1,0.412014564871788
deepseek7b,implicature,swmimp084,2,0.595491173863411
deepseek7b,implicature,swmimp084,3,0.2889928102493286
deepseek7b,implicature,swmimp085,1,0.33952660113573074
deepseek7b,implicature,swmimp085,2,0.5142935588955879
deepseek7b,implicature,swmimp085,3,0.35125234071165323
deepseek7b,implicature,swmimp086,1,0.2768070578575134
deepseek7b,implicature,swmimp086,2,0.36805992722511294
deepseek7b,implicature,swmimp086,3,0.6158991031348705
deepseek7b,implicature,swmimp087,1,0.5203175358474255
deepseek7b,implicature,swmimp087,2,0.3139162212610245
deepseek7b,implicature,swmimp087,3,0.2222743034362793
deepseek7b,implicature,swmimp088,1,0.20892581343650818
deepseek7b,implicature,swmimp088,2,0.2919996380805969
deepseek7b,implicature,swmimp088,3,0.5286729373037815
deepseek7b,implicature,swmimp089,1,0.36422499020894367
deepseek7b,implicature,swmimp089,2,0.4562487304210663
deepseek7b,implicature,swmimp089,3,0.5303305983543396
deepseek7b,implicature,swmimp090,1,0.24520631631215414
deepseek7b,implicature,swmimp090,2,0.15620845556259155
deepseek7b,implicature,swmimp090,3,0.3334568540255229
deepseek7b,implicature,swmimp091,1,0.45502767860889437
deepseek7b,implicature,swmimp091,2,0.47409288147464396
deepseek7b,implicature,swmimp091,3,0.31298906803131105
deepseek7b,implicature,swmimp092,1,0.7013269029557705
deepseek7b,implicature,swmimp092,2,0.714234440587461
deepseek7b,implicature,swmimp092,3,0.6263964138925076
deepseek7b,implicature,swmimp093,1,0.5057265097275376
deepseek7b,implicature,swmimp093,2,0.23431766033172607
deepseek7b,implicature,swmimp093,3,0.2744974344968796
deepseek7b,implicature,swmimp094,1,0.3472610414028168
deepseek7b,implicature,swmimp094,2,0.35734786093235016
deepseek7b,implicature,swmimp094,3,0.26214568316936493
deepseek7b,implicature,swmimp095,1,0.23284682631492615
deepseek7b,implicature,swmimp095,2,0.24748112261295319
deepseek7b,implicature,swmimp095,3,0.563392411917448
deepseek7b,implicature,swmimp096,1,0.7309277296066284
deepseek7b,implicature,swmimp096,2,0.3264283061027527
deepseek7b,implicature,swmimp096,3,0.5450678884983062
deepseek7b,implicature,swmimp097,1,0.3510881265004476
deepseek7b,implicature,swmimp097,2,0.3523786465326945
deepseek7b,implicature,swmimp097,3,0.2989620765050252
deepseek7b,implicature,swmimp098,1,0.4090614840388298
deepseek7b,implicature,swmimp098,2,0.5247405419747034
deepseek7b,implicature,swmimp098,3,0.4239158978064855
deepseek7b,implicature,swmimp099,1,0.2906755357980728
deepseek7b,implicature,swmimp099,2,0.3939915895462036
deepseek7b,implicature,swmimp099,3,0.5344506055116653
deepseek7b,implicature,swmimp100,1,0.3730418622493744
deepseek7b,implicature,swmimp100,2,0.5199666276574135
deepseek7b,implicature,swmimp100,3,0.2511474847793579
deepseek7b,implicature,swmimp101,1,0.36263802512125537
deepseek7b,implicature,swmimp101,2,0.4161473526196046
deepseek7b,implicature,swmimp101,3,0.3029958216304129
deepseek7b,implicature,swmimp102,1,0.42421119660139084
deepseek7b,implicature,swmimp102,2,0.4159366190433502
deepseek7b,implicature,swmimp102,3,0.3757537562738765
deepseek7b,implicature,swmimp103,1,0.0
deepseek7b,implicature,swmimp103,2,0.0
deepseek7b,implicature,swmimp103,3,0.0
deepseek7b,implicature,swmimp104,1,0.22315669601613825
deepseek7b,implicature,swmimp104,2,0.36970873312516644
deepseek7b,implicature,swmimp104,3,0.3967776596546173
deepseek7b,implicature,swmimp105,1,0.0
deepseek7b,implicature,swmimp105,2,0.0
deepseek7b,implicature,swmimp105,3,0.0
deepseek7b,implicature,swmimp106,1,0.0
deepseek7b,implicature,swmimp106,2,0.0
deepseek7b,implicature,swmimp106,3,0.0
deepseek7b,implicature,swmimp107,1,0.0
deepseek7b,implicature,swmimp107,2,0.0
deepseek7b,implicature,swmimp107,3,0.0
deepseek7b,implicature,swmimp108,1,0.0
deepseek7b,implicature,swmimp108,2,0.0
deepseek7b,implicature,swmimp108,3,0.0
deepseek7b,implicature,swmimp109,1,0.0
deepseek7b,implicature,swmimp109,2,0.0
deepseek7b,implicature,swmimp109,3,0.0
deepseek7b,implicature,swmimp110,1,0.4390137195587158
deepseek7b,implicature,swmimp110,2,0.18062353134155273
deepseek7b,implicature,swmimp110,3,0.37689638137817383
deepseek7b,implicature,swmimp111,1,0.34197790833080516
deepseek7b,implicature,swmimp111,2,0.3089338505969328
deepseek7b,implicature,swmimp111,3,0.3223899550297681
deepseek7b,implicature,swmimp112,1,0.5885295167565345
deepseek7b,implicature,swmimp112,2,0.32954920530319215
deepseek7b,implicature,swmimp112,3,0.39171760380268095
deepseek7b,implicature,swmimp113,1,0.620154761842319
deepseek7b,implicature,swmimp113,2,0.5933852749211448
deepseek7b,implicature,swmimp113,3,0.668820892061506
deepseek7b,implicature,swmimp114,1,0.3782006771200233
deepseek7b,implicature,swmimp114,2,0.3681101020839479
deepseek7b,implicature,swmimp114,3,0.4735793405108982
deepseek7b,implicature,swmimp115,1,0.3426291346549988
deepseek7b,implicature,swmimp115,2,0.5439298339188099
deepseek7b,implicature,swmimp115,3,0.6178013309836388
deepseek7b,implicature,swmimp116,1,0.27420811851819354
deepseek7b,implicature,swmimp116,2,0.3210018078486125
deepseek7b,implicature,swmimp116,3,0.329847127199173
deepseek7b,implicature,swmimp117,1,0.6033607460558414
deepseek7b,implicature,swmimp117,2,0.4474039562046528
deepseek7b,implicature,swmimp117,3,0.45959506928920746
deepseek7b,implicature,swmimp118,1,0.35488468408584595
deepseek7b,implicature,swmimp118,2,0.39108236134052277
deepseek7b,implicature,swmimp118,3,0.5222702026367188
deepseek7b,implicature,swmimp119,1,0.1545053780078888
deepseek7b,implicature,swmimp119,2,0.16801186501979828
deepseek7b,implicature,swmimp119,3,0.1670732319355011
deepseek7b,implicature,swmimp120,1,0.11652193466822307
deepseek7b,implicature,swmimp120,2,0.1366454760233561
deepseek7b,implicature,swmimp120,3,0.18468459447224936
deepseek7b,implicature,swmimp121,1,0.27879754453897476
deepseek7b,implicature,swmimp121,2,0.42822014167904854
deepseek7b,implicature,swmimp121,3,0.2823224812746048
deepseek7b,implicature,swmimp122,1,0.42317432165145874
deepseek7b,implicature,swmimp122,2,0.548251785337925
deepseek7b,implicature,swmimp122,3,0.5428227111697197
deepseek7b,implicature,swmimp123,1,0.3001636465390523
deepseek7b,implicature,swmimp123,2,0.3075150450070699
deepseek7b,implicature,swmimp123,3,0.24890573819478354
deepseek7b,implicature,swmimp124,1,0.26971025126320974
deepseek7b,implicature,swmimp124,2,0.19233093091419765
deepseek7b,implicature,swmimp124,3,0.2428882760660989
deepseek7b,implicature,swmimp125,1,0.35351789210523876
deepseek7b,implicature,swmimp125,2,0.3072865605354309
deepseek7b,implicature,swmimp125,3,0.24989163449832372
deepseek7b,implicature,swmimp126,1,0.5688767665997148
deepseek7b,implicature,swmimp126,2,0.4824432395398617
deepseek7b,implicature,swmimp126,3,0.5108439410105348
deepseek7b,implicature,swmimp127,1,0.46263603617747623
deepseek7b,implicature,swmimp127,2,0.37309036983384025
deepseek7b,implicature,swmimp127,3,0.4631157045563062
deepseek7b,implicature,swmimp128,1,0.2172512888908386
deepseek7b,implicature,swmimp128,2,0.4788387437661489
deepseek7b,implicature,swmimp128,3,0.5587168186903
deepseek7b,implicature,swmimp129,1,0.1869341085354487
deepseek7b,implicature,swmimp129,2,0.3328149101386468
deepseek7b,implicature,swmimp129,3,0.22899039586385092
deepseek7b,implicature,swmimp130,1,0.19329009453455606
deepseek7b,implicature,swmimp130,2,0.2157056066724989
deepseek7b,implicature,swmimp130,3,0.3324989908271366
deepseek7b,implicature,swmimp131,1,0.314863254626592
deepseek7b,implicature,swmimp131,2,0.45950761437416077
deepseek7b,implicature,swmimp131,3,0.21539857983589172
deepseek7b,implicature,swmimp132,1,0.42468281984329226
deepseek7b,implicature,swmimp132,2,0.41326049864292147
deepseek7b,implicature,swmimp132,3,0.33024010583758356
deepseek7b,implicature,swmimp133,1,0.34378252029418943
deepseek7b,implicature,swmimp133,2,0.16470972299575806
deepseek7b,implicature,swmimp133,3,0.20123555660247802
deepseek7b,implicature,swmimp134,1,0.30423809091250104
deepseek7b,implicature,swmimp134,2,0.4115525633096695
deepseek7b,implicature,swmimp134,3,0.23017926017443338
deepseek7b,implicature,swmimp135,1,0.25693508982658386
deepseek7b,implicature,swmimp135,2,0.3950644647702575
deepseek7b,implicature,swmimp135,3,0.21706679463386536
deepseek7b,implicature,swmimp136,1,0.7178344696760177
deepseek7b,implicature,swmimp136,2,0.5084690630435944
deepseek7b,implicature,swmimp136,3,0.27063708305358886
deepseek7b,implicature,swmimp137,1,0.3333680033683777
deepseek7b,implicature,swmimp137,2,0.20509739716847739
deepseek7b,implicature,swmimp137,3,0.45372022191683453
deepseek7b,implicature,swmimp138,1,0.5450300872325897
deepseek7b,implicature,swmimp138,2,0.4625247120857239
deepseek7b,implicature,swmimp138,3,0.19246770143508912
deepseek7b,implicature,swmimp139,1,0.47512664113725933
deepseek7b,implicature,swmimp139,2,0.5073109247854778
deepseek7b,implicature,swmimp139,3,0.29894263403756277
deepseek7b,implicature,swmimp140,1,0.31248396014173824
deepseek7b,implicature,swmimp140,2,0.2562715791993671
deepseek7b,implicature,swmimp140,3,0.2734111017651028
deepseek7b,implicature,swmimp141,1,0.07921761870384217
deepseek7b,implicature,swmimp141,2,0.06165697574615479
deepseek7b,implicature,swmimp141,3,0.20691975951194763
deepseek7b,implicature,swmimp142,1,0.3022485044267442
deepseek7b,implicature,swmimp142,2,0.30477873815430534
deepseek7b,implicature,swmimp142,3,0.34257133470641243
deepseek7b,implicature,swmimp143,1,0.2202100017491509
deepseek7b,implicature,swmimp143,2,0.21542605231789982
deepseek7b,implicature,swmimp143,3,0.2789764404296875
deepseek7b,implicature,swmimp144,1,0.1280891245061701
deepseek7b,implicature,swmimp144,2,0.1765673025087877
deepseek7b,implicature,swmimp144,3,0.15071090784939853
deepseek7b,implicature,swmimp145,1,0.3414820631345113
deepseek7b,implicature,swmimp145,2,0.34116290012995404
deepseek7b,implicature,swmimp145,3,0.22719480593999228
deepseek7b,implicature,swmimp146,1,0.2865443692125123
deepseek7b,implicature,swmimp146,2,0.2571095824241638
deepseek7b,implicature,swmimp146,3,0.2191355639490588
deepseek7b,implicature,swmimp147,1,0.21921907530890572
deepseek7b,implicature,swmimp147,2,0.340185273024771
deepseek7b,implicature,swmimp147,3,0.308036411801974
deepseek7b,implicature,swmimp148,1,0.3213363725405473
deepseek7b,implicature,swmimp148,2,0.3012810487013597
deepseek7b,implicature,swmimp148,3,0.32591280341148376
deepseek7b,implicature,swmimp149,1,0.2994999349117279
deepseek7b,implicature,swmimp149,2,0.5935225173830986
deepseek7b,implicature,swmimp149,3,0.3642872780561447
deepseek7b,implicature,swmimp150,1,0.18734993934631347
deepseek7b,implicature,swmimp150,2,0.5618044063448906
deepseek7b,implicature,swmimp150,3,0.29155912399291994
deepseek7b,implicature,swmimp151,1,0.3370539162840162
deepseek7b,implicature,swmimp151,2,0.2857306344168527
deepseek7b,implicature,swmimp151,3,0.3433792803968702
deepseek7b,implicature,swmimp152,1,0.3267466723918915
deepseek7b,implicature,swmimp152,2,0.2594643235206604
deepseek7b,implicature,swmimp152,3,0.38340618337194127
deepseek7b,implicature,swmimp153,1,0.23020810551113552
deepseek7b,implicature,swmimp153,2,0.2851874099837409
deepseek7b,implicature,swmimp153,3,0.20266438855065239
deepseek7b,implicature,swmimp154,1,0.3969455593162113
deepseek7b,implicature,swmimp154,2,0.3233695907725228
deepseek7b,implicature,swmimp154,3,0.3616148241692119
deepseek7b,implicature,swmimp155,1,0.06940984725952148
deepseek7b,implicature,swmimp155,2,0.29987114667892456
deepseek7b,implicature,swmimp155,3,0.20424216985702515
deepseek7b,implicature,swmimp156,1,0.3015983815376575
deepseek7b,implicature,swmimp156,2,0.589578594152744
deepseek7b,implicature,swmimp156,3,0.3174644341835609
deepseek7b,implicature,swmimp157,1,0.7604910184939703
deepseek7b,implicature,swmimp157,2,0.5053547819455465
deepseek7b,implicature,swmimp157,3,0.3799915313720703
deepseek7b,implicature,swmimp158,1,0.26423153281211853
deepseek7b,implicature,swmimp158,2,0.2245614379644394
deepseek7b,implicature,swmimp158,3,0.2575107216835022
deepseek7b,implicature,swmimp159,1,0.21707430907658168
deepseek7b,implicature,swmimp159,2,0.36798502079078127
deepseek7b,implicature,swmimp159,3,0.2408355815070016
deepseek7b,implicature,swmimp160,1,0.25026888506753103
deepseek7b,implicature,swmimp160,2,0.28675568103790283
deepseek7b,implicature,swmimp160,3,0.22689414875847952
deepseek7b,implicature,swmimp161,1,0.18478116818836757
deepseek7b,implicature,swmimp161,2,0.3168072828224727
deepseek7b,implicature,swmimp161,3,0.17482204096657888
deepseek7b,implicature,swmimp162,1,0.35754450658957165
deepseek7b,implicature,swmimp162,2,0.37618644038836163
deepseek7b,implicature,swmimp162,3,0.24024590849876404
deepseek7b,implicature,swmimp163,1,0.26683417956034344
deepseek7b,implicature,swmimp163,2,0.17766691578759086
deepseek7b,implicature,swmimp163,3,0.2427853544553121
deepseek7b,implicature,swmimp164,1,0.8277508039027452
deepseek7b,implicature,swmimp164,2,0.12482564151287079
deepseek7b,implicature,swmimp164,3,0.36908460408449173
deepseek7b,implicature,swmimp165,1,0.4230582118034363
deepseek7b,implicature,swmimp165,2,0.44226664304733276
deepseek7b,implicature,swmimp165,3,0.255315363407135
deepseek7b,implicature,swmimp166,1,0.3755805790424347
deepseek7b,implicature,swmimp166,2,0.5792518556118011
deepseek7b,implicature,swmimp166,3,0.3548074960708618
deepseek7b,implicature,swmimp167,1,0.7178302392363548
deepseek7b,implicature,swmimp167,2,0.2840836763381958
deepseek7b,implicature,swmimp167,3,0.4242717295885086
deepseek7b,implicature,swmimp168,1,0.3181387782096863
deepseek7b,implicature,swmimp168,2,0.42947079489628476
deepseek7b,implicature,swmimp168,3,0.25758861502011615
deepseek7b,implicature,swmimp169,1,0.2112812946240107
deepseek7b,implicature,swmimp169,2,0.23073291778564453
deepseek7b,implicature,swmimp169,3,0.1577867865562439
deepseek7b,implicature,swmimp170,1,0.2868787497282028
deepseek7b,implicature,swmimp170,2,0.3238149583339691
deepseek7b,implicature,swmimp170,3,0.43061956763267517
deepseek7b,implicature,swmimp171,1,0.22358368201689285
deepseek7b,implicature,swmimp171,2,0.2783502231944691
deepseek7b,implicature,swmimp171,3,0.2512935833497481
deepseek7b,implicature,swmimp172,1,0.4380452632904053
deepseek7b,implicature,swmimp172,2,0.31866198778152466
deepseek7b,implicature,swmimp172,3,0.3131105303764343
deepseek7b,implicature,swmimp173,1,0.6556600891053677
deepseek7b,implicature,swmimp173,2,0.45373518019914627
deepseek7b,implicature,swmimp173,3,0.30658622086048126
deepseek7b,implicature,swmimp174,1,0.40055882930755615
deepseek7b,implicature,swmimp174,2,0.35701456665992737
deepseek7b,implicature,swmimp174,3,0.18953994512557984
deepseek7b,implicature,swmimp175,1,0.5777900516986847
deepseek7b,implicature,swmimp175,2,0.4662760317325592
deepseek7b,implicature,swmimp175,3,0.45333513617515564
deepseek7b,implicature,swmimp176,1,0.5925896406173706
deepseek7b,implicature,swmimp176,2,0.6114296615123749
deepseek7b,implicature,swmimp176,3,0.6109240785241127
deepseek7b,implicature,swmimp177,1,0.44320338112967356
deepseek7b,implicature,swmimp177,2,0.48181028025490896
deepseek7b,implicature,swmimp177,3,0.503659080181803
deepseek7b,implicature,swmimp178,1,0.35115619003772736
deepseek7b,implicature,swmimp178,2,0.4095456047969706
deepseek7b,implicature,swmimp178,3,0.40585872180321636
deepseek7b,implicature,swmimp179,1,0.44863301515579224
deepseek7b,implicature,swmimp179,2,0.4233092740178108
deepseek7b,implicature,swmimp179,3,0.48945704847574234
deepseek7b,implicature,swmimp180,1,0.258580219745636
deepseek7b,implicature,swmimp180,2,0.3023620963096619
deepseek7b,implicature,swmimp180,3,0.2576910376548767
deepseek7b,implicature,swmimp181,1,0.3475219947951181
deepseek7b,implicature,swmimp181,2,0.3367925499166761
deepseek7b,implicature,swmimp181,3,0.3841029575892857
deepseek7b,implicature,swmimp182,1,0.4845338463783264
deepseek7b,implicature,swmimp182,2,0.2510579228401184
deepseek7b,implicature,swmimp182,3,0.29144299030303955
deepseek7b,implicature,swmimp183,1,0.5909997473160425
deepseek7b,implicature,swmimp183,2,0.5937022169431051
deepseek7b,implicature,swmimp183,3,0.35810601711273193
deepseek7b,implicature,swmimp184,1,0.15595045685768127
deepseek7b,implicature,swmimp184,2,0.21499291062355042
deepseek7b,implicature,swmimp184,3,0.3335375487804413
deepseek7b,implicature,swmimp185,1,0.5390472561120987
deepseek7b,implicature,swmimp185,2,0.3460163250565529
deepseek7b,implicature,swmimp185,3,0.21773812174797058
deepseek7b,implicature,swmimp186,1,0.17174601554870605
deepseek7b,implicature,swmimp186,2,0.12514513731002808
deepseek7b,implicature,swmimp186,3,0.26174503564834595
deepseek7b,implicature,swmimp187,1,0.09621921181678772
deepseek7b,implicature,swmimp187,2,0.22228041291236877
deepseek7b,implicature,swmimp187,3,0.17079311609268188
deepseek7b,implicature,swmimp188,1,0.34692980349063873
deepseek7b,implicature,swmimp188,2,0.20744448900222778
deepseek7b,implicature,swmimp188,3,0.3156437426805496
deepseek7b,implicature,swmimp189,1,0.2346460223197937
deepseek7b,implicature,swmimp189,2,0.18548583984375
deepseek7b,implicature,swmimp189,3,0.3148040572802226
deepseek7b,implicature,swmimp190,1,0.4002264738082886
deepseek7b,implicature,swmimp190,2,0.36162837346394855
deepseek7b,implicature,swmimp190,3,0.332269827524821
deepseek7b,implicature,swmimp191,1,0.4888458028435707
deepseek7b,implicature,swmimp191,2,0.3273431956768036
deepseek7b,implicature,swmimp191,3,0.8514996701851487
deepseek7b,implicature,swmimp192,1,0.29550570994615555
deepseek7b,implicature,swmimp192,2,0.38189542293548584
deepseek7b,implicature,swmimp192,3,0.4341917261481285
deepseek7b,implicature,swmimp193,1,0.37678231795628864
deepseek7b,implicature,swmimp193,2,0.7101404021183649
deepseek7b,implicature,swmimp193,3,0.35677817463874817
deepseek7b,implicature,swmimp194,1,0.4479230552911758
deepseek7b,implicature,swmimp194,2,0.24542539119720458
deepseek7b,implicature,swmimp194,3,0.4056187033653259
deepseek7b,implicature,swmimp195,1,0.2804277406798469
deepseek7b,implicature,swmimp195,2,0.2736356258392334
deepseek7b,implicature,swmimp195,3,0.2931678262021806
deepseek7b,implicature,swmimp196,1,0.40059645970662433
deepseek7b,implicature,swmimp196,2,0.321954349676768
deepseek7b,implicature,swmimp196,3,0.2886139452457428
deepseek7b,implicature,swmimp197,1,0.5653586834669113
deepseek7b,implicature,swmimp197,2,0.21184182167053223
deepseek7b,implicature,swmimp197,3,0.3362319767475128
deepseek7b,implicature,swmimp198,1,0.5216663479804993
deepseek7b,implicature,swmimp198,2,0.2702317237854004
deepseek7b,implicature,swmimp198,3,0.4464690883954366
deepseek7b,implicature,swmimp199,1,0.34418076276779175
deepseek7b,implicature,swmimp199,2,0.2687931954860687
deepseek7b,implicature,swmimp199,3,0.36421404778957367
deepseek7b,implicature,swmimp200,1,0.358981728553772
deepseek7b,implicature,swmimp200,2,0.6349340155720711
deepseek7b,implicature,swmimp200,3,0.6355230361223221
qwen05b_vllm,false_belief,fb001,1,0.5986366290599108
qwen05b_vllm,false_belief,fb001,2,0.22108912467956543
qwen05b_vllm,false_belief,fb001,3,0.2652023285627365
qwen05b_vllm,false_belief,fb002,1,0.4335115775465965
qwen05b_vllm,false_belief,fb002,2,0.5671742349863053
qwen05b_vllm,false_belief,fb002,3,0.3741482734680176
qwen05b_vllm,false_belief,fb003,1,0.6416910886764526
qwen05b_vllm,false_belief,fb003,2,0.4745361879467964
qwen05b_vllm,false_belief,fb003,3,0.24195565283298492
qwen05b_vllm,false_belief,fb004,1,0.6954568438231945
qwen05b_vllm,false_belief,fb004,2,0.6290215549524873
qwen05b_vllm,false_belief,fb004,3,0.33878853917121887
qwen05b_vllm,false_belief,fb005,1,0.3176112771034241
qwen05b_vllm,false_belief,fb005,2,0.30441971123218536
qwen05b_vllm,false_belief,fb005,3,0.3772538751363754
qwen05b_vllm,false_belief,fb006,1,0.5461867116391659
qwen05b_vllm,false_belief,fb006,2,0.540203720331192
qwen05b_vllm,false_belief,fb006,3,0.35691896080970764
qwen05b_vllm,false_belief,fb007,1,0.6864107642322779
qwen05b_vllm,false_belief,fb007,2,0.7303710132837296
qwen05b_vllm,false_belief,fb007,3,0.3840275704860687
qwen05b_vllm,false_belief,fb008,1,0.3364485204219818
qwen05b_vllm,false_belief,fb008,2,0.3314942568540573
qwen05b_vllm,false_belief,fb008,3,0.30880923569202423
qwen05b_vllm,false_belief,fb009,1,0.4658669630686442
qwen05b_vllm,false_belief,fb009,2,0.4252976179122925
qwen05b_vllm,false_belief,fb009,3,0.4850921630859375
qwen05b_vllm,false_belief,fb010,1,0.40463290363550186
qwen05b_vllm,false_belief,fb010,2,0.48311416804790497
qwen05b_vllm,false_belief,fb010,3,0.5738732507452369
qwen05b_vllm,false_belief,fb011,1,0.5970396645134315
qwen05b_vllm,false_belief,fb011,2,0.3933495357632637
qwen05b_vllm,false_belief,fb011,3,0.40496016293764114
qwen05b_vllm,false_belief,fb012,1,0.3364885598421097
qwen05b_vllm,false_belief,fb012,2,0.2746850848197937
qwen05b_vllm,false_belief,fb012,3,0.44184251222759485
qwen05b_vllm,false_belief,fb013,1,0.4340701326727867
qwen05b_vllm,false_belief,fb013,2,0.3625013381242752
qwen05b_vllm,false_belief,fb013,3,0.1909700334072113
qwen05b_vllm,false_belief,fb014,1,0.5677663087844849
qwen05b_vllm,false_belief,fb014,2,0.6816088557243347
qwen05b_vllm,false_belief,fb014,3,0.49176061153411865
qwen05b_vllm,false_belief,fb015,1,0.3280700594186783
qwen05b_vllm,false_belief,fb015,2,0.3713313639163971
qwen05b_vllm,false_belief,fb015,3,0.389762282371521
qwen05b_vllm,false_belief,fb016,1,0.3562997058033943
qwen05b_vllm,false_belief,fb016,2,0.3494970053434372
qwen05b_vllm,false_belief,fb016,3,0.6031697206199169
qwen05b_vllm,false_belief,fb017,1,0.49728621542453766
qwen05b_vllm,false_belief,fb017,2,0.22570118308067322
qwen05b_vllm,false_belief,fb017,3,0.3339715451002121
qwen05b_vllm,false_belief,fb018,1,0.2975825220346451
qwen05b_vllm,false_belief,fb018,2,0.402668759226799
qwen05b_vllm,false_belief,fb018,3,0.5405108481645584
qwen05b_vllm,false_belief,fb019,1,0.6530563328415155
qwen05b_vllm,false_belief,fb019,2,0.4358120057731867
qwen05b_vllm,false_belief,fb019,3,0.40207890421152115
qwen05b_vllm,false_belief,fb020,1,0.389939621090889
qwen05b_vllm,false_belief,fb020,2,0.833185127004981
qwen05b_vllm,false_belief,fb020,3,0.464444138109684
qwen05b_vllm,false_belief,fb021,1,0.7274813953787088
qwen05b_vllm,false_belief,fb021,2,0.20136773586273193
qwen05b_vllm,false_belief,fb021,3,0.49313322752714156
qwen05b_vllm,false_belief,fb022,1,0.31696976721286774
qwen05b_vllm,false_belief,fb022,2,0.5191272124648094
qwen05b_vllm,false_belief,fb022,3,0.33022795617580414
qwen05b_vllm,false_belief,fb023,1,0.34275863170623777
qwen05b_vllm,false_belief,fb023,2,0.4007374048233032
qwen05b_vllm,false_belief,fb023,3,0.5298310101032258
qwen05b_vllm,false_belief,fb024,1,0.45387208461761475
qwen05b_vllm,false_belief,fb024,2,0.4794423580169678
qwen05b_vllm,false_belief,fb024,3,0.31789179642995197
qwen05b_vllm,false_belief,fb025,1,0.2803843915462494
qwen05b_vllm,false_belief,fb025,2,0.3295407295227051
qwen05b_vllm,false_belief,fb025,3,0.3702537268400192
qwen05b_vllm,false_belief,fb026,1,0.44579096635182697
qwen05b_vllm,false_belief,fb026,2,0.3264071544011434
qwen05b_vllm,false_belief,fb026,3,0.5228714247544607
qwen05b_vllm,false_belief,fb027,1,0.4851524035135905
qwen05b_vllm,false_belief,fb027,2,0.26417744159698486
qwen05b_vllm,false_belief,fb027,3,0.4348313510417938
qwen05b_vllm,false_belief,fb028,1,0.41974005103111267
qwen05b_vllm,false_belief,fb028,2,0.31157128512859344
qwen05b_vllm,false_belief,fb028,3,0.2002505511045456
qwen05b_vllm,false_belief,fb029,1,0.9657195289619267
qwen05b_vllm,false_belief,fb029,2,0.6812445102259517
qwen05b_vllm,false_belief,fb029,3,0.2824503183364868
qwen05b_vllm,false_belief,fb030,1,0.2053322046995163
qwen05b_vllm,false_belief,fb030,2,0.22528448700904846
qwen05b_vllm,false_belief,fb030,3,0.27360035479068756
qwen05b_vllm,false_belief,fb031,1,0.3541569486260414
qwen05b_vllm,false_belief,fb031,2,0.23864546418190002
qwen05b_vllm,false_belief,fb031,3,0.33231374621391296
qwen05b_vllm,false_belief,fb032,1,0.25146038830280304
qwen05b_vllm,false_belief,fb032,2,0.2943158745765686
qwen05b_vllm,false_belief,fb032,3,0.6063043475151062
qwen05b_vllm,false_belief,fb033,1,0.3347947895526886
qwen05b_vllm,false_belief,fb033,2,0.3172500431537628
qwen05b_vllm,false_belief,fb033,3,0.2365139275789261
qwen05b_vllm,false_belief,fb034,1,0.6541807483881712
qwen05b_vllm,false_belief,fb034,2,0.3818879649043083
qwen05b_vllm,false_belief,fb034,3,0.3315342515707016
qwen05b_vllm,false_belief,fb035,1,0.28547896444797516
qwen05b_vllm,false_belief,fb035,2,0.41726853139698505
qwen05b_vllm,false_belief,fb035,3,0.23740831017494202
qwen05b_vllm,false_belief,fb036,1,0.331438684463501
qwen05b_vllm,false_belief,fb036,2,0.29769459962844846
qwen05b_vllm,false_belief,fb036,3,0.34398967027664185
qwen05b_vllm,false_belief,fb037,1,0.46217910200357437
qwen05b_vllm,false_belief,fb037,2,0.4136997386813164
qwen05b_vllm,false_belief,fb037,3,0.44327573478221893
qwen05b_vllm,false_belief,fb038,1,0.35931507498025894
qwen05b_vllm,false_belief,fb038,2,0.5047532245516777
qwen05b_vllm,false_belief,fb038,3,0.3029007464647293
qwen05b_vllm,false_belief,fb039,1,0.4358021765947342
qwen05b_vllm,false_belief,fb039,2,0.6845259945839643
qwen05b_vllm,false_belief,fb039,3,0.7772367494180799
qwen05b_vllm,false_belief,fb040,1,0.17106302082538605
qwen05b_vllm,false_belief,fb040,2,0.37681594491004944
qwen05b_vllm,false_belief,fb040,3,0.33326275646686554
qwen05b_vllm,false_belief,fb041,1,0.3353418856859207
qwen05b_vllm,false_belief,fb041,2,0.6172556979581714
qwen05b_vllm,false_belief,fb041,3,0.3053005635738373
qwen05b_vllm,false_belief,fb042,1,0.4070543199777603
qwen05b_vllm,false_belief,fb042,2,0.42299696803092957
qwen05b_vllm,false_belief,fb042,3,0.46629828214645386
qwen05b_vllm,false_belief,fb043,1,0.33927255868911743
qwen05b_vllm,false_belief,fb043,2,0.5809839442372322
qwen05b_vllm,false_belief,fb043,3,0.42823973298072815
qwen05b_vllm,false_belief,fb044,1,0.2794581949710846
qwen05b_vllm,false_belief,fb044,2,0.36586348712444305
qwen05b_vllm,false_belief,fb044,3,0.572489783167839
qwen05b_vllm,false_belief,fb045,1,0.3613981008529663
qwen05b_vllm,false_belief,fb045,2,0.24364938735961914
qwen05b_vllm,false_belief,fb045,3,0.36732165813446044
qwen05b_vllm,false_belief,fb046,1,0.6033734418451786
qwen05b_vllm,false_belief,fb046,2,0.4018218070268631
qwen05b_vllm,false_belief,fb046,3,0.2953468859195709
qwen05b_vllm,false_belief,fb047,1,0.5486957430839539
qwen05b_vllm,false_belief,fb047,2,0.5726337190717459
qwen05b_vllm,false_belief,fb047,3,0.3519555777311325
qwen05b_vllm,false_belief,fb048,1,0.42221707105636597
qwen05b_vllm,false_belief,fb048,2,0.430936262011528
qwen05b_vllm,false_belief,fb048,3,0.2651931494474411
qwen05b_vllm,false_belief,fb049,1,0.6164503479376435
qwen05b_vllm,false_belief,fb049,2,0.38029269874095917
qwen05b_vllm,false_belief,fb049,3,0.46096181869506836
qwen05b_vllm,false_belief,fb050,1,0.41330577433109283
qwen05b_vllm,false_belief,fb050,2,0.47080060094594955
qwen05b_vllm,false_belief,fb050,3,0.4403045317158103
qwen05b_vllm,false_belief,fb051,1,0.4747135390837987
qwen05b_vllm,false_belief,fb051,2,0.31002471844355267
qwen05b_vllm,false_belief,fb051,3,0.22135655085245767
qwen05b_vllm,false_belief,fb052,1,0.35245002061128616
qwen05b_vllm,false_belief,fb052,2,0.42957232892513275
qwen05b_vllm,false_belief,fb052,3,0.32928774505853653
qwen05b_vllm,false_belief,fb053,1,0.2709599509835243
qwen05b_vllm,false_belief,fb053,2,0.2616990655660629
qwen05b_vllm,false_belief,fb053,3,0.48350389301776886
qwen05b_vllm,false_belief,fb054,1,0.3998488876968622
qwen05b_vllm,false_belief,fb054,2,0.4691149815917015
qwen05b_vllm,false_belief,fb054,3,0.34246672689914703
qwen05b_vllm,false_belief,fb055,1,0.2837306559085846
qwen05b_vllm,false_belief,fb055,2,0.3245219737291336
qwen05b_vllm,false_belief,fb055,3,0.5812080772593617
qwen05b_vllm,false_belief,fb056,1,0.35383597016334534
qwen05b_vllm,false_belief,fb056,2,0.3282594233751297
qwen05b_vllm,false_belief,fb056,3,0.41933397948741913
qwen05b_vllm,false_belief,fb057,1,0.5606066146865487
qwen05b_vllm,false_belief,fb057,2,0.35120689868927
qwen05b_vllm,false_belief,fb057,3,0.4133576452732086
qwen05b_vllm,false_belief,fb058,1,0.21778830885887146
qwen05b_vllm,false_belief,fb058,2,0.7723445207811892
qwen05b_vllm,false_belief,fb058,3,0.6065929681062698
qwen05b_vllm,false_belief,fb059,1,0.26253123581409454
qwen05b_vllm,false_belief,fb059,2,0.46025773137807846
qwen05b_vllm,false_belief,fb059,3,0.3868456780910492
qwen05b_vllm,false_belief,fb060,1,0.3122272342443466
qwen05b_vllm,false_belief,fb060,2,0.3032865971326828
qwen05b_vllm,false_belief,fb060,3,0.9030701825395226
qwen05b_vllm,false_belief,sfp011,1,0.6135699367150664
qwen05b_vllm,false_belief,sfp011,2,0.7106965510174632
qwen05b_vllm,false_belief,sfp011,3,0.3523838520050049
qwen05b_vllm,false_belief,sfp012,1,0.3485501930117607
qwen05b_vllm,false_belief,sfp012,2,0.36993832886219025
qwen05b_vllm,false_belief,sfp012,3,0.37700627744197845
qwen05b_vllm,false_belief,sfp013,1,0.5018886784091592
qwen05b_vllm,false_belief,sfp013,2,0.33266715705394745
qwen05b_vllm,false_belief,sfp013,3,0.5096812918782234
qwen05b_vllm,false_belief,sfp014,1,0.6325259308020273
qwen05b_vllm,false_belief,sfp014,2,0.37653905153274536
qwen05b_vllm,false_belief,sfp014,3,0.3242788314819336
qwen05b_vllm,false_belief,sfp015,1,0.5502630487084389
qwen05b_vllm,false_belief,sfp015,2,0.43634080290794375
qwen05b_vllm,false_belief,sfp015,3,0.6152909711003304
qwen05b_vllm,false_belief,sfp016,1,0.435234397649765
qwen05b_vllm,false_belief,sfp016,2,0.4111966729164124
qwen05b_vllm,false_belief,sfp016,3,0.6850138530135155
qwen05b_vllm,false_belief,sfp017,1,0.5664221867918968
qwen05b_vllm,false_belief,sfp017,2,0.4695647209882736
qwen05b_vllm,false_belief,sfp017,3,0.2842181622982025
qwen05b_vllm,false_belief,sfp018,1,0.6604180354624987
qwen05b_vllm,false_belief,sfp018,2,0.3425477296113968
qwen05b_vllm,false_belief,sfp018,3,0.23644563555717468
qwen05b_vllm,false_belief,sfp019,1,0.355079784989357
qwen05b_vllm,false_belief,sfp019,2,0.37499551475048065
qwen05b_vllm,false_belief,sfp019,3,0.5104623315855861
qwen05b_vllm,false_belief,sfp020,1,0.25466932356357574
qwen05b_vllm,false_belief,sfp020,2,0.4523357981815934
qwen05b_vllm,false_belief,sfp020,3,0.3609410673379898
qwen05b_vllm,faux_pas,sfp001,1,0.6679480031132699
qwen05b_vllm,faux_pas,sfp001,2,0.8634657062590122
qwen05b_vllm,faux_pas,sfp001,3,0.4369960635900497
qwen05b_vllm,faux_pas,sfp002,1,0.4591493755578995
qwen05b_vllm,faux_pas,sfp002,2,0.6563245058059692
qwen05b_vllm,faux_pas,sfp002,3,0.5834641084074974
qwen05b_vllm,faux_pas,sfp003,1,0.5542862191796303
qwen05b_vllm,faux_pas,sfp003,2,0.5900487210601568
qwen05b_vllm,faux_pas,sfp003,3,0.8973302407976007
qwen05b_vllm,faux_pas,sfp004,1,0.6480070315301418
qwen05b_vllm,faux_pas,sfp004,2,0.6652366686612368
qwen05b_vllm,faux_pas,sfp004,3,0.3859242647886276
qwen05b_vllm,faux_pas,sfp005,1,0.3921360373497009
qwen05b_vllm,faux_pas,sfp005,2,0.5115010812878609
qwen05b_vllm,faux_pas,sfp005,3,0.831763431429863
qwen05b_vllm,faux_pas,sfp006,1,0.6770151928067207
qwen05b_vllm,faux_pas,sfp006,2,0.6741935378231574
qwen05b_vllm,faux_pas,sfp006,3,0.486590638756752
qwen05b_vllm,faux_pas,sfp007,1,0.31941744685173035
qwen05b_vllm,faux_pas,sfp007,2,0.7420856738463044
qwen05b_vllm,faux_pas,sfp007,3,0.6166799962520599
qwen05b_vllm,faux_pas,sfp008,1,0.37863936424255373
qwen05b_vllm,faux_pas,sfp008,2,0.5522724404931069
qwen05b_vllm,faux_pas,sfp008,3,0.36227174997329714
qwen05b_vllm,faux_pas,sfp009,1,0.5812937319278717
qwen05b_vllm,faux_pas,sfp009,2,0.35649224122365314
qwen05b_vllm,faux_pas,sfp009,3,0.761502762635549
qwen05b_vllm,faux_pas,sfp010,1,0.7222378154595693
qwen05b_vllm,faux_pas,sfp010,2,0.5977944458524386
qwen05b_vllm,faux_pas,sfp010,3,0.3608548045158386
qwen05b_vllm,implicature,swmimp001,1,0.5915571408612388
qwen05b_vllm,implicature,swmimp001,2,0.7003195339015552
qwen05b_vllm,implicature,swmimp001,3,0.5357711613178253
qwen05b_vllm,implicature,swmimp002,1,0.541685326397419
qwen05b_vllm,implicature,swmimp002,2,0.629613933339715
qwen05b_vllm,implicature,swmimp002,3,0.8516002885997296
qwen05b_vllm,implicature,swmimp003,1,0.36446378628412884
qwen05b_vllm,implicature,swmimp003,2,0.8404784624775251
qwen05b_vllm,implicature,swmimp003,3,0.5741926630338033
qwen05b_vllm,implicature,swmimp004,1,0.6317381719127297
qwen05b_vllm,implicature,swmimp004,2,0.642804304137826
qwen05b_vllm,implicature,swmimp004,3,0.6763928644359112
qwen05b_vllm,implicature,swmimp005,1,0.8110364998380343
qwen05b_vllm,implicature,swmimp005,2,0.7329697447518507
qwen05b_vllm,implicature,swmimp005,3,0.7430275923882922
qwen05b_vllm,implicature,swmimp006,1,0.7642567108074824
qwen05b_vllm,implicature,swmimp006,2,0.673198014497757
qwen05b_vllm,implicature,swmimp006,3,0.7854945150514444
qwen05b_vllm,implicature,swmimp007,1,0.5372995909835611
qwen05b_vllm,implicature,swmimp007,2,0.5541552709681647
qwen05b_vllm,implicature,swmimp007,3,0.4581647792032787
qwen05b_vllm,implicature,swmimp008,1,0.6776127204298973
qwen05b_vllm,implicature,swmimp008,2,0.4434762716293335
qwen05b_vllm,implicature,swmimp008,3,0.844339607656002
qwen05b_vllm,implicature,swmimp009,1,0.4086971342563629
qwen05b_vllm,implicature,swmimp009,2,0.8528010457754135
qwen05b_vllm,implicature,swmimp009,3,0.6881596952676773
qwen05b_vllm,implicature,swmimp010,1,0.8270223177969456
qwen05b_vllm,implicature,swmimp010,2,0.7577792722731829
qwen05b_vllm,implicature,swmimp010,3,0.6688218712806702
qwen05b_vllm,implicature,swmimp011,1,0.7565456796437502
qwen05b_vllm,implicature,swmimp011,2,0.98479645838961
qwen05b_vllm,implicature,swmimp011,3,0.6672040857374668
qwen05b_vllm,implicature,swmimp012,1,0.36549095312754315
qwen05b_vllm,implicature,swmimp012,2,0.5661660966773828
qwen05b_vllm,implicature,swmimp012,3,0.5769439389308294
qwen05b_vllm,implicature,swmimp013,1,0.8994473330676556
qwen05b_vllm,implicature,swmimp013,2,0.4302036017179489
qwen05b_vllm,implicature,swmimp013,3,1.0120920825283974
qwen05b_vllm,implicature,swmimp014,1,0.8709626197814941
qwen05b_vllm,implicature,swmimp014,2,0.6790581755340099
qwen05b_vllm,implicature,swmimp014,3,0.8433077037334442
qwen05b_vllm,implicature,swmimp015,1,0.8495796918869019
qwen05b_vllm,implicature,swmimp015,2,0.4012238383293152
qwen05b_vllm,implicature,swmimp015,3,0.7623624056577682
qwen05b_vllm,implicature,swmimp016,1,0.6767080641455121
qwen05b_vllm,implicature,swmimp016,2,0.5195095390081406
qwen05b_vllm,implicature,swmimp016,3,0.7257354876233472
qwen05b_vllm,implicature,swmimp017,1,0.886552686492602
qwen05b_vllm,implicature,swmimp017,2,0.7004411121209463
qwen05b_vllm,implicature,swmimp017,3,0.8138396218419075
qwen05b_vllm,implicature,swmimp018,1,0.6385469287633896
qwen05b_vllm,implicature,swmimp018,2,0.9590844050981104
qwen05b_vllm,implicature,swmimp018,3,0.8015831392258406
qwen05b_vllm,implicature,swmimp019,1,0.5345988124608994
qwen05b_vllm,implicature,swmimp019,2,0.5901527870446444
qwen05b_vllm,implicature,swmimp019,3,0.7266468517482281
qwen05b_vllm,implicature,swmimp020,1,0.6972737411657969
qwen05b_vllm,implicature,swmimp020,2,0.6021129290262858
qwen05b_vllm,implicature,swmimp020,3,0.8779662810266018
qwen05b_vllm,implicature,swmimp021,1,0.24579846858978271
qwen05b_vllm,implicature,swmimp021,2,0.33552682399749756
qwen05b_vllm,implicature,swmimp021,3,0.9729985017329454
qwen05b_vllm,implicature,swmimp022,1,0.8227806417271495
qwen05b_vllm,implicature,swmimp022,2,0.4213082790374756
qwen05b_vllm,implicature,swmimp022,3,1.0033613574535896
qwen05b_vllm,implicature,swmimp023,1,1.010134826414287
qwen05b_vllm,implicature,swmimp023,2,0.7040079161524773
qwen05b_vllm,implicature,swmimp023,3,0.766427680850029
qwen05b_vllm,implicature,swmimp024,1,0.34195807576179504
qwen05b_vllm,implicature,swmimp024,2,0.7199842305853963
qwen05b_vllm,implicature,swmimp024,3,0.740537490695715
qwen05b_vllm,implicature,swmimp025,1,0.4749929904937744
qwen05b_vllm,implicature,swmimp025,2,0.6546909033320845
qwen05b_vllm,implicature,swmimp025,3,0.5752477630972862
qwen05b_vllm,implicature,swmimp026,1,0.8692821394652128
qwen05b_vllm,implicature,swmimp026,2,0.7710084654390812
qwen05b_vllm,implicature,swmimp026,3,0.9822145802900195
qwen05b_vllm,implicature,swmimp027,1,0.6964794583618641
qwen05b_vllm,implicature,swmimp027,2,0.4454774744808674
qwen05b_vllm,implicature,swmimp027,3,0.5731071382761002
qwen05b_vllm,implicature,swmimp028,1,0.4294673105080922
qwen05b_vllm,implicature,swmimp028,2,0.5803855269526442
qwen05b_vllm,implicature,swmimp028,3,0.39937469859917957
qwen05b_vllm,implicature,swmimp029,1,0.4623042941093445
qwen05b_vllm,implicature,swmimp029,2,0.29428577423095703
qwen05b_vllm,implicature,swmimp029,3,0.6800611441334089
qwen05b_vllm,implicature,swmimp030,1,0.47259239355723065
qwen05b_vllm,implicature,swmimp030,2,0.35301242272059125
qwen05b_vllm,implicature,swmimp030,3,0.6632266814510027
qwen05b_vllm,implicature,swmimp031,1,0.6830267746533666
qwen05b_vllm,implicature,swmimp031,2,0.6447924410126039
qwen05b_vllm,implicature,swmimp031,3,0.80597587036235
qwen05b_vllm,implicature,swmimp032,1,0.6355424175659815
qwen05b_vllm,implicature,swmimp032,2,0.8303281382347146
qwen05b_vllm,implicature,swmimp032,3,0.410674512386322
qwen05b_vllm,implicature,swmimp033,1,0.5258327685296535
qwen05b_vllm,implicature,swmimp033,2,0.8244279748178087
qwen05b_vllm,implicature,swmimp033,3,0.6170509122312069
qwen05b_vllm,implicature,swmimp034,1,0.9768603444099426
qwen05b_vllm,implicature,swmimp034,2,0.9367534499615431
qwen05b_vllm,implicature,swmimp034,3,0.6508491933345795
qwen05b_vllm,implicature,swmimp035,1,0.5711214393377304
qwen05b_vllm,implicature,swmimp035,2,0.7854245021007955
qwen05b_vllm,implicature,swmimp035,3,0.6335590332746506
qwen05b_vllm,implicature,swmimp036,1,0.7464739767834544
qwen05b_vllm,implicature,swmimp036,2,0.6229997217655182
qwen05b_vllm,implicature,swmimp036,3,0.6996601924300194
qwen05b_vllm,implicature,swmimp037,1,0.8538062665611506
qwen05b_vllm,implicature,swmimp037,2,0.8420353960245848
qwen05b_vllm,implicature,swmimp037,3,0.6563420630991459
qwen05b_vllm,implicature,swmimp038,1,0.5896138319124778
qwen05b_vllm,implicature,swmimp038,2,0.7572886223594347
qwen05b_vllm,implicature,swmimp038,3,0.6352577066669861
qwen05b_vllm,implicature,swmimp039,1,0.7142049744725227
qwen05b_vllm,implicature,swmimp039,2,0.45356130599975586
qwen05b_vllm,implicature,swmimp039,3,0.5446384161710739
qwen05b_vllm,implicature,swmimp040,1,0.2872522473335266
qwen05b_vllm,implicature,swmimp040,2,0.5910951420664787
qwen05b_vllm,implicature,swmimp040,3,0.8599987486377358
qwen05b_vllm,implicature,swmimp041,1,0.6612026914954185
qwen05b_vllm,implicature,swmimp041,2,0.9527641674503684
qwen05b_vllm,implicature,swmimp041,3,0.688689835369587
qwen05b_vllm,implicature,swmimp042,1,0.49709083636601764
qwen05b_vllm,implicature,swmimp042,2,0.4145917197068532
qwen05b_vllm,implicature,swmimp042,3,0.6190513223409653
qwen05b_vllm,implicature,swmimp043,1,0.6157738864421844
qwen05b_vllm,implicature,swmimp043,2,0.4696494862437248
qwen05b_vllm,implicature,swmimp043,3,0.8667592667043209
qwen05b_vllm,implicature,swmimp044,1,0.5179146647453308
qwen05b_vllm,implicature,swmimp044,2,0.5181702017784119
qwen05b_vllm,implicature,swmimp044,3,0.8380582638084888
qwen05b_vllm,implicature,swmimp045,1,0.8302998840808868
qwen05b_vllm,implicature,swmimp045,2,0.7929712384939194
qwen05b_vllm,implicature,swmimp045,3,0.6798961907625198
qwen05b_vllm,implicature,swmimp046,1,0.6029804646968842
qwen05b_vllm,implicature,swmimp046,2,0.9370671808719635
qwen05b_vllm,implicature,swmimp046,3,0.7461136115714908
qwen05b_vllm,implicature,swmimp047,1,0.4436358902603388
qwen05b_vllm,implicature,swmimp047,2,0.6031900693972906
qwen05b_vllm,implicature,swmimp047,3,0.3929116725921631
qwen05b_vllm,implicature,swmimp048,1,0.7293409670237452
qwen05b_vllm,implicature,swmimp048,2,0.5025785192847252
qwen05b_vllm,implicature,swmimp048,3,0.5219628263730556
qwen05b_vllm,implicature,swmimp049,1,0.779685765504837
qwen05b_vllm,implicature,swmimp049,2,0.6093897959217429
qwen05b_vllm,implicature,swmimp049,3,0.5453274510800838
qwen05b_vllm,implicature,swmimp050,1,0.5347302734851838
qwen05b_vllm,implicature,swmimp050,2,0.6794642603024841
qwen05b_vllm,implicature,swmimp050,3,0.8052711844444275
qwen05b_vllm,implicature,swmimp051,1,0.6523657741956412
qwen05b_vllm,implicature,swmimp051,2,0.6736321091651917
qwen05b_vllm,implicature,swmimp051,3,0.5137202367186546
qwen05b_vllm,implicature,swmimp052,1,0.7495002578943968
qwen05b_vllm,implicature,swmimp052,2,0.8803534237667918
qwen05b_vllm,implicature,swmimp052,3,0.9207559209316969
qwen05b_vllm,implicature,swmimp053,1,0.6167076906810204
qwen05b_vllm,implicature,swmimp053,2,0.6587375613550345
qwen05b_vllm,implicature,swmimp053,3,0.3576800773541133
qwen05b_vllm,implicature,swmimp054,1,0.833851620554924
qwen05b_vllm,implicature,swmimp054,2,1.1206216886639595
qwen05b_vllm,implicature,swmimp054,3,1.0626409351825714
qwen05b_vllm,implicature,swmimp055,1,0.7150784075260163
qwen05b_vllm,implicature,swmimp055,2,0.6767979890108109
qwen05b_vllm,implicature,swmimp055,3,0.4472803890705109
qwen05b_vllm,implicature,swmimp056,1,0.6084715873003006
qwen05b_vllm,implicature,swmimp056,2,0.5316341730455557
qwen05b_vllm,implicature,swmimp056,3,0.6309275226667523
qwen05b_vllm,implicature,swmimp057,1,0.7157816837231318
qwen05b_vllm,implicature,swmimp057,2,0.405279537041982
qwen05b_vllm,implicature,swmimp057,3,0.8929621378580729
qwen05b_vllm,implicature,swmimp058,1,0.8635966926813126
qwen05b_vllm,implicature,swmimp058,2,0.30848953624566394
qwen05b_vllm,implicature,swmimp058,3,0.6486810396114985
qwen05b_vllm,implicature,swmimp059,1,0.7090728916227818
qwen05b_vllm,implicature,swmimp059,2,0.4598807245492935
qwen05b_vllm,implicature,swmimp059,3,0.6270412839949131
qwen05b_vllm,implicature,swmimp060,1,0.2580965757369995
qwen05b_vllm,implicature,swmimp060,2,0.8139689217011133
qwen05b_vllm,implicature,swmimp060,3,0.6271302004655203
qwen05b_vllm,implicature,swmimp061,1,0.8745334558188915
qwen05b_vllm,implicature,swmimp061,2,0.5714351010974497
qwen05b_vllm,implicature,swmimp061,3,0.7678911313414574
qwen05b_vllm,implicature,swmimp062,1,0.6978985406458378
qwen05b_vllm,implicature,swmimp062,2,0.6648669590552648
qwen05b_vllm,implicature,swmimp062,3,0.6295266014834245
qwen05b_vllm,implicature,swmimp063,1,0.9531276980414987
qwen05b_vllm,implicature,swmimp063,2,0.504559051245451
qwen05b_vllm,implicature,swmimp063,3,0.8741542967036366
qwen05b_vllm,implicature,swmimp064,1,0.4873855710029602
qwen05b_vllm,implicature,swmimp064,2,0.6208559609949589
qwen05b_vllm,implicature,swmimp064,3,0.7514891494065523
qwen05b_vllm,implicature,swmimp065,1,0.6628854100902876
qwen05b_vllm,implicature,swmimp065,2,0.5888381203015646
qwen05b_vllm,implicature,swmimp065,3,0.6455696200331053
qwen05b_vllm,implicature,swmimp066,1,0.8343348568305373
qwen05b_vllm,implicature,swmimp066,2,0.6484563113966336
qwen05b_vllm,implicature,swmimp066,3,0.8971543038884798
qwen05b_vllm,implicature,swmimp067,1,0.674459620565176
qwen05b_vllm,implicature,swmimp067,2,0.5977947473526001
qwen05b_vllm,implicature,swmimp067,3,0.7030923023819924
qwen05b_vllm,implicature,swmimp068,1,0.5906185979644457
qwen05b_vllm,implicature,swmimp068,2,0.7047831155359745
qwen05b_vllm,implicature,swmimp068,3,0.710302804907163
qwen05b_vllm,implicature,swmimp069,1,0.6172181650996208
qwen05b_vllm,implicature,swmimp069,2,0.6204375326633453
qwen05b_vllm,implicature,swmimp069,3,0.5091638684272766
qwen05b_vllm,implicature,swmimp070,1,0.8691058270633221
qwen05b_vllm,implicature,swmimp070,2,0.5189219452440739
qwen05b_vllm,implicature,swmimp070,3,0.6592404618859291
qwen05b_vllm,implicature,swmimp071,1,0.7877130596898496
qwen05b_vllm,implicature,swmimp071,2,0.8320514615625143
qwen05b_vllm,implicature,swmimp071,3,0.7482187934219837
qwen05b_vllm,implicature,swmimp072,1,0.47047389547030133
qwen05b_vllm,implicature,swmimp072,2,0.5488782326380411
qwen05b_vllm,implicature,swmimp072,3,0.436622679233551
qwen05b_vllm,implicature,swmimp073,1,0.6097974137713512
qwen05b_vllm,implicature,swmimp073,2,0.8287749805798134
qwen05b_vllm,implicature,swmimp073,3,0.7210083808749914
qwen05b_vllm,implicature,swmimp074,1,0.7282036598965836
qwen05b_vllm,implicature,swmimp074,2,0.1857710282007853
qwen05b_vllm,implicature,swmimp074,3,0.45251721888780594
qwen05b_vllm,implicature,swmimp075,1,0.632505513727665
qwen05b_vllm,implicature,swmimp075,2,0.710948503443173
qwen05b_vllm,implicature,swmimp075,3,0.49924605446202414
qwen05b_vllm,implicature,swmimp076,1,0.6119127981364727
qwen05b_vllm,implicature,swmimp076,2,0.8183105569332838
qwen05b_vllm,implicature,swmimp076,3,0.43263663351535797
qwen05b_vllm,implicature,swmimp077,1,0.6818397134542465
qwen05b_vllm,implicature,swmimp077,2,0.5808415353298187
qwen05b_vllm,implicature,swmimp077,3,0.45008484125137327
qwen05b_vllm,implicature,swmimp078,1,0.650387067347765
qwen05b_vllm,implicature,swmimp078,2,0.7603733710323771
qwen05b_vllm,implicature,swmimp078,3,0.5309746935963631
qwen05b_vllm,implicature,swmimp079,1,0.7846851822521005
qwen05b_vllm,implicature,swmimp079,2,0.6376118106501443
qwen05b_vllm,implicature,swmimp079,3,0.6378890268305051
qwen05b_vllm,implicature,swmimp080,1,0.6964666977524757
qwen05b_vllm,implicature,swmimp080,2,0.6939614653587342
qwen05b_vllm,implicature,swmimp080,3,0.4506816029548645
qwen05b_vllm,implicature,swmimp081,1,0.47003877758979795
qwen05b_vllm,implicature,swmimp081,2,0.8107924631796777
qwen05b_vllm,implicature,swmimp081,3,0.786992859840393
qwen05b_vllm,implicature,swmimp082,1,0.6974595338106155
qwen05b_vllm,implicature,swmimp082,2,0.5861530993133783
qwen05b_vllm,implicature,swmimp082,3,0.7270590867847204
qwen05b_vllm,implicature,swmimp083,1,0.6755573032423854
qwen05b_vllm,implicature,swmimp083,2,0.7414141232147813
qwen05b_vllm,implicature,swmimp083,3,0.33613381286462146
qwen05b_vllm,implicature,swmimp084,1,0.651875377446413
qwen05b_vllm,implicature,swmimp084,2,0.7094916254281998
qwen05b_vllm,implicature,swmimp084,3,0.7149673759937286
qwen05b_vllm,implicature,swmimp085,1,0.7463096384890378
qwen05b_vllm,implicature,swmimp085,2,0.807131513254717
qwen05b_vllm,implicature,swmimp085,3,0.6142520839348435
qwen05b_vllm,implicature,swmimp086,1,0.2502968907356262
qwen05b_vllm,implicature,swmimp086,2,0.3962023317813873
qwen05b_vllm,implicature,swmimp086,3,0.5820525348186493
qwen05b_vllm,implicature,swmimp087,1,0.6194542497396469
qwen05b_vllm,implicature,swmimp087,2,0.39681749790906906
qwen05b_vllm,implicature,swmimp087,3,0.5179519802331924
qwen05b_vllm,implicature,swmimp088,1,0.764302683994174
qwen05b_vllm,implicature,swmimp088,2,0.41078414022922516
qwen05b_vllm,implicature,swmimp088,3,0.6194545179605484
qwen05b_vllm,implicature,swmimp089,1,0.37620456020037335
qwen05b_vllm,implicature,swmimp089,2,0.4868490546941757
qwen05b_vllm,implicature,swmimp089,3,0.6209920396407446
qwen05b_vllm,implicature,swmimp090,1,0.41048457225163776
qwen05b_vllm,implicature,swmimp090,2,0.642693563044304
qwen05b_vllm,implicature,swmimp090,3,0.4717700084050496
qwen05b_vllm,implicature,swmimp091,1,0.37727280855178835
qwen05b_vllm,implicature,swmimp091,2,0.842838771827519
qwen05b_vllm,implicature,swmimp091,3,0.49026557207107546
qwen05b_vllm,implicature,swmimp092,1,0.68984330072999
qwen05b_vllm,implicature,swmimp092,2,0.6478682076412952
qwen05b_vllm,implicature,swmimp092,3,0.7345645967870951
qwen05b_vllm,implicature,swmimp093,1,0.6357045285403728
qwen05b_vllm,implicature,swmimp093,2,0.7461809008382261
qwen05b_vllm,implicature,swmimp093,3,0.7961792442947626
qwen05b_vllm,implicature,swmimp094,1,0.6039782343432307
qwen05b_vllm,implicature,swmimp094,2,0.6557242361207803
qwen05b_vllm,implicature,swmimp094,3,0.42218129336833954
qwen05b_vllm,implicature,swmimp095,1,0.7463705595582724
qwen05b_vllm,implicature,swmimp095,2,0.7631187103688717
qwen05b_vllm,implicature,swmimp095,3,0.6961877616122365
qwen05b_vllm,implicature,swmimp096,1,0.5176648095250129
qwen05b_vllm,implicature,swmimp096,2,0.8548578411340714
qwen05b_vllm,implicature,swmimp096,3,0.6598730443976819
qwen05b_vllm,implicature,swmimp097,1,0.6176434010267258
qwen05b_vllm,implicature,swmimp097,2,0.886282864647607
qwen05b_vllm,implicature,swmimp097,3,0.3344993144273758
qwen05b_vllm,implicature,swmimp098,1,0.6359443239246806
qwen05b_vllm,implicature,swmimp098,2,0.7033830235401789
qwen05b_vllm,implicature,swmimp098,3,0.8333884539703528
qwen05b_vllm,implicature,swmimp099,1,0.6590331569314003
qwen05b_vllm,implicature,swmimp099,2,0.8258746294304729
qwen05b_vllm,implicature,swmimp099,3,0.9549424949800596
qwen05b_vllm,implicature,swmimp100,1,0.681335187330842
qwen05b_vllm,implicature,swmimp100,2,0.3805531144142151
qwen05b_vllm,implicature,swmimp100,3,0.3944510847330093
qwen05b_vllm,implicature,swmimp101,1,0.6476359191265973
qwen05b_vllm,implicature,swmimp101,2,0.7236603934963403
qwen05b_vllm,implicature,swmimp101,3,0.6878146854313937
qwen05b_vllm,implicature,swmimp102,1,0.7162493153221228
qwen05b_vllm,implicature,swmimp102,2,0.6982786723158576
qwen05b_vllm,implicature,swmimp102,3,0.7550765790722587
qwen05b_vllm,implicature,swmimp103,1,0.0
qwen05b_vllm,implicature,swmimp103,2,0.0
qwen05b_vllm,implicature,swmimp103,3,0.0
qwen05b_vllm,implicature,swmimp104,1,0.7442058812488209
qwen05b_vllm,implicature,swmimp104,2,0.4895949106324803
qwen05b_vllm,implicature,swmimp104,3,0.6573857797140424
qwen05b_vllm,implicature,swmimp105,1,0.0
qwen05b_vllm,implicature,swmimp105,2,0.0
qwen05b_vllm,implicature,swmimp105,3,0.0
qwen05b_vllm,implicature,swmimp106,1,0.0
qwen05b_vllm,implicature,swmimp106,2,0.0
qwen05b_vllm,implicature,swmimp106,3,0.0
qwen05b_vllm,implicature,swmimp107,1,0.0
qwen05b_vllm,implicature,swmimp107,2,0.0
qwen05b_vllm,implicature,swmimp107,3,0.0
qwen05b_vllm,implicature,swmimp108,1,0.0
qwen05b_vllm,implicature,swmimp108,2,0.0
qwen05b_vllm,implicature,swmimp108,3,0.0
qwen05b_vllm,implicature,swmimp109,1,0.0
qwen05b_vllm,implicature,swmimp109,2,0.0
qwen05b_vllm,implicature,swmimp109,3,0.0
qwen05b_vllm,implicature,swmimp110,1,0.8718618862330914
qwen05b_vllm,implicature,swmimp110,2,0.8235684111714363
qwen05b_vllm,implicature,swmimp110,3,0.7287029884755611
qwen05b_vllm,implicature,swmimp111,1,0.6471526833689388
qwen05b_vllm,implicature,swmimp111,2,0.33771490875412435
qwen05b_vllm,implicature,swmimp111,3,0.5635889532208881
qwen05b_vllm,implicature,swmimp112,1,0.8014683611690998
qwen05b_vllm,implicature,swmimp112,2,0.5736492443829775
qwen05b_vllm,implicature,swmimp112,3,0.9134528022259474
qwen05b_vllm,implicature,swmimp113,1,0.8263416753283569
qwen05b_vllm,implicature,swmimp113,2,0.596542010882071
qwen05b_vllm,implicature,swmimp113,3,0.669339042689119
qwen05b_vllm,implicature,swmimp114,1,0.6384505836500062
qwen05b_vllm,implicature,swmimp114,2,0.7110723472303815
qwen05b_vllm,implicature,swmimp114,3,0.3091878427399529
qwen05b_vllm,implicature,swmimp115,1,0.6677844114601612
qwen05b_vllm,implicature,swmimp115,2,0.40861474722623825
qwen05b_vllm,implicature,swmimp115,3,0.6015150649473071
qwen05b_vllm,implicature,swmimp116,1,0.8176651559770107
qwen05b_vllm,implicature,swmimp116,2,0.5996062007422248
qwen05b_vllm,implicature,swmimp116,3,0.686595480889082
qwen05b_vllm,implicature,swmimp117,1,0.3549131751060486
qwen05b_vllm,implicature,swmimp117,2,0.764233311638236
qwen05b_vllm,implicature,swmimp117,3,0.3231654465198517
qwen05b_vllm,implicature,swmimp118,1,0.797955953826507
qwen05b_vllm,implicature,swmimp118,2,0.296451469262441
qwen05b_vllm,implicature,swmimp118,3,0.44106894731521606
qwen05b_vllm,implicature,swmimp119,1,0.5189341653720476
qwen05b_vllm,implicature,swmimp119,2,0.6257725222036242
qwen05b_vllm,implicature,swmimp119,3,0.5307997606694699
qwen05b_vllm,implicature,swmimp120,1,0.6584052457474172
qwen05b_vllm,implicature,swmimp120,2,0.7056419362003604
qwen05b_vllm,implicature,swmimp120,3,0.41774514441688854
qwen05b_vllm,implicature,swmimp121,1,0.7591666583903134
qwen05b_vllm,implicature,swmimp121,2,0.6855230459477752
qwen05b_vllm,implicature,swmimp121,3,0.36211224645376205
qwen05b_vllm,implicature,swmimp122,1,0.9580716853961349
qwen05b_vllm,implicature,swmimp122,2,0.14655160903930664
qwen05b_vllm,implicature,swmimp122,3,0.5731990858912468
qwen05b_vllm,implicature,swmimp123,1,0.7279291972517967
qwen05b_vllm,implicature,swmimp123,2,0.8045986903210481
qwen05b_vllm,implicature,swmimp123,3,0.756951155140996
qwen05b_vllm,implicature,swmimp124,1,0.6239372036818948
qwen05b_vllm,implicature,swmimp124,2,0.5711696084056582
qwen05b_vllm,implicature,swmimp124,3,0.5641293472477368
qwen05b_vllm,implicature,swmimp125,1,0.7415287636686116
qwen05b_vllm,implicature,swmimp125,2,0.7139659163409046
qwen05b_vllm,implicature,swmimp125,3,0.5701341485338551
qwen05b_vllm,implicature,swmimp126,1,0.7561624562367797
qwen05b_vllm,implicature,swmimp126,2,0.6564575950615108
qwen05b_vllm,implicature,swmimp126,3,0.8491349038667977
qwen05b_vllm,implicature,swmimp127,1,0.6067363309363524
qwen05b_vllm,implicature,swmimp127,2,0.81066470577692
qwen05b_vllm,implicature,swmimp127,3,0.6388843018147681
qwen05b_vllm,implicature,swmimp128,1,0.5435205422341823
qwen05b_vllm,implicature,swmimp128,2,0.7391170233488082
qwen05b_vllm,implicature,swmimp128,3,0.7427183143794537
qwen05b_vllm,implicature,swmimp129,1,0.5349231964598099
qwen05b_vllm,implicature,swmimp129,2,0.8327269913473477
qwen05b_vllm,implicature,swmimp129,3,0.7468547513708472
qwen05b_vllm,implicature,swmimp130,1,0.7937269208745824
qwen05b_vllm,implicature,swmimp130,2,0.5802775414453613
qwen05b_vllm,implicature,swmimp130,3,0.5892118265231451
qwen05b_vllm,implicature,swmimp131,1,0.861007505406936
qwen05b_vllm,implicature,swmimp131,2,0.7090211630177995
qwen05b_vllm,implicature,swmimp131,3,0.6663186208655437
qwen05b_vllm,implicature,swmimp132,1,0.7525511402636766
qwen05b_vllm,implicature,swmimp132,2,0.7274666652083397
qwen05b_vllm,implicature,swmimp132,3,0.7221721652895212
qwen05b_vllm,implicature,swmimp133,1,0.6151111990213394
qwen05b_vllm,implicature,swmimp133,2,0.7210602600127458
qwen05b_vllm,implicature,swmimp133,3,0.6217420071363449
qwen05b_vllm,implicature,swmimp134,1,0.3357709050178528
qwen05b_vllm,implicature,swmimp134,2,0.6706784144043922
qwen05b_vllm,implicature,swmimp134,3,0.8483896907418966
qwen05b_vllm,implicature,swmimp135,1,0.7268204940482974
qwen05b_vllm,implicature,swmimp135,2,0.6803967840969563
qwen05b_vllm,implicature,swmimp135,3,0.8512123103719205
qwen05b_vllm,implicature,swmimp136,1,0.888176155090332
qwen05b_vllm,implicature,swmimp136,2,0.515934693813324
qwen05b_vllm,implicature,swmimp136,3,0.7101600244641304
qwen05b_vllm,implicature,swmimp137,1,0.8338237976034483
qwen05b_vllm,implicature,swmimp137,2,0.5071173210938772
qwen05b_vllm,implicature,swmimp137,3,0.6908371448516846
qwen05b_vllm,implicature,swmimp138,1,0.3028306603431702
qwen05b_vllm,implicature,swmimp138,2,0.6708310961723327
qwen05b_vllm,implicature,swmimp138,3,0.4979846626520157
qwen05b_vllm,implicature,swmimp139,1,0.6180088147521019
qwen05b_vllm,implicature,swmimp139,2,0.8618044778039413
qwen05b_vllm,implicature,swmimp139,3,0.4910894887787955
qwen05b_vllm,implicature,swmimp140,1,0.6990361759671941
qwen05b_vllm,implicature,swmimp140,2,0.6649075112202101
qwen05b_vllm,implicature,swmimp140,3,0.6028234453664886
qwen05b_vllm,implicature,swmimp141,1,0.6630626168102026
qwen05b_vllm,implicature,swmimp141,2,0.8040434285998345
qwen05b_vllm,implicature,swmimp141,3,0.8366429539397359
qwen05b_vllm,implicature,swmimp142,1,0.6285550002422597
qwen05b_vllm,implicature,swmimp142,2,0.712338238540623
qwen05b_vllm,implicature,swmimp142,3,0.5472740086002482
qwen05b_vllm,implicature,swmimp143,1,0.7236857020898777
qwen05b_vllm,implicature,swmimp143,2,0.6796739977948806
qwen05b_vllm,implicature,swmimp143,3,0.7560777333291138
qwen05b_vllm,implicature,swmimp144,1,0.6979726077142087
qwen05b_vllm,implicature,swmimp144,2,0.6409518406303092
qwen05b_vllm,implicature,swmimp144,3,0.6321797018701379
qwen05b_vllm,implicature,swmimp145,1,0.4239840904871623
qwen05b_vllm,implicature,swmimp145,2,0.531269351641337
qwen05b_vllm,implicature,swmimp145,3,0.5813062191009521
qwen05b_vllm,implicature,swmimp146,1,0.6477214216158308
qwen05b_vllm,implicature,swmimp146,2,0.6368886285043996
qwen05b_vllm,implicature,swmimp146,3,0.6450759891645405
qwen05b_vllm,implicature,swmimp147,1,0.7624338683154848
qwen05b_vllm,implicature,swmimp147,2,0.7676572896954086
qwen05b_vllm,implicature,swmimp147,3,0.7830685435069932
qwen05b_vllm,implicature,swmimp148,1,0.798510807279784
qwen05b_vllm,implicature,swmimp148,2,0.6330439711992557
qwen05b_vllm,implicature,swmimp148,3,0.7043785274458619
qwen05b_vllm,implicature,swmimp149,1,0.49970505461096765
qwen05b_vllm,implicature,swmimp149,2,0.6941092696040869
qwen05b_vllm,implicature,swmimp149,3,0.6654147531837225
qwen05b_vllm,implicature,swmimp150,1,0.6010085672140122
qwen05b_vllm,implicature,swmimp150,2,0.6667568445205688
qwen05b_vllm,implicature,swmimp150,3,0.7120190978050231
qwen05b_vllm,implicature,swmimp151,1,0.34793314231293543
qwen05b_vllm,implicature,swmimp151,2,0.8913888384455017
qwen05b_vllm,implicature,swmimp151,3,0.6168520876339504
qwen05b_vllm,implicature,swmimp152,1,0.6889144460567169
qwen05b_vllm,implicature,swmimp152,2,0.6921469883786308
qwen05b_vllm,implicature,swmimp152,3,0.7333243132258455
qwen05b_vllm,implicature,swmimp153,1,0.8022168682267269
qwen05b_vllm,implicature,swmimp153,2,0.7039346338974105
qwen05b_vllm,implicature,swmimp153,3,0.815337859508064
qwen05b_vllm,implicature,swmimp154,1,0.5604864081574811
qwen05b_vllm,implicature,swmimp154,2,0.697406294859118
qwen05b_vllm,implicature,swmimp154,3,0.6279488833905715
qwen05b_vllm,implicature,swmimp155,1,0.8194308876991272
qwen05b_vllm,implicature,swmimp155,2,0.6744242310523987
qwen05b_vllm,implicature,swmimp155,3,0.2193048596382141
qwen05b_vllm,implicature,swmimp156,1,0.8587869024620607
qwen05b_vllm,implicature,swmimp156,2,0.7270131260156631
qwen05b_vllm,implicature,swmimp156,3,0.5705237860003343
qwen05b_vllm,implicature,swmimp157,1,0.8417355548590422
qwen05b_vllm,implicature,swmimp157,2,0.47148748238881427
qwen05b_vllm,implicature,swmimp157,3,0.7245560934146246
qwen05b_vllm,implicature,swmimp158,1,0.22143161296844482
qwen05b_vllm,implicature,swmimp158,2,0.7887043533846736
qwen05b_vllm,implicature,swmimp158,3,0.6545829325914383
qwen05b_vllm,implicature,swmimp159,1,0.7867828684725932
qwen05b_vllm,implicature,swmimp159,2,0.754782894892352
qwen05b_vllm,implicature,swmimp159,3,0.8428088256290981
qwen05b_vllm,implicature,swmimp160,1,0.786149245553783
qwen05b_vllm,implicature,swmimp160,2,0.6047534751040595
qwen05b_vllm,implicature,swmimp160,3,0.3731709378106253
qwen05b_vllm,implicature,swmimp161,1,0.9103593211621046
qwen05b_vllm,implicature,swmimp161,2,0.7042471766471863
qwen05b_vllm,implicature,swmimp161,3,0.4500128754547664
qwen05b_vllm,implicature,swmimp162,1,0.5410537620385488
qwen05b_vllm,implicature,swmimp162,2,0.4375500349172701
qwen05b_vllm,implicature,swmimp162,3,0.7350867812832197
qwen05b_vllm,implicature,swmimp163,1,0.7207624852243397
qwen05b_vllm,implicature,swmimp163,2,0.7901844491975175
qwen05b_vllm,implicature,swmimp163,3,0.6721936936179796
qwen05b_vllm,implicature,swmimp164,1,0.6509487740695477
qwen05b_vllm,implicature,swmimp164,2,0.45035839825868607
qwen05b_vllm,implicature,swmimp164,3,0.4825412333011627
qwen05b_vllm,implicature,swmimp165,1,0.7333797713120779
qwen05b_vllm,implicature,swmimp165,2,0.5772122989098231
qwen05b_vllm,implicature,swmimp165,3,0.8687248080968857
qwen05b_vllm,implicature,swmimp166,1,0.5634572431445122
qwen05b_vllm,implicature,swmimp166,2,0.5105063915252686
qwen05b_vllm,implicature,swmimp166,3,0.16753703355789185
qwen05b_vllm,implicature,swmimp167,1,0.48608999252319335
qwen05b_vllm,implicature,swmimp167,2,0.8068175300955772
qwen05b_vllm,implicature,swmimp167,3,0.5584919452667236
qwen05b_vllm,implicature,swmimp168,1,0.9013970522210002
qwen05b_vllm,implicature,swmimp168,2,0.7404004335403442
qwen05b_vllm,implicature,swmimp168,3,0.30586913228034973
qwen05b_vllm,implicature,swmimp169,1,0.7338739285866419
qwen05b_vllm,implicature,swmimp169,2,0.6538737161705891
qwen05b_vllm,implicature,swmimp169,3,0.4860890880227089
qwen05b_vllm,implicature,swmimp170,1,0.5947428231593221
qwen05b_vllm,implicature,swmimp170,2,0.6336801610887051
qwen05b_vllm,implicature,swmimp170,3,0.8019520454108715
qwen05b_vllm,implicature,swmimp171,1,0.6673240812326019
qwen05b_vllm,implicature,swmimp171,2,0.7566311210393906
qwen05b_vllm,implicature,swmimp171,3,0.7421816011721437
qwen05b_vllm,implicature,swmimp172,1,0.3641034464041392
qwen05b_vllm,implicature,swmimp172,2,0.6377695798873901
qwen05b_vllm,implicature,swmimp172,3,0.8392230744163195
qwen05b_vllm,implicature,swmimp173,1,0.5834600841626525
qwen05b_vllm,implicature,swmimp173,2,0.7435505818575621
qwen05b_vllm,implicature,swmimp173,3,0.3557695597410202
qwen05b_vllm,implicature,swmimp174,1,0.5488724142313004
qwen05b_vllm,implicature,swmimp174,2,0.6815555840730667
qwen05b_vllm,implicature,swmimp174,3,0.771073630452156
qwen05b_vllm,implicature,swmimp175,1,0.4160095930099487
qwen05b_vllm,implicature,swmimp175,2,0.453294575214386
qwen05b_vllm,implicature,swmimp175,3,0.5093366742134094
qwen05b_vllm,implicature,swmimp176,1,0.901153813302517
qwen05b_vllm,implicature,swmimp176,2,0.8186874203383923
qwen05b_vllm,implicature,swmimp176,3,0.8607513079419732
qwen05b_vllm,implicature,swmimp177,1,0.827694231910365
qwen05b_vllm,implicature,swmimp177,2,0.7789644732006958
qwen05b_vllm,implicature,swmimp177,3,0.8141841196588108
qwen05b_vllm,implicature,swmimp178,1,0.4810411195982905
qwen05b_vllm,implicature,swmimp178,2,0.4705206440652118
qwen05b_vllm,implicature,swmimp178,3,0.5688901252168066
qwen05b_vllm,implicature,swmimp179,1,0.6469168186013121
qwen05b_vllm,implicature,swmimp179,2,0.4844585917890072
qwen05b_vllm,implicature,swmimp179,3,0.5173112545162439
qwen05b_vllm,implicature,swmimp180,1,0.8030915200710297
qwen05b_vllm,implicature,swmimp180,2,0.667911171913147
qwen05b_vllm,implicature,swmimp180,3,0.8128539774566889
qwen05b_vllm,implicature,swmimp181,1,0.7902268980230603
qwen05b_vllm,implicature,swmimp181,2,0.6831796243786812
qwen05b_vllm,implicature,swmimp181,3,0.6574193079556737
qwen05b_vllm,implicature,swmimp182,1,0.5703862309455872
qwen05b_vllm,implicature,swmimp182,2,0.4828174114227295
qwen05b_vllm,implicature,swmimp182,3,0.4179571866989136
qwen05b_vllm,implicature,swmimp183,1,0.6712668625017008
qwen05b_vllm,implicature,swmimp183,2,0.8827771246433258
qwen05b_vllm,implicature,swmimp183,3,0.27883050839106244
qwen05b_vllm,implicature,swmimp184,1,0.6727078668773174
qwen05b_vllm,implicature,swmimp184,2,0.5161741636693478
qwen05b_vllm,implicature,swmimp184,3,0.4814959391951561
qwen05b_vllm,implicature,swmimp185,1,0.7684136256575584
qwen05b_vllm,implicature,swmimp185,2,0.7635191064327955
qwen05b_vllm,implicature,swmimp185,3,0.6118019158020616
qwen05b_vllm,implicature,swmimp186,1,0.36801278591156006
qwen05b_vllm,implicature,swmimp186,2,0.8985998928546906
qwen05b_vllm,implicature,swmimp186,3,0.6767646372318268
qwen05b_vllm,implicature,swmimp187,1,0.7338923960924149
qwen05b_vllm,implicature,swmimp187,2,0.6740894466638565
qwen05b_vllm,implicature,swmimp187,3,0.8049058765172958
qwen05b_vllm,implicature,swmimp188,1,0.8552819509059191
qwen05b_vllm,implicature,swmimp188,2,0.47950063832104206
qwen05b_vllm,implicature,swmimp188,3,0.768549713306129
qwen05b_vllm,implicature,swmimp189,1,0.44036567211151123
qwen05b_vllm,implicature,swmimp189,2,0.9290697226921717
qwen05b_vllm,implicature,swmimp189,3,0.7385365863641103
qwen05b_vllm,implicature,swmimp190,1,0.5623093446095785
qwen05b_vllm,implicature,swmimp190,2,0.748148133357366
qwen05b_vllm,implicature,swmimp190,3,0.588063657283783
qwen05b_vllm,implicature,swmimp191,1,0.6950130304321647
qwen05b_vllm,implicature,swmimp191,2,0.7797191673889756
qwen05b_vllm,implicature,swmimp191,3,0.8344393861480057
qwen05b_vllm,implicature,swmimp192,1,0.45916159451007843
qwen05b_vllm,implicature,swmimp192,2,0.6138313338160515
qwen05b_vllm,implicature,swmimp192,3,0.6563017182052135
qwen05b_vllm,implicature,swmimp193,1,0.7563584993282954
qwen05b_vllm,implicature,swmimp193,2,0.2713034152984619
qwen05b_vllm,implicature,swmimp193,3,0.4628596305847168
qwen05b_vllm,implicature,swmimp194,1,0.7200286865234375
qwen05b_vllm,implicature,swmimp194,2,0.5049488116055727
qwen05b_vllm,implicature,swmimp194,3,0.7646016728132963
qwen05b_vllm,implicature,swmimp195,1,0.6998131264828973
qwen05b_vllm,implicature,swmimp195,2,0.765802671511968
qwen05b_vllm,implicature,swmimp195,3,0.7282585391981734
qwen05b_vllm,implicature,swmimp196,1,0.40460797275106114
qwen05b_vllm,implicature,swmimp196,2,0.4614835763350129
qwen05b_vllm,implicature,swmimp196,3,0.25673183302084607
qwen05b_vllm,implicature,swmimp197,1,0.6159594506025314
qwen05b_vllm,implicature,swmimp197,2,0.2246834635734558
qwen05b_vllm,implicature,swmimp197,3,0.39552244544029236
qwen05b_vllm,implicature,swmimp198,1,0.4132867654164632
qwen05b_vllm,implicature,swmimp198,2,0.7740914138654867
qwen05b_vllm,implicature,swmimp198,3,0.527646337946256
qwen05b_vllm,implicature,swmimp199,1,0.7581629798514768
qwen05b_vllm,implicature,swmimp199,2,0.4064665473997593
qwen05b_vllm,implicature,swmimp199,3,0.5612353086471558
qwen05b_vllm,implicature,swmimp200,1,0.34659163157145184
qwen05b_vllm,implicature,swmimp200,2,0.6708743423223495
qwen05b_vllm,implicature,swmimp200,3,0.9155610421051582
qwen14b,false_belief,fb001,1,0.14364972710609436
qwen14b,false_belief,fb001,2,0.18036004900932312
qwen14b,false_belief,fb001,3,0.19836026430130005
qwen14b,false_belief,fb002,1,0.16123406887054442
qwen14b,false_belief,fb002,2,0.15704722404479982
qwen14b,false_belief,fb002,3,0.22466319799423218
qwen14b,false_belief,fb003,1,0.21223315596580505
qwen14b,false_belief,fb003,2,0.25673234462738037
qwen14b,false_belief,fb003,3,0.12327580153942108
qwen14b,false_belief,fb004,1,0.17317844927310944
qwen14b,false_belief,fb004,2,0.1441289484500885
qwen14b,false_belief,fb004,3,0.2109667807817459
qwen14b,false_belief,fb005,1,0.19160445034503937
qwen14b,false_belief,fb005,2,0.11735154688358307
qwen14b,false_belief,fb005,3,0.14109723269939423
qwen14b,false_belief,fb006,1,0.1585759073495865
qwen14b,false_belief,fb006,2,0.1393946260213852
qwen14b,false_belief,fb006,3,0.09474524855613708
qwen14b,false_belief,fb007,1,0.17752468585968018
qwen14b,false_belief,fb007,2,0.19391393661499023
qwen14b,false_belief,fb007,3,0.24218928813934326
qwen14b,false_belief,fb008,1,0.17339687049388885
qwen14b,false_belief,fb008,2,0.08068645000457764
qwen14b,false_belief,fb008,3,0.176242396235466
qwen14b,false_belief,fb009,1,0.22059601545333862
qwen14b,false_belief,fb009,2,0.1279314160346985
qwen14b,false_belief,fb009,3,0.2975408434867859
qwen14b,false_belief,fb010,1,0.13023023307323456
qwen14b,false_belief,fb010,2,0.340121254324913
qwen14b,false_belief,fb010,3,0.3086743652820587
qwen14b,false_belief,fb011,1,0.15895873308181763
qwen14b,false_belief,fb011,2,0.3525693267583847
qwen14b,false_belief,fb011,3,0.18461817502975464
qwen14b,false_belief,fb012,1,0.1714351922273636
qwen14b,false_belief,fb012,2,0.1895892471075058
qwen14b,false_belief,fb012,3,0.13018624484539032
qwen14b,false_belief,fb013,1,0.36078593134880066
qwen14b,false_belief,fb013,2,0.17216643691062927
qwen14b,false_belief,fb013,3,0.6728071868419647
qwen14b,false_belief,fb014,1,0.21490663290023804
qwen14b,false_belief,fb014,2,0.23517632484436035
qwen14b,false_belief,fb014,3,0.23833584785461426
qwen14b,false_belief,fb015,1,0.3150523453950882
qwen14b,false_belief,fb015,2,0.08536909520626068
qwen14b,false_belief,fb015,3,0.22926996648311615
qwen14b,false_belief,fb016,1,0.20541976392269135
qwen14b,false_belief,fb016,2,0.11596129834651947
qwen14b,false_belief,fb016,3,0.08449457585811615
qwen14b,false_belief,fb017,1,0.09825265407562256
qwen14b,false_belief,fb017,2,0.10845388472080231
qwen14b,false_belief,fb017,3,0.22080953419208527
qwen14b,false_belief,fb018,1,0.07706470787525177
qwen14b,false_belief,fb018,2,0.22619317471981049
qwen14b,false_belief,fb018,3,0.17482787370681763
qwen14b,false_belief,fb019,1,0.13462373614311218
qwen14b,false_belief,fb019,2,0.21482893824577332
qwen14b,false_belief,fb019,3,0.2715905010700226
qwen14b,false_belief,fb020,1,0.15691088140010834
qwen14b,false_belief,fb020,2,0.1863824725151062
qwen14b,false_belief,fb020,3,0.3378051668405533
qwen14b,false_belief,fb021,1,0.15909152030944823
qwen14b,false_belief,fb021,2,0.26272767782211304
qwen14b,false_belief,fb021,3,0.19603476524353028
qwen14b,false_belief,fb022,1,0.30224093794822693
qwen14b,false_belief,fb022,2,0.22341549396514893
qwen14b,false_belief,fb022,3,0.43046436458826065
qwen14b,false_belief,fb023,1,0.2663546442985535
qwen14b,false_belief,fb023,2,0.17227412462234498
qwen14b,false_belief,fb023,3,0.35430383682250977
qwen14b,false_belief,fb024,1,0.18096888065338135
qwen14b,false_belief,fb024,2,0.18157567580540976
qwen14b,false_belief,fb024,3,0.15607821941375732
qwen14b,false_belief,fb025,1,0.21751044690608978
qwen14b,false_belief,fb025,2,0.2695003002882004
qwen14b,false_belief,fb025,3,0.20779180526733398
qwen14b,false_belief,fb026,1,0.3421922524770101
qwen14b,false_belief,fb026,2,0.11708539724349976
qwen14b,false_belief,fb026,3,0.16137413183848062
qwen14b,false_belief,fb027,1,0.24972963333129883
qwen14b,false_belief,fb027,2,0.2525251309076945
qwen14b,false_belief,fb027,3,0.2166936993598938
qwen14b,false_belief,fb028,1,0.15271137654781342
qwen14b,false_belief,fb028,2,0.14315813779830933
qwen14b,false_belief,fb028,3,0.11640796065330505
qwen14b,false_belief,fb029,1,0.17695346474647522
qwen14b,false_belief,fb029,2,0.20818623900413513
qwen14b,false_belief,fb029,3,0.19701547920703888
qwen14b,false_belief,fb030,1,0.18598774075508118
qwen14b,false_belief,fb030,2,0.16572901606559753
qwen14b,false_belief,fb030,3,0.2235618680715561
qwen14b,false_belief,fb031,1,0.19180931150913239
qwen14b,false_belief,fb031,2,0.16945841908454895
qwen14b,false_belief,fb031,3,0.13659082353115082
qwen14b,false_belief,fb032,1,0.13560859858989716
qwen14b,false_belief,fb032,2,0.5105801820755005
qwen14b,false_belief,fb032,3,0.20463550090789795
qwen14b,false_belief,fb033,1,0.1340860277414322
qwen14b,false_belief,fb033,2,0.25423872470855713
qwen14b,false_belief,fb033,3,0.16528527438640594
qwen14b,false_belief,fb034,1,0.2784365564584732
qwen14b,false_belief,fb034,2,0.21648293733596802
qwen14b,false_belief,fb034,3,0.16021287441253662
qwen14b,false_belief,fb035,1,0.11007556319236755
qwen14b,false_belief,fb035,2,0.11957401037216187
qwen14b,false_belief,fb035,3,0.3072250187397003
qwen14b,false_belief,fb036,1,0.1676013231277466
qwen14b,false_belief,fb036,2,0.3913410544395447
qwen14b,false_belief,fb036,3,0.13155275583267212
qwen14b,false_belief,fb037,1,0.3014606162905693
qwen14b,false_belief,fb037,2,0.19276666641235352
qwen14b,false_belief,fb037,3,0.26519183814525604
qwen14b,false_belief,fb038,1,0.16599613428115845
qwen14b,false_belief,fb038,2,0.12838231027126312
qwen14b,false_belief,fb038,3,0.11459779739379883
qwen14b,false_belief,fb039,1,0.196637824177742
qwen14b,false_belief,fb039,2,0.11867669224739075
qwen14b,false_belief,fb039,3,0.2835388332605362
qwen14b,false_belief,fb040,1,0.17543821036815643
qwen14b,false_belief,fb040,2,0.20393051207065582
qwen14b,false_belief,fb040,3,0.09867724776268005
qwen14b,false_belief,fb041,1,0.22943872213363647
qwen14b,false_belief,fb041,2,0.25076626241207123
qwen14b,false_belief,fb041,3,0.23014956712722778
qwen14b,false_belief,fb042,1,0.2785373330116272
qwen14b,false_belief,fb042,2,0.33980050683021545
qwen14b,false_belief,fb042,3,0.15188005566596985
qwen14b,false_belief,fb043,1,0.13179025053977966
qwen14b,false_belief,fb043,2,0.31968337297439575
qwen14b,false_belief,fb043,3,0.18273675441741943
qwen14b,false_belief,fb044,1,0.25666412711143494
qwen14b,false_belief,fb044,2,0.24650059640407562
qwen14b,false_belief,fb044,3,0.23371507227420807
qwen14b,false_belief,fb045,1,0.16722557544708253
qwen14b,false_belief,fb045,2,0.09111860990524293
qwen14b,false_belief,fb045,3,0.1894034266471863
qwen14b,false_belief,fb046,1,0.2240271419286728
qwen14b,false_belief,fb046,2,0.30116352438926697
qwen14b,false_belief,fb046,3,0.17477399110794067
qwen14b,false_belief,fb047,1,0.21902227401733398
qwen14b,false_belief,fb047,2,0.27359044551849365
qwen14b,false_belief,fb047,3,0.23307520151138306
qwen14b,false_belief,fb048,1,0.2876972109079361
qwen14b,false_belief,fb048,2,0.13227710127830505
qwen14b,false_belief,fb048,3,0.196411594748497
qwen14b,false_belief,fb049,1,0.1812821328639984
qwen14b,false_belief,fb049,2,0.15017284452915192
qwen14b,false_belief,fb049,3,0.14396506547927856
qwen14b,false_belief,fb050,1,0.20622175931930542
qwen14b,false_belief,fb050,2,0.16673074662685394
qwen14b,false_belief,fb050,3,0.25060704350471497
qwen14b,false_belief,fb051,1,0.47863032420476276
qwen14b,false_belief,fb051,2,0.13263879219690958
qwen14b,false_belief,fb051,3,0.18431196610132852
qwen14b,false_belief,fb052,1,0.09325656294822693
qwen14b,false_belief,fb052,2,0.21490252017974854
qwen14b,false_belief,fb052,3,0.16709405183792114
qwen14b,false_belief,fb053,1,0.16146528720855713
qwen14b,false_belief,fb053,2,0.20031332969665527
qwen14b,false_belief,fb053,3,0.23224367201328278
qwen14b,false_belief,fb054,1,0.0952710211277008
qwen14b,false_belief,fb054,2,0.2022438645362854
qwen14b,false_belief,fb054,3,0.16721785068511963
qwen14b,false_belief,fb055,1,0.19832980632781982
qwen14b,false_belief,fb055,2,0.12502455711364746
qwen14b,false_belief,fb055,3,0.15477749705314636
qwen14b,false_belief,fb056,1,0.15347467362880707
qwen14b,false_belief,fb056,2,0.25226154923439026
qwen14b,false_belief,fb056,3,0.21113097667694092
qwen14b,false_belief,fb057,1,0.29343076050281525
qwen14b,false_belief,fb057,2,0.3380567654967308
qwen14b,false_belief,fb057,3,0.3347037136554718
qwen14b,false_belief,fb058,1,0.3345518410205841
qwen14b,false_belief,fb058,2,0.21150299906730652
qwen14b,false_belief,fb058,3,0.15666545927524567
qwen14b,false_belief,fb059,1,0.12008330225944519
qwen14b,false_belief,fb059,2,0.10496775805950165
qwen14b,false_belief,fb059,3,0.0979689508676529
qwen14b,false_belief,fb060,1,0.23615358769893646
qwen14b,false_belief,fb060,2,0.11101435124874115
qwen14b,false_belief,fb060,3,0.3374962657690048
qwen14b,false_belief,sfp011,1,0.27690407633781433
qwen14b,false_belief,sfp011,2,0.44771959632635117
qwen14b,false_belief,sfp011,3,0.21744337677955627
qwen14b,false_belief,sfp012,1,0.2129114270210266
qwen14b,false_belief,sfp012,2,0.26067186892032623
qwen14b,false_belief,sfp012,3,0.22093914449214935
qwen14b,false_belief,sfp013,1,0.254813015460968
qwen14b,false_belief,sfp013,2,0.12600572407245636
qwen14b,false_belief,sfp013,3,0.2377459704875946
qwen14b,false_belief,sfp014,1,0.35737550258636475
qwen14b,false_belief,sfp014,2,0.26074039936065674
qwen14b,false_belief,sfp014,3,0.1728394627571106
qwen14b,false_belief,sfp015,1,0.1793167471885681
qwen14b,false_belief,sfp015,2,0.18886498212814332
qwen14b,false_belief,sfp015,3,0.16697187423706056
qwen14b,false_belief,sfp016,1,0.32124996185302734
qwen14b,false_belief,sfp016,2,0.24167505502700806
qwen14b,false_belief,sfp016,3,0.32353622913360597
qwen14b,false_belief,sfp017,1,0.2980183809995651
qwen14b,false_belief,sfp017,2,0.3234558254480362
qwen14b,false_belief,sfp017,3,0.3165348917245865
qwen14b,false_belief,sfp018,1,0.33868081867694855
qwen14b,false_belief,sfp018,2,0.22912266850471497
qwen14b,false_belief,sfp018,3,0.22502893209457397
qwen14b,false_belief,sfp019,1,0.2933543920516968
qwen14b,false_belief,sfp019,2,0.25165121257305145
qwen14b,false_belief,sfp019,3,0.3418096601963043
qwen14b,false_belief,sfp020,1,0.2885373681783676
qwen14b,false_belief,sfp020,2,0.09807372093200684
qwen14b,false_belief,sfp020,3,0.1643827110528946
qwen14b,faux_pas,sfp001,1,0.2737638890743256
qwen14b,faux_pas,sfp001,2,0.2893404126167297
qwen14b,faux_pas,sfp001,3,0.28788583278656005
qwen14b,faux_pas,sfp002,1,0.45025575906038284
qwen14b,faux_pas,sfp002,2,0.3746451213955879
qwen14b,faux_pas,sfp002,3,0.338423989713192
qwen14b,faux_pas,sfp003,1,0.4620027616620064
qwen14b,faux_pas,sfp003,2,0.5116166323423386
qwen14b,faux_pas,sfp003,3,0.34658513218164444
qwen14b,faux_pas,sfp004,1,0.45117606967687607
qwen14b,faux_pas,sfp004,2,0.5223540142178535
qwen14b,faux_pas,sfp004,3,0.6173879280686378
qwen14b,faux_pas,sfp005,1,0.3318358287215233
qwen14b,faux_pas,sfp005,2,0.2540896311402321
qwen14b,faux_pas,sfp005,3,0.32757213711738586
qwen14b,faux_pas,sfp006,1,0.7144326418638229
qwen14b,faux_pas,sfp006,2,0.46838706731796265
qwen14b,faux_pas,sfp006,3,0.3302854597568512
qwen14b,faux_pas,sfp007,1,0.2844224125146866
qwen14b,faux_pas,sfp007,2,0.6570363231003284
qwen14b,faux_pas,sfp007,3,0.28928929567337036
qwen14b,faux_pas,sfp008,1,0.3883055806159973
qwen14b,faux_pas,sfp008,2,0.435098671913147
qwen14b,faux_pas,sfp008,3,0.45297408699989317
qwen14b,faux_pas,sfp009,1,0.5309969484806061
qwen14b,faux_pas,sfp009,2,0.7041088988383611
qwen14b,faux_pas,sfp009,3,0.6509413967529932
qwen14b,faux_pas,sfp010,1,0.44958363970120746
qwen14b,faux_pas,sfp010,2,0.551973894238472
qwen14b,faux_pas,sfp010,3,0.4146503309408824
qwen14b,implicature,swmimp001,1,0.38647366421563284
qwen14b,implicature,swmimp001,2,0.4261135033198765
qwen14b,implicature,swmimp001,3,0.34261941484042574
qwen14b,implicature,swmimp002,1,0.5878185659646988
qwen14b,implicature,swmimp002,2,0.5461672991514206
qwen14b,implicature,swmimp002,3,0.5881688147783279
qwen14b,implicature,swmimp003,1,0.6513348519802094
qwen14b,implicature,swmimp003,2,0.6156352261702219
qwen14b,implicature,swmimp003,3,0.4417445758978526
qwen14b,implicature,swmimp004,1,0.32803335785865784
qwen14b,implicature,swmimp004,2,0.6736115626990795
qwen14b,implicature,swmimp004,3,0.6806949637830257
qwen14b,implicature,swmimp005,1,0.36386799315611523
qwen14b,implicature,swmimp005,2,0.344624325633049
qwen14b,implicature,swmimp005,3,0.39322667320569354
qwen14b,implicature,swmimp006,1,0.4312081535657247
qwen14b,implicature,swmimp006,2,0.5649780680735906
qwen14b,implicature,swmimp006,3,0.4983996202548345
qwen14b,implicature,swmimp007,1,0.4241207369736263
qwen14b,implicature,swmimp007,2,0.4924650618008205
qwen14b,implicature,swmimp007,3,0.5739003888198307
qwen14b,implicature,swmimp008,1,0.4717254936695099
qwen14b,implicature,swmimp008,2,0.16370087265968322
qwen14b,implicature,swmimp008,3,0.42868788838386535
qwen14b,implicature,swmimp009,1,0.4436609745025635
qwen14b,implicature,swmimp009,2,0.3228872776031494
qwen14b,implicature,swmimp009,3,0.39471975564956663
qwen14b,implicature,swmimp010,1,0.6402159258723259
qwen14b,implicature,swmimp010,2,0.6477977782487869
qwen14b,implicature,swmimp010,3,0.4918932393193245
qwen14b,implicature,swmimp011,1,0.6357546746730804
qwen14b,implicature,swmimp011,2,0.5100263208150864
qwen14b,implicature,swmimp011,3,0.43532852828502655
qwen14b,implicature,swmimp012,1,0.5152934491634369
qwen14b,implicature,swmimp012,2,0.28301992019017536
qwen14b,implicature,swmimp012,3,0.3818655113379161
qwen14b,implicature,swmimp013,1,0.7448063641786575
qwen14b,implicature,swmimp013,2,0.4967069625854492
qwen14b,implicature,swmimp013,3,0.5086501240730286
qwen14b,implicature,swmimp014,1,0.42376120388507843
qwen14b,implicature,swmimp014,2,0.2700015902519226
qwen14b,implicature,swmimp014,3,0.4064672887325287
qwen14b,implicature,swmimp015,1,0.6439300775527954
qwen14b,implicature,swmimp015,2,0.584701418876648
qwen14b,implicature,swmimp015,3,0.6514890193939209
qwen14b,implicature,swmimp016,1,0.45962733692593044
qwen14b,implicature,swmimp016,2,0.49708995554182267
qwen14b,implicature,swmimp016,3,0.3332205249203576
qwen14b,implicature,swmimp017,1,0.5136334002017975
qwen14b,implicature,swmimp017,2,0.5039796332518259
qwen14b,implicature,swmimp017,3,0.5952639778455099
qwen14b,implicature,swmimp018,1,0.4434228837490082
qwen14b,implicature,swmimp018,2,0.41183610260486603
qwen14b,implicature,swmimp018,3,0.5938976556062698
qwen14b,implicature,swmimp019,1,0.4652680829167366
qwen14b,implicature,swmimp019,2,0.2714129537343979
qwen14b,implicature,swmimp019,3,0.37995119392871857
qwen14b,implicature,swmimp020,1,0.28564276297887164
qwen14b,implicature,swmimp020,2,0.6617953280607859
qwen14b,implicature,swmimp020,3,0.305367390314738
qwen14b,implicature,swmimp021,1,0.6764100790023804
qwen14b,implicature,swmimp021,2,0.7062852084636688
qwen14b,implicature,swmimp021,3,0.30827516317367554
qwen14b,implicature,swmimp022,1,0.7266129230459532
qwen14b,implicature,swmimp022,2,0.32279205322265625
qwen14b,implicature,swmimp022,3,0.3706228733062744
qwen14b,implicature,swmimp023,1,0.5824089050292969
qwen14b,implicature,swmimp023,2,0.4780660569667816
qwen14b,implicature,swmimp023,3,0.3152287006378174
qwen14b,implicature,swmimp024,1,0.4211660847067833
qwen14b,implicature,swmimp024,2,0.3828751891851425
qwen14b,implicature,swmimp024,3,0.3998311832547188
qwen14b,implicature,swmimp025,1,0.5521332234144211
qwen14b,implicature,swmimp025,2,0.59791179895401
qwen14b,implicature,swmimp025,3,0.6146877914667129
qwen14b,implicature,swmimp026,1,0.6613234095275402
qwen14b,implicature,swmimp026,2,0.520924411714077
qwen14b,implicature,swmimp026,3,0.6628019101917744
qwen14b,implicature,swmimp027,1,0.5936901122331619
qwen14b,implicature,swmimp027,2,0.5161859691143036
qwen14b,implicature,swmimp027,3,0.35686782002449036
qwen14b,implicature,swmimp028,1,0.6050706927975019
qwen14b,implicature,swmimp028,2,0.6593763753771782
qwen14b,implicature,swmimp028,3,0.66872971256574
qwen14b,implicature,swmimp029,1,0.3546854257583618
qwen14b,implicature,swmimp029,2,0.4405546585718791
qwen14b,implicature,swmimp029,3,0.5293778777122498
qwen14b,implicature,swmimp030,1,0.27045514186223346
qwen14b,implicature,swmimp030,2,0.711081013083458
qwen14b,implicature,swmimp030,3,0.179376482963562
qwen14b,implicature,swmimp031,1,0.6329531478030341
qwen14b,implicature,swmimp031,2,0.4720029618058886
qwen14b,implicature,swmimp031,3,0.5924695985657829
qwen14b,implicature,swmimp032,1,0.4818928043047587
qwen14b,implicature,swmimp032,2,0.538705438375473
qwen14b,implicature,swmimp032,3,0.6542867968479792
qwen14b,implicature,swmimp033,1,0.6655485816299915
qwen14b,implicature,swmimp033,2,0.42252732440829277
qwen14b,implicature,swmimp033,3,0.5140511244535446
qwen14b,implicature,swmimp034,1,0.23237553238868713
qwen14b,implicature,swmimp034,2,0.3246310353279114
qwen14b,implicature,swmimp034,3,0.2733425498008728
qwen14b,implicature,swmimp035,1,0.4381939545273781
qwen14b,implicature,swmimp035,2,0.2631989121437073
qwen14b,implicature,swmimp035,3,0.26180440187454224
qwen14b,implicature,swmimp036,1,0.2895659565925598
qwen14b,implicature,swmimp036,2,0.41202781796455384
qwen14b,implicature,swmimp036,3,0.5037955224514008
qwen14b,implicature,swmimp037,1,0.4060520678758621
qwen14b,implicature,swmimp037,2,0.2556743025779724
qwen14b,implicature,swmimp037,3,0.29304105043411255
qwen14b,implicature,swmimp038,1,0.6107014926771323
qwen14b,implicature,swmimp038,2,0.49747784187396366
qwen14b,implicature,swmimp038,3,0.5254911209146181
qwen14b,implicature,swmimp039,1,0.4493464708328247
qwen14b,implicature,swmimp039,2,0.4500999689102173
qwen14b,implicature,swmimp039,3,0.4117982804775238
qwen14b,implicature,swmimp040,1,0.3702801764011383
qwen14b,implicature,swmimp040,2,0.363568514585495
qwen14b,implicature,swmimp040,3,0.4037380516529083
qwen14b,implicature,swmimp041,1,0.3444516658782959
qwen14b,implicature,swmimp041,2,0.4697768911719322
qwen14b,implicature,swmimp041,3,0.4729991629719734
qwen14b,implicature,swmimp042,1,0.6910275369882584
qwen14b,implicature,swmimp042,2,0.39954493443171185
qwen14b,implicature,swmimp042,3,0.4597165584564209
qwen14b,implicature,swmimp043,1,0.21063169836997986
qwen14b,implicature,swmimp043,2,0.1773790419101715
qwen14b,implicature,swmimp043,3,0.5195249915122986
qwen14b,implicature,swmimp044,1,0.45972710847854614
qwen14b,implicature,swmimp044,2,0.47692640125751495
qwen14b,implicature,swmimp044,3,0.4860622137784958
qwen14b,implicature,swmimp045,1,0.6275060027837753
qwen14b,implicature,swmimp045,2,0.49544427543878555
qwen14b,implicature,swmimp045,3,0.6563644930720329
qwen14b,implicature,swmimp046,1,0.40233848690986634
qwen14b,implicature,swmimp046,2,0.49102880358695983
qwen14b,implicature,swmimp046,3,0.4683692932128906
qwen14b,implicature,swmimp047,1,0.5198629399140676
qwen14b,implicature,swmimp047,2,0.5973967711130778
qwen14b,implicature,swmimp047,3,0.4970945119857788
qwen14b,implicature,swmimp048,1,0.46868524700403214
qwen14b,implicature,swmimp048,2,0.4703446254134178
qwen14b,implicature,swmimp048,3,0.48605890572071075
qwen14b,implicature,swmimp049,1,0.39924485236406326
qwen14b,implicature,swmimp049,2,0.24251148104667664
qwen14b,implicature,swmimp049,3,0.4448874816298485
qwen14b,implicature,swmimp050,1,0.6379405587911606
qwen14b,implicature,swmimp050,2,0.5132301568984985
qwen14b,implicature,swmimp050,3,0.5800874948501586
qwen14b,implicature,swmimp051,1,0.4392359435558319
qwen14b,implicature,swmimp051,2,0.5725726187229156
qwen14b,implicature,swmimp051,3,0.5210008025169373
qwen14b,implicature,swmimp052,1,0.4033507853746414
qwen14b,implicature,swmimp052,2,0.6380939930677414
qwen14b,implicature,swmimp052,3,0.44333886355161667
qwen14b,implicature,swmimp053,1,0.5489816814661026
qwen14b,implicature,swmimp053,2,0.5975709358851115
qwen14b,implicature,swmimp053,3,0.43805308640003204
qwen14b,implicature,swmimp054,1,0.6470633149147034
qwen14b,implicature,swmimp054,2,0.5335650146007538
qwen14b,implicature,swmimp054,3,0.40781843662261963
qwen14b,implicature,swmimp055,1,0.5267212331295014
qwen14b,implicature,swmimp055,2,0.38649014234542844
qwen14b,implicature,swmimp055,3,0.38479854464530944
qwen14b,implicature,swmimp056,1,0.5355457812547684
qwen14b,implicature,swmimp056,2,0.45809580385684967
qwen14b,implicature,swmimp056,3,0.49185632665952045
qwen14b,implicature,swmimp057,1,0.5237580488125483
qwen14b,implicature,swmimp057,2,0.7097950180371603
qwen14b,implicature,swmimp057,3,0.2861473162968953
qwen14b,implicature,swmimp058,1,0.4533992310365041
qwen14b,implicature,swmimp058,2,0.3317434291044871
qwen14b,implicature,swmimp058,3,0.09790764252344768
qwen14b,implicature,swmimp059,1,0.44260363280773163
qwen14b,implicature,swmimp059,2,0.17232437431812286
qwen14b,implicature,swmimp059,3,0.5336654335260391
qwen14b,implicature,swmimp060,1,0.4690418243408203
qwen14b,implicature,swmimp060,2,0.47773536046346027
qwen14b,implicature,swmimp060,3,0.4171708623568217
qwen14b,implicature,swmimp061,1,0.41014429926872253
qwen14b,implicature,swmimp061,2,0.6730249226093292
qwen14b,implicature,swmimp061,3,0.4122334122657776
qwen14b,implicature,swmimp062,1,0.3928821881612142
qwen14b,implicature,swmimp062,2,0.27362972497940063
qwen14b,implicature,swmimp062,3,0.4339359998703003
qwen14b,implicature,swmimp063,1,0.5356186144053936
qwen14b,implicature,swmimp063,2,0.6683480814099312
qwen14b,implicature,swmimp063,3,0.5474377386271954
qwen14b,implicature,swmimp064,1,0.5607814565300941
qwen14b,implicature,swmimp064,2,0.47258923947811127
qwen14b,implicature,swmimp064,3,0.31791064888238907
qwen14b,implicature,swmimp065,1,0.5021601443489393
qwen14b,implicature,swmimp065,2,0.6441481585303942
qwen14b,implicature,swmimp065,3,0.6583305774256587
qwen14b,implicature,swmimp066,1,0.4304689864317576
qwen14b,implicature,swmimp066,2,0.4493764638900757
qwen14b,implicature,swmimp066,3,0.48435790340105694
qwen14b,implicature,swmimp067,1,0.4335470855236053
qwen14b,implicature,swmimp067,2,0.5634929418563843
qwen14b,implicature,swmimp067,3,0.5162936687469483
qwen14b,implicature,swmimp068,1,0.5389168361822764
qwen14b,implicature,swmimp068,2,0.5089860732356707
qwen14b,implicature,swmimp068,3,0.568944995601972
qwen14b,implicature,swmimp069,1,0.5711788773536682
qwen14b,implicature,swmimp069,2,0.6658652484416961
qwen14b,implicature,swmimp069,3,0.5224691271781922
qwen14b,implicature,swmimp070,1,0.6132887862622738
qwen14b,implicature,swmimp070,2,0.6448400057852268
qwen14b,implicature,swmimp070,3,0.5552193745970726
qwen14b,implicature,swmimp071,1,0.5232493951916695
qwen14b,implicature,swmimp071,2,0.6192346066236496
qwen14b,implicature,swmimp071,3,0.5369590409100056
qwen14b,implicature,swmimp072,1,0.4543052017688751
qwen14b,implicature,swmimp072,2,0.5679323673248291
qwen14b,implicature,swmimp072,3,0.45480842391649884
qwen14b,implicature,swmimp073,1,0.49311864872773487
qwen14b,implicature,swmimp073,2,0.3555919627348582
qwen14b,implicature,swmimp073,3,0.4510169178247452
qwen14b,implicature,swmimp074,1,0.643388818949461
qwen14b,implicature,swmimp074,2,0.5415276338656744
qwen14b,implicature,swmimp074,3,0.6792810509602228
qwen14b,implicature,swmimp075,1,0.3987113982439041
qwen14b,implicature,swmimp075,2,0.21502281086785452
qwen14b,implicature,swmimp075,3,0.3385454033102308
qwen14b,implicature,swmimp076,1,0.43900374323129654
qwen14b,implicature,swmimp076,2,0.3269312083721161
qwen14b,implicature,swmimp076,3,0.5360840708017349
qwen14b,implicature,swmimp077,1,0.4762923657894135
qwen14b,implicature,swmimp077,2,0.5881657004356384
qwen14b,implicature,swmimp077,3,0.5466785430908203
qwen14b,implicature,swmimp078,1,0.5619278848171234
qwen14b,implicature,swmimp078,2,0.40638487537701923
qwen14b,implicature,swmimp078,3,0.45048321783542633
qwen14b,implicature,swmimp079,1,0.5461770253522056
qwen14b,implicature,swmimp079,2,0.6231381233249392
qwen14b,implicature,swmimp079,3,0.5609143397637776
qwen14b,implicature,swmimp080,1,0.2575130581855774
qwen14b,implicature,swmimp080,2,0.3641355872154236
qwen14b,implicature,swmimp080,3,0.39231971502304075
qwen14b,implicature,swmimp081,1,0.5941927909851075
qwen14b,implicature,swmimp081,2,0.5434630215167999
qwen14b,implicature,swmimp081,3,0.4481954455375671
qwen14b,implicature,swmimp082,1,0.43077579140663147
qwen14b,implicature,swmimp082,2,0.36878693103790283
qwen14b,implicature,swmimp082,3,0.3410169780254364
qwen14b,implicature,swmimp083,1,0.4604233652353287
qwen14b,implicature,swmimp083,2,0.48656334231297177
qwen14b,implicature,swmimp083,3,0.46592918038368225
qwen14b,implicature,swmimp084,1,0.6266721338033676
qwen14b,implicature,swmimp084,2,0.5624439626932144
qwen14b,implicature,swmimp084,3,0.5262141063809395
qwen14b,implicature,swmimp085,1,0.35288213193416595
qwen14b,implicature,swmimp085,2,0.48365112766623497
qwen14b,implicature,swmimp085,3,0.42229025065898895
qwen14b,implicature,swmimp086,1,0.5248181283473968
qwen14b,implicature,swmimp086,2,0.3287950396537781
qwen14b,implicature,swmimp086,3,0.36302287578582765
qwen14b,implicature,swmimp087,1,0.5691266022622585
qwen14b,implicature,swmimp087,2,0.5303250402212143
qwen14b,implicature,swmimp087,3,0.7489029839634895
qwen14b,implicature,swmimp088,1,0.5670428425073624
qwen14b,implicature,swmimp088,2,0.5866452381014824
qwen14b,implicature,swmimp088,3,0.4541824609041214
qwen14b,implicature,swmimp089,1,0.28158344825108844
qwen14b,implicature,swmimp089,2,0.5691716770331064
qwen14b,implicature,swmimp089,3,0.547818640867869
qwen14b,implicature,swmimp090,1,0.5688357253869375
qwen14b,implicature,swmimp090,2,0.4715900818506877
qwen14b,implicature,swmimp090,3,0.6001726984977722
qwen14b,implicature,swmimp091,1,0.48625404238700864
qwen14b,implicature,swmimp091,2,0.4782979488372803
qwen14b,implicature,swmimp091,3,0.37792237401008605
qwen14b,implicature,swmimp092,1,0.4635197948664427
qwen14b,implicature,swmimp092,2,0.5444402042776346
qwen14b,implicature,swmimp092,3,0.4478340595960617
qwen14b,implicature,swmimp093,1,0.40836484730243683
qwen14b,implicature,swmimp093,2,0.25961020588874817
qwen14b,implicature,swmimp093,3,0.4801141247153282
qwen14b,implicature,swmimp094,1,0.5787717973192533
qwen14b,implicature,swmimp094,2,0.6349824393788973
qwen14b,implicature,swmimp094,3,0.43639662861824036
qwen14b,implicature,swmimp095,1,0.5377227962017059
qwen14b,implicature,swmimp095,2,0.4345024786889553
qwen14b,implicature,swmimp095,3,0.4265112653374672
qwen14b,implicature,swmimp096,1,0.5098996639251709
qwen14b,implicature,swmimp096,2,0.7224028900265693
qwen14b,implicature,swmimp096,3,0.4841194272041321
qwen14b,implicature,swmimp097,1,0.22480063637097678
qwen14b,implicature,swmimp097,2,0.415160929163297
qwen14b,implicature,swmimp097,3,0.4286297957102458
qwen14b,implicature,swmimp098,1,0.45912239452203113
qwen14b,implicature,swmimp098,2,0.5131855408350626
qwen14b,implicature,swmimp098,3,0.3680109928051631
qwen14b,implicature,swmimp099,1,0.46960754692554474
qwen14b,implicature,swmimp099,2,0.5103552639484406
qwen14b,implicature,swmimp099,3,0.591485783457756
qwen14b,implicature,swmimp100,1,0.4863118171691895
qwen14b,implicature,swmimp100,2,0.5691941201686859
qwen14b,implicature,swmimp100,3,0.4682235300540924
qwen14b,implicature,swmimp101,1,0.41485799103975296
qwen14b,implicature,swmimp101,2,0.2398579256101088
qwen14b,implicature,swmimp101,3,0.3966860446062955
qwen14b,implicature,swmimp102,1,0.4365748167037964
qwen14b,implicature,swmimp102,2,0.4183206395669417
qwen14b,implicature,swmimp102,3,0.40282696756449615
qwen14b,implicature,swmimp103,1,0.0
qwen14b,implicature,swmimp103,2,0.0
qwen14b,implicature,swmimp103,3,0.0
qwen14b,implicature,swmimp104,1,0.41502582214095374
qwen14b,implicature,swmimp104,2,0.4664404961195859
qwen14b,implicature,swmimp104,3,0.5263073132796721
qwen14b,implicature,swmimp105,1,0.0
qwen14b,implicature,swmimp105,2,0.0
qwen14b,implicature,swmimp105,3,0.0
qwen14b,implicature,swmimp106,1,0.0
qwen14b,implicature,swmimp106,2,0.0
qwen14b,implicature,swmimp106,3,0.0
qwen14b,implicature,swmimp107,1,0.0
qwen14b,implicature,swmimp107,2,0.0
qwen14b,implicature,swmimp107,3,0.0
qwen14b,implicature,swmimp108,1,0.0
qwen14b,implicature,swmimp108,2,0.0
qwen14b,implicature,swmimp108,3,0.0
qwen14b,implicature,swmimp109,1,0.0
qwen14b,implicature,swmimp109,2,0.0
qwen14b,implicature,swmimp109,3,0.0
qwen14b,implicature,swmimp110,1,0.48142606019973755
qwen14b,implicature,swmimp110,2,0.5081684738397598
qwen14b,implicature,swmimp110,3,0.27807845175266266
qwen14b,implicature,swmimp111,1,0.36600366936010476
qwen14b,implicature,swmimp111,2,0.38866623885491314
qwen14b,implicature,swmimp111,3,0.40525033368783836
qwen14b,implicature,swmimp112,1,0.42861332297325133
qwen14b,implicature,swmimp112,2,0.5476522952318191
qwen14b,implicature,swmimp112,3,0.38067462742328645
qwen14b,implicature,swmimp113,1,0.4251959238733564
qwen14b,implicature,swmimp113,2,0.4224835932254791
qwen14b,implicature,swmimp113,3,0.5005092407975879
qwen14b,implicature,swmimp114,1,0.568844336602423
qwen14b,implicature,swmimp114,2,0.3181004424889882
qwen14b,implicature,swmimp114,3,0.4759303828080495
qwen14b,implicature,swmimp115,1,0.4767904654145241
qwen14b,implicature,swmimp115,2,0.5363030433654785
qwen14b,implicature,swmimp115,3,0.7013291195034981
qwen14b,implicature,swmimp116,1,0.33621073762575787
qwen14b,implicature,swmimp116,2,0.6285100926955541
qwen14b,implicature,swmimp116,3,0.3980790972709656
qwen14b,implicature,swmimp117,1,0.379116915166378
qwen14b,implicature,swmimp117,2,0.39515436440706253
qwen14b,implicature,swmimp117,3,0.4300992414355278
qwen14b,implicature,swmimp118,1,0.6071330507596334
qwen14b,implicature,swmimp118,2,0.6053362588087717
qwen14b,implicature,swmimp118,3,0.6048911313215891
qwen14b,implicature,swmimp119,1,0.28390554487705233
qwen14b,implicature,swmimp119,2,0.3952899895608425
qwen14b,implicature,swmimp119,3,0.37970651462674143
qwen14b,implicature,swmimp120,1,0.645203560590744
qwen14b,implicature,swmimp120,2,0.6098817959427834
qwen14b,implicature,swmimp120,3,0.4331280787785848
qwen14b,implicature,swmimp121,1,0.4654175154864788
qwen14b,implicature,swmimp121,2,0.40915093570947647
qwen14b,implicature,swmimp121,3,0.4302821960300207
qwen14b,implicature,swmimp122,1,0.26948702335357666
qwen14b,implicature,swmimp122,2,0.44480422139167786
qwen14b,implicature,swmimp122,3,0.16194099187850952
qwen14b,implicature,swmimp123,1,0.463728425403436
qwen14b,implicature,swmimp123,2,0.4896613111098607
qwen14b,implicature,swmimp123,3,0.2922573039929072
qwen14b,implicature,swmimp124,1,0.32833882527691977
qwen14b,implicature,swmimp124,2,0.5064482114144734
qwen14b,implicature,swmimp124,3,0.4066741594246456
qwen14b,implicature,swmimp125,1,0.3607689823423113
qwen14b,implicature,swmimp125,2,0.439883040530341
qwen14b,implicature,swmimp125,3,0.4921498181564467
qwen14b,implicature,swmimp126,1,0.3719492703676224
qwen14b,implicature,swmimp126,2,0.39400162547826767
qwen14b,implicature,swmimp126,3,0.2577371299266815
qwen14b,implicature,swmimp127,1,0.4780893325805664
qwen14b,implicature,swmimp127,2,0.603386253118515
qwen14b,implicature,swmimp127,3,0.4368340273698171
qwen14b,implicature,swmimp128,1,0.49802900552749635
qwen14b,implicature,swmimp128,2,0.49339663883050283
qwen14b,implicature,swmimp128,3,0.3173511564731598
qwen14b,implicature,swmimp129,1,0.46190375586350757
qwen14b,implicature,swmimp129,2,0.2994597579042117
qwen14b,implicature,swmimp129,3,0.4703307493279378
qwen14b,implicature,swmimp130,1,0.49195001522699994
qwen14b,implicature,swmimp130,2,0.5703045171168115
qwen14b,implicature,swmimp130,3,0.3629676666524675
qwen14b,implicature,swmimp131,1,0.37630905707677204
qwen14b,implicature,swmimp131,2,0.5632003645102183
qwen14b,implicature,swmimp131,3,0.363276869058609
qwen14b,implicature,swmimp132,1,0.40153216421604154
qwen14b,implicature,swmimp132,2,0.41862981021404266
qwen14b,implicature,swmimp132,3,0.5247615963220597
qwen14b,implicature,swmimp133,1,0.4730103641748428
qwen14b,implicature,swmimp133,2,0.31183425188064573
qwen14b,implicature,swmimp133,3,0.46732301712036134
qwen14b,implicature,swmimp134,1,0.4978930155436198
qwen14b,implicature,swmimp134,2,0.4601660470167796
qwen14b,implicature,swmimp134,3,0.23169349630673727
qwen14b,implicature,swmimp135,1,0.4074888229370117
qwen14b,implicature,swmimp135,2,0.5335602462291718
qwen14b,implicature,swmimp135,3,0.4486273340880871
qwen14b,implicature,swmimp136,1,0.3887460768222809
qwen14b,implicature,swmimp136,2,0.3752757430076599
qwen14b,implicature,swmimp136,3,0.5680546462535858
qwen14b,implicature,swmimp137,1,0.371211310227712
qwen14b,implicature,swmimp137,2,0.46707527339458466
qwen14b,implicature,swmimp137,3,0.4799888829390208
qwen14b,implicature,swmimp138,1,0.4334761619567871
qwen14b,implicature,swmimp138,2,0.3858990013599396
qwen14b,implicature,swmimp138,3,0.38710439801216123
qwen14b,implicature,swmimp139,1,0.402730188199452
qwen14b,implicature,swmimp139,2,0.5592899407659259
qwen14b,implicature,swmimp139,3,0.5717602244445256
qwen14b,implicature,swmimp140,1,0.4781261558334033
qwen14b,implicature,swmimp140,2,0.393750640253226
qwen14b,implicature,swmimp140,3,0.35372477438714767
qwen14b,implicature,swmimp141,1,0.526223836839199
qwen14b,implicature,swmimp141,2,0.4140170753002167
qwen14b,implicature,swmimp141,3,0.4827636331319809
qwen14b,implicature,swmimp142,1,0.4770513226588567
qwen14b,implicature,swmimp142,2,0.27743253111839294
qwen14b,implicature,swmimp142,3,0.4339969389968448
qwen14b,implicature,swmimp143,1,0.6140374146840152
qwen14b,implicature,swmimp143,2,0.39045902385431175
qwen14b,implicature,swmimp143,3,0.46320512014276843
qwen14b,implicature,swmimp144,1,0.5125823508609425
qwen14b,implicature,swmimp144,2,0.5226399288936094
qwen14b,implicature,swmimp144,3,0.4365907040509311
qwen14b,implicature,swmimp145,1,0.6487860530614853
qwen14b,implicature,swmimp145,2,0.43476693828900653
qwen14b,implicature,swmimp145,3,0.6328283126155535
qwen14b,implicature,swmimp146,1,0.46025291701842996
qwen14b,implicature,swmimp146,2,0.3560300962678317
qwen14b,implicature,swmimp146,3,0.33159294107864645
qwen14b,implicature,swmimp147,1,0.5226372612847222
qwen14b,implicature,swmimp147,2,0.40491411752170986
qwen14b,implicature,swmimp147,3,0.5368997984462314
qwen14b,implicature,swmimp148,1,0.4256144716189458
qwen14b,implicature,swmimp148,2,0.5076035169454721
qwen14b,implicature,swmimp148,3,0.3717184685743772
qwen14b,implicature,swmimp149,1,0.4085462033748627
qwen14b,implicature,swmimp149,2,0.5122011214494705
qwen14b,implicature,swmimp149,3,0.45951589941978455
qwen14b,implicature,swmimp150,1,0.44545705914497374
qwen14b,implicature,swmimp150,2,0.2595796465873718
qwen14b,implicature,swmimp150,3,0.32997751235961914
qwen14b,implicature,swmimp151,1,0.4441240429878235
qwen14b,implicature,swmimp151,2,0.4470940870898111
qwen14b,implicature,swmimp151,3,0.44722422105925425
qwen14b,implicature,swmimp152,1,0.5262273467249341
qwen14b,implicature,swmimp152,2,0.4224844243791368
qwen14b,implicature,swmimp152,3,0.4602138963010576
qwen14b,implicature,swmimp153,1,0.49496351513597703
qwen14b,implicature,swmimp153,2,0.47811447580655414
qwen14b,implicature,swmimp153,3,0.5345571504698859
qwen14b,implicature,swmimp154,1,0.34546371797720593
qwen14b,implicature,swmimp154,2,0.37113209731049007
qwen14b,implicature,swmimp154,3,0.3202919430202908
qwen14b,implicature,swmimp155,1,0.5857237577438354
qwen14b,implicature,swmimp155,2,0.6069685518741608
qwen14b,implicature,swmimp155,3,0.2554606795310974
qwen14b,implicature,swmimp156,1,0.5206163955422548
qwen14b,implicature,swmimp156,2,0.5118046729610517
qwen14b,implicature,swmimp156,3,0.4900435358285904
qwen14b,implicature,swmimp157,1,0.3572357694307963
qwen14b,implicature,swmimp157,2,0.43604450424512226
qwen14b,implicature,swmimp157,3,0.4489002227783203
qwen14b,implicature,swmimp158,1,0.4229673445224762
qwen14b,implicature,swmimp158,2,0.44215984642505646
qwen14b,implicature,swmimp158,3,0.5258441045880318
qwen14b,implicature,swmimp159,1,0.47761330008506775
qwen14b,implicature,swmimp159,2,0.5268413083893912
qwen14b,implicature,swmimp159,3,0.476380067212241
qwen14b,implicature,swmimp160,1,0.3940509004252298
qwen14b,implicature,swmimp160,2,0.5094035885163716
qwen14b,implicature,swmimp160,3,0.6077288325343814
qwen14b,implicature,swmimp161,1,0.5077644735574722
qwen14b,implicature,swmimp161,2,0.5608733679567065
qwen14b,implicature,swmimp161,3,0.5371286805186953
qwen14b,implicature,swmimp162,1,0.6889897560079893
qwen14b,implicature,swmimp162,2,0.3509515970945358
qwen14b,implicature,swmimp162,3,0.5915654003620148
qwen14b,implicature,swmimp163,1,0.41646068625979954
qwen14b,implicature,swmimp163,2,0.4186711427238252
qwen14b,implicature,swmimp163,3,0.3347690635257297
qwen14b,implicature,swmimp164,1,0.36059991270303726
qwen14b,implicature,swmimp164,2,0.3888212889432907
qwen14b,implicature,swmimp164,3,0.5371264964342117
qwen14b,implicature,swmimp165,1,0.3926647901535034
qwen14b,implicature,swmimp165,2,0.5801385243733724
qwen14b,implicature,swmimp165,3,0.5476271708806356
qwen14b,implicature,swmimp166,1,0.4138757586479187
qwen14b,implicature,swmimp166,2,0.6904247924685478
qwen14b,implicature,swmimp166,3,0.30948910117149353
qwen14b,implicature,swmimp167,1,0.49912129044532777
qwen14b,implicature,swmimp167,2,0.44299228191375734
qwen14b,implicature,swmimp167,3,0.5973512083292007
qwen14b,implicature,swmimp168,1,0.3852276752392451
qwen14b,implicature,swmimp168,2,0.3795977632204692
qwen14b,implicature,swmimp168,3,0.502612441778183
qwen14b,implicature,swmimp169,1,0.25678104162216187
qwen14b,implicature,swmimp169,2,0.3358413179715474
qwen14b,implicature,swmimp169,3,0.4023511658112208
qwen14b,implicature,swmimp170,1,0.7031819317489862
qwen14b,implicature,swmimp170,2,0.5233320854604244
qwen14b,implicature,swmimp170,3,0.4567776769399643
qwen14b,implicature,swmimp171,1,0.5013210556723855
qwen14b,implicature,swmimp171,2,0.43314832178029145
qwen14b,implicature,swmimp171,3,0.43052987077019433
qwen14b,implicature,swmimp172,1,0.4864616394042969
qwen14b,implicature,swmimp172,2,0.4692053596178691
qwen14b,implicature,swmimp172,3,0.5085871915022532
qwen14b,implicature,swmimp173,1,0.412668839097023
qwen14b,implicature,swmimp173,2,0.5750159621238708
qwen14b,implicature,swmimp173,3,0.5922268927097321
qwen14b,implicature,swmimp174,1,0.537110659480095
qwen14b,implicature,swmimp174,2,0.548380708694458
qwen14b,implicature,swmimp174,3,0.5093954503536224
qwen14b,implicature,swmimp175,1,0.3968812108039856
qwen14b,implicature,swmimp175,2,0.39702165126800537
qwen14b,implicature,swmimp175,3,0.21406326293945313
qwen14b,implicature,swmimp176,1,0.5297269731760025
qwen14b,implicature,swmimp176,2,0.6100763708353043
qwen14b,implicature,swmimp176,3,0.3484240770339966
qwen14b,implicature,swmimp177,1,0.5569690295628139
qwen14b,implicature,swmimp177,2,0.3869388316358839
qwen14b,implicature,swmimp177,3,0.5387628759656634
qwen14b,implicature,swmimp178,1,0.39051312734099
qwen14b,implicature,swmimp178,2,0.2722307794234332
qwen14b,implicature,swmimp178,3,0.4267609522623174
qwen14b,implicature,swmimp179,1,0.5067007765173912
qwen14b,implicature,swmimp179,2,0.5741629656404257
qwen14b,implicature,swmimp179,3,0.5614279173314571
qwen14b,implicature,swmimp180,1,0.5804687798023224
qwen14b,implicature,swmimp180,2,0.3219085931777954
qwen14b,implicature,swmimp180,3,0.27370524406433105
qwen14b,implicature,swmimp181,1,0.38289059485707966
qwen14b,implicature,swmimp181,2,0.42042032309940885
qwen14b,implicature,swmimp181,3,0.4676768715892519
qwen14b,implicature,swmimp182,1,0.6993050873279572
qwen14b,implicature,swmimp182,2,0.4462117552757263
qwen14b,implicature,swmimp182,3,0.7459104061126709
qwen14b,implicature,swmimp183,1,0.7123670081297556
qwen14b,implicature,swmimp183,2,0.44266781210899353
qwen14b,implicature,swmimp183,3,0.3946496248245239
qwen14b,implicature,swmimp184,1,0.45085861533880234
qwen14b,implicature,swmimp184,2,0.5602092072367668
qwen14b,implicature,swmimp184,3,0.5837290808558464
qwen14b,implicature,swmimp185,1,0.6199030987918377
qwen14b,implicature,swmimp185,2,0.48500850051641464
qwen14b,implicature,swmimp185,3,0.49718616157770157
qwen14b,implicature,swmimp186,1,0.40758365392684937
qwen14b,implicature,swmimp186,2,0.7034958004951477
qwen14b,implicature,swmimp186,3,0.8366879522800446
qwen14b,implicature,swmimp187,1,0.4826001226902008
qwen14b,implicature,swmimp187,2,0.46944618225097656
qwen14b,implicature,swmimp187,3,0.4733823835849762
qwen14b,implicature,swmimp188,1,0.5609742626547813
qwen14b,implicature,swmimp188,2,0.502118356525898
qwen14b,implicature,swmimp188,3,0.3729497417807579
qwen14b,implicature,swmimp189,1,0.5896825691064199
qwen14b,implicature,swmimp189,2,0.5671637455622355
qwen14b,implicature,swmimp189,3,0.7295569976170858
qwen14b,implicature,swmimp190,1,0.4951761066913605
qwen14b,implicature,swmimp190,2,0.74742524822553
qwen14b,implicature,swmimp190,3,0.6496986448764801
qwen14b,implicature,swmimp191,1,0.4591519385576248
qwen14b,implicature,swmimp191,2,0.7018230482935905
qwen14b,implicature,swmimp191,3,0.5259332656860352
qwen14b,implicature,swmimp192,1,0.5735912173986435
qwen14b,implicature,swmimp192,2,0.7096743956208229
qwen14b,implicature,swmimp192,3,0.49893851578235626
qwen14b,implicature,swmimp193,1,0.4648112853368123
qwen14b,implicature,swmimp193,2,0.40029584368069965
qwen14b,implicature,swmimp193,3,0.32972797751426697
qwen14b,implicature,swmimp194,1,0.48883371204137804
qwen14b,implicature,swmimp194,2,0.56643445789814
qwen14b,implicature,swmimp194,3,0.5012284338474273
qwen14b,implicature,swmimp195,1,0.4438394407431285
qwen14b,implicature,swmimp195,2,0.4100072847472297
qwen14b,implicature,swmimp195,3,0.3434121078915066
qwen14b,implicature,swmimp196,1,0.38245684405167896
qwen14b,implicature,swmimp196,2,0.602388267715772
qwen14b,implicature,swmimp196,3,0.4495398998260498
qwen14b,implicature,swmimp197,1,0.3314940929412842
qwen14b,implicature,swmimp197,2,0.2103550136089325
qwen14b,implicature,swmimp197,3,0.5739192962646484
qwen14b,implicature,swmimp198,1,0.2336974541346232
qwen14b,implicature,swmimp198,2,0.6702320575714111
qwen14b,implicature,swmimp198,3,0.19413808981577554
qwen14b,implicature,swmimp199,1,0.5385150387883186
qwen14b,implicature,swmimp199,2,0.4468670040369034
qwen14b,implicature,swmimp199,3,0.5724481865763664
qwen14b,implicature,swmimp200,1,0.4884146451950073
qwen14b,implicature,swmimp200,2,0.431347519159317
qwen14b,implicature,swmimp200,3,0.5766842265923818
qwen14b_bf16,false_belief,fb001,1,0.1579110473394394
qwen14b_bf16,false_belief,fb002,1,0.20992263555526733
qwen14b_bf16,false_belief,fb003,1,0.10619185864925385
qwen14b_bf16,false_belief,fb004,1,0.11928100883960724
qwen14b_bf16,false_belief,fb005,1,0.16253915429115295
qwen14b_bf16,false_belief,fb006,1,0.13788914680480957
qwen14b_bf16,false_belief,fb007,1,0.13855473697185516
qwen14b_bf16,false_belief,fb008,1,0.09516414999961853
qwen14b_bf16,false_belief,fb009,1,0.24062538146972656
qwen14b_bf16,false_belief,fb010,1,0.2090393751859665
qwen14b_bf16,false_belief,fb011,1,0.09512259066104889
qwen14b_bf16,false_belief,fb012,1,0.14504288136959076
qwen14b_bf16,false_belief,fb013,1,0.13741517066955566
qwen14b_bf16,false_belief,fb014,1,0.37619274854660034
qwen14b_bf16,false_belief,fb015,1,0.14137491583824158
qwen14b_bf16,false_belief,fb016,1,0.25303885340690613
qwen14b_bf16,false_belief,fb017,1,0.1503135710954666
qwen14b_bf16,false_belief,fb018,1,0.09701403975486755
qwen14b_bf16,false_belief,fb019,1,0.10069999098777771
qwen14b_bf16,false_belief,fb020,1,0.184819296002388
qwen14b_bf16,faux_pas,sfp001,1,0.4132084310054779
qwen14b_bf16,faux_pas,sfp002,1,0.6282078744843602
qwen14b_bf16,faux_pas,sfp003,1,0.43288475275039673
qwen14b_bf16,faux_pas,sfp004,1,0.43216781318187714
qwen14b_bf16,faux_pas,sfp005,1,0.24563365429639816
qwen15b_vllm,false_belief,fb001,1,0.2625446915626526
qwen15b_vllm,false_belief,fb001,2,0.2499144971370697
qwen15b_vllm,false_belief,fb001,3,0.20595933496952057
qwen15b_vllm,false_belief,fb002,1,0.16552369594573973
qwen15b_vllm,false_belief,fb002,2,0.21918787956237792
qwen15b_vllm,false_belief,fb002,3,0.19579321146011353
qwen15b_vllm,false_belief,fb003,1,0.22433561086654663
qwen15b_vllm,false_belief,fb003,2,0.2598496377468109
qwen15b_vllm,false_belief,fb003,3,0.25797854363918304
qwen15b_vllm,false_belief,fb004,1,0.2797888368368149
qwen15b_vllm,false_belief,fb004,2,0.31295472383499146
qwen15b_vllm,false_belief,fb004,3,0.303718239068985
qwen15b_vllm,false_belief,fb005,1,0.2911824882030487
qwen15b_vllm,false_belief,fb005,2,0.34888701885938644
qwen15b_vllm,false_belief,fb005,3,0.2294013947248459
qwen15b_vllm,false_belief,fb006,1,0.3563741594552994
qwen15b_vllm,false_belief,fb006,2,0.39590924978256226
qwen15b_vllm,false_belief,fb006,3,0.18941497802734375
qwen15b_vllm,false_belief,fb007,1,0.22344644367694855
qwen15b_vllm,false_belief,fb007,2,0.2408413290977478
qwen15b_vllm,false_belief,fb007,3,0.27735795080661774
qwen15b_vllm,false_belief,fb008,1,0.21423181891441345
qwen15b_vllm,false_belief,fb008,2,0.21213482320308685
qwen15b_vllm,false_belief,fb008,3,0.27272625267505646
qwen15b_vllm,false_belief,fb009,1,0.2789600094159444
qwen15b_vllm,false_belief,fb009,2,0.1751167376836141
qwen15b_vllm,false_belief,fb009,3,0.27623075246810913
qwen15b_vllm,false_belief,fb010,1,0.18137025833129883
qwen15b_vllm,false_belief,fb010,2,0.28803375363349915
qwen15b_vllm,false_belief,fb010,3,0.22795966267585754
qwen15b_vllm,false_belief,fb011,1,0.23174090683460236
qwen15b_vllm,false_belief,fb011,2,0.22968724370002747
qwen15b_vllm,false_belief,fb011,3,0.19455240666866302
qwen15b_vllm,false_belief,fb012,1,0.3493247479200363
qwen15b_vllm,false_belief,fb012,2,0.4305921420454979
qwen15b_vllm,false_belief,fb012,3,0.49574873596429825
qwen15b_vllm,false_belief,fb013,1,0.2478773295879364
qwen15b_vllm,false_belief,fb013,2,0.20369407534599304
qwen15b_vllm,false_belief,fb013,3,0.21720053255558014
qwen15b_vllm,false_belief,fb014,1,0.19266921281814575
qwen15b_vllm,false_belief,fb014,2,0.16149389743804932
qwen15b_vllm,false_belief,fb014,3,0.4388790726661682
qwen15b_vllm,false_belief,fb015,1,0.224325031042099
qwen15b_vllm,false_belief,fb015,2,0.2875160723924637
qwen15b_vllm,false_belief,fb015,3,0.2908771336078644
qwen15b_vllm,false_belief,fb016,1,0.22000005841255188
qwen15b_vllm,false_belief,fb016,2,0.29626770317554474
qwen15b_vllm,false_belief,fb016,3,0.2803298681974411
qwen15b_vllm,false_belief,fb017,1,0.2893294394016266
qwen15b_vllm,false_belief,fb017,2,0.26270778477191925
qwen15b_vllm,false_belief,fb017,3,0.1449156552553177
qwen15b_vllm,false_belief,fb018,1,0.24737635254859924
qwen15b_vllm,false_belief,fb018,2,0.3112594336271286
qwen15b_vllm,false_belief,fb018,3,0.2207360565662384
qwen15b_vllm,false_belief,fb019,1,0.18406552076339722
qwen15b_vllm,false_belief,fb019,2,0.13865558803081512
qwen15b_vllm,false_belief,fb019,3,0.25603096187114716
qwen15b_vllm,false_belief,fb020,1,0.2928895652294159
qwen15b_vllm,false_belief,fb020,2,0.33299629390239716
qwen15b_vllm,false_belief,fb020,3,0.3102524131536484
qwen15b_vllm,false_belief,fb021,1,0.18877606391906737
qwen15b_vllm,false_belief,fb021,2,0.3920872688293457
qwen15b_vllm,false_belief,fb021,3,0.3515611231327057
qwen15b_vllm,false_belief,fb022,1,0.28662800788879395
qwen15b_vllm,false_belief,fb022,2,0.25551043450832367
qwen15b_vllm,false_belief,fb022,3,0.2724134474992752
qwen15b_vllm,false_belief,fb023,1,0.42222025990486145
qwen15b_vllm,false_belief,fb023,2,0.3510809540748596
qwen15b_vllm,false_belief,fb023,3,0.3000742793083191
qwen15b_vllm,false_belief,fb024,1,0.24850193659464517
qwen15b_vllm,false_belief,fb024,2,0.4584581255912781
qwen15b_vllm,false_belief,fb024,3,0.5070258180300394
qwen15b_vllm,false_belief,fb025,1,0.17393739521503448
qwen15b_vllm,false_belief,fb025,2,0.347837433218956
qwen15b_vllm,false_belief,fb025,3,0.16646690666675568
qwen15b_vllm,false_belief,fb026,1,0.23252799113591513
qwen15b_vllm,false_belief,fb026,2,0.2506372531255086
qwen15b_vllm,false_belief,fb026,3,0.2826771338780721
qwen15b_vllm,false_belief,fb027,1,0.173066775004069
qwen15b_vllm,false_belief,fb027,2,0.19359123706817627
qwen15b_vllm,false_belief,fb027,3,0.21664534012476602
qwen15b_vllm,false_belief,fb028,1,0.22025729715824127
qwen15b_vllm,false_belief,fb028,2,0.27110444009304047
qwen15b_vllm,false_belief,fb028,3,0.2693590521812439
qwen15b_vllm,false_belief,fb029,1,0.22343038022518158
qwen15b_vllm,false_belief,fb029,2,0.20759110152721405
qwen15b_vllm,false_belief,fb029,3,0.30798089504241943
qwen15b_vllm,false_belief,fb030,1,0.17001312971115112
qwen15b_vllm,false_belief,fb030,2,0.19436147809028625
qwen15b_vllm,false_belief,fb030,3,0.22910666465759277
qwen15b_vllm,false_belief,fb031,1,0.24939502775669098
qwen15b_vllm,false_belief,fb031,2,0.24063189327716827
qwen15b_vllm,false_belief,fb031,3,0.31754066050052643
qwen15b_vllm,false_belief,fb032,1,0.21421882510185242
qwen15b_vllm,false_belief,fb032,2,0.20906463265419006
qwen15b_vllm,false_belief,fb032,3,0.3324141129851341
qwen15b_vllm,false_belief,fb033,1,0.24000903964042664
qwen15b_vllm,false_belief,fb033,2,0.26156383752822876
qwen15b_vllm,false_belief,fb033,3,0.23570887744426727
qwen15b_vllm,false_belief,fb034,1,0.1945793181657791
qwen15b_vllm,false_belief,fb034,2,0.2688304930925369
qwen15b_vllm,false_belief,fb034,3,0.2813394218683243
qwen15b_vllm,false_belief,fb035,1,0.14802730083465576
qwen15b_vllm,false_belief,fb035,2,0.14467425644397736
qwen15b_vllm,false_belief,fb035,3,0.25336645543575287
qwen15b_vllm,false_belief,fb036,1,0.2803102731704712
qwen15b_vllm,false_belief,fb036,2,0.39387099742889403
qwen15b_vllm,false_belief,fb036,3,0.3477623701095581
qwen15b_vllm,false_belief,fb037,1,0.26128916442394257
qwen15b_vllm,false_belief,fb037,2,0.23299367725849152
qwen15b_vllm,false_belief,fb037,3,0.1644410490989685
qwen15b_vllm,false_belief,fb038,1,0.3808107525110245
qwen15b_vllm,false_belief,fb038,2,0.31713856011629105
qwen15b_vllm,false_belief,fb038,3,0.2830767184495926
qwen15b_vllm,false_belief,fb039,1,0.24067911505699158
qwen15b_vllm,false_belief,fb039,2,0.1409328430891037
qwen15b_vllm,false_belief,fb039,3,0.32693105936050415
qwen15b_vllm,false_belief,fb040,1,0.13817115128040314
qwen15b_vllm,false_belief,fb040,2,0.20136521756649017
qwen15b_vllm,false_belief,fb040,3,0.20906968414783478
qwen15b_vllm,false_belief,fb041,1,0.2519068717956543
qwen15b_vllm,false_belief,fb041,2,0.38000619411468506
qwen15b_vllm,false_belief,fb041,3,0.30046451836824417
qwen15b_vllm,false_belief,fb042,1,0.36329758912324905
qwen15b_vllm,false_belief,fb042,2,0.22880777716636658
qwen15b_vllm,false_belief,fb042,3,0.3156733363866806
qwen15b_vllm,false_belief,fb043,1,0.29912105202674866
qwen15b_vllm,false_belief,fb043,2,0.19120381772518158
qwen15b_vllm,false_belief,fb043,3,0.4273974150419235
qwen15b_vllm,false_belief,fb044,1,0.32371728122234344
qwen15b_vllm,false_belief,fb044,2,0.3628349155187607
qwen15b_vllm,false_belief,fb044,3,0.2576856389641762
qwen15b_vllm,false_belief,fb045,1,0.24301937818527222
qwen15b_vllm,false_belief,fb045,2,0.2118184208869934
qwen15b_vllm,false_belief,fb045,3,0.3068069338798523
qwen15b_vllm,false_belief,fb046,1,0.2382522076368332
qwen15b_vllm,false_belief,fb046,2,0.24759984016418457
qwen15b_vllm,false_belief,fb046,3,0.16515207290649414
qwen15b_vllm,false_belief,fb047,1,0.2335333675146103
qwen15b_vllm,false_belief,fb047,2,0.3635540083050728
qwen15b_vllm,false_belief,fb047,3,0.28075695037841797
qwen15b_vllm,false_belief,fb048,1,0.09291112422943115
qwen15b_vllm,false_belief,fb048,2,0.22667397558689117
qwen15b_vllm,false_belief,fb048,3,0.307640440762043
qwen15b_vllm,false_belief,fb049,1,0.2058091014623642
qwen15b_vllm,false_belief,fb049,2,0.26330068707466125
qwen15b_vllm,false_belief,fb049,3,0.21511848270893097
qwen15b_vllm,false_belief,fb050,1,0.16964450478553772
qwen15b_vllm,false_belief,fb050,2,0.2913307100534439
qwen15b_vllm,false_belief,fb050,3,0.2710716128349304
qwen15b_vllm,false_belief,fb051,1,0.19762067000071207
qwen15b_vllm,false_belief,fb051,2,0.2294614315032959
qwen15b_vllm,false_belief,fb051,3,0.2891191244125366
qwen15b_vllm,false_belief,fb052,1,0.22747230529785156
qwen15b_vllm,false_belief,fb052,2,0.19235485792160034
qwen15b_vllm,false_belief,fb052,3,0.24099646508693695
qwen15b_vllm,false_belief,fb053,1,0.1769900619983673
qwen15b_vllm,false_belief,fb053,2,0.14722640812397003
qwen15b_vllm,false_belief,fb053,3,0.26870082318782806
qwen15b_vllm,false_belief,fb054,1,0.26214273273944855
qwen15b_vllm,false_belief,fb054,2,0.27277788519859314
qwen15b_vllm,false_belief,fb054,3,0.3353714942932129
qwen15b_vllm,false_belief,fb055,1,0.18852703273296356
qwen15b_vllm,false_belief,fb055,2,0.14312340319156647
qwen15b_vllm,false_belief,fb055,3,0.20169547200202942
qwen15b_vllm,false_belief,fb056,1,0.23113618791103363
qwen15b_vllm,false_belief,fb056,2,0.29824110865592957
qwen15b_vllm,false_belief,fb056,3,0.25732584297657013
qwen15b_vllm,false_belief,fb057,1,0.27149371802806854
qwen15b_vllm,false_belief,fb057,2,0.22495374083518982
qwen15b_vllm,false_belief,fb057,3,0.3114119917154312
qwen15b_vllm,false_belief,fb058,1,0.25297753512859344
qwen15b_vllm,false_belief,fb058,2,0.3461631312966347
qwen15b_vllm,false_belief,fb058,3,0.1795126497745514
qwen15b_vllm,false_belief,fb059,1,0.2674316167831421
qwen15b_vllm,false_belief,fb059,2,0.44824498891830444
qwen15b_vllm,false_belief,fb059,3,0.2678534463047981
qwen15b_vllm,false_belief,fb060,1,0.2954366058111191
qwen15b_vllm,false_belief,fb060,2,0.2544134855270386
qwen15b_vllm,false_belief,fb060,3,0.26920270919799805
qwen15b_vllm,false_belief,sfp011,1,0.28293848037719727
qwen15b_vllm,false_belief,sfp011,2,0.2737596035003662
qwen15b_vllm,false_belief,sfp011,3,0.3083486557006836
qwen15b_vllm,false_belief,sfp012,1,0.30854012072086334
qwen15b_vllm,false_belief,sfp012,2,0.3610585927963257
qwen15b_vllm,false_belief,sfp012,3,0.23714499175548553
qwen15b_vllm,false_belief,sfp013,1,0.2513738125562668
qwen15b_vllm,false_belief,sfp013,2,0.20991159975528717
qwen15b_vllm,false_belief,sfp013,3,0.27907614409923553
qwen15b_vllm,false_belief,sfp014,1,0.2846123178799947
qwen15b_vllm,false_belief,sfp014,2,0.301391859849294
qwen15b_vllm,false_belief,sfp014,3,0.3464043935139974
qwen15b_vllm,false_belief,sfp015,1,0.30363327264785767
qwen15b_vllm,false_belief,sfp015,2,0.27477110624313356
qwen15b_vllm,false_belief,sfp015,3,0.22737091779708862
qwen15b_vllm,false_belief,sfp016,1,0.22934436798095703
qwen15b_vllm,false_belief,sfp016,2,0.2834873557090759
qwen15b_vllm,false_belief,sfp016,3,0.31621915102005005
qwen15b_vllm,false_belief,sfp017,1,0.24292831122875214
qwen15b_vllm,false_belief,sfp017,2,0.309915691614151
qwen15b_vllm,false_belief,sfp017,3,0.23407167196273804
qwen15b_vllm,false_belief,sfp018,1,0.28763267397880554
qwen15b_vllm,false_belief,sfp018,2,0.19656161963939667
qwen15b_vllm,false_belief,sfp018,3,0.2524920850992203
qwen15b_vllm,false_belief,sfp019,1,0.3605792373418808
qwen15b_vllm,false_belief,sfp019,2,0.3197982609272003
qwen15b_vllm,false_belief,sfp019,3,0.3285682052373886
qwen15b_vllm,false_belief,sfp020,1,0.12718841433525085
qwen15b_vllm,false_belief,sfp020,2,0.14959628880023956
qwen15b_vllm,false_belief,sfp020,3,0.1226324737071991
qwen15b_vllm,faux_pas,sfp001,1,0.23866689205169678
qwen15b_vllm,faux_pas,sfp001,2,0.45371039509773253
qwen15b_vllm,faux_pas,sfp001,3,0.5068529203534127
qwen15b_vllm,faux_pas,sfp002,1,0.35474035143852234
qwen15b_vllm,faux_pas,sfp002,2,0.47414540499448776
qwen15b_vllm,faux_pas,sfp002,3,0.5279005691409111
qwen15b_vllm,faux_pas,sfp003,1,0.5772630143910646
qwen15b_vllm,faux_pas,sfp003,2,0.7931459452956915
qwen15b_vllm,faux_pas,sfp003,3,0.44266704469919205
qwen15b_vllm,faux_pas,sfp004,1,0.770955509506166
qwen15b_vllm,faux_pas,sfp004,2,0.6494191810488701
qwen15b_vllm,faux_pas,sfp004,3,0.668597249314189
qwen15b_vllm,faux_pas,sfp005,1,0.3262242376804352
qwen15b_vllm,faux_pas,sfp005,2,0.3626773953437805
qwen15b_vllm,faux_pas,sfp005,3,0.4439660459756851
qwen15b_vllm,faux_pas,sfp006,1,0.7666735127568245
qwen15b_vllm,faux_pas,sfp006,2,0.38476866483688354
qwen15b_vllm,faux_pas,sfp006,3,0.4957832545042038
qwen15b_vllm,faux_pas,sfp007,1,0.2111901193857193
qwen15b_vllm,faux_pas,sfp007,2,0.39106012880802155
qwen15b_vllm,faux_pas,sfp007,3,0.18360649049282074
qwen15b_vllm,faux_pas,sfp008,1,0.5948283389210701
qwen15b_vllm,faux_pas,sfp008,2,0.5094828888773918
qwen15b_vllm,faux_pas,sfp008,3,0.4559567034244537
qwen15b_vllm,faux_pas,sfp009,1,0.6731809626022974
qwen15b_vllm,faux_pas,sfp009,2,0.542818009853363
qwen15b_vllm,faux_pas,sfp009,3,0.4013712207476298
qwen15b_vllm,faux_pas,sfp010,1,0.8523035502682129
qwen15b_vllm,faux_pas,sfp010,2,0.622267539302508
qwen15b_vllm,faux_pas,sfp010,3,0.4374791781107585
qwen15b_vllm,implicature,swmimp001,1,0.5204561884914126
qwen15b_vllm,implicature,swmimp001,2,0.438490418451173
qwen15b_vllm,implicature,swmimp001,3,0.6546363468681063
qwen15b_vllm,implicature,swmimp002,1,0.3940345048904419
qwen15b_vllm,implicature,swmimp002,2,0.5659471273422241
qwen15b_vllm,implicature,swmimp002,3,0.6230688989162445
qwen15b_vllm,implicature,swmimp003,1,0.742952079201738
qwen15b_vllm,implicature,swmimp003,2,0.36235429843266803
qwen15b_vllm,implicature,swmimp003,3,0.5222214094052712
qwen15b_vllm,implicature,swmimp004,1,0.7547576436772943
qwen15b_vllm,implicature,swmimp004,2,0.47592929750680923
qwen15b_vllm,implicature,swmimp004,3,0.7214432694017887
qwen15b_vllm,implicature,swmimp005,1,0.4947078749537468
qwen15b_vllm,implicature,swmimp005,2,0.6432535499334335
qwen15b_vllm,implicature,swmimp005,3,0.8107346321145693
qwen15b_vllm,implicature,swmimp006,1,0.6973041146993637
qwen15b_vllm,implicature,swmimp006,2,0.7266850570837656
qwen15b_vllm,implicature,swmimp006,3,0.7253987447475083
qwen15b_vllm,implicature,swmimp007,1,0.821291525981256
qwen15b_vllm,implicature,swmimp007,2,0.6567069888114929
qwen15b_vllm,implicature,swmimp007,3,0.5588126384786197
qwen15b_vllm,implicature,swmimp008,1,0.6230114534497261
qwen15b_vllm,implicature,swmimp008,2,0.6669951766729355
qwen15b_vllm,implicature,swmimp008,3,0.6896295607089996
qwen15b_vllm,implicature,swmimp009,1,0.5453030705451966
qwen15b_vllm,implicature,swmimp009,2,0.5660743594169617
qwen15b_vllm,implicature,swmimp009,3,0.46795995235443116
qwen15b_vllm,implicature,swmimp010,1,0.789455970749259
qwen15b_vllm,implicature,swmimp010,2,0.3450525254011154
qwen15b_vllm,implicature,swmimp010,3,0.887793643400073
qwen15b_vllm,implicature,swmimp011,1,0.7576090637594461
qwen15b_vllm,implicature,swmimp011,2,0.5489184595644474
qwen15b_vllm,implicature,swmimp011,3,0.7091789282858372
qwen15b_vllm,implicature,swmimp012,1,0.7227914879719416
qwen15b_vllm,implicature,swmimp012,2,0.902345135807991
qwen15b_vllm,implicature,swmimp012,3,0.659259594976902
qwen15b_vllm,implicature,swmimp013,1,0.49707144498825073
qwen15b_vllm,implicature,swmimp013,2,0.7498464994132519
qwen15b_vllm,implicature,swmimp013,3,0.6434055268764496
qwen15b_vllm,implicature,swmimp014,1,0.4440991282463074
qwen15b_vllm,implicature,swmimp014,2,0.9460358750075102
qwen15b_vllm,implicature,swmimp014,3,0.4694964438676834
qwen15b_vllm,implicature,swmimp015,1,0.6675298810005188
qwen15b_vllm,implicature,swmimp015,2,0.5557287037372589
qwen15b_vllm,implicature,swmimp015,3,0.8921869471669197
qwen15b_vllm,implicature,swmimp016,1,0.5812771808769968
qwen15b_vllm,implicature,swmimp016,2,0.3016027675734626
qwen15b_vllm,implicature,swmimp016,3,0.5933918596969711
qwen15b_vllm,implicature,swmimp017,1,0.9020362806816896
qwen15b_vllm,implicature,swmimp017,2,0.6099824060996374
qwen15b_vllm,implicature,swmimp017,3,0.4501131922006607
qwen15b_vllm,implicature,swmimp018,1,0.8813424496911466
qwen15b_vllm,implicature,swmimp018,2,0.8739819228649139
qwen15b_vllm,implicature,swmimp018,3,0.6518930643796921
qwen15b_vllm,implicature,swmimp019,1,0.7501520253717899
qwen15b_vllm,implicature,swmimp019,2,0.6610912252217531
qwen15b_vllm,implicature,swmimp019,3,0.6026369160972536
qwen15b_vllm,implicature,swmimp020,1,0.7830995718638102
qwen15b_vllm,implicature,swmimp020,2,0.8256048125525316
qwen15b_vllm,implicature,swmimp020,3,0.6385631660620371
qwen15b_vllm,implicature,swmimp021,1,0.3843052387237549
qwen15b_vllm,implicature,swmimp021,2,0.3819800019264221
qwen15b_vllm,implicature,swmimp021,3,0.48386049270629883
qwen15b_vllm,implicature,swmimp022,1,0.392289658387502
qwen15b_vllm,implicature,swmimp022,2,0.6127939373254776
qwen15b_vllm,implicature,swmimp022,3,0.7510035087664922
qwen15b_vllm,implicature,swmimp023,1,0.5407294929027557
qwen15b_vllm,implicature,swmimp023,2,0.7461572661995888
qwen15b_vllm,implicature,swmimp023,3,0.5855767652392387
qwen15b_vllm,implicature,swmimp024,1,0.5845751129090786
qwen15b_vllm,implicature,swmimp024,2,0.700803387502674
qwen15b_vllm,implicature,swmimp024,3,0.5543252602219582
qwen15b_vllm,implicature,swmimp025,1,0.47907445430755613
qwen15b_vllm,implicature,swmimp025,2,0.350239098072052
qwen15b_vllm,implicature,swmimp025,3,0.5503185257315636
qwen15b_vllm,implicature,swmimp026,1,0.6483848113566637
qwen15b_vllm,implicature,swmimp026,2,0.6746155936270952
qwen15b_vllm,implicature,swmimp026,3,0.5365615300834179
qwen15b_vllm,implicature,swmimp027,1,0.6850088909268379
qwen15b_vllm,implicature,swmimp027,2,0.8647561687976122
qwen15b_vllm,implicature,swmimp027,3,0.334165096282959
qwen15b_vllm,implicature,swmimp028,1,0.7257635270555814
qwen15b_vllm,implicature,swmimp028,2,0.572578010459741
qwen15b_vllm,implicature,swmimp028,3,0.6418217420578003
qwen15b_vllm,implicature,swmimp029,1,0.6921998163064321
qwen15b_vllm,implicature,swmimp029,2,0.42058318853378296
qwen15b_vllm,implicature,swmimp029,3,0.7770836129784584
qwen15b_vllm,implicature,swmimp030,1,0.804126518468062
qwen15b_vllm,implicature,swmimp030,2,0.7347819159428278
qwen15b_vllm,implicature,swmimp030,3,0.41128139694531757
qwen15b_vllm,implicature,swmimp031,1,0.5352552149977002
qwen15b_vllm,implicature,swmimp031,2,0.489961849791663
qwen15b_vllm,implicature,swmimp031,3,0.6165123220000949
qwen15b_vllm,implicature,swmimp032,1,0.8163401981194814
qwen15b_vllm,implicature,swmimp032,2,0.5709090686092774
qwen15b_vllm,implicature,swmimp032,3,0.5254798904061317
qwen15b_vllm,implicature,swmimp033,1,0.9089529179036617
qwen15b_vllm,implicature,swmimp033,2,0.5938387624919415
qwen15b_vllm,implicature,swmimp033,3,0.7424894962459803
qwen15b_vllm,implicature,swmimp034,1,0.2416735589504242
qwen15b_vllm,implicature,swmimp034,2,0.2775910496711731
qwen15b_vllm,implicature,swmimp034,3,0.33615756034851074
qwen15b_vllm,implicature,swmimp035,1,0.6490532364696264
qwen15b_vllm,implicature,swmimp035,2,0.5875680632889271
qwen15b_vllm,implicature,swmimp035,3,0.7973722955211997
qwen15b_vllm,implicature,swmimp036,1,0.4322206199169159
qwen15b_vllm,implicature,swmimp036,2,0.6778740875422955
qwen15b_vllm,implicature,swmimp036,3,0.8483134225010872
qwen15b_vllm,implicature,swmimp037,1,0.7064139526337385
qwen15b_vllm,implicature,swmimp037,2,0.8122587474063039
qwen15b_vllm,implicature,swmimp037,3,0.6184203810989857
qwen15b_vllm,implicature,swmimp038,1,0.7170682785411676
qwen15b_vllm,implicature,swmimp038,2,0.6101117332776388
qwen15b_vllm,implicature,swmimp038,3,0.7559199255580703
qwen15b_vllm,implicature,swmimp039,1,0.5900117367506027
qwen15b_vllm,implicature,swmimp039,2,0.4610111862421036
qwen15b_vllm,implicature,swmimp039,3,0.7815086498856545
qwen15b_vllm,implicature,swmimp040,1,0.741864388808608
qwen15b_vllm,implicature,swmimp040,2,0.6839673593640327
qwen15b_vllm,implicature,swmimp040,3,0.38236010633409023
qwen15b_vllm,implicature,swmimp041,1,0.3743719831109047
qwen15b_vllm,implicature,swmimp041,2,0.7540093986317515
qwen15b_vllm,implicature,swmimp041,3,0.8436273606494069
qwen15b_vllm,implicature,swmimp042,1,0.4367630084355672
qwen15b_vllm,implicature,swmimp042,2,0.5346034367879232
qwen15b_vllm,implicature,swmimp042,3,0.7557795817653338
qwen15b_vllm,implicature,swmimp043,1,0.8092436119914055
qwen15b_vllm,implicature,swmimp043,2,0.5802709758281708
qwen15b_vllm,implicature,swmimp043,3,0.8785374909639359
qwen15b_vllm,implicature,swmimp044,1,0.6125728577375412
qwen15b_vllm,implicature,swmimp044,2,0.36544663906097413
qwen15b_vllm,implicature,swmimp044,3,0.658767557144165
qwen15b_vllm,implicature,swmimp045,1,0.6022415906190872
qwen15b_vllm,implicature,swmimp045,2,0.5543917864561081
qwen15b_vllm,implicature,swmimp045,3,0.5679778158664703
qwen15b_vllm,implicature,swmimp046,1,0.5157138288021088
qwen15b_vllm,implicature,swmimp046,2,0.513194465637207
qwen15b_vllm,implicature,swmimp046,3,0.7228771626949311
qwen15b_vllm,implicature,swmimp047,1,0.47258830070495605
qwen15b_vllm,implicature,swmimp047,2,0.4945649902025859
qwen15b_vllm,implicature,swmimp047,3,0.463852862517039
qwen15b_vllm,implicature,swmimp048,1,0.6474028564989567
qwen15b_vllm,implicature,swmimp048,2,0.5828228816390038
qwen15b_vllm,implicature,swmimp048,3,0.35309018939733505
qwen15b_vllm,implicature,swmimp049,1,0.5478198938071728
qwen15b_vllm,implicature,swmimp049,2,0.4096565544605255
qwen15b_vllm,implicature,swmimp049,3,0.35053790360689163
qwen15b_vllm,implicature,swmimp050,1,0.4571704089641571
qwen15b_vllm,implicature,swmimp050,2,0.7419193375855684
qwen15b_vllm,implicature,swmimp050,3,0.46686597168445587
qwen15b_vllm,implicature,swmimp051,1,0.8496304930187761
qwen15b_vllm,implicature,swmimp051,2,0.7788852969184518
qwen15b_vllm,implicature,swmimp051,3,0.48517678380012513
qwen15b_vllm,implicature,swmimp052,1,0.5460659042000771
qwen15b_vllm,implicature,swmimp052,2,0.589731439948082
qwen15b_vllm,implicature,swmimp052,3,0.69420584756881
qwen15b_vllm,implicature,swmimp053,1,0.6760976935426394
qwen15b_vllm,implicature,swmimp053,2,0.7419163982073466
qwen15b_vllm,implicature,swmimp053,3,0.7966027998675903
qwen15b_vllm,implicature,swmimp054,1,0.5851143002510071
qwen15b_vllm,implicature,swmimp054,2,0.6635496020317078
qwen15b_vllm,implicature,swmimp054,3,0.7203225195407867
qwen15b_vllm,implicature,swmimp055,1,0.6020345568656922
qwen15b_vllm,implicature,swmimp055,2,0.4420854449272156
qwen15b_vllm,implicature,swmimp055,3,0.7567554831504821
qwen15b_vllm,implicature,swmimp056,1,0.735537551343441
qwen15b_vllm,implicature,swmimp056,2,0.5835778514544169
qwen15b_vllm,implicature,swmimp056,3,0.5889590134223303
qwen15b_vllm,implicature,swmimp057,1,0.8912974745035172
qwen15b_vllm,implicature,swmimp057,2,0.6746647159258524
qwen15b_vllm,implicature,swmimp057,3,0.7988837212324142
qwen15b_vllm,implicature,swmimp058,1,0.43978941440582275
qwen15b_vllm,implicature,swmimp058,2,0.9959730592866739
qwen15b_vllm,implicature,swmimp058,3,0.592643196384112
qwen15b_vllm,implicature,swmimp059,1,0.747623129747808
qwen15b_vllm,implicature,swmimp059,2,0.4602469652891159
qwen15b_vllm,implicature,swmimp059,3,0.7114800307899714
qwen15b_vllm,implicature,swmimp060,1,0.5351098279158274
qwen15b_vllm,implicature,swmimp060,2,0.5496247112751007
qwen15b_vllm,implicature,swmimp060,3,0.5816403031349182
qwen15b_vllm,implicature,swmimp061,1,0.5317566096782684
qwen15b_vllm,implicature,swmimp061,2,0.6546593010425568
qwen15b_vllm,implicature,swmimp061,3,0.5719111859798431
qwen15b_vllm,implicature,swmimp062,1,0.488057682911555
qwen15b_vllm,implicature,swmimp062,2,0.6104332904020945
qwen15b_vllm,implicature,swmimp062,3,0.4655436923106511
qwen15b_vllm,implicature,swmimp063,1,0.834646868519485
qwen15b_vllm,implicature,swmimp063,2,0.7941405698657036
qwen15b_vllm,implicature,swmimp063,3,0.5642115455120802
qwen15b_vllm,implicature,swmimp064,1,0.9736158614978194
qwen15b_vllm,implicature,swmimp064,2,0.5061804950237274
qwen15b_vllm,implicature,swmimp064,3,0.6385071724653244
qwen15b_vllm,implicature,swmimp065,1,0.782249828800559
qwen15b_vllm,implicature,swmimp065,2,0.6545606392125288
qwen15b_vllm,implicature,swmimp065,3,0.6231709939117233
qwen15b_vllm,implicature,swmimp066,1,0.6561373124519984
qwen15b_vllm,implicature,swmimp066,2,0.7861502481003603
qwen15b_vllm,implicature,swmimp066,3,0.721423881749312
qwen15b_vllm,implicature,swmimp067,1,0.6027631498873234
qwen15b_vllm,implicature,swmimp067,2,0.35247119665145876
qwen15b_vllm,implicature,swmimp067,3,0.4069373369216919
qwen15b_vllm,implicature,swmimp068,1,0.5891237879792849
qwen15b_vllm,implicature,swmimp068,2,0.7751541535059611
qwen15b_vllm,implicature,swmimp068,3,0.5549223298827807
qwen15b_vllm,implicature,swmimp069,1,0.6776168078184128
qwen15b_vllm,implicature,swmimp069,2,0.6544194102287293
qwen15b_vllm,implicature,swmimp069,3,0.7767349436879158
qwen15b_vllm,implicature,swmimp070,1,0.5556513518095016
qwen15b_vllm,implicature,swmimp070,2,0.8027697550132871
qwen15b_vllm,implicature,swmimp070,3,0.717850998044014
qwen15b_vllm,implicature,swmimp071,1,0.6214125379920006
qwen15b_vllm,implicature,swmimp071,2,0.8530986420810223
qwen15b_vllm,implicature,swmimp071,3,0.7073975894600153
qwen15b_vllm,implicature,swmimp072,1,0.5835543324549993
qwen15b_vllm,implicature,swmimp072,2,0.6058613856633505
qwen15b_vllm,implicature,swmimp072,3,0.39626582463582355
qwen15b_vllm,implicature,swmimp073,1,0.6668656965096792
qwen15b_vllm,implicature,swmimp073,2,0.4978012169400851
qwen15b_vllm,implicature,swmimp073,3,0.6426475420594215
qwen15b_vllm,implicature,swmimp074,1,0.6392310075461864
qwen15b_vllm,implicature,swmimp074,2,0.4871657167871793
qwen15b_vllm,implicature,swmimp074,3,0.6392747176190218
qwen15b_vllm,implicature,swmimp075,1,0.699423888232559
qwen15b_vllm,implicature,swmimp075,2,0.7964772284030914
qwen15b_vllm,implicature,swmimp075,3,0.6146760689360755
qwen15b_vllm,implicature,swmimp076,1,0.6758213043212891
qwen15b_vllm,implicature,swmimp076,2,0.6855753250420094
qwen15b_vllm,implicature,swmimp076,3,0.586995241465047
qwen15b_vllm,implicature,swmimp077,1,0.6195492416620254
qwen15b_vllm,implicature,swmimp077,2,0.5989187180995941
qwen15b_vllm,implicature,swmimp077,3,0.6013275146484375
qwen15b_vllm,implicature,swmimp078,1,0.3685477872689565
qwen15b_vllm,implicature,swmimp078,2,0.3841916670401891
qwen15b_vllm,implicature,swmimp078,3,0.4758743643760681
qwen15b_vllm,implicature,swmimp079,1,0.6636434652443443
qwen15b_vllm,implicature,swmimp079,2,0.6322428035948958
qwen15b_vllm,implicature,swmimp079,3,0.5621754750609398
qwen15b_vllm,implicature,swmimp080,1,0.7119337677955627
qwen15b_vllm,implicature,swmimp080,2,0.5952485471963882
qwen15b_vllm,implicature,swmimp080,3,0.5254214033484459
qwen15b_vllm,implicature,swmimp081,1,0.463886034488678
qwen15b_vllm,implicature,swmimp081,2,0.7994997084140778
qwen15b_vllm,implicature,swmimp081,3,0.625638073682785
qwen15b_vllm,implicature,swmimp082,1,0.8743987707421184
qwen15b_vllm,implicature,swmimp082,2,0.5537335574626923
qwen15b_vllm,implicature,swmimp082,3,0.5343810087069869
qwen15b_vllm,implicature,swmimp083,1,0.5679683201014996
qwen15b_vllm,implicature,swmimp083,2,0.7403788852194945
qwen15b_vllm,implicature,swmimp083,3,0.7119322667519251
qwen15b_vllm,implicature,swmimp084,1,0.5317783623933792
qwen15b_vllm,implicature,swmimp084,2,0.5920041620731353
qwen15b_vllm,implicature,swmimp084,3,0.7118157148361206
qwen15b_vllm,implicature,swmimp085,1,0.5634851399809122
qwen15b_vllm,implicature,swmimp085,2,0.512092063203454
qwen15b_vllm,implicature,swmimp085,3,0.4815581701695919
qwen15b_vllm,implicature,swmimp086,1,0.6909210488200188
qwen15b_vllm,implicature,swmimp086,2,0.51112802028656
qwen15b_vllm,implicature,swmimp086,3,0.42224396467208863
qwen15b_vllm,implicature,swmimp087,1,0.5104487836360931
qwen15b_vllm,implicature,swmimp087,2,0.5701377131044865
qwen15b_vllm,implicature,swmimp087,3,0.5764899030327797
qwen15b_vllm,implicature,swmimp088,1,0.6701365392655134
qwen15b_vllm,implicature,swmimp088,2,0.6196674555540085
qwen15b_vllm,implicature,swmimp088,3,0.6811959129408933
qwen15b_vllm,implicature,swmimp089,1,0.6841725260019302
qwen15b_vllm,implicature,swmimp089,2,0.5470213840405146
qwen15b_vllm,implicature,swmimp089,3,0.5462461610635122
qwen15b_vllm,implicature,swmimp090,1,0.9617063055435816
qwen15b_vllm,implicature,swmimp090,2,0.8944407577315966
qwen15b_vllm,implicature,swmimp090,3,0.7770507906874021
qwen15b_vllm,implicature,swmimp091,1,0.2773329377174377
qwen15b_vllm,implicature,swmimp091,2,0.4528129279613495
qwen15b_vllm,implicature,swmimp091,3,0.4297850728034973
qwen15b_vllm,implicature,swmimp092,1,0.5048266481608152
qwen15b_vllm,implicature,swmimp092,2,0.6402287036180496
qwen15b_vllm,implicature,swmimp092,3,0.5475099794566631
qwen15b_vllm,implicature,swmimp093,1,0.6273279991000891
qwen15b_vllm,implicature,swmimp093,2,0.661689143627882
qwen15b_vllm,implicature,swmimp093,3,0.5462706387042999
qwen15b_vllm,implicature,swmimp094,1,0.645661186426878
qwen15b_vllm,implicature,swmimp094,2,0.2953900694847107
qwen15b_vllm,implicature,swmimp094,3,0.5754321770121654
qwen15b_vllm,implicature,swmimp095,1,0.7760212682187557
qwen15b_vllm,implicature,swmimp095,2,0.5074656866490841
qwen15b_vllm,implicature,swmimp095,3,0.46366328932344913
qwen15b_vllm,implicature,swmimp096,1,0.7244310639798641
qwen15b_vllm,implicature,swmimp096,2,0.5658055037260056
qwen15b_vllm,implicature,swmimp096,3,0.7803655922412872
qwen15b_vllm,implicature,swmimp097,1,0.5271329445143541
qwen15b_vllm,implicature,swmimp097,2,0.4655303582549095
qwen15b_vllm,implicature,swmimp097,3,0.7212245535726348
qwen15b_vllm,implicature,swmimp098,1,0.46368851512670517
qwen15b_vllm,implicature,swmimp098,2,0.5369545767704645
qwen15b_vllm,implicature,swmimp098,3,0.5459441815813383
qwen15b_vllm,implicature,swmimp099,1,0.5318488515913486
qwen15b_vllm,implicature,swmimp099,2,0.7854208573698997
qwen15b_vllm,implicature,swmimp099,3,0.7043393701314926
qwen15b_vllm,implicature,swmimp100,1,0.6533103197813034
qwen15b_vllm,implicature,swmimp100,2,0.6318578898906708
qwen15b_vllm,implicature,swmimp100,3,0.6626551419496536
qwen15b_vllm,implicature,swmimp101,1,0.6813701666436497
qwen15b_vllm,implicature,swmimp101,2,0.5009191334247589
qwen15b_vllm,implicature,swmimp101,3,0.550927000966939
qwen15b_vllm,implicature,swmimp102,1,0.6945852291854945
qwen15b_vllm,implicature,swmimp102,2,0.6140461767261679
qwen15b_vllm,implicature,swmimp102,3,0.6249960911544886
qwen15b_vllm,implicature,swmimp103,1,0.0
qwen15b_vllm,implicature,swmimp103,2,0.0
qwen15b_vllm,implicature,swmimp103,3,0.0
qwen15b_vllm,implicature,swmimp104,1,0.49001873758706177
qwen15b_vllm,implicature,swmimp104,2,0.5348191911523993
qwen15b_vllm,implicature,swmimp104,3,0.5143967189572074
qwen15b_vllm,implicature,swmimp105,1,0.0
qwen15b_vllm,implicature,swmimp105,2,0.0
qwen15b_vllm,implicature,swmimp105,3,0.0
qwen15b_vllm,implicature,swmimp106,1,0.0
qwen15b_vllm,implicature,swmimp106,2,0.0
qwen15b_vllm,implicature,swmimp106,3,0.0
qwen15b_vllm,implicature,swmimp107,1,0.0
qwen15b_vllm,implicature,swmimp107,2,0.0
qwen15b_vllm,implicature,swmimp107,3,0.0
qwen15b_vllm,implicature,swmimp108,1,0.0
qwen15b_vllm,implicature,swmimp108,2,0.0
qwen15b_vllm,implicature,swmimp108,3,0.0
qwen15b_vllm,implicature,swmimp109,1,0.0
qwen15b_vllm,implicature,swmimp109,2,0.0
qwen15b_vllm,implicature,swmimp109,3,0.0
qwen15b_vllm,implicature,swmimp110,1,0.5407069623470306
qwen15b_vllm,implicature,swmimp110,2,0.8592182770371437
qwen15b_vllm,implicature,swmimp110,3,0.7347004488110542
qwen15b_vllm,implicature,swmimp111,1,0.6179296467453241
qwen15b_vllm,implicature,swmimp111,2,0.6276872138328412
qwen15b_vllm,implicature,swmimp111,3,0.6097860670484164
qwen15b_vllm,implicature,swmimp112,1,0.7655740037560463
qwen15b_vllm,implicature,swmimp112,2,0.7761089612264186
qwen15b_vllm,implicature,swmimp112,3,0.6434712380170822
qwen15b_vllm,implicature,swmimp113,1,0.662396735378674
qwen15b_vllm,implicature,swmimp113,2,0.6246184046779361
qwen15b_vllm,implicature,swmimp113,3,0.681096898657935
qwen15b_vllm,implicature,swmimp114,1,0.6596541185345914
qwen15b_vllm,implicature,swmimp114,2,0.6242563103636106
qwen15b_vllm,implicature,swmimp114,3,0.8089781503917443
qwen15b_vllm,implicature,swmimp115,1,0.5161689892411232
qwen15b_vllm,implicature,swmimp115,2,0.7098191902041435
qwen15b_vllm,implicature,swmimp115,3,0.5804976671934128
qwen15b_vllm,implicature,swmimp116,1,0.5960830971598625
qwen15b_vllm,implicature,swmimp116,2,0.5984796682993571
qwen15b_vllm,implicature,swmimp116,3,0.5578459352254868
qwen15b_vllm,implicature,swmimp117,1,0.5275579318404198
qwen15b_vllm,implicature,swmimp117,2,0.660749152302742
qwen15b_vllm,implicature,swmimp117,3,0.4572993069887161
qwen15b_vllm,implicature,swmimp118,1,0.5907158652941386
qwen15b_vllm,implicature,swmimp118,2,0.4223901828130086
qwen15b_vllm,implicature,swmimp118,3,0.578312928477923
qwen15b_vllm,implicature,swmimp119,1,0.4920273631811142
qwen15b_vllm,implicature,swmimp119,2,0.39507939368486406
qwen15b_vllm,implicature,swmimp119,3,0.5836108251474798
qwen15b_vllm,implicature,swmimp120,1,0.44714803496996564
qwen15b_vllm,implicature,swmimp120,2,0.44639233748118085
qwen15b_vllm,implicature,swmimp120,3,0.7162352514763674
qwen15b_vllm,implicature,swmimp121,1,0.6742391717853025
qwen15b_vllm,implicature,swmimp121,2,0.5189533121883869
qwen15b_vllm,implicature,swmimp121,3,0.574018094688654
qwen15b_vllm,implicature,swmimp122,1,0.6423992961645126
qwen15b_vllm,implicature,swmimp122,2,1.0367719111964107
qwen15b_vllm,implicature,swmimp122,3,0.6110403761267662
qwen15b_vllm,implicature,swmimp123,1,0.5842500329017639
qwen15b_vllm,implicature,swmimp123,2,0.3120693763097127
qwen15b_vllm,implicature,swmimp123,3,0.4246452748775482
qwen15b_vllm,implicature,swmimp124,1,0.5504865992282119
qwen15b_vllm,implicature,swmimp124,2,0.5511239202959197
qwen15b_vllm,implicature,swmimp124,3,0.5556370871407645
qwen15b_vllm,implicature,swmimp125,1,0.6714751073824508
qwen15b_vllm,implicature,swmimp125,2,0.5576197446456977
qwen15b_vllm,implicature,swmimp125,3,0.5721075222162264
qwen15b_vllm,implicature,swmimp126,1,0.5162362977862358
qwen15b_vllm,implicature,swmimp126,2,0.5614231845829636
qwen15b_vllm,implicature,swmimp126,3,0.7191751794889569
qwen15b_vllm,implicature,swmimp127,1,0.5886846996015973
qwen15b_vllm,implicature,swmimp127,2,0.6083635257350074
qwen15b_vllm,implicature,swmimp127,3,0.6626726968420876
qwen15b_vllm,implicature,swmimp128,1,0.5822138309478759
qwen15b_vllm,implicature,swmimp128,2,0.5923717552175124
qwen15b_vllm,implicature,swmimp128,3,0.6069061140219371
qwen15b_vllm,implicature,swmimp129,1,0.7183307136098543
qwen15b_vllm,implicature,swmimp129,2,0.5675813555717468
qwen15b_vllm,implicature,swmimp129,3,0.6099500812900563
qwen15b_vllm,implicature,swmimp130,1,0.507810771258341
qwen15b_vllm,implicature,swmimp130,2,0.5950924141539468
qwen15b_vllm,implicature,swmimp130,3,0.6201434971557723
qwen15b_vllm,implicature,swmimp131,1,0.7639736315856377
qwen15b_vllm,implicature,swmimp131,2,0.6582930187384287
qwen15b_vllm,implicature,swmimp131,3,0.5849317361911138
qwen15b_vllm,implicature,swmimp132,1,0.626115233451128
qwen15b_vllm,implicature,swmimp132,2,0.7154896393418312
qwen15b_vllm,implicature,swmimp132,3,0.5938983134925365
qwen15b_vllm,implicature,swmimp133,1,0.5020857244729996
qwen15b_vllm,implicature,swmimp133,2,0.4462835431098938
qwen15b_vllm,implicature,swmimp133,3,0.5597139619290828
qwen15b_vllm,implicature,swmimp134,1,0.4458746711413066
qwen15b_vllm,implicature,swmimp134,2,0.6445034158726534
qwen15b_vllm,implicature,swmimp134,3,0.5755624547600746
qwen15b_vllm,implicature,swmimp135,1,0.5328075885772705
qwen15b_vllm,implicature,swmimp135,2,0.637670086696744
qwen15b_vllm,implicature,swmimp135,3,0.5702037950977683
qwen15b_vllm,implicature,swmimp136,1,0.8812800526386126
qwen15b_vllm,implicature,swmimp136,2,0.6986449360847473
qwen15b_vllm,implicature,swmimp136,3,0.5932320356369019
qwen15b_vllm,implicature,swmimp137,1,0.6940437306960424
qwen15b_vllm,implicature,swmimp137,2,0.6819645216067632
qwen15b_vllm,implicature,swmimp137,3,0.6447446346282959
qwen15b_vllm,implicature,swmimp138,1,0.707952755689621
qwen15b_vllm,implicature,swmimp138,2,0.7007972329854966
qwen15b_vllm,implicature,swmimp138,3,0.6711167514324188
qwen15b_vllm,implicature,swmimp139,1,0.7872307340481451
qwen15b_vllm,implicature,swmimp139,2,0.49366935023239683
qwen15b_vllm,implicature,swmimp139,3,0.7139322087168694
qwen15b_vllm,implicature,swmimp140,1,0.6298243155082067
qwen15b_vllm,implicature,swmimp140,2,0.5039753564116027
qwen15b_vllm,implicature,swmimp140,3,0.41333580389618874
qwen15b_vllm,implicature,swmimp141,1,0.5032327108085155
qwen15b_vllm,implicature,swmimp141,2,0.523069454729557
qwen15b_vllm,implicature,swmimp141,3,0.5654339671134949
qwen15b_vllm,implicature,swmimp142,1,0.6997736841440201
qwen15b_vllm,implicature,swmimp142,2,0.5338221684926086
qwen15b_vllm,implicature,swmimp142,3,0.5828592843479581
qwen15b_vllm,implicature,swmimp143,1,0.5216873033958322
qwen15b_vllm,implicature,swmimp143,2,0.3566986918449402
qwen15b_vllm,implicature,swmimp143,3,0.40183677743462953
qwen15b_vllm,implicature,swmimp144,1,0.48239709538492287
qwen15b_vllm,implicature,swmimp144,2,0.4199328837408261
qwen15b_vllm,implicature,swmimp144,3,0.5383526027541269
qwen15b_vllm,implicature,swmimp145,1,0.3155859708786011
qwen15b_vllm,implicature,swmimp145,2,0.6000172893206278
qwen15b_vllm,implicature,swmimp145,3,0.6129407286643982
qwen15b_vllm,implicature,swmimp146,1,0.34723128738074466
qwen15b_vllm,implicature,swmimp146,2,0.48350473673179234
qwen15b_vllm,implicature,swmimp146,3,0.3833616142129076
qwen15b_vllm,implicature,swmimp147,1,0.5761508734689819
qwen15b_vllm,implicature,swmimp147,2,0.5574542590313487
qwen15b_vllm,implicature,swmimp147,3,0.4567703306674957
qwen15b_vllm,implicature,swmimp148,1,0.5950239524245262
qwen15b_vllm,implicature,swmimp148,2,0.5624463214324071
qwen15b_vllm,implicature,swmimp148,3,0.612981976224826
qwen15b_vllm,implicature,swmimp149,1,0.5966744214296341
qwen15b_vllm,implicature,swmimp149,2,0.5847922414541245
qwen15b_vllm,implicature,swmimp149,3,0.6069284692406655
qwen15b_vllm,implicature,swmimp150,1,0.5748331099748611
qwen15b_vllm,implicature,swmimp150,2,0.40868301391601564
qwen15b_vllm,implicature,swmimp150,3,0.6513797163963317
qwen15b_vllm,implicature,swmimp151,1,0.42928100590194973
qwen15b_vllm,implicature,swmimp151,2,0.5057946997029441
qwen15b_vllm,implicature,swmimp151,3,0.4476984164544514
qwen15b_vllm,implicature,swmimp152,1,0.5349625862307019
qwen15b_vllm,implicature,swmimp152,2,0.621878425280253
qwen15b_vllm,implicature,swmimp152,3,0.653109911415312
qwen15b_vllm,implicature,swmimp153,1,0.567936402435104
qwen15b_vllm,implicature,swmimp153,2,0.592297312286165
qwen15b_vllm,implicature,swmimp153,3,0.6144429337647226
qwen15b_vllm,implicature,swmimp154,1,0.46149813135464984
qwen15b_vllm,implicature,swmimp154,2,0.6353520709607337
qwen15b_vllm,implicature,swmimp154,3,0.4971664953045547
qwen15b_vllm,implicature,swmimp155,1,0.7330179214477539
qwen15b_vllm,implicature,swmimp155,2,0.7523383647203445
qwen15b_vllm,implicature,swmimp155,3,0.8594409823417664
qwen15b_vllm,implicature,swmimp156,1,0.6029360242761098
qwen15b_vllm,implicature,swmimp156,2,0.6402458084317354
qwen15b_vllm,implicature,swmimp156,3,0.6040035222585385
qwen15b_vllm,implicature,swmimp157,1,0.6235414457817873
qwen15b_vllm,implicature,swmimp157,2,0.4939536154270172
qwen15b_vllm,implicature,swmimp157,3,0.7478193293015162
qwen15b_vllm,implicature,swmimp158,1,0.4690362922847271
qwen15b_vllm,implicature,swmimp158,2,0.8139440650120378
qwen15b_vllm,implicature,swmimp158,3,0.47734805941581726
qwen15b_vllm,implicature,swmimp159,1,0.5901476251227515
qwen15b_vllm,implicature,swmimp159,2,0.38753179141453337
qwen15b_vllm,implicature,swmimp159,3,0.7036823555827141
qwen15b_vllm,implicature,swmimp160,1,0.7285131141543388
qwen15b_vllm,implicature,swmimp160,2,0.5963968017271587
qwen15b_vllm,implicature,swmimp160,3,0.6087157002517155
qwen15b_vllm,implicature,swmimp161,1,0.6810809969902039
qwen15b_vllm,implicature,swmimp161,2,0.6519645431212017
qwen15b_vllm,implicature,swmimp161,3,0.7891437634825706
qwen15b_vllm,implicature,swmimp162,1,0.5108901311953863
qwen15b_vllm,implicature,swmimp162,2,0.5169200350840887
qwen15b_vllm,implicature,swmimp162,3,0.7610371935491761
qwen15b_vllm,implicature,swmimp163,1,0.6880715174807442
qwen15b_vllm,implicature,swmimp163,2,0.7190640543897947
qwen15b_vllm,implicature,swmimp163,3,0.520701699786716
qwen15b_vllm,implicature,swmimp164,1,0.6749664577655494
qwen15b_vllm,implicature,swmimp164,2,0.5353849790990353
qwen15b_vllm,implicature,swmimp164,3,0.7075292766094208
qwen15b_vllm,implicature,swmimp165,1,0.7592356304327647
qwen15b_vllm,implicature,swmimp165,2,0.7370386173327764
qwen15b_vllm,implicature,swmimp165,3,0.4444468120733897
qwen15b_vllm,implicature,swmimp166,1,0.4565337896347046
qwen15b_vllm,implicature,swmimp166,2,0.5039605796337128
qwen15b_vllm,implicature,swmimp166,3,0.4318414628505707
qwen15b_vllm,implicature,swmimp167,1,0.6965159431099892
qwen15b_vllm,implicature,swmimp167,2,0.6021595880389213
qwen15b_vllm,implicature,swmimp167,3,0.7038442969322205
qwen15b_vllm,implicature,swmimp168,1,0.38388384381930035
qwen15b_vllm,implicature,swmimp168,2,0.8148566125504052
qwen15b_vllm,implicature,swmimp168,3,0.7910388695696989
qwen15b_vllm,implicature,swmimp169,1,0.44612983117500943
qwen15b_vllm,implicature,swmimp169,2,0.5498152921597163
qwen15b_vllm,implicature,swmimp169,3,0.29719868302345276
qwen15b_vllm,implicature,swmimp170,1,0.8090888625010848
qwen15b_vllm,implicature,swmimp170,2,0.83469851128757
qwen15b_vllm,implicature,swmimp170,3,0.46540290862321854
qwen15b_vllm,implicature,swmimp171,1,0.568951955911788
qwen15b_vllm,implicature,swmimp171,2,0.6106220192529939
qwen15b_vllm,implicature,swmimp171,3,0.40204462679949676
qwen15b_vllm,implicature,swmimp172,1,0.6676977823177973
qwen15b_vllm,implicature,swmimp172,2,0.7836741755406061
qwen15b_vllm,implicature,swmimp172,3,0.5162679503361384
qwen15b_vllm,implicature,swmimp173,1,0.4900750368833542
qwen15b_vllm,implicature,swmimp173,2,0.4144836887717247
qwen15b_vllm,implicature,swmimp173,3,0.5703299473971128
qwen15b_vllm,implicature,swmimp174,1,0.8180827647447586
qwen15b_vllm,implicature,swmimp174,2,0.4628002256155014
qwen15b_vllm,implicature,swmimp174,3,0.3338701963424683
qwen15b_vllm,implicature,swmimp175,1,0.479027459025383
qwen15b_vllm,implicature,swmimp175,2,0.5830843687057495
qwen15b_vllm,implicature,swmimp175,3,0.43227681517601013
qwen15b_vllm,implicature,swmimp176,1,0.46418686509132384
qwen15b_vllm,implicature,swmimp176,2,0.5294094871263951
qwen15b_vllm,implicature,swmimp176,3,0.4429851293563843
qwen15b_vllm,implicature,swmimp177,1,0.5324321900095258
qwen15b_vllm,implicature,swmimp177,2,0.5465694112437112
qwen15b_vllm,implicature,swmimp177,3,0.619082377425262
qwen15b_vllm,implicature,swmimp178,1,0.4741543382406235
qwen15b_vllm,implicature,swmimp178,2,0.4585101385326946
qwen15b_vllm,implicature,swmimp178,3,0.5870737919364782
qwen15b_vllm,implicature,swmimp179,1,0.5536586549133062
qwen15b_vllm,implicature,swmimp179,2,0.6962267747148871
qwen15b_vllm,implicature,swmimp179,3,0.6400389348855242
qwen15b_vllm,implicature,swmimp180,1,0.743289963901043
qwen15b_vllm,implicature,swmimp180,2,0.4994442105293274
qwen15b_vllm,implicature,swmimp180,3,0.48973860740661623
qwen15b_vllm,implicature,swmimp181,1,0.5599665535347802
qwen15b_vllm,implicature,swmimp181,2,0.42682854405471254
qwen15b_vllm,implicature,swmimp181,3,0.652285124973527
qwen15b_vllm,implicature,swmimp182,1,0.8388230800628662
qwen15b_vllm,implicature,swmimp182,2,0.5948784053325653
qwen15b_vllm,implicature,swmimp182,3,0.8812388107180595
qwen15b_vllm,implicature,swmimp183,1,0.6242187470197678
qwen15b_vllm,implicature,swmimp183,2,0.535957266887029
qwen15b_vllm,implicature,swmimp183,3,0.612925353149573
qwen15b_vllm,implicature,swmimp184,1,0.6289499402046204
qwen15b_vllm,implicature,swmimp184,2,0.4947282150387764
qwen15b_vllm,implicature,swmimp184,3,0.7445346596650779
qwen15b_vllm,implicature,swmimp185,1,0.6707302909344435
qwen15b_vllm,implicature,swmimp185,2,0.8297995374305174
qwen15b_vllm,implicature,swmimp185,3,0.6488516037352383
qwen15b_vllm,implicature,swmimp186,1,0.596610426902771
qwen15b_vllm,implicature,swmimp186,2,0.1894572377204895
qwen15b_vllm,implicature,swmimp186,3,0.3922208547592163
qwen15b_vllm,implicature,swmimp187,1,0.7708662897348404
qwen15b_vllm,implicature,swmimp187,2,0.876569364219904
qwen15b_vllm,implicature,swmimp187,3,0.744242362678051
qwen15b_vllm,implicature,swmimp188,1,0.6346414610743523
qwen15b_vllm,implicature,swmimp188,2,0.5317867882549763
qwen15b_vllm,implicature,swmimp188,3,0.7256628815084696
qwen15b_vllm,implicature,swmimp189,1,0.5857597589492798
qwen15b_vllm,implicature,swmimp189,2,0.5023860236008962
qwen15b_vllm,implicature,swmimp189,3,0.6220154960950216
qwen15b_vllm,implicature,swmimp190,1,0.6771577397982279
qwen15b_vllm,implicature,swmimp190,2,0.6020774841308594
qwen15b_vllm,implicature,swmimp190,3,0.5427703559398651
qwen15b_vllm,implicature,swmimp191,1,0.8333734208717942
qwen15b_vllm,implicature,swmimp191,2,0.6270262002944946
qwen15b_vllm,implicature,swmimp191,3,0.5993221253156662
qwen15b_vllm,implicature,swmimp192,1,0.607616014778614
qwen15b_vllm,implicature,swmimp192,2,0.556602954864502
qwen15b_vllm,implicature,swmimp192,3,0.6045834701508284
qwen15b_vllm,implicature,swmimp193,1,0.5548984445631504
qwen15b_vllm,implicature,swmimp193,2,0.7678497582674026
qwen15b_vllm,implicature,swmimp193,3,0.4384976228078206
qwen15b_vllm,implicature,swmimp194,1,0.7929986909031868
qwen15b_vllm,implicature,swmimp194,2,0.6132990710437298
qwen15b_vllm,implicature,swmimp194,3,0.5800925493240356
qwen15b_vllm,implicature,swmimp195,1,0.5285616666078568
qwen15b_vllm,implicature,swmimp195,2,0.4337346851825714
qwen15b_vllm,implicature,swmimp195,3,0.5766600188281801
qwen15b_vllm,implicature,swmimp196,1,0.5553258011738459
qwen15b_vllm,implicature,swmimp196,2,0.7001062827184796
qwen15b_vllm,implicature,swmimp196,3,0.4320955624183019
qwen15b_vllm,implicature,swmimp197,1,0.8290416207164526
qwen15b_vllm,implicature,swmimp197,2,0.7008111327886581
qwen15b_vllm,implicature,swmimp197,3,0.7244071364402771
qwen15b_vllm,implicature,swmimp198,1,0.6096320996681849
qwen15b_vllm,implicature,swmimp198,2,0.48981694380442303
qwen15b_vllm,implicature,swmimp198,3,0.45848506689071655
qwen15b_vllm,implicature,swmimp199,1,0.5107491537928581
qwen15b_vllm,implicature,swmimp199,2,0.45914433151483536
qwen15b_vllm,implicature,swmimp199,3,0.6370508689433336
qwen15b_vllm,implicature,swmimp200,1,0.7854350209236145
qwen15b_vllm,implicature,swmimp200,2,0.5112628514568011
qwen15b_vllm,implicature,swmimp200,3,0.7301370799541473
qwen32b,false_belief,fb001,1,0.15281571447849274
qwen32b,false_belief,fb001,2,0.19380591809749603
qwen32b,false_belief,fb001,3,0.15411891043186188
qwen32b,false_belief,fb002,1,0.12929145097732545
qwen32b,false_belief,fb002,2,0.1706593155860901
qwen32b,false_belief,fb002,3,0.1667531371116638
qwen32b,false_belief,fb003,1,0.14200715720653534
qwen32b,false_belief,fb003,2,0.18142427504062653
qwen32b,false_belief,fb003,3,0.13664540648460388
qwen32b,false_belief,fb004,1,0.15737855434417725
qwen32b,false_belief,fb004,2,0.17480258643627167
qwen32b,false_belief,fb004,3,0.1850803643465042
qwen32b,false_belief,fb005,1,0.1760716587305069
qwen32b,false_belief,fb005,2,0.14699235558509827
qwen32b,false_belief,fb005,3,0.18966005742549896
qwen32b,false_belief,fb006,1,0.27492161095142365
qwen32b,false_belief,fb006,2,0.23847654461860657
qwen32b,false_belief,fb006,3,0.31587623059749603
qwen32b,false_belief,fb007,1,0.20364846289157867
qwen32b,false_belief,fb007,2,0.2643858790397644
qwen32b,false_belief,fb007,3,0.20378418266773224
qwen32b,false_belief,fb008,1,0.08615328371524811
qwen32b,false_belief,fb008,2,0.10401585698127747
qwen32b,false_belief,fb008,3,0.1077403575181961
qwen32b,false_belief,fb009,1,0.17898009220759073
qwen32b,false_belief,fb009,2,0.163005530834198
qwen32b,false_belief,fb009,3,0.20222651958465576
qwen32b,false_belief,fb010,1,0.1265551745891571
qwen32b,false_belief,fb010,2,0.1979745626449585
qwen32b,false_belief,fb010,3,0.18718619644641876
qwen32b,false_belief,fb011,1,0.11872605979442596
qwen32b,false_belief,fb011,2,0.12494625151157379
qwen32b,false_belief,fb011,3,0.16243819892406464
qwen32b,false_belief,fb012,1,0.22184385359287262
qwen32b,false_belief,fb012,2,0.1777433604001999
qwen32b,false_belief,fb012,3,0.1959431767463684
qwen32b,false_belief,fb013,1,0.1262938678264618
qwen32b,false_belief,fb013,2,0.17087702453136444
qwen32b,false_belief,fb013,3,0.22125430405139923
qwen32b,false_belief,fb014,1,0.2353023886680603
qwen32b,false_belief,fb014,2,0.16593599319458008
qwen32b,false_belief,fb014,3,0.25711125135421753
qwen32b,false_belief,fb015,1,0.13721275329589844
qwen32b,false_belief,fb015,2,0.1299200803041458
qwen32b,false_belief,fb015,3,0.1973218470811844
qwen32b,false_belief,fb016,1,0.14455930888652802
qwen32b,false_belief,fb016,2,0.13836543262004852
qwen32b,false_belief,fb016,3,0.16877587139606476
qwen32b,false_belief,fb017,1,0.1654665619134903
qwen32b,false_belief,fb017,2,0.11313308775424957
qwen32b,false_belief,fb017,3,0.16605347394943237
qwen32b,false_belief,fb018,1,0.1171170175075531
qwen32b,false_belief,fb018,2,0.14309942722320557
qwen32b,false_belief,fb018,3,0.15132491290569305
qwen32b,false_belief,fb019,1,0.19322387874126434
qwen32b,false_belief,fb019,2,0.16131460666656494
qwen32b,false_belief,fb019,3,0.17445993423461914
qwen32b,false_belief,fb020,1,0.24045661091804504
qwen32b,false_belief,fb020,2,0.17976228892803192
qwen32b,false_belief,fb020,3,0.1864953637123108
qwen32b,false_belief,fb021,1,0.1210909366607666
qwen32b,false_belief,fb021,2,0.1497290849685669
qwen32b,false_belief,fb021,3,0.14964940547943115
qwen32b,false_belief,fb022,1,0.202201709151268
qwen32b,false_belief,fb022,2,0.1920478492975235
qwen32b,false_belief,fb022,3,0.1606702357530594
qwen32b,false_belief,fb023,1,0.24031418561935425
qwen32b,false_belief,fb023,2,0.27334275245666506
qwen32b,false_belief,fb023,3,0.19145890474319457
qwen32b,false_belief,fb024,1,0.1960529883702596
qwen32b,false_belief,fb024,2,0.1429615616798401
qwen32b,false_belief,fb024,3,0.2510459025700887
qwen32b,false_belief,fb025,1,0.23543471097946167
qwen32b,false_belief,fb025,2,0.12935598194599152
qwen32b,false_belief,fb025,3,0.14918775856494904
qwen32b,false_belief,fb026,1,0.23243725299835205
qwen32b,false_belief,fb026,2,0.19569410880406699
qwen32b,false_belief,fb026,3,0.16576679547627768
qwen32b,false_belief,fb027,1,0.2059574524561564
qwen32b,false_belief,fb027,2,0.1369387904802958
qwen32b,false_belief,fb027,3,0.15314449866612753
qwen32b,false_belief,fb028,1,0.151814803481102
qwen32b,false_belief,fb028,2,0.19608581066131592
qwen32b,false_belief,fb028,3,0.20550449192523956
qwen32b,false_belief,fb029,1,0.18103855848312378
qwen32b,false_belief,fb029,2,0.14267568290233612
qwen32b,false_belief,fb029,3,0.2430564910173416
qwen32b,false_belief,fb030,1,0.16696326434612274
qwen32b,false_belief,fb030,2,0.12010073661804199
qwen32b,false_belief,fb030,3,0.16490401327610016
qwen32b,false_belief,fb031,1,0.1631845384836197
qwen32b,false_belief,fb031,2,0.18841250240802765
qwen32b,false_belief,fb031,3,0.1803029179573059
qwen32b,false_belief,fb032,1,0.1715480387210846
qwen32b,false_belief,fb032,2,0.1446940004825592
qwen32b,false_belief,fb032,3,0.198736310005188
qwen32b,false_belief,fb033,1,0.10512828826904297
qwen32b,false_belief,fb033,2,0.22043369710445404
qwen32b,false_belief,fb033,3,0.37917184084653854
qwen32b,false_belief,fb034,1,0.13009566068649292
qwen32b,false_belief,fb034,2,0.15160730481147766
qwen32b,false_belief,fb034,3,0.1962280124425888
qwen32b,false_belief,fb035,1,0.18098343908786774
qwen32b,false_belief,fb035,2,0.09355078637599945
qwen32b,false_belief,fb035,3,0.10648059844970703
qwen32b,false_belief,fb036,1,0.13633943796157838
qwen32b,false_belief,fb036,2,0.12912799119949342
qwen32b,false_belief,fb036,3,0.2018289804458618
qwen32b,false_belief,fb037,1,0.2428588718175888
qwen32b,false_belief,fb037,2,0.1555238515138626
qwen32b,false_belief,fb037,3,0.1220407485961914
qwen32b,false_belief,fb038,1,0.17984552681446075
qwen32b,false_belief,fb038,2,0.15099599957466125
qwen32b,false_belief,fb038,3,0.13073784112930298
qwen32b,false_belief,fb039,1,0.14400961995124817
qwen32b,false_belief,fb039,2,0.1386747509241104
qwen32b,false_belief,fb039,3,0.11965279281139374
qwen32b,false_belief,fb040,1,0.15206676721572876
qwen32b,false_belief,fb040,2,0.21227982640266418
qwen32b,false_belief,fb040,3,0.17725713551044464
qwen32b,false_belief,fb041,1,0.26208101212978363
qwen32b,false_belief,fb041,2,0.2144123911857605
qwen32b,false_belief,fb041,3,0.26160530745983124
qwen32b,false_belief,fb042,1,0.1569385826587677
qwen32b,false_belief,fb042,2,0.21703097224235535
qwen32b,false_belief,fb042,3,0.17318594455718994
qwen32b,false_belief,fb043,1,0.1927439421415329
qwen32b,false_belief,fb043,2,0.14341354370117188
qwen32b,false_belief,fb043,3,0.11233159899711609
qwen32b,false_belief,fb044,1,0.17173026502132416
qwen32b,false_belief,fb044,2,0.22925660014152527
qwen32b,false_belief,fb044,3,0.16205619275569916
qwen32b,false_belief,fb045,1,0.11514573097229004
qwen32b,false_belief,fb045,2,0.18122751712799073
qwen32b,false_belief,fb045,3,0.1474360704421997
qwen32b,false_belief,fb046,1,0.19179300963878632
qwen32b,false_belief,fb046,2,0.16229549050331116
qwen32b,false_belief,fb046,3,0.1322353631258011
qwen32b,false_belief,fb047,1,0.22551333904266357
qwen32b,false_belief,fb047,2,0.20750486850738525
qwen32b,false_belief,fb047,3,0.25537946820259094
qwen32b,false_belief,fb048,1,0.19734174013137817
qwen32b,false_belief,fb048,2,0.15899066627025604
qwen32b,false_belief,fb048,3,0.12062697112560272
qwen32b,false_belief,fb049,1,0.11715108156204224
qwen32b,false_belief,fb049,2,0.1573704332113266
qwen32b,false_belief,fb049,3,0.1389937698841095
qwen32b,false_belief,fb050,1,0.18882650136947632
qwen32b,false_belief,fb050,2,0.15500378608703613
qwen32b,false_belief,fb050,3,0.16326533257961273
qwen32b,false_belief,fb051,1,0.1810526649157206
qwen32b,false_belief,fb051,2,0.18853110074996948
qwen32b,false_belief,fb051,3,0.2658899426460266
qwen32b,false_belief,fb052,1,0.276321217417717
qwen32b,false_belief,fb052,2,0.1825699806213379
qwen32b,false_belief,fb052,3,0.18965722620487213
qwen32b,false_belief,fb053,1,0.1315968632698059
qwen32b,false_belief,fb053,2,0.15171223878860474
qwen32b,false_belief,fb053,3,0.17482851445674896
qwen32b,false_belief,fb054,1,0.24976466596126556
qwen32b,false_belief,fb054,2,0.28443481028079987
qwen32b,false_belief,fb054,3,0.12934090197086334
qwen32b,false_belief,fb055,1,0.15155984461307526
qwen32b,false_belief,fb055,2,0.21126756072044373
qwen32b,false_belief,fb055,3,0.1779344230890274
qwen32b,false_belief,fb056,1,0.17338316142559052
qwen32b,false_belief,fb056,2,0.1270265132188797
qwen32b,false_belief,fb056,3,0.20836400985717773
qwen32b,false_belief,fb057,1,0.23300647735595703
qwen32b,false_belief,fb057,2,0.24325494468212128
qwen32b,false_belief,fb057,3,0.18075703084468842
qwen32b,false_belief,fb058,1,0.15467527508735657
qwen32b,false_belief,fb058,2,0.1438632607460022
qwen32b,false_belief,fb058,3,0.18675777316093445
qwen32b,false_belief,fb059,1,0.18661843240261078
qwen32b,false_belief,fb059,2,0.1329522430896759
qwen32b,false_belief,fb059,3,0.21700219810009003
qwen32b,false_belief,fb060,1,0.23733682930469513
qwen32b,false_belief,fb060,2,0.17935243248939514
qwen32b,false_belief,fb060,3,0.18975287675857544
qwen32b,false_belief,sfp011,1,0.15007399022579193
qwen32b,false_belief,sfp011,2,0.2206447422504425
qwen32b,false_belief,sfp011,3,0.2803195118904114
qwen32b,false_belief,sfp012,1,0.11198562383651733
qwen32b,false_belief,sfp012,2,0.20858432352542877
qwen32b,false_belief,sfp012,3,0.14542081952095032
qwen32b,false_belief,sfp013,1,0.2883675992488861
qwen32b,false_belief,sfp013,2,0.24450741708278656
qwen32b,false_belief,sfp013,3,0.17203909158706665
qwen32b,false_belief,sfp014,1,0.27748316526412964
qwen32b,false_belief,sfp014,2,0.17327648401260376
qwen32b,false_belief,sfp014,3,0.21566768487294516
qwen32b,false_belief,sfp015,1,0.09415608644485474
qwen32b,false_belief,sfp015,2,0.2560619115829468
qwen32b,false_belief,sfp015,3,0.21789247989654542
qwen32b,false_belief,sfp016,1,0.18303831815719604
qwen32b,false_belief,sfp016,2,0.2134089708328247
qwen32b,false_belief,sfp016,3,0.2686526894569397
qwen32b,false_belief,sfp017,1,0.2675391286611557
qwen32b,false_belief,sfp017,2,0.2690003961324692
qwen32b,false_belief,sfp017,3,0.18211837112903595
qwen32b,false_belief,sfp018,1,0.2440076470375061
qwen32b,false_belief,sfp018,2,0.12462310492992401
qwen32b,false_belief,sfp018,3,0.25043654441833496
qwen32b,false_belief,sfp019,1,0.2608085870742798
qwen32b,false_belief,sfp019,2,0.20273356139659882
qwen32b,false_belief,sfp019,3,0.17062152922153473
qwen32b,false_belief,sfp020,1,0.1538585126399994
qwen32b,false_belief,sfp020,2,0.080695241689682
qwen32b,false_belief,sfp020,3,0.08491343259811401
qwen32b,faux_pas,sfp001,1,0.2736616015434265
qwen32b,faux_pas,sfp001,2,0.220126211643219
qwen32b,faux_pas,sfp001,3,0.24084557294845582
qwen32b,faux_pas,sfp002,1,0.4399435520172119
qwen32b,faux_pas,sfp002,2,0.2798442542552948
qwen32b,faux_pas,sfp002,3,0.40131380409002304
qwen32b,faux_pas,sfp003,1,0.44020746648311615
qwen32b,faux_pas,sfp003,2,0.27203384786844254
qwen32b,faux_pas,sfp003,3,0.4243706539273262
qwen32b,faux_pas,sfp004,1,0.31096258014440536
qwen32b,faux_pas,sfp004,2,0.34804817289114
qwen32b,faux_pas,sfp004,3,0.320873498916626
qwen32b,faux_pas,sfp005,1,0.2680119425058365
qwen32b,faux_pas,sfp005,2,0.30450407415628433
qwen32b,faux_pas,sfp005,3,0.32429246604442596
qwen32b,faux_pas,sfp006,1,0.23005279898643494
qwen32b,faux_pas,sfp006,2,0.3460580110549927
qwen32b,faux_pas,sfp006,3,0.24033308029174805
qwen32b,faux_pas,sfp007,1,0.2972211390733719
qwen32b,faux_pas,sfp007,2,0.41626153886318207
qwen32b,faux_pas,sfp007,3,0.31295739114284515
qwen32b,faux_pas,sfp008,1,0.37790332436561586
qwen32b,faux_pas,sfp008,2,0.299871027469635
qwen32b,faux_pas,sfp008,3,0.3961342990398407
qwen32b,faux_pas,sfp009,1,0.2876768906911214
qwen32b,faux_pas,sfp009,2,0.3146544098854065
qwen32b,faux_pas,sfp009,3,0.3623671034971873
qwen32b,faux_pas,sfp010,1,0.3765568832556407
qwen32b,faux_pas,sfp010,2,0.35548365116119385
qwen32b,faux_pas,sfp010,3,0.29214511315027875
qwen32b,implicature,swmimp001,1,0.24148566382271902
qwen32b,implicature,swmimp001,2,0.4863779629979815
qwen32b,implicature,swmimp001,3,0.22169765404292516
qwen32b,implicature,swmimp002,1,0.4169905424118042
qwen32b,implicature,swmimp002,2,0.49740852117538453
qwen32b,implicature,swmimp002,3,0.41850402355194094
qwen32b,implicature,swmimp003,1,0.31510448455810547
qwen32b,implicature,swmimp003,2,0.3618746797243754
qwen32b,implicature,swmimp003,3,0.6158650716145834
qwen32b,implicature,swmimp004,1,0.3875676095485687
qwen32b,implicature,swmimp004,2,0.46940066665410995
qwen32b,implicature,swmimp004,3,0.6353763565421104
qwen32b,implicature,swmimp005,1,0.1898573637008667
qwen32b,implicature,swmimp005,2,0.22001078724861145
qwen32b,implicature,swmimp005,3,0.2551618317763011
qwen32b,implicature,swmimp006,1,0.3033345341682434
qwen32b,implicature,swmimp006,2,0.6272576948006948
qwen32b,implicature,swmimp006,3,0.2799524664878845
qwen32b,implicature,swmimp007,1,0.37484653506960186
qwen32b,implicature,swmimp007,2,0.2921520982469831
qwen32b,implicature,swmimp007,3,0.41288406934056965
qwen32b,implicature,swmimp008,1,0.18672785758972169
qwen32b,implicature,swmimp008,2,0.31604071855545046
qwen32b,implicature,swmimp008,3,0.3834877789020538
qwen32b,implicature,swmimp009,1,0.2376894474029541
qwen32b,implicature,swmimp009,2,0.185300076007843
qwen32b,implicature,swmimp009,3,0.17520322799682617
qwen32b,implicature,swmimp010,1,0.16978923976421356
qwen32b,implicature,swmimp010,2,0.5384600721299648
qwen32b,implicature,swmimp010,3,0.25856369733810425
qwen32b,implicature,swmimp011,1,0.346069298684597
qwen32b,implicature,swmimp011,2,0.4197995215654373
qwen32b,implicature,swmimp011,3,0.4340764507651329
qwen32b,implicature,swmimp012,1,0.3652466336886088
qwen32b,implicature,swmimp012,2,0.44901877641677856
qwen32b,implicature,swmimp012,3,0.2180379033088684
qwen32b,implicature,swmimp013,1,0.36732545495033264
qwen32b,implicature,swmimp013,2,0.1283082664012909
qwen32b,implicature,swmimp013,3,0.46220940351486206
qwen32b,implicature,swmimp014,1,0.34089192748069763
qwen32b,implicature,swmimp014,2,0.5559688955545425
qwen32b,implicature,swmimp014,3,0.42803189158439636
qwen32b,implicature,swmimp015,1,0.7012606859207153
qwen32b,implicature,swmimp015,2,0.1779361367225647
qwen32b,implicature,swmimp015,3,0.696207582950592
qwen32b,implicature,swmimp016,1,0.32266408536169267
qwen32b,implicature,swmimp016,2,0.20213175813357034
qwen32b,implicature,swmimp016,3,0.1689145498805576
qwen32b,implicature,swmimp017,1,0.5517406463623047
qwen32b,implicature,swmimp017,2,0.35693982243537903
qwen32b,implicature,swmimp017,3,0.40253140528996784
qwen32b,implicature,swmimp018,1,0.5500868558883667
qwen32b,implicature,swmimp018,2,0.28419387340545654
qwen32b,implicature,swmimp018,3,0.5987305492162704
qwen32b,implicature,swmimp019,1,0.7725102938711643
qwen32b,implicature,swmimp019,2,0.4535525441169739
qwen32b,implicature,swmimp019,3,0.312557116150856
qwen32b,implicature,swmimp020,1,0.23279372851053873
qwen32b,implicature,swmimp020,2,0.5419540802637736
qwen32b,implicature,swmimp020,3,0.5572774310906728
qwen32b,implicature,swmimp021,1,0.3918555974960327
qwen32b,implicature,swmimp021,2,0.325481116771698
qwen32b,implicature,swmimp021,3,0.41709738969802856
qwen32b,implicature,swmimp022,1,0.3329357107480367
qwen32b,implicature,swmimp022,2,0.578000674645106
qwen32b,implicature,swmimp022,3,0.6320697863896688
qwen32b,implicature,swmimp023,1,0.36201150715351105
qwen32b,implicature,swmimp023,2,0.3687392771244049
qwen32b,implicature,swmimp023,3,0.271546870470047
qwen32b,implicature,swmimp024,1,0.28039152920246124
qwen32b,implicature,swmimp024,2,0.6295609325170517
qwen32b,implicature,swmimp024,3,0.29065515100955963
qwen32b,implicature,swmimp025,1,0.3674445867538452
qwen32b,implicature,swmimp025,2,0.5228552043437957
qwen32b,implicature,swmimp025,3,0.48969438672065735
qwen32b,implicature,swmimp026,1,0.44886501133441925
qwen32b,implicature,swmimp026,2,0.35200610011816025
qwen32b,implicature,swmimp026,3,0.34966208040714264
qwen32b,implicature,swmimp027,1,0.32914477586746216
qwen32b,implicature,swmimp027,2,0.23871055245399475
qwen32b,implicature,swmimp027,3,0.3179130554199219
qwen32b,implicature,swmimp028,1,0.3696221709251404
qwen32b,implicature,swmimp028,2,0.2926043023665746
qwen32b,implicature,swmimp028,3,0.18839479486147562
qwen32b,implicature,swmimp029,1,0.6240650614102682
qwen32b,implicature,swmimp029,2,0.5609691341718038
qwen32b,implicature,swmimp029,3,0.30156240860621136
qwen32b,implicature,swmimp030,1,0.143661101659139
qwen32b,implicature,swmimp030,2,0.416409432888031
qwen32b,implicature,swmimp030,3,0.23760773738225302
qwen32b,implicature,swmimp031,1,0.3031136563846043
qwen32b,implicature,swmimp031,2,0.3724563845566341
qwen32b,implicature,swmimp031,3,0.4703950115612575
qwen32b,implicature,swmimp032,1,0.4124545653661092
qwen32b,implicature,swmimp032,2,0.33181730409463245
qwen32b,implicature,swmimp032,3,0.45239003499348956
qwen32b,implicature,swmimp033,1,0.23555098474025726
qwen32b,implicature,swmimp033,2,0.330917052924633
qwen32b,implicature,swmimp033,3,0.39379775524139404
qwen32b,implicature,swmimp034,1,0.24523556232452393
qwen32b,implicature,swmimp034,2,0.37586648762226105
qwen32b,implicature,swmimp034,3,0.12079489231109619
qwen32b,implicature,swmimp035,1,0.3888520896434784
qwen32b,implicature,swmimp035,2,0.2429685890674591
qwen32b,implicature,swmimp035,3,0.25322267413139343
qwen32b,implicature,swmimp036,1,0.39379913210868833
qwen32b,implicature,swmimp036,2,0.3470254182815552
qwen32b,implicature,swmimp036,3,0.42549953460693357
qwen32b,implicature,swmimp037,1,0.39315149933099747
qwen32b,implicature,swmimp037,2,0.2403593212366104
qwen32b,implicature,swmimp037,3,0.3317479342222214
qwen32b,implicature,swmimp038,1,0.24252769351005554
qwen32b,implicature,swmimp038,2,0.3683317005634308
qwen32b,implicature,swmimp038,3,0.3792303850253423
qwen32b,implicature,swmimp039,1,0.4399753749370575
qwen32b,implicature,swmimp039,2,0.43076300621032715
qwen32b,implicature,swmimp039,3,0.39850825667381284
qwen32b,implicature,swmimp040,1,0.33162008225917816
qwen32b,implicature,swmimp040,2,0.32573920488357544
qwen32b,implicature,swmimp040,3,0.40367279201745987
qwen32b,implicature,swmimp041,1,0.42454560846090317
qwen32b,implicature,swmimp041,2,0.4973495677113533
qwen32b,implicature,swmimp041,3,0.4836829826235771
qwen32b,implicature,swmimp042,1,0.17129482825597128
qwen32b,implicature,swmimp042,2,0.29525108138720196
qwen32b,implicature,swmimp042,3,0.41506022214889526
qwen32b,implicature,swmimp043,1,0.23599675297737122
qwen32b,implicature,swmimp043,2,0.16059690713882446
qwen32b,implicature,swmimp043,3,0.4799243360757828
qwen32b,implicature,swmimp044,1,0.2827703237533569
qwen32b,implicature,swmimp044,2,0.5676083773374557
qwen32b,implicature,swmimp044,3,0.3153160810470581
qwen32b,implicature,swmimp045,1,0.49890267476439476
qwen32b,implicature,swmimp045,2,0.5441993027925491
qwen32b,implicature,swmimp045,3,0.6583379320800304
qwen32b,implicature,swmimp046,1,0.6236386716365814
qwen32b,implicature,swmimp046,2,0.35822865962982176
qwen32b,implicature,swmimp046,3,0.5324193954467773
qwen32b,implicature,swmimp047,1,0.48249338070551556
qwen32b,implicature,swmimp047,2,0.30220919847488403
qwen32b,implicature,swmimp047,3,0.38046010335286456
qwen32b,implicature,swmimp048,1,0.22936072945594788
qwen32b,implicature,swmimp048,2,0.2743386924266815
qwen32b,implicature,swmimp048,3,0.2971421778202057
qwen32b,implicature,swmimp049,1,0.34942610561847687
qwen32b,implicature,swmimp049,2,0.3440997749567032
qwen32b,implicature,swmimp049,3,0.3446262329816818
qwen32b,implicature,swmimp050,1,0.3983388662338257
qwen32b,implicature,swmimp050,2,0.4808553457260132
qwen32b,implicature,swmimp050,3,0.311391282081604
qwen32b,implicature,swmimp051,1,0.19058445692062378
qwen32b,implicature,swmimp051,2,0.36567379236221315
qwen32b,implicature,swmimp051,3,0.3132619082927704
qwen32b,implicature,swmimp052,1,0.49945999681949615
qwen32b,implicature,swmimp052,2,0.42144325003027916
qwen32b,implicature,swmimp052,3,0.24430494010448456
qwen32b,implicature,swmimp053,1,0.45741545408964157
qwen32b,implicature,swmimp053,2,0.41095051169395447
qwen32b,implicature,swmimp053,3,0.3513532280921936
qwen32b,implicature,swmimp054,1,0.7049764096736908
qwen32b,implicature,swmimp054,2,0.43829673528671265
qwen32b,implicature,swmimp054,3,0.3580774664878845
qwen32b,implicature,swmimp055,1,0.33307170271873476
qwen32b,implicature,swmimp055,2,0.2970310926437378
qwen32b,implicature,swmimp055,3,0.3793250322341919
qwen32b,implicature,swmimp056,1,0.31791724264621735
qwen32b,implicature,swmimp056,2,0.3979611371954282
qwen32b,implicature,swmimp056,3,0.28132976094881695
qwen32b,implicature,swmimp057,1,0.5448478658994039
qwen32b,implicature,swmimp057,2,0.3191185196240743
qwen32b,implicature,swmimp057,3,0.5378100872039795
qwen32b,implicature,swmimp058,1,0.16315404574076334
qwen32b,implicature,swmimp058,2,0.4214659134546916
qwen32b,implicature,swmimp058,3,0.15164552132288614
qwen32b,implicature,swmimp059,1,0.20881730318069458
qwen32b,implicature,swmimp059,2,0.36294932663440704
qwen32b,implicature,swmimp059,3,0.14075829088687897
qwen32b,implicature,swmimp060,1,0.29247961441675824
qwen32b,implicature,swmimp060,2,0.355007529258728
qwen32b,implicature,swmimp060,3,0.4603215555349986
qwen32b,implicature,swmimp061,1,0.28590232133865356
qwen32b,implicature,swmimp061,2,0.3795040547847748
qwen32b,implicature,swmimp061,3,0.7884331196546555
qwen32b,implicature,swmimp062,1,0.13785304625829062
qwen32b,implicature,swmimp062,2,0.18189281225204468
qwen32b,implicature,swmimp062,3,0.21272399028142294
qwen32b,implicature,swmimp063,1,0.34552495181560516
qwen32b,implicature,swmimp063,2,0.3384852185845375
qwen32b,implicature,swmimp063,3,0.42743895947933197
qwen32b,implicature,swmimp064,1,0.5255540907382965
qwen32b,implicature,swmimp064,2,0.4450567215681076
qwen32b,implicature,swmimp064,3,0.38871045410633087
qwen32b,implicature,swmimp065,1,0.44811291495958966
qwen32b,implicature,swmimp065,2,0.409575750430425
qwen32b,implicature,swmimp065,3,0.4491213609774907
qwen32b,implicature,swmimp066,1,0.29354600111643475
qwen32b,implicature,swmimp066,2,0.42931679884592694
qwen32b,implicature,swmimp066,3,0.34192633628845215
qwen32b,implicature,swmimp067,1,0.408806574344635
qwen32b,implicature,swmimp067,2,0.4301549315452576
qwen32b,implicature,swmimp067,3,0.2562071681022644
qwen32b,implicature,swmimp068,1,0.49167077740033466
qwen32b,implicature,swmimp068,2,0.4153815358877182
qwen32b,implicature,swmimp068,3,0.3201437046130498
qwen32b,implicature,swmimp069,1,0.49951046109199526
qwen32b,implicature,swmimp069,2,0.37272940278053285
qwen32b,implicature,swmimp069,3,0.4069878101348877
qwen32b,implicature,swmimp070,1,0.20098106563091278
qwen32b,implicature,swmimp070,2,0.2898784354329109
qwen32b,implicature,swmimp070,3,0.3914480172097683
qwen32b,implicature,swmimp071,1,0.5763595253229141
qwen32b,implicature,swmimp071,2,0.41941408812999725
qwen32b,implicature,swmimp071,3,0.39894577860832214
qwen32b,implicature,swmimp072,1,0.24992911020914713
qwen32b,implicature,swmimp072,2,0.3665279547373454
qwen32b,implicature,swmimp072,3,0.16473281383514404
qwen32b,implicature,swmimp073,1,0.39220433433850604
qwen32b,implicature,swmimp073,2,0.4729163597027461
qwen32b,implicature,swmimp073,3,0.4970850894848506
qwen32b,implicature,swmimp074,1,0.4119245707988739
qwen32b,implicature,swmimp074,2,0.4345076034466426
qwen32b,implicature,swmimp074,3,0.4966110860308011
qwen32b,implicature,swmimp075,1,0.4490966222115925
qwen32b,implicature,swmimp075,2,0.5639704125268119
qwen32b,implicature,swmimp075,3,0.4187808207103184
qwen32b,implicature,swmimp076,1,0.4765542075037956
qwen32b,implicature,swmimp076,2,0.5652274787425995
qwen32b,implicature,swmimp076,3,0.1940464973449707
qwen32b,implicature,swmimp077,1,0.5451665997505188
qwen32b,implicature,swmimp077,2,0.3416918873786926
qwen32b,implicature,swmimp077,3,0.4209520757198334
qwen32b,implicature,swmimp078,1,0.35966866711775464
qwen32b,implicature,swmimp078,2,0.4046240399281184
qwen32b,implicature,swmimp078,3,0.34496383865674335
qwen32b,implicature,swmimp079,1,0.3525477520057133
qwen32b,implicature,swmimp079,2,0.3095776396138327
qwen32b,implicature,swmimp079,3,0.24880235535757883
qwen32b,implicature,swmimp080,1,0.4339194357395172
qwen32b,implicature,swmimp080,2,0.37314831018447875
qwen32b,implicature,swmimp080,3,0.3361833572387695
qwen32b,implicature,swmimp081,1,0.4228254437446594
qwen32b,implicature,swmimp081,2,0.2788349390029907
qwen32b,implicature,swmimp081,3,0.3625234603881836
qwen32b,implicature,swmimp082,1,0.3293145000934601
qwen32b,implicature,swmimp082,2,0.39077430218458176
qwen32b,implicature,swmimp082,3,0.3235996514558792
qwen32b,implicature,swmimp083,1,0.3890127936999003
qwen32b,implicature,swmimp083,2,0.2738608618577321
qwen32b,implicature,swmimp083,3,0.22133852044741312
qwen32b,implicature,swmimp084,1,0.3851601779460907
qwen32b,implicature,swmimp084,2,0.23643654584884644
qwen32b,implicature,swmimp084,3,0.40700700879096985
qwen32b,implicature,swmimp085,1,0.2823032811284065
qwen32b,implicature,swmimp085,2,0.3349931128323078
qwen32b,implicature,swmimp085,3,0.2644067443907261
qwen32b,implicature,swmimp086,1,0.47406126856803893
qwen32b,implicature,swmimp086,2,0.42825921177864074
qwen32b,implicature,swmimp086,3,0.5174897909164429
qwen32b,implicature,swmimp087,1,0.33328598737716675
qwen32b,implicature,swmimp087,2,0.31455671787261963
qwen32b,implicature,swmimp087,3,0.3748830258846283
qwen32b,implicature,swmimp088,1,0.4181155189871788
qwen32b,implicature,swmimp088,2,0.3121168613433838
qwen32b,implicature,swmimp088,3,0.4233667179942131
qwen32b,implicature,swmimp089,1,0.319664200146993
qwen32b,implicature,swmimp089,2,0.5911949574947357
qwen32b,implicature,swmimp089,3,0.5531014601389567
qwen32b,implicature,swmimp090,1,0.4204176167647044
qwen32b,implicature,swmimp090,2,0.34348247448603314
qwen32b,implicature,swmimp090,3,0.21070454518000284
qwen32b,implicature,swmimp091,1,0.32016547322273253
qwen32b,implicature,swmimp091,2,0.3129128932952881
qwen32b,implicature,swmimp091,3,0.5596605330705643
qwen32b,implicature,swmimp092,1,0.39252774231135845
qwen32b,implicature,swmimp092,2,0.5109035857021809
qwen32b,implicature,swmimp092,3,0.3476136140525341
qwen32b,implicature,swmimp093,1,0.4885736033320427
qwen32b,implicature,swmimp093,2,0.39738713949918747
qwen32b,implicature,swmimp093,3,0.25645893812179565
qwen32b,implicature,swmimp094,1,0.4132373531659444
qwen32b,implicature,swmimp094,2,0.3011400004227956
qwen32b,implicature,swmimp094,3,0.28899144132932025
qwen32b,implicature,swmimp095,1,0.38751043379306793
qwen32b,implicature,swmimp095,2,0.4268876165151596
qwen32b,implicature,swmimp095,3,0.3122244328260422
qwen32b,implicature,swmimp096,1,0.4873544543981552
qwen32b,implicature,swmimp096,2,0.312725818157196
qwen32b,implicature,swmimp096,3,0.4354552686214447
qwen32b,implicature,swmimp097,1,0.30247731506824493
qwen32b,implicature,swmimp097,2,0.3325056880712509
qwen32b,implicature,swmimp097,3,0.40166360636552173
qwen32b,implicature,swmimp098,1,0.3750208516915639
qwen32b,implicature,swmimp098,2,0.6153336986899376
qwen32b,implicature,swmimp098,3,0.525717556476593
qwen32b,implicature,swmimp099,1,0.50703264772892
qwen32b,implicature,swmimp099,2,0.5221707746386528
qwen32b,implicature,swmimp099,3,0.44320885837078094
qwen32b,implicature,swmimp100,1,0.4693994164466858
qwen32b,implicature,swmimp100,2,0.3779480576515198
qwen32b,implicature,swmimp100,3,0.4107707679271698
qwen32b,implicature,swmimp101,1,0.211952496658672
qwen32b,implicature,swmimp101,2,0.3434692539952018
qwen32b,implicature,swmimp101,3,0.38718473369424994
qwen32b,implicature,swmimp102,1,0.3578764552419836
qwen32b,implicature,swmimp102,2,0.451591432094574
qwen32b,implicature,swmimp102,3,0.24591443755409934
qwen32b,implicature,swmimp103,1,0.0
qwen32b,implicature,swmimp103,2,0.0
qwen32b,implicature,swmimp103,3,0.0
qwen32b,implicature,swmimp104,1,0.5616572187705473
qwen32b,implicature,swmimp104,2,0.393975095315413
qwen32b,implicature,swmimp104,3,0.434357377615842
qwen32b,implicature,swmimp105,1,0.0
qwen32b,implicature,swmimp105,2,0.0
qwen32b,implicature,swmimp105,3,0.0
qwen32b,implicature,swmimp106,1,0.0
qwen32b,implicature,swmimp106,2,0.0
qwen32b,implicature,swmimp106,3,0.0
qwen32b,implicature,swmimp107,1,0.0
qwen32b,implicature,swmimp107,2,0.0
qwen32b,implicature,swmimp107,3,0.0
qwen32b,implicature,swmimp108,1,0.0
qwen32b,implicature,swmimp108,2,0.0
qwen32b,implicature,swmimp108,3,0.0
qwen32b,implicature,swmimp109,1,0.0
qwen32b,implicature,swmimp109,2,0.0
qwen32b,implicature,swmimp109,3,0.0
qwen32b,implicature,swmimp110,1,0.2897997498512268
qwen32b,implicature,swmimp110,2,0.28206661343574524
qwen32b,implicature,swmimp110,3,0.40338392555713654
qwen32b,implicature,swmimp111,1,0.3233049792401931
qwen32b,implicature,swmimp111,2,0.34926459719153014
qwen32b,implicature,swmimp111,3,0.33475645850686464
qwen32b,implicature,swmimp112,1,0.3550348937511444
qwen32b,implicature,swmimp112,2,0.6836368680000305
qwen32b,implicature,swmimp112,3,0.4297062695026398
qwen32b,implicature,swmimp113,1,0.44677596007074627
qwen32b,implicature,swmimp113,2,0.34819249170167105
qwen32b,implicature,swmimp113,3,0.4672998370868819
qwen32b,implicature,swmimp114,1,0.3100188473860423
qwen32b,implicature,swmimp114,2,0.30715978476736283
qwen32b,implicature,swmimp114,3,0.3478514651457469
qwen32b,implicature,swmimp115,1,0.41203371435403824
qwen32b,implicature,swmimp115,2,0.43683410435914993
qwen32b,implicature,swmimp115,3,0.534539632499218
qwen32b,implicature,swmimp116,1,0.15674122174580893
qwen32b,implicature,swmimp116,2,0.24776312708854675
qwen32b,implicature,swmimp116,3,0.2845622698465983
qwen32b,implicature,swmimp117,1,0.37376487255096436
qwen32b,implicature,swmimp117,2,0.46228212118148804
qwen32b,implicature,swmimp117,3,0.21779023110866547
qwen32b,implicature,swmimp118,1,0.35027068853378296
qwen32b,implicature,swmimp118,2,0.3876601854960124
qwen32b,implicature,swmimp118,3,0.45220468441645306
qwen32b,implicature,swmimp119,1,0.4191828764975071
qwen32b,implicature,swmimp119,2,0.3394098892807961
qwen32b,implicature,swmimp119,3,0.3246400997042656
qwen32b,implicature,swmimp120,1,0.3036147803068161
qwen32b,implicature,swmimp120,2,0.24499133229255676
qwen32b,implicature,swmimp120,3,0.4868136743704478
qwen32b,implicature,swmimp121,1,0.33881430700421333
qwen32b,implicature,swmimp121,2,0.3714241422712803
qwen32b,implicature,swmimp121,3,0.3307686597108841
qwen32b,implicature,swmimp122,1,0.1203579306602478
qwen32b,implicature,swmimp122,2,0.183184415102005
qwen32b,implicature,swmimp122,3,0.13407796621322632
qwen32b,implicature,swmimp123,1,0.25332648555437726
qwen32b,implicature,swmimp123,2,0.4637082914511363
qwen32b,implicature,swmimp123,3,0.471437672773997
qwen32b,implicature,swmimp124,1,0.3082420804670879
qwen32b,implicature,swmimp124,2,0.43059855486665455
qwen32b,implicature,swmimp124,3,0.3453636999641146
qwen32b,implicature,swmimp125,1,0.2691469533102853
qwen32b,implicature,swmimp125,2,0.30642413241522654
qwen32b,implicature,swmimp125,3,0.2297188001019614
qwen32b,implicature,swmimp126,1,0.16500438377261162
qwen32b,implicature,swmimp126,2,0.14520710706710815
qwen32b,implicature,swmimp126,3,0.24259043112397194
qwen32b,implicature,swmimp127,1,0.4198790358172523
qwen32b,implicature,swmimp127,2,0.30517027775446576
qwen32b,implicature,swmimp127,3,0.21380990081363255
qwen32b,implicature,swmimp128,1,0.5053370932737986
qwen32b,implicature,swmimp128,2,0.31552507877349856
qwen32b,implicature,swmimp128,3,0.4062708298365275
qwen32b,implicature,swmimp129,1,0.38363222529490787
qwen32b,implicature,swmimp129,2,0.4268532494703929
qwen32b,implicature,swmimp129,3,0.3436391092836857
qwen32b,implicature,swmimp130,1,0.29258211453755695
qwen32b,implicature,swmimp130,2,0.34718094269434613
qwen32b,implicature,swmimp130,3,0.3239563074376848
qwen32b,implicature,swmimp131,1,0.4303012539943059
qwen32b,implicature,swmimp131,2,0.3790591259797414
qwen32b,implicature,swmimp131,3,0.33699745933214825
qwen32b,implicature,swmimp132,1,0.3669335752725601
qwen32b,implicature,swmimp132,2,0.3826800435781479
qwen32b,implicature,swmimp132,3,0.39712810069322585
qwen32b,implicature,swmimp133,1,0.20453996658325196
qwen32b,implicature,swmimp133,2,0.11424375772476196
qwen32b,implicature,swmimp133,3,0.28300327658653257
qwen32b,implicature,swmimp134,1,0.25706522663434345
qwen32b,implicature,swmimp134,2,0.2660696903864543
qwen32b,implicature,swmimp134,3,0.19582336147626242
qwen32b,implicature,swmimp135,1,0.3787982165813446
qwen32b,implicature,swmimp135,2,0.3761814460158348
qwen32b,implicature,swmimp135,3,0.440626323223114
qwen32b,implicature,swmimp136,1,0.5054353654384613
qwen32b,implicature,swmimp136,2,0.5728692680597305
qwen32b,implicature,swmimp136,3,0.5815899670124054
qwen32b,implicature,swmimp137,1,0.3455451528231303
qwen32b,implicature,swmimp137,2,0.28465620676676434
qwen32b,implicature,swmimp137,3,0.27729592720667523
qwen32b,implicature,swmimp138,1,0.4134493112564087
qwen32b,implicature,swmimp138,2,0.23363306522369384
qwen32b,implicature,swmimp138,3,0.4386239528656006
qwen32b,implicature,swmimp139,1,0.4153055463518415
qwen32b,implicature,swmimp139,2,0.5348506953035083
qwen32b,implicature,swmimp139,3,0.545923786503928
qwen32b,implicature,swmimp140,1,0.36724625527858734
qwen32b,implicature,swmimp140,2,0.30571698562966454
qwen32b,implicature,swmimp140,3,0.34368579503562713
qwen32b,implicature,swmimp141,1,0.4763253152370453
qwen32b,implicature,swmimp141,2,0.3420567959547043
qwen32b,implicature,swmimp141,3,0.3670096382498741
qwen32b,implicature,swmimp142,1,0.44515406754281783
qwen32b,implicature,swmimp142,2,0.3731607397397359
qwen32b,implicature,swmimp142,3,0.5260504020584954
qwen32b,implicature,swmimp143,1,0.4025549827253117
qwen32b,implicature,swmimp143,2,0.43711061688030467
qwen32b,implicature,swmimp143,3,0.36362474280245166
qwen32b,implicature,swmimp144,1,0.3614419969645413
qwen32b,implicature,swmimp144,2,0.41552217440171674
qwen32b,implicature,swmimp144,3,0.3584236353635788
qwen32b,implicature,swmimp145,1,0.27544792493184406
qwen32b,implicature,swmimp145,2,0.3628518184026082
qwen32b,implicature,swmimp145,3,0.2878323396046956
qwen32b,implicature,swmimp146,1,0.2754078497146738
qwen32b,implicature,swmimp146,2,0.30212907184814586
qwen32b,implicature,swmimp146,3,0.27020055774984686
qwen32b,implicature,swmimp147,1,0.4400531335009469
qwen32b,implicature,swmimp147,2,0.511018744773335
qwen32b,implicature,swmimp147,3,0.3499964210722182
qwen32b,implicature,swmimp148,1,0.2544691746051495
qwen32b,implicature,swmimp148,2,0.4384190715276278
qwen32b,implicature,swmimp148,3,0.33366461671315706
qwen32b,implicature,swmimp149,1,0.4999740481376648
qwen32b,implicature,swmimp149,2,0.5002542793750763
qwen32b,implicature,swmimp149,3,0.4003155708312988
qwen32b,implicature,swmimp150,1,0.2905896484851837
qwen32b,implicature,swmimp150,2,0.4089947879314423
qwen32b,implicature,swmimp150,3,0.4416813224554062
qwen32b,implicature,swmimp151,1,0.2938986505780901
qwen32b,implicature,swmimp151,2,0.358133716242654
qwen32b,implicature,swmimp151,3,0.3688595507826124
qwen32b,implicature,swmimp152,1,0.3823983603053623
qwen32b,implicature,swmimp152,2,0.33821627166536117
qwen32b,implicature,swmimp152,3,0.3459453781445821
qwen32b,implicature,swmimp153,1,0.22773816850450304
qwen32b,implicature,swmimp153,2,0.4079187611738841
qwen32b,implicature,swmimp153,3,0.24211529890696207
qwen32b,implicature,swmimp154,1,0.31709449738264084
qwen32b,implicature,swmimp154,2,0.4760150553451644
qwen32b,implicature,swmimp154,3,0.4295485450161828
qwen32b,implicature,swmimp155,1,0.36712193489074707
qwen32b,implicature,swmimp155,2,0.834792286157608
qwen32b,implicature,swmimp155,3,0.01461094617843628
qwen32b,implicature,swmimp156,1,0.1870000408245967
qwen32b,implicature,swmimp156,2,0.396521827349296
qwen32b,implicature,swmimp156,3,0.34960421002828157
qwen32b,implicature,swmimp157,1,0.2928546071052551
qwen32b,implicature,swmimp157,2,0.3749280571937561
qwen32b,implicature,swmimp157,3,0.4241119424502055
qwen32b,implicature,swmimp158,1,0.5942915007472038
qwen32b,implicature,swmimp158,2,0.4399249851703644
qwen32b,implicature,swmimp158,3,0.5403052866458893
qwen32b,implicature,swmimp159,1,0.4263902817453657
qwen32b,implicature,swmimp159,2,0.4737030991486141
qwen32b,implicature,swmimp159,3,0.45617134656224934
qwen32b,implicature,swmimp160,1,0.40067144376891
qwen32b,implicature,swmimp160,2,0.3957184169973646
qwen32b,implicature,swmimp160,3,0.38958836666175295
qwen32b,implicature,swmimp161,1,0.5241946024554116
qwen32b,implicature,swmimp161,2,0.5847059445721763
qwen32b,implicature,swmimp161,3,0.46367737650871277
qwen32b,implicature,swmimp162,1,0.4119901855786641
qwen32b,implicature,swmimp162,2,0.46823353072007495
qwen32b,implicature,swmimp162,3,0.4325509990255038
qwen32b,implicature,swmimp163,1,0.30321535136964584
qwen32b,implicature,swmimp163,2,0.44159789548979866
qwen32b,implicature,swmimp163,3,0.555986848142412
qwen32b,implicature,swmimp164,1,0.40578925609588623
qwen32b,implicature,swmimp164,2,0.5564111471176147
qwen32b,implicature,swmimp164,3,0.42594850063323975
qwen32b,implicature,swmimp165,1,0.563635398944219
qwen32b,implicature,swmimp165,2,0.28917568922042847
qwen32b,implicature,swmimp165,3,0.2560657064119975
qwen32b,implicature,swmimp166,1,0.16793414950370789
qwen32b,implicature,swmimp166,2,0.29095834493637085
qwen32b,implicature,swmimp166,3,0.3380500376224518
qwen32b,implicature,swmimp167,1,0.22830450534820557
qwen32b,implicature,swmimp167,2,0.4595459491014481
qwen32b,implicature,swmimp167,3,0.5005189538002014
qwen32b,implicature,swmimp168,1,0.22720611095428467
qwen32b,implicature,swmimp168,2,0.4959630221128464
qwen32b,implicature,swmimp168,3,0.19399717450141907
qwen32b,implicature,swmimp169,1,0.36296645800272626
qwen32b,implicature,swmimp169,2,0.25323203206062317
qwen32b,implicature,swmimp169,3,0.3024301032225291
qwen32b,implicature,swmimp170,1,0.403219535946846
qwen32b,implicature,swmimp170,2,0.5362800657749176
qwen32b,implicature,swmimp170,3,0.3555656671524048
qwen32b,implicature,swmimp171,1,0.39081336693330243
qwen32b,implicature,swmimp171,2,0.4824054105715318
qwen32b,implicature,swmimp171,3,0.4217259396206249
qwen32b,implicature,swmimp172,1,0.5691058933734894
qwen32b,implicature,swmimp172,2,0.363807608683904
qwen32b,implicature,swmimp172,3,0.5639589428901672
qwen32b,implicature,swmimp173,1,0.2532622367143631
qwen32b,implicature,swmimp173,2,0.37872499227523804
qwen32b,implicature,swmimp173,3,0.5166949108242989
qwen32b,implicature,swmimp174,1,0.40922812223434446
qwen32b,implicature,swmimp174,2,0.29438296556472776
qwen32b,implicature,swmimp174,3,0.4987115800380707
qwen32b,implicature,swmimp175,1,0.44399726390838623
qwen32b,implicature,swmimp175,2,0.39255835115909576
qwen32b,implicature,swmimp175,3,0.4720571279525757
qwen32b,implicature,swmimp176,1,0.5301049232482911
qwen32b,implicature,swmimp176,2,0.3168706655502319
qwen32b,implicature,swmimp176,3,0.35329321026802063
qwen32b,implicature,swmimp177,1,0.5428719307695117
qwen32b,implicature,swmimp177,2,0.3656893159661974
qwen32b,implicature,swmimp177,3,0.3230562422956739
qwen32b,implicature,swmimp178,1,0.32195525265791836
qwen32b,implicature,swmimp178,2,0.32590797543525696
qwen32b,implicature,swmimp178,3,0.47034136863315806
qwen32b,implicature,swmimp179,1,0.44648681953549385
qwen32b,implicature,swmimp179,2,0.43198990635573864
qwen32b,implicature,swmimp179,3,0.5247517973184586
qwen32b,implicature,swmimp180,1,0.4948854923248291
qwen32b,implicature,swmimp180,2,0.3108453869819641
qwen32b,implicature,swmimp180,3,0.3250610589981079
qwen32b,implicature,swmimp181,1,0.27383796657834736
qwen32b,implicature,swmimp181,2,0.352348404271262
qwen32b,implicature,swmimp181,3,0.28957269872937885
qwen32b,implicature,swmimp182,1,0.6494688093662262
qwen32b,implicature,swmimp182,2,0.4170413613319397
qwen32b,implicature,swmimp182,3,0.3857576251029968
qwen32b,implicature,swmimp183,1,0.279379407564799
qwen32b,implicature,swmimp183,2,0.21387253204981485
qwen32b,implicature,swmimp183,3,0.3374411662419637
qwen32b,implicature,swmimp184,1,0.20073345303535461
qwen32b,implicature,swmimp184,2,0.4492466002702713
qwen32b,implicature,swmimp184,3,0.03031468391418457
qwen32b,implicature,swmimp185,1,0.22006280720233917
qwen32b,implicature,swmimp185,2,0.4149945080280304
qwen32b,implicature,swmimp185,3,0.3775829114019871
qwen32b,implicature,swmimp186,1,0.5311144888401031
qwen32b,implicature,swmimp186,2,0.6173595786094666
qwen32b,implicature,swmimp186,3,0.42945396900177
qwen32b,implicature,swmimp187,1,0.5732259154319763
qwen32b,implicature,swmimp187,2,0.17874681949615479
qwen32b,implicature,swmimp187,3,0.5831229239702225
qwen32b,implicature,swmimp188,1,0.41050001233816147
qwen32b,implicature,swmimp188,2,0.2390701025724411
qwen32b,implicature,swmimp188,3,0.22667673230171204
qwen32b,implicature,swmimp189,1,0.14041115840276083
qwen32b,implicature,swmimp189,2,0.22522356112798056
qwen32b,implicature,swmimp189,3,0.07472256819407146
qwen32b,implicature,swmimp190,1,0.371138999859492
qwen32b,implicature,swmimp190,2,0.6320789655049642
qwen32b,implicature,swmimp190,3,0.5578324894110361
qwen32b,implicature,swmimp191,1,0.4734190106391907
qwen32b,implicature,swmimp191,2,0.24894285202026367
qwen32b,implicature,swmimp191,3,0.4226020500063896
qwen32b,implicature,swmimp192,1,0.30240318179130554
qwen32b,implicature,swmimp192,2,0.322286918759346
qwen32b,implicature,swmimp192,3,0.5227319523692131
qwen32b,implicature,swmimp193,1,0.4153818388779958
qwen32b,implicature,swmimp193,2,0.3822910785675049
qwen32b,implicature,swmimp193,3,0.20746606588363647
qwen32b,implicature,swmimp194,1,0.38792239427566527
qwen32b,implicature,swmimp194,2,0.5486616671085358
qwen32b,implicature,swmimp194,3,0.5655331015586853
qwen32b,implicature,swmimp195,1,0.465736813015408
qwen32b,implicature,swmimp195,2,0.30905553698539734
qwen32b,implicature,swmimp195,3,0.4675524632136027
qwen32b,implicature,swmimp196,1,0.4880797937512398
qwen32b,implicature,swmimp196,2,0.36809225877126056
qwen32b,implicature,swmimp196,3,0.30657411615053815
qwen32b,implicature,swmimp197,1,0.39395052194595337
qwen32b,implicature,swmimp197,2,0.3777743875980377
qwen32b,implicature,swmimp197,3,0.376627579331398
qwen32b,implicature,swmimp198,1,0.41024477283159894
qwen32b,implicature,swmimp198,2,0.30393614371617633
qwen32b,implicature,swmimp198,3,0.5322568515936533
qwen32b,implicature,swmimp199,1,0.354900598526001
qwen32b,implicature,swmimp199,2,0.5761251077055931
qwen32b,implicature,swmimp199,3,0.25291354954242706
qwen32b,implicature,swmimp200,1,0.15276934703191122
qwen32b,implicature,swmimp200,2,0.3091923197110494
qwen32b,implicature,swmimp200,3,0.5230592588583628
qwen7b,false_belief,fb001,1,0.12435682117938995
qwen7b,false_belief,fb001,2,0.10475310683250427
qwen7b,false_belief,fb001,3,0.2350662499666214
qwen7b,false_belief,fb002,1,0.11369954347610474
qwen7b,false_belief,fb002,2,0.132649028301239
qwen7b,false_belief,fb002,3,0.0935095191001892
qwen7b,false_belief,fb003,1,0.16640588641166687
qwen7b,false_belief,fb003,2,0.0488867461681366
qwen7b,false_belief,fb003,3,0.0993710458278656
qwen7b,false_belief,fb004,1,0.12916699051856995
qwen7b,false_belief,fb004,2,0.12136434018611908
qwen7b,false_belief,fb004,3,0.10121898353099823
qwen7b,false_belief,fb005,1,0.11311091482639313
qwen7b,false_belief,fb005,2,0.18194791674613953
qwen7b,false_belief,fb005,3,0.1069052666425705
qwen7b,false_belief,fb006,1,0.2495487779378891
qwen7b,false_belief,fb006,2,0.15986905992031097
qwen7b,false_belief,fb006,3,0.36971387267158207
qwen7b,false_belief,fb007,1,0.1499030590057373
qwen7b,false_belief,fb007,2,0.20386150479316711
qwen7b,false_belief,fb007,3,0.13202376663684845
qwen7b,false_belief,fb008,1,0.062370941042900085
qwen7b,false_belief,fb008,2,0.08028407394886017
qwen7b,false_belief,fb008,3,0.1120876669883728
qwen7b,false_belief,fb009,1,0.16340293486913046
qwen7b,false_belief,fb009,2,0.14627192417780557
qwen7b,false_belief,fb009,3,0.15609419345855713
qwen7b,false_belief,fb010,1,0.16632412374019623
qwen7b,false_belief,fb010,2,0.10536473989486694
qwen7b,false_belief,fb010,3,0.2476581186056137
qwen7b,false_belief,fb011,1,0.09453156590461731
qwen7b,false_belief,fb011,2,0.1501745730638504
qwen7b,false_belief,fb011,3,0.11764174699783325
qwen7b,false_belief,fb012,1,0.19061042368412018
qwen7b,false_belief,fb012,2,0.12873853743076324
qwen7b,false_belief,fb012,3,0.2234625518321991
qwen7b,false_belief,fb013,1,0.1399926096200943
qwen7b,false_belief,fb013,2,0.13325819373130798
qwen7b,false_belief,fb013,3,0.07545959949493408
qwen7b,false_belief,fb014,1,0.12646019458770752
qwen7b,false_belief,fb014,2,0.08600175380706787
qwen7b,false_belief,fb014,3,0.12454968690872192
qwen7b,false_belief,fb015,1,0.27096661925315857
qwen7b,false_belief,fb015,2,0.17666098475456238
qwen7b,false_belief,fb015,3,0.2356380969285965
qwen7b,false_belief,fb016,1,0.08981570601463318
qwen7b,false_belief,fb016,2,0.13962075114250183
qwen7b,false_belief,fb016,3,0.20953305065631866
qwen7b,false_belief,fb017,1,0.07383030652999878
qwen7b,false_belief,fb017,2,0.11724221706390381
qwen7b,false_belief,fb017,3,0.13296186923980713
qwen7b,false_belief,fb018,1,0.08144374191761017
qwen7b,false_belief,fb018,2,0.11574453115463257
qwen7b,false_belief,fb018,3,0.10660742223262787
qwen7b,false_belief,fb019,1,0.07749223709106445
qwen7b,false_belief,fb019,2,0.07633708417415619
qwen7b,false_belief,fb019,3,0.12447082996368408
qwen7b,false_belief,fb020,1,0.20726284384727478
qwen7b,false_belief,fb020,2,0.09975947439670563
qwen7b,false_belief,fb020,3,0.47263336554169655
qwen7b,false_belief,fb021,1,0.08603332042694092
qwen7b,false_belief,fb021,2,0.12004759311676025
qwen7b,false_belief,fb021,3,0.08976904153823853
qwen7b,false_belief,fb022,1,0.10502322018146515
qwen7b,false_belief,fb022,2,0.19777502119541168
qwen7b,false_belief,fb022,3,0.2060808390378952
qwen7b,false_belief,fb023,1,0.15928422212600707
qwen7b,false_belief,fb023,2,0.21312733888626098
qwen7b,false_belief,fb023,3,0.15730870962142945
qwen7b,false_belief,fb024,1,0.1104099949200948
qwen7b,false_belief,fb024,2,0.1055262287457784
qwen7b,false_belief,fb024,3,0.09987848997116089
qwen7b,false_belief,fb025,1,0.07307252287864685
qwen7b,false_belief,fb025,2,0.11332668364048004
qwen7b,false_belief,fb025,3,0.24968090653419495
qwen7b,false_belief,fb026,1,0.21748475233713785
qwen7b,false_belief,fb026,2,0.19149945179621378
qwen7b,false_belief,fb026,3,0.10858954985936482
qwen7b,false_belief,fb027,1,0.1516313155492147
qwen7b,false_belief,fb027,2,0.19225052992502847
qwen7b,false_belief,fb027,3,0.24558518330256143
qwen7b,false_belief,fb028,1,0.10888731479644775
qwen7b,false_belief,fb028,2,0.13946041464805603
qwen7b,false_belief,fb028,3,0.5600963653996587
qwen7b,false_belief,fb029,1,0.15480230748653412
qwen7b,false_belief,fb029,2,0.13484978675842285
qwen7b,false_belief,fb029,3,0.5479454337619245
qwen7b,false_belief,fb030,1,0.1073775440454483
qwen7b,false_belief,fb030,2,0.12094199657440186
qwen7b,false_belief,fb030,3,0.10568177700042725
qwen7b,false_belief,fb031,1,0.1367504596710205
qwen7b,false_belief,fb031,2,0.11713816225528717
qwen7b,false_belief,fb031,3,0.14389187097549438
qwen7b,false_belief,fb032,1,0.11585220694541931
qwen7b,false_belief,fb032,2,0.15592719614505768
qwen7b,false_belief,fb032,3,0.0890507847070694
qwen7b,false_belief,fb033,1,0.19546671211719513
qwen7b,false_belief,fb033,2,0.29738736897706985
qwen7b,false_belief,fb033,3,0.061253562569618225
qwen7b,false_belief,fb034,1,0.26321111619472504
qwen7b,false_belief,fb034,2,0.20797263085842133
qwen7b,false_belief,fb034,3,0.23413892090320587
qwen7b,false_belief,fb035,1,0.18810835480690002
qwen7b,false_belief,fb035,2,0.09683965146541595
qwen7b,false_belief,fb035,3,0.08972062170505524
qwen7b,false_belief,fb036,1,0.19239014387130737
qwen7b,false_belief,fb036,2,0.16066503524780273
qwen7b,false_belief,fb036,3,0.24878395795822145
qwen7b,false_belief,fb037,1,0.24059965461492538
qwen7b,false_belief,fb037,2,0.21937311440706253
qwen7b,false_belief,fb037,3,0.13295277953147888
qwen7b,false_belief,fb038,1,0.13659854233264923
qwen7b,false_belief,fb038,2,0.2067539021372795
qwen7b,false_belief,fb038,3,0.2733815461397171
qwen7b,false_belief,fb039,1,0.14645904302597046
qwen7b,false_belief,fb039,2,0.12892749905586243
qwen7b,false_belief,fb039,3,0.09940987825393677
qwen7b,false_belief,fb040,1,0.12538301944732666
qwen7b,false_belief,fb040,2,0.1824573278427124
qwen7b,false_belief,fb040,3,0.09819939732551575
qwen7b,false_belief,fb041,1,0.12580735981464386
qwen7b,false_belief,fb041,2,0.24628454446792603
qwen7b,false_belief,fb041,3,0.19076649844646454
qwen7b,false_belief,fb042,1,0.1607990860939026
qwen7b,false_belief,fb042,2,0.15975302457809448
qwen7b,false_belief,fb042,3,0.17286428809165955
qwen7b,false_belief,fb043,1,0.26208432018756866
qwen7b,false_belief,fb043,2,0.1378757208585739
qwen7b,false_belief,fb043,3,0.11423702538013458
qwen7b,false_belief,fb044,1,0.15086966753005981
qwen7b,false_belief,fb044,2,0.11948330700397491
qwen7b,false_belief,fb044,3,0.1439327597618103
qwen7b,false_belief,fb045,1,0.10052236318588256
qwen7b,false_belief,fb045,2,0.10911257266998291
qwen7b,false_belief,fb045,3,0.14342751502990722
qwen7b,false_belief,fb046,1,0.0890258252620697
qwen7b,false_belief,fb046,2,0.08088687062263489
qwen7b,false_belief,fb046,3,0.10552772879600525
qwen7b,false_belief,fb047,1,0.10564959049224854
qwen7b,false_belief,fb047,2,0.10976924002170563
qwen7b,false_belief,fb047,3,0.11159056425094604
qwen7b,false_belief,fb048,1,0.14386308193206787
qwen7b,false_belief,fb048,2,0.165833979845047
qwen7b,false_belief,fb048,3,0.11230330169200897
qwen7b,false_belief,fb049,1,0.181833878159523
qwen7b,false_belief,fb049,2,0.2744227945804596
qwen7b,false_belief,fb049,3,0.13640554249286652
qwen7b,false_belief,fb050,1,0.18055202066898346
qwen7b,false_belief,fb050,2,0.13925224542617798
qwen7b,false_belief,fb050,3,0.21214531362056732
qwen7b,false_belief,fb051,1,0.11681908369064331
qwen7b,false_belief,fb051,2,0.11947629849116008
qwen7b,false_belief,fb051,3,0.13815569877624512
qwen7b,false_belief,fb052,1,0.2630698084831238
qwen7b,false_belief,fb052,2,0.27463117241859436
qwen7b,false_belief,fb052,3,0.10782767832279205
qwen7b,false_belief,fb053,1,0.14078153669834137
qwen7b,false_belief,fb053,2,0.14122653007507324
qwen7b,false_belief,fb053,3,0.5019223634153605
qwen7b,false_belief,fb054,1,0.12043993175029755
qwen7b,false_belief,fb054,2,0.20810648798942566
qwen7b,false_belief,fb054,3,0.21921133995056152
qwen7b,false_belief,fb055,1,0.22061195969581604
qwen7b,false_belief,fb055,2,0.11585532128810883
qwen7b,false_belief,fb055,3,0.14203707873821259
qwen7b,false_belief,fb056,1,0.15589508414268494
qwen7b,false_belief,fb056,2,0.3329781424254179
qwen7b,false_belief,fb056,3,0.2159038633108139
qwen7b,false_belief,fb057,1,0.20089362561702728
qwen7b,false_belief,fb057,2,0.27878203988075256
qwen7b,false_belief,fb057,3,0.10742580890655518
qwen7b,false_belief,fb058,1,0.1856648027896881
qwen7b,false_belief,fb058,2,0.1509529948234558
qwen7b,false_belief,fb058,3,0.2427237331867218
qwen7b,false_belief,fb059,1,0.126244455575943
qwen7b,false_belief,fb059,2,0.09015381336212158
qwen7b,false_belief,fb059,3,0.15821024775505066
qwen7b,false_belief,fb060,1,0.17123867571353912
qwen7b,false_belief,fb060,2,0.21298572421073914
qwen7b,false_belief,fb060,3,0.16251154243946075
qwen7b,false_belief,sfp011,1,0.13889549672603607
qwen7b,false_belief,sfp011,2,0.18646922707557678
qwen7b,false_belief,sfp011,3,0.12011529505252838
qwen7b,false_belief,sfp012,1,0.14848777651786804
qwen7b,false_belief,sfp012,2,0.21450479328632355
qwen7b,false_belief,sfp012,3,0.1667482852935791
qwen7b,false_belief,sfp013,1,0.1634281426668167
qwen7b,false_belief,sfp013,2,0.20725947618484497
qwen7b,false_belief,sfp013,3,0.10263408720493317
qwen7b,false_belief,sfp014,1,0.1891162395477295
qwen7b,false_belief,sfp014,2,0.1339957316716512
qwen7b,false_belief,sfp014,3,0.11528637011845906
qwen7b,false_belief,sfp015,1,0.0572376012802124
qwen7b,false_belief,sfp015,2,0.08267391920089721
qwen7b,false_belief,sfp015,3,0.12574446201324463
qwen7b,false_belief,sfp016,1,0.08588523864746093
qwen7b,false_belief,sfp016,2,0.15631192922592163
qwen7b,false_belief,sfp016,3,0.16085405349731446
qwen7b,false_belief,sfp017,1,0.10238978266716003
qwen7b,false_belief,sfp017,2,0.10282133519649506
qwen7b,false_belief,sfp017,3,0.22202663123607635
qwen7b,false_belief,sfp018,1,0.18920136988162994
qwen7b,false_belief,sfp018,2,0.24004870653152466
qwen7b,false_belief,sfp018,3,0.1464202105998993
qwen7b,false_belief,sfp019,1,0.18443135917186737
qwen7b,false_belief,sfp019,2,0.21865235269069672
qwen7b,false_belief,sfp019,3,0.30270883440971375
qwen7b,false_belief,sfp020,1,0.11826539039611816
qwen7b,false_belief,sfp020,2,0.15429498255252838
qwen7b,false_belief,sfp020,3,0.08684314787387848
qwen7b,faux_pas,sfp001,1,0.3212739512324333
qwen7b,faux_pas,sfp001,2,0.23994357585906984
qwen7b,faux_pas,sfp001,3,0.2257114291191101
qwen7b,faux_pas,sfp002,1,0.3065647818148136
qwen7b,faux_pas,sfp002,2,0.6418785462155938
qwen7b,faux_pas,sfp002,3,0.291370153427124
qwen7b,faux_pas,sfp003,1,0.7016544584184885
qwen7b,faux_pas,sfp003,2,0.7473009405657649
qwen7b,faux_pas,sfp003,3,0.8116541840136051
qwen7b,faux_pas,sfp004,1,0.4720205217599869
qwen7b,faux_pas,sfp004,2,0.36962098628282547
qwen7b,faux_pas,sfp004,3,0.38933467864990234
qwen7b,faux_pas,sfp005,1,0.46883534640073776
qwen7b,faux_pas,sfp005,2,0.48011946119368076
qwen7b,faux_pas,sfp005,3,0.45046063140034676
qwen7b,faux_pas,sfp006,1,0.3737713694572449
qwen7b,faux_pas,sfp006,2,0.4269469380378723
qwen7b,faux_pas,sfp006,3,0.23624378442764282
qwen7b,faux_pas,sfp007,1,0.26722106896340847
qwen7b,faux_pas,sfp007,2,0.7230290379375219
qwen7b,faux_pas,sfp007,3,0.7060141507536173
qwen7b,faux_pas,sfp008,1,0.30261842012405393
qwen7b,faux_pas,sfp008,2,0.6407926008105278
qwen7b,faux_pas,sfp008,3,0.29368990659713745
qwen7b,faux_pas,sfp009,1,0.4733644276857376
qwen7b,faux_pas,sfp009,2,0.44859841962655383
qwen7b,faux_pas,sfp009,3,0.41057150562604267
qwen7b,faux_pas,sfp010,1,0.6032601669430733
qwen7b,faux_pas,sfp010,2,0.5394658719499906
qwen7b,faux_pas,sfp010,3,0.655881700416406
qwen7b,implicature,swmimp001,1,0.5723534939544541
qwen7b,implicature,swmimp001,2,0.5232001766562462
qwen7b,implicature,swmimp001,3,0.27653693301337107
qwen7b,implicature,swmimp002,1,0.46519898176193236
qwen7b,implicature,swmimp002,2,0.379766058921814
qwen7b,implicature,swmimp002,3,0.44382439851760863
qwen7b,implicature,swmimp003,1,0.3252577980359395
qwen7b,implicature,swmimp003,2,0.3489360809326172
qwen7b,implicature,swmimp003,3,0.32614805301030475
qwen7b,implicature,swmimp004,1,0.40569570660591125
qwen7b,implicature,swmimp004,2,0.3409946709871292
qwen7b,implicature,swmimp004,3,0.23575888574123383
qwen7b,implicature,swmimp005,1,0.30918606122334796
qwen7b,implicature,swmimp005,2,0.41061845421791077
qwen7b,implicature,swmimp005,3,0.23507327834765115
qwen7b,implicature,swmimp006,1,0.2120690941810608
qwen7b,implicature,swmimp006,2,0.2048287789026896
qwen7b,implicature,swmimp006,3,0.22869199514389038
qwen7b,implicature,swmimp007,1,0.290320668901716
qwen7b,implicature,swmimp007,2,0.40585772906030926
qwen7b,implicature,swmimp007,3,0.4378748195511954
qwen7b,implicature,swmimp008,1,0.21253851652145386
qwen7b,implicature,swmimp008,2,0.12151114940643311
qwen7b,implicature,swmimp008,3,0.13249286413192748
qwen7b,implicature,swmimp009,1,0.2364504814147949
qwen7b,implicature,swmimp009,2,0.2736365556716919
qwen7b,implicature,swmimp009,3,0.2068089008331299
qwen7b,implicature,swmimp010,1,0.4366856776177883
qwen7b,implicature,swmimp010,2,0.4320821240544319
qwen7b,implicature,swmimp010,3,0.645368161611259
qwen7b,implicature,swmimp011,1,0.2512909322977066
qwen7b,implicature,swmimp011,2,0.3527424931526184
qwen7b,implicature,swmimp011,3,0.31679679453372955
qwen7b,implicature,swmimp012,1,0.42435284455617267
qwen7b,implicature,swmimp012,2,0.2901577353477478
qwen7b,implicature,swmimp012,3,0.6215711037317911
qwen7b,implicature,swmimp013,1,0.3459540903568268
qwen7b,implicature,swmimp013,2,0.27377933263778687
qwen7b,implicature,swmimp013,3,0.281868577003479
qwen7b,implicature,swmimp014,1,0.43958714604377747
qwen7b,implicature,swmimp014,2,0.37897777557373047
qwen7b,implicature,swmimp014,3,0.3618999421596527
qwen7b,implicature,swmimp015,1,0.29004818201065063
qwen7b,implicature,swmimp015,2,0.5854299962520599
qwen7b,implicature,swmimp015,3,0.45273536443710327
qwen7b,implicature,swmimp016,1,0.3684691654311286
qwen7b,implicature,swmimp016,2,0.3496483415365219
qwen7b,implicature,swmimp016,3,0.27588149574067855
qwen7b,implicature,swmimp017,1,0.33754374583562213
qwen7b,implicature,swmimp017,2,0.3417461117108663
qwen7b,implicature,swmimp017,3,0.3665703733762105
qwen7b,implicature,swmimp018,1,0.33735573291778564
qwen7b,implicature,swmimp018,2,0.29382866621017456
qwen7b,implicature,swmimp018,3,0.264272540807724
qwen7b,implicature,swmimp019,1,0.258334144949913
qwen7b,implicature,swmimp019,2,0.3127950131893158
qwen7b,implicature,swmimp019,3,0.2435484230518341
qwen7b,implicature,swmimp020,1,0.3547859191894531
qwen7b,implicature,swmimp020,2,0.3700580398241679
qwen7b,implicature,swmimp020,3,0.3602810899416606
qwen7b,implicature,swmimp021,1,0.37078529596328735
qwen7b,implicature,swmimp021,2,0.206015944480896
qwen7b,implicature,swmimp021,3,0.32756078243255615
qwen7b,implicature,swmimp022,1,0.3139715989430745
qwen7b,implicature,swmimp022,2,0.3842814763387044
qwen7b,implicature,swmimp022,3,0.35379956165949505
qwen7b,implicature,swmimp023,1,0.2332305610179901
qwen7b,implicature,swmimp023,2,0.551597848534584
qwen7b,implicature,swmimp023,3,0.5377820581197739
qwen7b,implicature,swmimp024,1,0.252703920006752
qwen7b,implicature,swmimp024,2,0.2663261145353317
qwen7b,implicature,swmimp024,3,0.2763160988688469
qwen7b,implicature,swmimp025,1,0.33985835313796997
qwen7b,implicature,swmimp025,2,0.505985340476036
qwen7b,implicature,swmimp025,3,0.42467528730630877
qwen7b,implicature,swmimp026,1,0.41896358132362366
qwen7b,implicature,swmimp026,2,0.34127072989940643
qwen7b,implicature,swmimp026,3,0.2780507206916809
qwen7b,implicature,swmimp027,1,0.3720748722553253
qwen7b,implicature,swmimp027,2,0.7242846041917801
qwen7b,implicature,swmimp027,3,0.3835599720478058
qwen7b,implicature,swmimp028,1,0.25273330012957257
qwen7b,implicature,swmimp028,2,0.30143120388189953
qwen7b,implicature,swmimp028,3,0.3417830268541972
qwen7b,implicature,swmimp029,1,0.45952971776326496
qwen7b,implicature,swmimp029,2,0.3883170286814372
qwen7b,implicature,swmimp029,3,0.3685913681983948
qwen7b,implicature,swmimp030,1,0.22800536950429282
qwen7b,implicature,swmimp030,2,0.2656128406524658
qwen7b,implicature,swmimp030,3,0.24447840452194214
qwen7b,implicature,swmimp031,1,0.4698677062988281
qwen7b,implicature,swmimp031,2,0.19845446518489293
qwen7b,implicature,swmimp031,3,0.36202323010989595
qwen7b,implicature,swmimp032,1,0.5977900736033916
qwen7b,implicature,swmimp032,2,0.4343433529138565
qwen7b,implicature,swmimp032,3,0.3144317865371704
qwen7b,implicature,swmimp033,1,0.3608071506023407
qwen7b,implicature,swmimp033,2,0.2706824392080307
qwen7b,implicature,swmimp033,3,0.15407732129096985
qwen7b,implicature,swmimp034,1,0.16524779796600342
qwen7b,implicature,swmimp034,2,0.3682137131690979
qwen7b,implicature,swmimp034,3,0.12330371141433716
qwen7b,implicature,swmimp035,1,0.29500576853752136
qwen7b,implicature,swmimp035,2,0.2494821548461914
qwen7b,implicature,swmimp035,3,0.41949207335710526
qwen7b,implicature,swmimp036,1,0.44785294830799105
qwen7b,implicature,swmimp036,2,0.32095863819122317
qwen7b,implicature,swmimp036,3,0.4540251612663269
qwen7b,implicature,swmimp037,1,0.3245428130030632
qwen7b,implicature,swmimp037,2,0.31733831763267517
qwen7b,implicature,swmimp037,3,0.35932694375514984
qwen7b,implicature,swmimp038,1,0.4675869594017665
qwen7b,implicature,swmimp038,2,0.5518309026956558
qwen7b,implicature,swmimp038,3,0.5444044048587481
qwen7b,implicature,swmimp039,1,0.3188515841960907
qwen7b,implicature,swmimp039,2,0.2881277084350586
qwen7b,implicature,swmimp039,3,0.2891676664352417
qwen7b,implicature,swmimp040,1,0.24573734402656555
qwen7b,implicature,swmimp040,2,0.23772533237934113
qwen7b,implicature,swmimp040,3,0.4178982526063919
qwen7b,implicature,swmimp041,1,0.49380574375391006
qwen7b,implicature,swmimp041,2,0.22528567910194397
qwen7b,implicature,swmimp041,3,0.6476322282105684
qwen7b,implicature,swmimp042,1,0.13215893507003784
qwen7b,implicature,swmimp042,2,0.24580701192220053
qwen7b,implicature,swmimp042,3,0.20923149585723877
qwen7b,implicature,swmimp043,1,0.2923063635826111
qwen7b,implicature,swmimp043,2,0.21260395646095276
qwen7b,implicature,swmimp043,3,0.3360985517501831
qwen7b,implicature,swmimp044,1,0.18884201049804689
qwen7b,implicature,swmimp044,2,0.2255468487739563
qwen7b,implicature,swmimp044,3,0.1954411506652832
qwen7b,implicature,swmimp045,1,0.5143327638506889
qwen7b,implicature,swmimp045,2,0.32041390240192413
qwen7b,implicature,swmimp045,3,0.5700589474290609
qwen7b,implicature,swmimp046,1,0.33089564442634584
qwen7b,implicature,swmimp046,2,0.19991729259490967
qwen7b,implicature,swmimp046,3,0.5637526050209999
qwen7b,implicature,swmimp047,1,0.4240143597126007
qwen7b,implicature,swmimp047,2,0.41512725750605267
qwen7b,implicature,swmimp047,3,0.25466181834538776
qwen7b,implicature,swmimp048,1,0.32546112686395645
qwen7b,implicature,swmimp048,2,0.3936486393213272
qwen7b,implicature,swmimp048,3,0.31488141417503357
qwen7b,implicature,swmimp049,1,0.26014289259910583
qwen7b,implicature,swmimp049,2,0.1978853940963745
qwen7b,implicature,swmimp049,3,0.3059120923280716
qwen7b,implicature,swmimp050,1,0.2826367974281311
qwen7b,implicature,swmimp050,2,0.18644806146621704
qwen7b,implicature,swmimp050,3,0.43221685886383054
qwen7b,implicature,swmimp051,1,0.2613203525543213
qwen7b,implicature,swmimp051,2,0.3458252727985382
qwen7b,implicature,swmimp051,3,0.22902027368545533
qwen7b,implicature,swmimp052,1,0.33146314322948456
qwen7b,implicature,swmimp052,2,0.4205629713833332
qwen7b,implicature,swmimp052,3,0.3560827895998955
qwen7b,implicature,swmimp053,1,0.3335898419221242
qwen7b,implicature,swmimp053,2,0.36578528583049774
qwen7b,implicature,swmimp053,3,0.2783414324124654
qwen7b,implicature,swmimp054,1,0.4577721357345581
qwen7b,implicature,swmimp054,2,0.25828760862350464
qwen7b,implicature,swmimp054,3,0.25143980979919434
qwen7b,implicature,swmimp055,1,0.198954439163208
qwen7b,implicature,swmimp055,2,0.4147723078727722
qwen7b,implicature,swmimp055,3,0.28433153629302976
qwen7b,implicature,swmimp056,1,0.34094443917274475
qwen7b,implicature,swmimp056,2,0.3502448598543803
qwen7b,implicature,swmimp056,3,0.4340517421563466
qwen7b,implicature,swmimp057,1,0.30105364322662354
qwen7b,implicature,swmimp057,2,0.35395634174346924
qwen7b,implicature,swmimp057,3,0.4336001177628835
qwen7b,implicature,swmimp058,1,0.16069936752319336
qwen7b,implicature,swmimp058,2,0.11754411458969116
qwen7b,implicature,swmimp058,3,0.22137204806009927
qwen7b,implicature,swmimp059,1,0.09277255833148956
qwen7b,implicature,swmimp059,2,0.22497357428073883
qwen7b,implicature,swmimp059,3,0.1679544746875763
qwen7b,implicature,swmimp060,1,0.22591976324717203
qwen7b,implicature,swmimp060,2,0.22304670015970865
qwen7b,implicature,swmimp060,3,0.39306843280792236
qwen7b,implicature,swmimp061,1,0.261240690946579
qwen7b,implicature,swmimp061,2,0.26894479990005493
qwen7b,implicature,swmimp061,3,0.33681100606918335
qwen7b,implicature,swmimp062,1,0.2133763631184896
qwen7b,implicature,swmimp062,2,0.35353994369506836
qwen7b,implicature,swmimp062,3,0.3594905535380046
qwen7b,implicature,swmimp063,1,0.25806260108947754
qwen7b,implicature,swmimp063,2,0.19538170099258423
qwen7b,implicature,swmimp063,3,0.4634987339377403
qwen7b,implicature,swmimp064,1,0.34010499715805054
qwen7b,implicature,swmimp064,2,0.3052683621644974
qwen7b,implicature,swmimp064,3,0.2921895533800125
qwen7b,implicature,swmimp065,1,0.28107402722040814
qwen7b,implicature,swmimp065,2,0.28591962655385333
qwen7b,implicature,swmimp065,3,0.4275243431329727
qwen7b,implicature,swmimp066,1,0.27398733297983807
qwen7b,implicature,swmimp066,2,0.42042327920595807
qwen7b,implicature,swmimp066,3,0.20963549613952637
qwen7b,implicature,swmimp067,1,0.32644361853599546
qwen7b,implicature,swmimp067,2,0.1988871216773987
qwen7b,implicature,swmimp067,3,0.24686148166656494
qwen7b,implicature,swmimp068,1,0.26064013441403705
qwen7b,implicature,swmimp068,2,0.374510000149409
qwen7b,implicature,swmimp068,3,0.33162731925646466
qwen7b,implicature,swmimp069,1,0.27023298740386964
qwen7b,implicature,swmimp069,2,0.22032994031906128
qwen7b,implicature,swmimp069,3,0.22735741138458251
qwen7b,implicature,swmimp070,1,0.45412168465554714
qwen7b,implicature,swmimp070,2,0.6253018816933036
qwen7b,implicature,swmimp070,3,0.5515686282888055
qwen7b,implicature,swmimp071,1,0.48510850593447685
qwen7b,implicature,swmimp071,2,0.2625773102045059
qwen7b,implicature,swmimp071,3,0.24617250263690948
qwen7b,implicature,swmimp072,1,0.11285618940989177
qwen7b,implicature,swmimp072,2,0.32176711161931354
qwen7b,implicature,swmimp072,3,0.1556991140047709
qwen7b,implicature,swmimp073,1,0.5445032753050327
qwen7b,implicature,swmimp073,2,0.5862629519154628
qwen7b,implicature,swmimp073,3,0.28852595885594684
qwen7b,implicature,swmimp074,1,0.5282669613758723
qwen7b,implicature,swmimp074,2,0.236666868130366
qwen7b,implicature,swmimp074,3,0.35231060286362964
qwen7b,implicature,swmimp075,1,0.2729747380529131
qwen7b,implicature,swmimp075,2,0.3320736970220293
qwen7b,implicature,swmimp075,3,0.31426617077418734
qwen7b,implicature,swmimp076,1,0.27396491169929504
qwen7b,implicature,swmimp076,2,0.412406861782074
qwen7b,implicature,swmimp076,3,0.29332494735717773
qwen7b,implicature,swmimp077,1,0.27252988815307616
qwen7b,implicature,swmimp077,2,0.35573434829711914
qwen7b,implicature,swmimp077,3,0.43366821110248566
qwen7b,implicature,swmimp078,1,0.3216867446899414
qwen7b,implicature,swmimp078,2,0.31925446291764575
qwen7b,implicature,swmimp078,3,0.2867433230082194
qwen7b,implicature,swmimp079,1,0.27971380949020386
qwen7b,implicature,swmimp079,2,0.1805719222341265
qwen7b,implicature,swmimp079,3,0.40809118321963717
qwen7b,implicature,swmimp080,1,0.30088082551956175
qwen7b,implicature,swmimp080,2,0.33016946315765383
qwen7b,implicature,swmimp080,3,0.4559225499629974
qwen7b,implicature,swmimp081,1,0.19514000415802002
qwen7b,implicature,swmimp081,2,0.35586867332458494
qwen7b,implicature,swmimp081,3,0.2836809277534485
qwen7b,implicature,swmimp082,1,0.30772827565670013
qwen7b,implicature,swmimp082,2,0.4069247245788574
qwen7b,implicature,swmimp082,3,0.20403136312961578
qwen7b,implicature,swmimp083,1,0.4684782351056735
qwen7b,implicature,swmimp083,2,0.27710042397181195
qwen7b,implicature,swmimp083,3,0.526342263755699
qwen7b,implicature,swmimp084,1,0.516828203201294
qwen7b,implicature,swmimp084,2,0.3803775429725647
qwen7b,implicature,swmimp084,3,0.5093549132347107
qwen7b,implicature,swmimp085,1,0.19486967474222183
qwen7b,implicature,swmimp085,2,0.3320673778653145
qwen7b,implicature,swmimp085,3,0.3328153006732464
qwen7b,implicature,swmimp086,1,0.613311716541648
qwen7b,implicature,swmimp086,2,0.40731497704982755
qwen7b,implicature,swmimp086,3,0.5819659471511841
qwen7b,implicature,swmimp087,1,0.39858008921146393
qwen7b,implicature,swmimp087,2,0.3272238150238991
qwen7b,implicature,swmimp087,3,0.4854412078857422
qwen7b,implicature,swmimp088,1,0.3552439510822296
qwen7b,implicature,swmimp088,2,0.5349456183612347
qwen7b,implicature,swmimp088,3,0.321497805416584
qwen7b,implicature,swmimp089,1,0.3028117020924886
qwen7b,implicature,swmimp089,2,0.27156198024749756
qwen7b,implicature,swmimp089,3,0.40925369660059613
qwen7b,implicature,swmimp090,1,0.24247592687606812
qwen7b,implicature,swmimp090,2,0.24338887135187784
qwen7b,implicature,swmimp090,3,0.32751431067784625
qwen7b,implicature,swmimp091,1,0.18260092735290528
qwen7b,implicature,swmimp091,2,0.25570969358086587
qwen7b,implicature,swmimp091,3,0.10946087837219239
qwen7b,implicature,swmimp092,1,0.30434955656528473
qwen7b,implicature,swmimp092,2,0.3212997689843178
qwen7b,implicature,swmimp092,3,0.28859958052635193
qwen7b,implicature,swmimp093,1,0.17615127563476562
qwen7b,implicature,swmimp093,2,0.22521883249282837
qwen7b,implicature,swmimp093,3,0.1446307748556137
qwen7b,implicature,swmimp094,1,0.24166705211003622
qwen7b,implicature,swmimp094,2,0.23333443204561868
qwen7b,implicature,swmimp094,3,0.25825387239456177
qwen7b,implicature,swmimp095,1,0.10235616564750671
qwen7b,implicature,swmimp095,2,0.07395990192890167
qwen7b,implicature,swmimp095,3,0.12360449135303497
qwen7b,implicature,swmimp096,1,0.4022220432758331
qwen7b,implicature,swmimp096,2,0.6032724633812905
qwen7b,implicature,swmimp096,3,0.3310906171798706
qwen7b,implicature,swmimp097,1,0.30083369215329486
qwen7b,implicature,swmimp097,2,0.31371166308720905
qwen7b,implicature,swmimp097,3,0.32397931814193726
qwen7b,implicature,swmimp098,1,0.3862169086933136
qwen7b,implicature,swmimp098,2,0.3971077303091685
qwen7b,implicature,swmimp098,3,0.23608209689458212
qwen7b,implicature,swmimp099,1,0.5183677673339844
qwen7b,implicature,swmimp099,2,0.6432072892785072
qwen7b,implicature,swmimp099,3,0.449389785528183
qwen7b,implicature,swmimp100,1,0.394761461019516
qwen7b,implicature,swmimp100,2,0.31587623357772826
qwen7b,implicature,swmimp100,3,0.3568580448627472
qwen7b,implicature,swmimp101,1,0.35587317835200916
qwen7b,implicature,swmimp101,2,0.4734205793250691
qwen7b,implicature,swmimp101,3,0.2527347586371682
qwen7b,implicature,swmimp102,1,0.35778712413527747
qwen7b,implicature,swmimp102,2,0.3948473720387979
qwen7b,implicature,swmimp102,3,0.2167190584269437
qwen7b,implicature,swmimp103,1,0.0
qwen7b,implicature,swmimp103,2,0.0
qwen7b,implicature,swmimp103,3,0.0
qwen7b,implicature,swmimp104,1,0.43352000415325165
qwen7b,implicature,swmimp104,2,0.5498414405367591
qwen7b,implicature,swmimp104,3,0.605613008205017
qwen7b,implicature,swmimp105,1,0.0
qwen7b,implicature,swmimp105,2,0.0
qwen7b,implicature,swmimp105,3,0.0
qwen7b,implicature,swmimp106,1,0.0
qwen7b,implicature,swmimp106,2,0.0
qwen7b,implicature,swmimp106,3,0.0
qwen7b,implicature,swmimp107,1,0.0
qwen7b,implicature,swmimp107,2,0.0
qwen7b,implicature,swmimp107,3,0.0
qwen7b,implicature,swmimp108,1,0.0
qwen7b,implicature,swmimp108,2,0.0
qwen7b,implicature,swmimp108,3,0.0
qwen7b,implicature,swmimp109,1,0.0
qwen7b,implicature,swmimp109,2,0.0
qwen7b,implicature,swmimp109,3,0.0
qwen7b,implicature,swmimp110,1,0.5650849044322968
qwen7b,implicature,swmimp110,2,0.31095489859580994
qwen7b,implicature,swmimp110,3,0.4033168852329254
qwen7b,implicature,swmimp111,1,0.2800634959164788
qwen7b,implicature,swmimp111,2,0.323874608558767
qwen7b,implicature,swmimp111,3,0.24096938441781438
qwen7b,implicature,swmimp112,1,0.33585689663887025
qwen7b,implicature,swmimp112,2,0.26856852769851686
qwen7b,implicature,swmimp112,3,0.3263801097869873
qwen7b,implicature,swmimp113,1,0.27668496966362
qwen7b,implicature,swmimp113,2,0.3446642926761082
qwen7b,implicature,swmimp113,3,0.3537980488368443
qwen7b,implicature,swmimp114,1,0.3444134361214108
qwen7b,implicature,swmimp114,2,0.29477716485659283
qwen7b,implicature,swmimp114,3,0.24866010083092582
qwen7b,implicature,swmimp115,1,0.29748983681201935
qwen7b,implicature,swmimp115,2,0.3360859155654907
qwen7b,implicature,swmimp115,3,0.3812994956970215
qwen7b,implicature,swmimp116,1,0.30739814043045044
qwen7b,implicature,swmimp116,2,0.19476261734962463
qwen7b,implicature,swmimp116,3,0.36263101796309155
qwen7b,implicature,swmimp117,1,0.259383425116539
qwen7b,implicature,swmimp117,2,0.3714987188577652
qwen7b,implicature,swmimp117,3,0.3631882667541504
qwen7b,implicature,swmimp118,1,0.16238313913345337
qwen7b,implicature,swmimp118,2,0.41939471165339154
qwen7b,implicature,swmimp118,3,0.4015502731005351
qwen7b,implicature,swmimp119,1,0.23047558814287186
qwen7b,implicature,swmimp119,2,0.29624755680561066
qwen7b,implicature,swmimp119,3,0.21518362760543824
qwen7b,implicature,swmimp120,1,0.21091710527737936
qwen7b,implicature,swmimp120,2,0.26563451687494916
qwen7b,implicature,swmimp120,3,0.32592469453811646
qwen7b,implicature,swmimp121,1,0.5152699332684278
qwen7b,implicature,swmimp121,2,0.6011940843891352
qwen7b,implicature,swmimp121,3,0.5132989651756361
qwen7b,implicature,swmimp122,1,0.4869755208492279
qwen7b,implicature,swmimp122,2,0.24986952543258667
qwen7b,implicature,swmimp122,3,0.14883610606193542
qwen7b,implicature,swmimp123,1,0.28771167000134784
qwen7b,implicature,swmimp123,2,0.4985837812225024
qwen7b,implicature,swmimp123,3,0.5482762086515626
qwen7b,implicature,swmimp124,1,0.3963835047824042
qwen7b,implicature,swmimp124,2,0.4322696290910244
qwen7b,implicature,swmimp124,3,0.35558352725846426
qwen7b,implicature,swmimp125,1,0.4693673551082611
qwen7b,implicature,swmimp125,2,0.34383095481566023
qwen7b,implicature,swmimp125,3,0.35187967334474834
qwen7b,implicature,swmimp126,1,0.2946106046438217
qwen7b,implicature,swmimp126,2,0.38364724442362785
qwen7b,implicature,swmimp126,3,0.38427930884063244
qwen7b,implicature,swmimp127,1,0.6066612054904302
qwen7b,implicature,swmimp127,2,0.3004042175081041
qwen7b,implicature,swmimp127,3,0.469518029027515
qwen7b,implicature,swmimp128,1,0.3838563064734141
qwen7b,implicature,swmimp128,2,0.3925457199414571
qwen7b,implicature,swmimp128,3,0.4923488279183706
qwen7b,implicature,swmimp129,1,0.28824854890505475
qwen7b,implicature,swmimp129,2,0.3797522534926732
qwen7b,implicature,swmimp129,3,0.19269770880540213
qwen7b,implicature,swmimp130,1,0.22673936684926352
qwen7b,implicature,swmimp130,2,0.39733049604627824
qwen7b,implicature,swmimp130,3,0.3195616669125027
qwen7b,implicature,swmimp131,1,0.3232118487358093
qwen7b,implicature,swmimp131,2,0.2874378065268199
qwen7b,implicature,swmimp131,3,0.2780161003271739
qwen7b,implicature,swmimp132,1,0.5373310554772616
qwen7b,implicature,swmimp132,2,0.5763564337044954
qwen7b,implicature,swmimp132,3,0.3649122443050146
qwen7b,implicature,swmimp133,1,0.2319679856300354
qwen7b,implicature,swmimp133,2,0.22759666442871093
qwen7b,implicature,swmimp133,3,0.5002990804612637
qwen7b,implicature,swmimp134,1,0.4778951406478882
qwen7b,implicature,swmimp134,2,0.23580037554105124
qwen7b,implicature,swmimp134,3,0.2971496060490608
qwen7b,implicature,swmimp135,1,0.29525357484817505
qwen7b,implicature,swmimp135,2,0.4076853394508362
qwen7b,implicature,swmimp135,3,0.39149318635463715
qwen7b,implicature,swmimp136,1,0.3878185272216797
qwen7b,implicature,swmimp136,2,0.5930006995797157
qwen7b,implicature,swmimp136,3,0.48894983530044556
qwen7b,implicature,swmimp137,1,0.30502529939015705
qwen7b,implicature,swmimp137,2,0.3340637882550557
qwen7b,implicature,swmimp137,3,0.5766544838746389
qwen7b,implicature,swmimp138,1,0.2778573870658875
qwen7b,implicature,swmimp138,2,0.22286221981048585
qwen7b,implicature,swmimp138,3,0.2331069827079773
qwen7b,implicature,swmimp139,1,0.342840986592429
qwen7b,implicature,swmimp139,2,0.31104202781404766
qwen7b,implicature,swmimp139,3,0.4715392802442823
qwen7b,implicature,swmimp140,1,0.2876681495043967
qwen7b,implicature,swmimp140,2,0.2939639894498719
qwen7b,implicature,swmimp140,3,0.3249868415296078
qwen7b,implicature,swmimp141,1,0.1363385260105133
qwen7b,implicature,swmimp141,2,0.13737308382987976
qwen7b,implicature,swmimp141,3,0.1313333749771118
qwen7b,implicature,swmimp142,1,0.3704788155025906
qwen7b,implicature,swmimp142,2,0.27479936679204303
qwen7b,implicature,swmimp142,3,0.39272696442074245
qwen7b,implicature,swmimp143,1,0.22565478787702672
qwen7b,implicature,swmimp143,2,0.281741746208247
qwen7b,implicature,swmimp143,3,0.32336520447450523
qwen7b,implicature,swmimp144,1,0.34045937115495856
qwen7b,implicature,swmimp144,2,0.325739941813729
qwen7b,implicature,swmimp144,3,0.35357801751656964
qwen7b,implicature,swmimp145,1,0.3215416471163432
qwen7b,implicature,swmimp145,2,0.326326588789622
qwen7b,implicature,swmimp145,3,0.3531133731206258
qwen7b,implicature,swmimp146,1,0.34216969177640716
qwen7b,implicature,swmimp146,2,0.22361727007504167
qwen7b,implicature,swmimp146,3,0.2878155030053237
qwen7b,implicature,swmimp147,1,0.4705521658890777
qwen7b,implicature,swmimp147,2,0.3791426453325484
qwen7b,implicature,swmimp147,3,0.4301305678155687
qwen7b,implicature,swmimp148,1,0.4558660021195045
qwen7b,implicature,swmimp148,2,0.25794374484282273
qwen7b,implicature,swmimp148,3,0.35790986109238404
qwen7b,implicature,swmimp149,1,0.43078413149341943
qwen7b,implicature,swmimp149,2,0.40237206816673277
qwen7b,implicature,swmimp149,3,0.28927233815193176
qwen7b,implicature,swmimp150,1,0.42598689794540406
qwen7b,implicature,swmimp150,2,0.41657823920249937
qwen7b,implicature,swmimp150,3,0.4092027574777603
qwen7b,implicature,swmimp151,1,0.13241079023906163
qwen7b,implicature,swmimp151,2,0.21040492398398264
qwen7b,implicature,swmimp151,3,0.2752713773931776
qwen7b,implicature,swmimp152,1,0.22046795818540785
qwen7b,implicature,swmimp152,2,0.13344683912065294
qwen7b,implicature,swmimp152,3,0.24692889716890123
qwen7b,implicature,swmimp153,1,0.24391844537523058
qwen7b,implicature,swmimp153,2,0.3227859139442444
qwen7b,implicature,swmimp153,3,0.30387628740734524
qwen7b,implicature,swmimp154,1,0.3105211969878938
qwen7b,implicature,swmimp154,2,0.43187205162313247
qwen7b,implicature,swmimp154,3,0.35331777731577557
qwen7b,implicature,swmimp155,1,0.5893544256687164
qwen7b,implicature,swmimp155,2,0.33097976446151733
qwen7b,implicature,swmimp155,3,0.5078661143779755
qwen7b,implicature,swmimp156,1,0.42943327931257397
qwen7b,implicature,swmimp156,2,0.4803067766703092
qwen7b,implicature,swmimp156,3,0.2740845588537363
qwen7b,implicature,swmimp157,1,0.3479122519493103
qwen7b,implicature,swmimp157,2,0.3152475357055664
qwen7b,implicature,swmimp157,3,0.2505924304326375
qwen7b,implicature,swmimp158,1,0.24347691237926483
qwen7b,implicature,swmimp158,2,0.40057630836963654
qwen7b,implicature,swmimp158,3,0.21815039217472076
qwen7b,implicature,swmimp159,1,0.1778023668697902
qwen7b,implicature,swmimp159,2,0.24536405290876115
qwen7b,implicature,swmimp159,3,0.31335565873554777
qwen7b,implicature,swmimp160,1,0.33448588848114014
qwen7b,implicature,swmimp160,2,0.3633297383785248
qwen7b,implicature,swmimp160,3,0.4906517831342561
qwen7b,implicature,swmimp161,1,0.36161647524152485
qwen7b,implicature,swmimp161,2,0.3978114426136017
qwen7b,implicature,swmimp161,3,0.2819057362420218
qwen7b,implicature,swmimp162,1,0.33626752098401386
qwen7b,implicature,swmimp162,2,0.34006283680597943
qwen7b,implicature,swmimp162,3,0.2596972684065501
qwen7b,implicature,swmimp163,1,0.3359464506308238
qwen7b,implicature,swmimp163,2,0.22637522882885402
qwen7b,implicature,swmimp163,3,0.24717266692055595
qwen7b,implicature,swmimp164,1,0.49083341658115387
qwen7b,implicature,swmimp164,2,0.2690662443637848
qwen7b,implicature,swmimp164,3,0.44752007722854614
qwen7b,implicature,swmimp165,1,0.29560989141464233
qwen7b,implicature,swmimp165,2,0.46408867835998535
qwen7b,implicature,swmimp165,3,0.3655354579289754
qwen7b,implicature,swmimp166,1,0.5622168332338333
qwen7b,implicature,swmimp166,2,0.937969759106636
qwen7b,implicature,swmimp166,3,0.28154024481773376
qwen7b,implicature,swmimp167,1,0.2732508063316345
qwen7b,implicature,swmimp167,2,0.3332760751247406
qwen7b,implicature,swmimp167,3,0.25487483739852906
qwen7b,implicature,swmimp168,1,0.2444718579451243
qwen7b,implicature,swmimp168,2,0.3517794758081436
qwen7b,implicature,swmimp168,3,0.3723158960541089
qwen7b,implicature,swmimp169,1,0.21426546573638916
qwen7b,implicature,swmimp169,2,0.2974824210007985
qwen7b,implicature,swmimp169,3,0.20564485589663187
qwen7b,implicature,swmimp170,1,0.41003814339637756
qwen7b,implicature,swmimp170,2,0.3039591908454895
qwen7b,implicature,swmimp170,3,0.39743293821811676
qwen7b,implicature,swmimp171,1,0.3653497370806607
qwen7b,implicature,swmimp171,2,0.3506409674882889
qwen7b,implicature,swmimp171,3,0.25695489753376355
qwen7b,implicature,swmimp172,1,0.1560271978378296
qwen7b,implicature,swmimp172,2,0.4050940275192261
qwen7b,implicature,swmimp172,3,0.2489857276280721
qwen7b,implicature,swmimp173,1,0.3308899253606796
qwen7b,implicature,swmimp173,2,0.27122558653354645
qwen7b,implicature,swmimp173,3,0.25527089834213257
qwen7b,implicature,swmimp174,1,0.5630267083644866
qwen7b,implicature,swmimp174,2,0.2840940833091736
qwen7b,implicature,swmimp174,3,0.26196703910827634
qwen7b,implicature,swmimp175,1,0.28910419940948484
qwen7b,implicature,swmimp175,2,0.2685630679130554
qwen7b,implicature,swmimp175,3,0.25706326961517334
qwen7b,implicature,swmimp176,1,0.41645691394805906
qwen7b,implicature,swmimp176,2,0.40646342039108274
qwen7b,implicature,swmimp176,3,0.31575257778167726
qwen7b,implicature,swmimp177,1,0.37103274890354704
qwen7b,implicature,swmimp177,2,0.3584642452853067
qwen7b,implicature,swmimp177,3,0.3934911915234157
qwen7b,implicature,swmimp178,1,0.22992755735621734
qwen7b,implicature,swmimp178,2,0.3064212606233709
qwen7b,implicature,swmimp178,3,0.36019057901028323
qwen7b,implicature,swmimp179,1,0.4144957233220339
qwen7b,implicature,swmimp179,2,0.33298733830451965
qwen7b,implicature,swmimp179,3,0.33485180884599686
qwen7b,implicature,swmimp180,1,0.21359206438064576
qwen7b,implicature,swmimp180,2,0.23418971300125122
qwen7b,implicature,swmimp180,3,0.2883290767669678
qwen7b,implicature,swmimp181,1,0.3104364914553506
qwen7b,implicature,swmimp181,2,0.24574225289481028
qwen7b,implicature,swmimp181,3,0.4045655312282698
qwen7b,implicature,swmimp182,1,0.38713347911834717
qwen7b,implicature,swmimp182,2,0.4274924397468567
qwen7b,implicature,swmimp182,3,0.3610537648200989
qwen7b,implicature,swmimp183,1,0.2554381887118022
qwen7b,implicature,swmimp183,2,0.4038318296273549
qwen7b,implicature,swmimp183,3,0.4882604380448659
qwen7b,implicature,swmimp184,1,0.2529694437980652
qwen7b,implicature,swmimp184,2,0.4415008947253227
qwen7b,implicature,swmimp184,3,0.4418695718050003
qwen7b,implicature,swmimp185,1,0.2460443079471588
qwen7b,implicature,swmimp185,2,0.32762904465198517
qwen7b,implicature,swmimp185,3,0.27060988545417786
qwen7b,implicature,swmimp186,1,0.38229840993881226
qwen7b,implicature,swmimp186,2,0.14055800437927246
qwen7b,implicature,swmimp186,3,0.3027716875076294
qwen7b,implicature,swmimp187,1,0.314965158700943
qwen7b,implicature,swmimp187,2,0.1437045931816101
qwen7b,implicature,swmimp187,3,0.3427594304084778
qwen7b,implicature,swmimp188,1,0.3914290517568588
qwen7b,implicature,swmimp188,2,0.3238733261823654
qwen7b,implicature,swmimp188,3,0.3665241301059723
qwen7b,implicature,swmimp189,1,0.40342607100804645
qwen7b,implicature,swmimp189,2,0.37836285432179767
qwen7b,implicature,swmimp189,3,0.25567235549290973
qwen7b,implicature,swmimp190,1,0.42334115505218506
qwen7b,implicature,swmimp190,2,0.48568644126256305
qwen7b,implicature,swmimp190,3,0.4035143454869588
qwen7b,implicature,swmimp191,1,0.20986349880695343
qwen7b,implicature,swmimp191,2,0.2942110598087311
qwen7b,implicature,swmimp191,3,0.2271355837583542
qwen7b,implicature,swmimp192,1,0.4603412449359894
qwen7b,implicature,swmimp192,2,0.3801957219839096
qwen7b,implicature,swmimp192,3,0.24555851519107819
qwen7b,implicature,swmimp193,1,0.48919809858004254
qwen7b,implicature,swmimp193,2,0.39182660977045697
qwen7b,implicature,swmimp193,3,0.5318720042705536
qwen7b,implicature,swmimp194,1,0.630320566892624
qwen7b,implicature,swmimp194,2,0.3035017967224121
qwen7b,implicature,swmimp194,3,0.47066824436187743
qwen7b,implicature,swmimp195,1,0.2643284367190467
qwen7b,implicature,swmimp195,2,0.4174718581553962
qwen7b,implicature,swmimp195,3,0.3383473679423332
qwen7b,implicature,swmimp196,1,0.2576246460278829
qwen7b,implicature,swmimp196,2,0.2932361364364624
qwen7b,implicature,swmimp196,3,0.37325526277224225
qwen7b,implicature,swmimp197,1,0.30681344866752625
qwen7b,implicature,swmimp197,2,0.11740288138389587
qwen7b,implicature,swmimp197,3,0.3220353126525879
qwen7b,implicature,swmimp198,1,0.3458524743715922
qwen7b,implicature,swmimp198,2,0.24096242586771646
qwen7b,implicature,swmimp198,3,0.3266157905260722
qwen7b,implicature,swmimp199,1,0.39803075790405273
qwen7b,implicature,swmimp199,2,0.4384859800338745
qwen7b,implicature,swmimp199,3,0.30690644681453705
qwen7b,implicature,swmimp200,1,0.35792173941930133
qwen7b,implicature,swmimp200,2,0.31463990608851117
qwen7b,implicature,swmimp200,3,0.4313859740893046
