model,task,story_id,repetition,emergence_point
deepseek7b,implicature,swmimp004,2,4
deepseek7b,implicature,swmimp004,3,2
deepseek7b,implicature,swmimp004,1,4
deepseek7b,implicature,swmimp003,2,
deepseek7b,implicature,swmimp005,1,
deepseek7b,implicature,swmimp003,3,
deepseek7b,implicature,swmimp002,2,
deepseek7b,implicature,swmimp002,3,
deepseek7b,implicature,swmimp002,1,
deepseek7b,implicature,swmimp001,3,
deepseek7b,implicature,swmimp001,2,8
deepseek7b,implicature,swmimp001,1,
deepseek7b,faux_pas,sfp010,3,
deepseek7b,faux_pas,sfp010,2,4
deepseek7b,faux_pas,sfp010,1,1
deepseek7b,faux_pas,sfp009,3,
deepseek7b,faux_pas,sfp009,2,
deepseek7b,faux_pas,sfp009,1,
deepseek7b,faux_pas,sfp008,1,3
deepseek7b,faux_pas,sfp008,3,1
deepseek7b,faux_pas,sfp008,2,3
deepseek7b,faux_pas,sfp007,3,3
deepseek7b,faux_pas,sfp007,2,
deepseek7b,faux_pas,sfp007,1,2
deepseek7b,faux_pas,sfp006,3,3
deepseek7b,faux_pas,sfp006,2,
deepseek7b,faux_pas,sfp006,1,
deepseek7b,faux_pas,sfp005,3,3
deepseek7b,faux_pas,sfp005,2,3
deepseek7b,faux_pas,sfp005,1,3
deepseek7b,faux_pas,sfp004,3,4
deepseek7b,faux_pas,sfp003,3,
deepseek7b,implicature,swmimp003,1,
deepseek7b,faux_pas,sfp004,2,3
deepseek7b,faux_pas,sfp004,1,2
deepseek7b,faux_pas,sfp003,2,
deepseek7b,faux_pas,sfp003,1,
deepseek7b,faux_pas,sfp002,1,
deepseek7b,faux_pas,sfp002,3,5
deepseek7b,faux_pas,sfp002,2,1
deepseek7b,faux_pas,sfp001,3,
deepseek7b,faux_pas,sfp001,2,
deepseek7b,faux_pas,sfp001,1,2
deepseek7b,false_belief,sfp020,3,1
deepseek7b,false_belief,sfp020,2,1
deepseek7b,false_belief,sfp020,1,
deepseek7b,false_belief,sfp019,3,3
deepseek7b,false_belief,sfp019,2,1
deepseek7b,false_belief,sfp019,1,2
deepseek7b,false_belief,sfp018,3,2
deepseek7b,false_belief,sfp018,2,
deepseek7b,false_belief,sfp018,1,
deepseek7b,false_belief,sfp017,3,1
deepseek7b,false_belief,sfp017,2,2
deepseek7b,false_belief,sfp017,1,2
deepseek7b,false_belief,sfp016,3,2
deepseek7b,false_belief,sfp016,2,4
deepseek7b,false_belief,sfp016,1,3
deepseek7b,false_belief,sfp015,3,1
deepseek7b,false_belief,sfp015,2,3
deepseek7b,false_belief,sfp015,1,2
deepseek7b,false_belief,sfp014,1,2
deepseek7b,false_belief,sfp014,3,
deepseek7b,false_belief,sfp014,2,4
deepseek7b,false_belief,sfp013,3,2
deepseek7b,false_belief,sfp013,1,1
deepseek7b,false_belief,sfp013,2,
deepseek7b,false_belief,sfp012,1,3
deepseek7b,false_belief,sfp012,3,2
deepseek7b,false_belief,sfp012,2,4
deepseek7b,false_belief,sfp011,3,
deepseek7b,false_belief,sfp011,2,3
deepseek7b,false_belief,sfp011,1,3
deepseek7b,false_belief,fb060,3,3
deepseek7b,false_belief,fb060,2,4
deepseek7b,false_belief,fb060,1,3
deepseek7b,false_belief,fb059,1,3
deepseek7b,false_belief,fb059,3,
deepseek7b,false_belief,fb059,2,
deepseek7b,false_belief,fb058,3,4
deepseek7b,false_belief,fb058,2,3
deepseek7b,false_belief,fb058,1,4
deepseek7b,false_belief,fb057,3,4
deepseek7b,false_belief,fb057,1,3
deepseek7b,false_belief,fb057,2,4
deepseek7b,false_belief,fb056,3,4
deepseek7b,false_belief,fb056,2,3
deepseek7b,false_belief,fb056,1,4
deepseek7b,false_belief,fb055,3,4
deepseek7b,false_belief,fb055,2,
deepseek7b,false_belief,fb055,1,
deepseek7b,false_belief,fb054,3,4
deepseek7b,false_belief,fb054,2,3
deepseek7b,false_belief,fb054,1,3
deepseek7b,false_belief,fb053,3,3
deepseek7b,false_belief,fb053,2,4
deepseek7b,false_belief,fb053,1,3
deepseek7b,false_belief,fb052,3,3
deepseek7b,false_belief,fb052,2,1
deepseek7b,false_belief,fb052,1,
deepseek7b,false_belief,fb051,3,
deepseek7b,false_belief,fb051,2,
deepseek7b,false_belief,fb051,1,
deepseek7b,false_belief,fb050,3,3
deepseek7b,false_belief,fb050,2,4
deepseek7b,false_belief,fb049,1,3
deepseek7b,false_belief,fb050,1,4
deepseek7b,false_belief,fb049,2,3
deepseek7b,false_belief,fb048,3,4
deepseek7b,false_belief,fb048,2,4
deepseek7b,false_belief,fb048,1,5
deepseek7b,false_belief,fb047,3,4
deepseek7b,false_belief,fb047,1,4
deepseek7b,false_belief,fb047,2,3
deepseek7b,false_belief,fb046,3,
deepseek7b,false_belief,fb046,2,3
deepseek7b,false_belief,fb049,3,
deepseek7b,false_belief,fb046,1,
deepseek7b,false_belief,fb045,3,
deepseek7b,false_belief,fb045,2,
deepseek7b,false_belief,fb045,1,
deepseek7b,false_belief,fb044,3,3
deepseek7b,false_belief,fb044,2,3
deepseek7b,false_belief,fb044,1,5
deepseek7b,false_belief,fb043,2,3
deepseek7b,false_belief,fb043,3,
deepseek7b,false_belief,fb043,1,3
deepseek7b,false_belief,fb042,3,3
deepseek7b,false_belief,fb042,2,
deepseek7b,false_belief,fb042,1,3
deepseek7b,false_belief,fb041,3,4
deepseek7b,false_belief,fb041,2,4
deepseek7b,false_belief,fb041,1,3
deepseek7b,false_belief,fb040,3,4
deepseek7b,false_belief,fb040,2,5
deepseek7b,false_belief,fb040,1,
deepseek7b,false_belief,fb039,3,4
deepseek7b,false_belief,fb039,1,3
deepseek7b,false_belief,fb039,2,4
deepseek7b,false_belief,fb038,3,
deepseek7b,false_belief,fb038,2,3
deepseek7b,false_belief,fb038,1,
deepseek7b,false_belief,fb037,3,3
deepseek7b,false_belief,fb037,2,4
deepseek7b,false_belief,fb037,1,3
deepseek7b,false_belief,fb036,3,3
deepseek7b,false_belief,fb036,1,3
deepseek7b,false_belief,fb036,2,3
deepseek7b,false_belief,fb035,3,3
deepseek7b,false_belief,fb035,1,3
deepseek7b,false_belief,fb035,2,3
deepseek7b,false_belief,fb034,3,3
deepseek7b,false_belief,fb034,2,4
deepseek7b,false_belief,fb034,1,
deepseek7b,false_belief,fb033,3,3
deepseek7b,false_belief,fb033,2,
deepseek7b,false_belief,fb032,3,3
deepseek7b,false_belief,fb033,1,
deepseek7b,false_belief,fb032,2,
deepseek7b,false_belief,fb031,3,3
deepseek7b,false_belief,fb032,1,5
deepseek7b,false_belief,fb031,2,4
deepseek7b,false_belief,fb031,1,
deepseek7b,false_belief,fb030,3,3
deepseek7b,false_belief,fb030,2,3
deepseek7b,false_belief,fb030,1,4
deepseek7b,false_belief,fb029,3,3
deepseek7b,false_belief,fb029,2,
deepseek7b,false_belief,fb029,1,5
deepseek7b,false_belief,fb028,3,4
deepseek7b,implicature,swmimp118,1,
deepseek7b,implicature,swmimp117,3,
deepseek7b,implicature,swmimp117,2,
deepseek7b,implicature,swmimp117,1,
deepseek7b,implicature,swmimp116,3,
deepseek7b,implicature,swmimp116,2,
deepseek7b,implicature,swmimp116,1,
deepseek7b,implicature,swmimp115,3,
deepseek7b,implicature,swmimp115,2,
deepseek7b,implicature,swmimp115,1,
deepseek7b,implicature,swmimp114,3,
deepseek7b,implicature,swmimp114,2,
deepseek7b,implicature,swmimp114,1,
deepseek7b,implicature,swmimp113,3,
deepseek7b,implicature,swmimp113,2,
deepseek7b,implicature,swmimp113,1,7
deepseek7b,implicature,swmimp112,3,
deepseek7b,implicature,swmimp112,2,
deepseek7b,implicature,swmimp112,1,
deepseek7b,implicature,swmimp111,3,2
deepseek7b,implicature,swmimp111,2,1
deepseek7b,implicature,swmimp111,1,4
deepseek7b,implicature,swmimp110,3,1
deepseek7b,implicature,swmimp110,2,1
deepseek7b,implicature,swmimp110,1,1
deepseek7b,implicature,swmimp109,3,
deepseek7b,implicature,swmimp109,2,
deepseek7b,implicature,swmimp109,1,
deepseek7b,implicature,swmimp108,3,
deepseek7b,implicature,swmimp108,2,
deepseek7b,implicature,swmimp108,1,
deepseek7b,implicature,swmimp107,3,
deepseek7b,implicature,swmimp107,2,
deepseek7b,implicature,swmimp107,1,
deepseek7b,implicature,swmimp106,3,
deepseek7b,implicature,swmimp106,1,
deepseek7b,implicature,swmimp106,2,
deepseek7b,implicature,swmimp105,3,
deepseek7b,implicature,swmimp105,2,
deepseek7b,implicature,swmimp118,2,
deepseek7b,implicature,swmimp105,1,
deepseek7b,implicature,swmimp104,3,
deepseek7b,implicature,swmimp104,2,
deepseek7b,implicature,swmimp103,3,
deepseek7b,implicature,swmimp104,1,
deepseek7b,implicature,swmimp102,3,
deepseek7b,implicature,swmimp103,2,
deepseek7b,implicature,swmimp103,1,
deepseek7b,implicature,swmimp102,2,
deepseek7b,implicature,swmimp102,1,
deepseek7b,implicature,swmimp101,3,
deepseek7b,implicature,swmimp101,2,
deepseek7b,implicature,swmimp101,1,
deepseek7b,implicature,swmimp100,3,
deepseek7b,implicature,swmimp100,2,
deepseek7b,implicature,swmimp100,1,
deepseek7b,implicature,swmimp099,3,
deepseek7b,implicature,swmimp099,2,
deepseek7b,implicature,swmimp099,1,
deepseek7b,implicature,swmimp098,3,6
deepseek7b,implicature,swmimp098,2,
deepseek7b,implicature,swmimp098,1,
deepseek7b,implicature,swmimp097,3,3
deepseek7b,implicature,swmimp097,2,
deepseek7b,implicature,swmimp097,1,7
deepseek7b,implicature,swmimp096,3,
deepseek7b,implicature,swmimp096,2,5
deepseek7b,implicature,swmimp096,1,4
deepseek7b,implicature,swmimp095,3,
deepseek7b,implicature,swmimp095,2,
deepseek7b,implicature,swmimp095,1,
deepseek7b,implicature,swmimp094,3,
deepseek7b,implicature,swmimp094,2,
deepseek7b,implicature,swmimp094,1,5
deepseek7b,implicature,swmimp093,3,
deepseek7b,implicature,swmimp093,2,
deepseek7b,implicature,swmimp093,1,
deepseek7b,implicature,swmimp092,3,1
deepseek7b,implicature,swmimp092,2,
deepseek7b,implicature,swmimp092,1,
deepseek7b,implicature,swmimp091,3,
deepseek7b,implicature,swmimp091,2,
deepseek7b,implicature,swmimp091,1,
deepseek7b,implicature,swmimp090,3,
deepseek7b,implicature,swmimp090,2,
deepseek7b,implicature,swmimp090,1,
deepseek7b,implicature,swmimp089,3,
deepseek7b,implicature,swmimp089,2,
deepseek7b,implicature,swmimp089,1,
deepseek7b,implicature,swmimp088,3,
deepseek7b,implicature,swmimp088,2,
deepseek7b,implicature,swmimp088,1,
deepseek7b,implicature,swmimp087,3,4
deepseek7b,implicature,swmimp200,3,
deepseek7b,implicature,swmimp087,1,
deepseek7b,implicature,swmimp200,2,
deepseek7b,implicature,swmimp087,2,
deepseek7b,implicature,swmimp200,1,
deepseek7b,implicature,swmimp086,3,
deepseek7b,implicature,swmimp199,3,
deepseek7b,implicature,swmimp086,2,
deepseek7b,implicature,swmimp199,2,3
deepseek7b,implicature,swmimp086,1,
deepseek7b,implicature,swmimp198,2,
deepseek7b,implicature,swmimp085,3,
deepseek7b,implicature,swmimp085,2,
deepseek7b,implicature,swmimp198,3,
deepseek7b,implicature,swmimp085,1,
deepseek7b,implicature,swmimp197,2,
deepseek7b,implicature,swmimp084,3,
deepseek7b,implicature,swmimp197,3,
deepseek7b,implicature,swmimp084,2,
deepseek7b,implicature,swmimp084,1,
deepseek7b,implicature,swmimp199,1,
deepseek7b,implicature,swmimp197,1,
deepseek7b,implicature,swmimp083,3,
deepseek7b,implicature,swmimp196,3,
deepseek7b,implicature,swmimp083,2,
deepseek7b,implicature,swmimp198,1,
deepseek7b,implicature,swmimp196,2,
deepseek7b,implicature,swmimp083,1,
deepseek7b,implicature,swmimp196,1,
deepseek7b,implicature,swmimp082,2,
deepseek7b,implicature,swmimp195,3,
deepseek7b,implicature,swmimp082,3,
deepseek7b,implicature,swmimp195,2,
deepseek7b,implicature,swmimp082,1,
deepseek7b,implicature,swmimp195,1,
deepseek7b,implicature,swmimp081,2,
deepseek7b,implicature,swmimp194,3,
deepseek7b,implicature,swmimp081,3,
deepseek7b,implicature,swmimp194,2,
deepseek7b,implicature,swmimp081,1,
deepseek7b,implicature,swmimp194,1,
deepseek7b,implicature,swmimp080,2,
deepseek7b,implicature,swmimp193,3,
deepseek7b,implicature,swmimp080,3,
deepseek7b,implicature,swmimp193,1,2
deepseek7b,implicature,swmimp080,1,5
deepseek7b,implicature,swmimp193,2,
deepseek7b,implicature,swmimp079,3,7
deepseek7b,implicature,swmimp192,3,1
deepseek7b,implicature,swmimp079,2,7
deepseek7b,implicature,swmimp192,1,1
deepseek7b,implicature,swmimp079,1,8
deepseek7b,implicature,swmimp192,2,3
deepseek7b,implicature,swmimp078,3,
deepseek7b,implicature,swmimp191,3,
deepseek7b,implicature,swmimp078,2,
deepseek7b,implicature,swmimp191,2,
deepseek7b,implicature,swmimp078,1,
deepseek7b,implicature,swmimp191,1,
deepseek7b,implicature,swmimp077,3,
deepseek7b,implicature,swmimp190,3,
deepseek7b,implicature,swmimp077,2,
deepseek7b,implicature,swmimp190,2,
deepseek7b,implicature,swmimp077,1,
deepseek7b,implicature,swmimp190,1,
deepseek7b,implicature,swmimp076,3,4
deepseek7b,implicature,swmimp189,3,
deepseek7b,implicature,swmimp076,2,3
deepseek7b,implicature,swmimp189,2,1
deepseek7b,implicature,swmimp076,1,
deepseek7b,implicature,swmimp189,1,
deepseek7b,implicature,swmimp075,3,3
deepseek7b,implicature,swmimp188,3,3
deepseek7b,implicature,swmimp075,2,3
deepseek7b,implicature,swmimp188,2,
deepseek7b,implicature,swmimp074,3,
deepseek7b,implicature,swmimp188,1,5
deepseek7b,implicature,swmimp075,1,1
deepseek7b,implicature,swmimp187,3,
deepseek7b,implicature,swmimp074,2,
deepseek7b,implicature,swmimp187,2,
deepseek7b,implicature,swmimp074,1,
deepseek7b,implicature,swmimp187,1,
deepseek7b,implicature,swmimp073,3,7
deepseek7b,implicature,swmimp186,3,
deepseek7b,implicature,swmimp073,2,2
deepseek7b,implicature,swmimp186,2,
deepseek7b,implicature,swmimp073,1,7
deepseek7b,implicature,swmimp186,1,
deepseek7b,implicature,swmimp072,3,2
deepseek7b,implicature,swmimp185,3,5
deepseek7b,implicature,swmimp072,2,1
deepseek7b,implicature,swmimp185,2,
deepseek7b,implicature,swmimp072,1,1
deepseek7b,implicature,swmimp185,1,
deepseek7b,implicature,swmimp071,3,
deepseek7b,implicature,swmimp184,3,
deepseek7b,implicature,swmimp071,2,
deepseek7b,implicature,swmimp184,2,
deepseek7b,implicature,swmimp071,1,
deepseek7b,implicature,swmimp184,1,
deepseek7b,implicature,swmimp070,3,
deepseek7b,implicature,swmimp183,3,
deepseek7b,implicature,swmimp070,2,
deepseek7b,implicature,swmimp183,2,
deepseek7b,implicature,swmimp070,1,
deepseek7b,implicature,swmimp183,1,
deepseek7b,implicature,swmimp069,2,
deepseek7b,implicature,swmimp182,3,
deepseek7b,implicature,swmimp069,3,
deepseek7b,implicature,swmimp182,2,
deepseek7b,implicature,swmimp068,2,2
deepseek7b,implicature,swmimp182,1,
deepseek7b,implicature,swmimp069,1,
deepseek7b,implicature,swmimp181,3,8
deepseek7b,implicature,swmimp068,3,1
deepseek7b,implicature,swmimp181,2,
deepseek7b,implicature,swmimp068,1,7
deepseek7b,implicature,swmimp181,1,
deepseek7b,implicature,swmimp067,3,
deepseek7b,implicature,swmimp180,3,
deepseek7b,implicature,swmimp067,2,
deepseek7b,implicature,swmimp180,2,1
deepseek7b,implicature,swmimp067,1,
deepseek7b,implicature,swmimp180,1,
deepseek7b,implicature,swmimp066,3,
deepseek7b,implicature,swmimp179,3,
deepseek7b,implicature,swmimp066,2,4
deepseek7b,implicature,swmimp179,2,7
deepseek7b,implicature,swmimp066,1,
deepseek7b,implicature,swmimp179,1,
deepseek7b,implicature,swmimp065,3,
deepseek7b,implicature,swmimp178,3,7
deepseek7b,implicature,swmimp065,2,
deepseek7b,implicature,swmimp178,2,12
deepseek7b,implicature,swmimp065,1,
deepseek7b,implicature,swmimp178,1,3
deepseek7b,implicature,swmimp064,3,
deepseek7b,implicature,swmimp177,3,
deepseek7b,implicature,swmimp064,2,
deepseek7b,implicature,swmimp177,2,
deepseek7b,implicature,swmimp064,1,
deepseek7b,implicature,swmimp177,1,2
deepseek7b,implicature,swmimp063,3,
deepseek7b,implicature,swmimp176,3,
deepseek7b,implicature,swmimp063,2,
deepseek7b,implicature,swmimp176,2,
deepseek7b,implicature,swmimp063,1,
deepseek7b,implicature,swmimp176,1,
deepseek7b,implicature,swmimp062,3,
deepseek7b,implicature,swmimp175,3,4
deepseek7b,implicature,swmimp062,2,
deepseek7b,implicature,swmimp175,2,3
deepseek7b,implicature,swmimp062,1,
deepseek14b,false_belief,fb032,1,3
deepseek14b,false_belief,fb031,1,5
deepseek14b,false_belief,fb031,2,5
deepseek14b,false_belief,fb030,1,3
deepseek14b,false_belief,fb030,3,3
qwen14b,implicature,swmimp009,3,1
qwen14b,implicature,swmimp009,2,1
qwen14b,implicature,swmimp009,1,2
qwen14b,implicature,swmimp008,1,1
qwen14b,implicature,swmimp010,1,3
qwen14b,implicature,swmimp008,3,1
qwen14b,implicature,swmimp007,3,7
qwen14b,implicature,swmimp008,2,2
qwen14b,implicature,swmimp007,2,6
qwen14b,implicature,swmimp006,3,2
qwen14b,implicature,swmimp007,1,4
qwen14b,implicature,swmimp006,2,2
qwen14b,implicature,swmimp005,3,
qwen14b,implicature,swmimp005,2,
qwen14b,implicature,swmimp006,1,4
qwen14b,implicature,swmimp004,3,2
qwen14b,implicature,swmimp005,1,
qwen14b,implicature,swmimp004,2,2
qwen14b,implicature,swmimp004,1,2
qwen14b,implicature,swmimp003,2,4
qwen14b,implicature,swmimp002,3,
qwen14b,implicature,swmimp002,1,
qwen14b,implicature,swmimp003,3,
qwen14b,implicature,swmimp002,2,3
qwen14b,implicature,swmimp003,1,
qwen14b,implicature,swmimp001,3,4
qwen14b,implicature,swmimp001,2,3
qwen14b,implicature,swmimp001,1,4
qwen14b,faux_pas,sfp010,3,3
qwen14b,faux_pas,sfp010,2,4
qwen14b,faux_pas,sfp010,1,3
qwen14b,faux_pas,sfp009,3,4
qwen14b,faux_pas,sfp009,2,4
qwen14b,faux_pas,sfp008,3,5
qwen14b,faux_pas,sfp009,1,4
qwen14b,faux_pas,sfp008,2,5
qwen14b,faux_pas,sfp008,1,5
qwen14b,faux_pas,sfp007,3,5
qwen14b,faux_pas,sfp007,2,5
qwen14b,faux_pas,sfp007,1,5
qwen14b,faux_pas,sfp006,3,3
qwen14b,faux_pas,sfp006,2,3
qwen14b,faux_pas,sfp006,1,3
qwen14b,faux_pas,sfp005,3,3
qwen14b,faux_pas,sfp005,2,3
qwen14b,faux_pas,sfp005,1,3
qwen14b,faux_pas,sfp004,3,4
qwen14b,faux_pas,sfp004,2,4
qwen14b,faux_pas,sfp004,1,4
qwen14b,faux_pas,sfp003,3,5
qwen14b,faux_pas,sfp003,2,5
qwen14b,faux_pas,sfp003,1,5
qwen14b,faux_pas,sfp002,3,5
qwen14b,faux_pas,sfp002,2,5
qwen14b,faux_pas,sfp001,3,4
qwen14b,faux_pas,sfp002,1,5
qwen14b,false_belief,sfp020,2,4
qwen14b,faux_pas,sfp001,1,3
qwen14b,false_belief,sfp020,3,1
qwen14b,faux_pas,sfp001,2,4
qwen14b,false_belief,sfp020,1,5
qwen14b,false_belief,sfp019,3,2
qwen14b,false_belief,sfp019,1,1
qwen14b,false_belief,sfp019,2,1
qwen14b,false_belief,sfp018,3,3
qwen14b,false_belief,sfp018,2,1
qwen14b,false_belief,sfp018,1,1
qwen14b,false_belief,sfp017,3,2
qwen14b,false_belief,sfp017,2,3
qwen14b,false_belief,sfp016,3,4
qwen14b,false_belief,sfp017,1,2
qwen14b,false_belief,sfp016,2,4
qwen14b,false_belief,sfp016,1,1
qwen14b,false_belief,sfp015,3,2
qwen14b,false_belief,sfp015,2,3
qwen14b,false_belief,sfp014,3,1
qwen14b,false_belief,sfp014,1,1
qwen14b,false_belief,sfp014,2,3
qwen14b,false_belief,sfp013,3,2
qwen14b,false_belief,sfp015,1,4
qwen14b,false_belief,sfp013,1,1
qwen14b,false_belief,sfp013,2,1
qwen14b,false_belief,sfp012,3,2
qwen14b,false_belief,sfp012,2,2
qwen14b,false_belief,sfp011,1,2
qwen14b,false_belief,sfp012,1,1
qwen14b,false_belief,sfp011,2,3
qwen14b,false_belief,fb060,3,5
qwen14b,false_belief,fb060,2,3
qwen14b,false_belief,fb060,1,3
qwen14b,false_belief,fb059,3,4
qwen14b,false_belief,fb059,2,4
qwen14b,false_belief,fb059,1,4
qwen14b,false_belief,fb058,3,3
qwen14b,false_belief,fb058,2,3
qwen14b,false_belief,fb058,1,4
qwen14b,false_belief,fb057,3,4
qwen14b,false_belief,fb056,2,4
qwen14b,false_belief,fb057,1,3
qwen14b,false_belief,fb056,3,5
qwen14b,false_belief,fb056,1,5
qwen14b,false_belief,sfp011,3,3
qwen14b,false_belief,fb055,3,5
qwen14b,false_belief,fb055,1,4
qwen14b,false_belief,fb055,2,4
qwen14b,false_belief,fb054,3,3
qwen14b,false_belief,fb054,2,5
qwen14b,false_belief,fb054,1,3
qwen14b,false_belief,fb053,2,3
qwen14b,false_belief,fb057,2,4
qwen14b,false_belief,fb053,1,5
qwen14b,false_belief,fb052,1,3
qwen14b,false_belief,fb053,3,3
qwen14b,false_belief,fb052,2,4
qwen14b,false_belief,fb051,1,4
qwen14b,false_belief,fb052,3,4
qwen14b,false_belief,fb051,3,3
qwen14b,false_belief,fb051,2,3
qwen14b,false_belief,fb050,3,5
qwen14b,false_belief,fb050,2,4
qwen14b,false_belief,fb050,1,4
qwen14b,false_belief,fb049,3,3
qwen14b,false_belief,fb049,2,3
qwen14b,false_belief,fb049,1,4
qwen14b,false_belief,fb048,3,5
qwen14b,false_belief,fb048,2,3
qwen14b,false_belief,fb048,1,5
qwen14b,false_belief,fb047,3,3
qwen14b,false_belief,fb047,2,4
qwen14b,false_belief,fb047,1,5
qwen14b,false_belief,fb046,3,5
qwen14b,false_belief,fb046,2,5
qwen14b,false_belief,fb046,1,
qwen14b,false_belief,fb045,3,3
qwen14b,false_belief,fb045,2,4
qwen14b,false_belief,fb045,1,4
qwen14b,false_belief,fb044,3,3
qwen14b,false_belief,fb044,2,3
qwen14b,false_belief,fb043,2,4
qwen14b,false_belief,fb044,1,3
qwen14b,false_belief,fb043,3,4
qwen14b,false_belief,fb043,1,4
qwen14b,false_belief,fb042,3,3
qwen14b,false_belief,fb042,2,4
qwen14b,false_belief,fb042,1,5
qwen14b,false_belief,fb041,3,3
qwen14b,false_belief,fb041,2,3
qwen14b,false_belief,fb041,1,3
qwen14b,false_belief,fb040,3,3
qwen14b,false_belief,fb040,2,4
qwen14b,false_belief,fb040,1,4
qwen14b,false_belief,fb039,3,5
qwen14b,false_belief,fb039,2,3
qwen14b,false_belief,fb039,1,3
qwen14b,false_belief,fb038,3,3
qwen14b,false_belief,fb038,2,5
qwen14b,false_belief,fb038,1,3
qwen14b,false_belief,fb037,3,4
qwen14b,false_belief,fb037,2,3
qwen14b,false_belief,fb037,1,4
qwen14b,false_belief,fb036,3,4
qwen14b,false_belief,fb036,2,6
qwen14b,false_belief,fb036,1,3
qwen14b,false_belief,fb035,3,3
qwen14b,false_belief,fb034,3,4
qwen14b,false_belief,fb035,2,3
qwen14b,false_belief,fb035,1,3
qwen14b,false_belief,fb034,2,3
qwen14b,false_belief,fb034,1,4
qwen14b,false_belief,fb033,3,3
deepseek14b,false_belief,fb026,3,3
qwen14b,implicature,swmimp123,2,1
deepseek14b,implicature,swmimp063,1,1
qwen14b,implicature,swmimp123,3,1
deepseek14b,implicature,swmimp062,3,
qwen14b,implicature,swmimp122,3,3
deepseek14b,implicature,swmimp062,2,
qwen14b,implicature,swmimp123,1,1
deepseek14b,implicature,swmimp062,1,
deepseek14b,implicature,swmimp061,3,
qwen14b,implicature,swmimp122,1,1
deepseek14b,implicature,swmimp061,2,3
qwen14b,implicature,swmimp122,2,1
qwen14b,implicature,swmimp121,3,6
deepseek14b,implicature,swmimp061,1,
qwen14b,implicature,swmimp121,2,2
deepseek14b,implicature,swmimp060,3,1
qwen14b,implicature,swmimp124,1,15
qwen14b,implicature,swmimp120,3,1
deepseek14b,implicature,swmimp060,2,3
qwen14b,implicature,swmimp121,1,2
deepseek14b,implicature,swmimp060,1,3
qwen14b,implicature,swmimp120,2,2
deepseek14b,implicature,swmimp059,3,
qwen14b,implicature,swmimp120,1,1
deepseek14b,implicature,swmimp059,2,
qwen14b,implicature,swmimp119,3,14
deepseek14b,implicature,swmimp059,1,3
qwen14b,implicature,swmimp119,2,1
deepseek14b,implicature,swmimp058,3,2
qwen14b,implicature,swmimp119,1,13
deepseek14b,implicature,swmimp058,2,3
qwen14b,implicature,swmimp118,1,3
deepseek14b,implicature,swmimp057,2,
qwen14b,implicature,swmimp118,3,3
deepseek14b,implicature,swmimp058,1,
qwen14b,implicature,swmimp117,3,5
deepseek14b,implicature,swmimp057,3,
qwen14b,implicature,swmimp118,2,4
deepseek14b,implicature,swmimp057,1,
qwen14b,implicature,swmimp117,2,1
deepseek14b,implicature,swmimp056,3,
qwen14b,implicature,swmimp117,1,5
deepseek14b,implicature,swmimp056,2,
qwen14b,implicature,swmimp116,3,1
deepseek14b,implicature,swmimp056,1,
qwen14b,implicature,swmimp115,3,4
deepseek14b,implicature,swmimp055,3,1
deepseek14b,implicature,swmimp055,2,1
qwen14b,implicature,swmimp116,2,4
deepseek14b,implicature,swmimp055,1,1
qwen14b,implicature,swmimp115,1,5
qwen14b,implicature,swmimp114,3,
deepseek14b,implicature,swmimp054,3,
deepseek14b,implicature,swmimp054,2,
qwen14b,implicature,swmimp114,2,
deepseek14b,implicature,swmimp054,1,
qwen14b,implicature,swmimp115,2,5
qwen14b,implicature,swmimp116,1,1
deepseek14b,implicature,swmimp053,3,
qwen14b,implicature,swmimp113,3,1
deepseek14b,implicature,swmimp053,2,4
qwen14b,implicature,swmimp114,1,
deepseek14b,implicature,swmimp053,1,
qwen14b,implicature,swmimp113,2,2
deepseek14b,implicature,swmimp052,3,
qwen14b,implicature,swmimp112,2,5
deepseek14b,implicature,swmimp052,2,
deepseek14b,implicature,swmimp052,1,
qwen14b,implicature,swmimp113,1,1
deepseek14b,implicature,swmimp051,3,1
qwen14b,implicature,swmimp111,2,1
deepseek14b,implicature,swmimp051,2,1
qwen14b,implicature,swmimp112,3,6
deepseek14b,implicature,swmimp051,1,1
qwen14b,implicature,swmimp112,1,3
deepseek14b,implicature,swmimp050,3,
qwen14b,implicature,swmimp111,3,1
qwen14b,implicature,swmimp111,1,1
deepseek14b,implicature,swmimp050,2,6
qwen14b,implicature,swmimp110,3,1
deepseek14b,implicature,swmimp050,1,2
qwen14b,implicature,swmimp110,2,1
deepseek14b,implicature,swmimp049,3,
qwen14b,implicature,swmimp110,1,1
deepseek14b,implicature,swmimp049,2,
qwen14b,implicature,swmimp109,3,
deepseek14b,implicature,swmimp049,1,
qwen14b,implicature,swmimp109,2,
deepseek14b,implicature,swmimp048,3,
qwen14b,implicature,swmimp109,1,
deepseek14b,implicature,swmimp048,2,
qwen14b,implicature,swmimp108,1,
deepseek14b,implicature,swmimp048,1,
deepseek14b,implicature,swmimp047,3,
qwen14b,implicature,swmimp107,3,
deepseek14b,implicature,swmimp047,2,
qwen14b,implicature,swmimp108,2,
deepseek14b,implicature,swmimp047,1,
qwen14b,implicature,swmimp107,2,
deepseek14b,implicature,swmimp046,3,
qwen14b,implicature,swmimp108,3,
qwen14b,implicature,swmimp106,2,1
deepseek14b,implicature,swmimp046,2,
qwen14b,implicature,swmimp107,1,1
deepseek14b,implicature,swmimp046,1,
qwen14b,implicature,swmimp104,3,
deepseek14b,implicature,swmimp045,3,
deepseek14b,implicature,swmimp045,2,
qwen14b,implicature,swmimp106,3,1
deepseek14b,implicature,swmimp045,1,
qwen14b,implicature,swmimp106,1,
deepseek14b,implicature,swmimp044,3,6
qwen14b,implicature,swmimp105,2,1
deepseek14b,implicature,swmimp044,2,5
qwen14b,implicature,swmimp105,1,1
deepseek14b,implicature,swmimp044,1,3
qwen14b,implicature,swmimp104,2,
deepseek14b,implicature,swmimp043,3,
qwen14b,implicature,swmimp103,3,
deepseek14b,implicature,swmimp043,2,
qwen14b,implicature,swmimp105,3,1
qwen14b,implicature,swmimp104,1,
deepseek14b,implicature,swmimp043,1,
qwen14b,implicature,swmimp103,2,
qwen14b,implicature,swmimp102,3,
deepseek14b,implicature,swmimp042,3,
qwen14b,implicature,swmimp102,2,
deepseek14b,implicature,swmimp042,2,
deepseek14b,implicature,swmimp042,1,
deepseek14b,implicature,swmimp041,3,
qwen14b,implicature,swmimp103,1,
qwen14b,implicature,swmimp102,1,12
deepseek14b,implicature,swmimp041,2,
qwen14b,implicature,swmimp101,3,6
deepseek14b,implicature,swmimp041,1,
qwen14b,implicature,swmimp101,1,
deepseek14b,implicature,swmimp040,3,3
qwen14b,implicature,swmimp101,2,
deepseek14b,implicature,swmimp040,1,2
qwen14b,implicature,swmimp100,3,
deepseek14b,implicature,swmimp039,1,3
qwen14b,implicature,swmimp100,2,6
deepseek14b,implicature,swmimp040,2,2
deepseek14b,implicature,swmimp038,2,
qwen14b,implicature,swmimp100,1,
qwen14b,implicature,swmimp099,3,
qwen14b,implicature,swmimp099,2,
deepseek14b,implicature,swmimp038,1,
qwen14b,implicature,swmimp099,1,
qwen14b,implicature,swmimp098,3,5
deepseek14b,implicature,swmimp038,3,
deepseek14b,implicature,swmimp063,2,1
qwen14b,implicature,swmimp098,2,
deepseek14b,implicature,swmimp037,3,
deepseek14b,implicature,swmimp039,3,6
qwen14b,implicature,swmimp097,2,1
deepseek14b,implicature,swmimp037,2,4
deepseek14b,implicature,swmimp037,1,
qwen14b,implicature,swmimp096,3,3
deepseek14b,implicature,swmimp036,3,
deepseek14b,implicature,swmimp036,2,
deepseek14b,implicature,swmimp036,1,6
qwen14b,implicature,swmimp096,1,2
deepseek14b,implicature,swmimp035,3,
qwen14b,implicature,swmimp096,2,4
qwen14b,implicature,swmimp095,3,
deepseek14b,implicature,swmimp035,2,
qwen14b,implicature,swmimp097,3,4
deepseek14b,implicature,swmimp035,1,
qwen14b,implicature,swmimp097,1,3
qwen14b,implicature,swmimp095,2,4
deepseek14b,implicature,swmimp034,3,2
qwen14b,implicature,swmimp095,1,
deepseek14b,implicature,swmimp034,2,
qwen14b,implicature,swmimp098,1,5
qwen14b,implicature,swmimp094,2,1
deepseek14b,implicature,swmimp034,1,3
qwen14b,implicature,swmimp094,3,4
deepseek14b,implicature,swmimp033,3,5
qwen14b,implicature,swmimp094,1,3
deepseek14b,implicature,swmimp033,2,
qwen14b,implicature,swmimp093,3,2
deepseek14b,implicature,swmimp033,1,
qwen14b,implicature,swmimp093,2,4
deepseek14b,implicature,swmimp032,3,
qwen14b,implicature,swmimp092,2,9
deepseek14b,implicature,swmimp032,2,
deepseek14b,implicature,swmimp032,1,5
qwen14b,implicature,swmimp093,1,3
deepseek14b,implicature,swmimp031,3,
qwen14b,implicature,swmimp092,1,9
deepseek14b,implicature,swmimp031,2,
qwen14b,implicature,swmimp090,3,3
deepseek14b,implicature,swmimp031,1,
qwen14b,implicature,swmimp091,3,4
deepseek14b,implicature,swmimp030,3,1
qwen14b,implicature,swmimp091,2,6
deepseek14b,implicature,swmimp030,2,1
qwen14b,implicature,swmimp091,1,
qwen14b,implicature,swmimp092,3,7
deepseek14b,implicature,swmimp030,1,1
qwen14b,implicature,swmimp090,2,2
deepseek14b,implicature,swmimp029,3,
qwen14b,implicature,swmimp090,1,
deepseek14b,implicature,swmimp029,2,
qwen14b,implicature,swmimp089,2,
deepseek14b,implicature,swmimp029,1,
qwen14b,implicature,swmimp089,3,
deepseek14b,implicature,swmimp028,3,
qwen14b,implicature,swmimp088,2,
deepseek14b,implicature,swmimp028,2,1
deepseek14b,implicature,swmimp028,1,3
qwen14b,implicature,swmimp088,3,
deepseek14b,implicature,swmimp027,3,3
qwen14b,implicature,swmimp089,1,
qwen14b,implicature,swmimp088,1,
deepseek14b,implicature,swmimp027,2,2
qwen14b,implicature,swmimp087,3,4
deepseek14b,implicature,swmimp027,1,
qwen14b,implicature,swmimp200,1,
qwen14b,implicature,swmimp087,2,1
deepseek14b,implicature,swmimp026,3,
qwen14b,implicature,swmimp199,3,5
qwen14b,implicature,swmimp200,3,
qwen14b,implicature,swmimp087,1,1
deepseek14b,implicature,swmimp026,2,
qwen14b,implicature,swmimp086,1,
deepseek14b,implicature,swmimp026,1,
deepseek14b,implicature,swmimp025,3,5
qwen14b,implicature,swmimp199,2,5
qwen14b,implicature,swmimp085,2,
deepseek14b,implicature,swmimp025,2,1
qwen14b,implicature,swmimp199,1,5
qwen14b,implicature,swmimp085,1,
deepseek14b,implicature,swmimp025,1,4
qwen14b,implicature,swmimp198,3,
qwen14b,implicature,swmimp084,3,
deepseek14b,implicature,swmimp024,3,
qwen14b,implicature,swmimp084,2,
deepseek14b,implicature,swmimp024,2,5
qwen14b,implicature,swmimp198,1,3
qwen14b,implicature,swmimp084,1,
deepseek14b,implicature,swmimp024,1,
qwen14b,implicature,swmimp200,2,
qwen14b,implicature,swmimp197,3,1
qwen14b,implicature,swmimp083,3,
deepseek14b,implicature,swmimp023,3,
qwen14b,implicature,swmimp198,2,1
qwen14b,implicature,swmimp197,2,
qwen14b,implicature,swmimp083,2,3
deepseek14b,implicature,swmimp023,2,1
qwen14b,implicature,swmimp196,3,7
deepseek14b,implicature,swmimp023,1,1
qwen14b,implicature,swmimp196,2,
qwen14b,implicature,swmimp082,1,5
qwen14b,implicature,swmimp086,3,
deepseek14b,implicature,swmimp022,3,4
qwen14b,implicature,swmimp197,1,1
qwen14b,implicature,swmimp083,1,2
deepseek14b,implicature,swmimp022,2,
qwen14b,implicature,swmimp082,2,5
deepseek14b,implicature,swmimp022,1,
qwen14b,implicature,swmimp196,1,
qwen14b,implicature,swmimp195,1,
qwen14b,implicature,swmimp081,3,
deepseek14b,implicature,swmimp021,3,
qwen14b,implicature,swmimp194,3,
qwen14b,implicature,swmimp081,2,2
deepseek14b,implicature,swmimp021,2,
qwen14b,implicature,swmimp081,1,
deepseek14b,implicature,swmimp021,1,2
qwen14b,implicature,swmimp194,1,6
qwen14b,implicature,swmimp080,3,4
deepseek14b,implicature,swmimp020,3,
qwen14b,implicature,swmimp193,3,2
qwen14b,implicature,swmimp080,2,1
deepseek14b,implicature,swmimp020,2,
qwen14b,implicature,swmimp195,3,8
qwen14b,implicature,swmimp079,2,3
deepseek14b,implicature,swmimp020,1,
deepseek14b,implicature,swmimp019,3,4
qwen14b,implicature,swmimp194,2,6
qwen14b,implicature,swmimp079,3,8
qwen14b,implicature,swmimp193,2,2
deepseek14b,implicature,swmimp019,2,5
qwen14b,implicature,swmimp080,1,3
qwen14b,implicature,swmimp193,1,3
qwen14b,implicature,swmimp079,1,8
deepseek14b,implicature,swmimp019,1,4
qwen14b,implicature,swmimp082,3,4
qwen14b,implicature,swmimp192,3,1
deepseek14b,implicature,swmimp018,3,3
qwen14b,implicature,swmimp077,3,
qwen14b,implicature,swmimp192,2,2
deepseek14b,implicature,swmimp018,2,
qwen14b,implicature,swmimp077,2,
qwen14b,implicature,swmimp192,1,4
deepseek14b,implicature,swmimp018,1,
qwen14b,implicature,swmimp191,3,
deepseek14b,implicature,swmimp017,3,2
qwen14b,implicature,swmimp078,3,1
qwen14b,implicature,swmimp190,3,4
deepseek14b,implicature,swmimp017,2,
qwen14b,implicature,swmimp078,1,1
qwen14b,implicature,swmimp190,2,2
qwen14b,implicature,swmimp077,1,5
deepseek14b,implicature,swmimp017,1,3
qwen14b,implicature,swmimp195,2,8
qwen14b,implicature,swmimp076,3,4
deepseek14b,implicature,swmimp016,3,1
qwen14b,implicature,swmimp191,1,2
qwen14b,implicature,swmimp076,2,3
deepseek14b,implicature,swmimp016,2,10
qwen14b,implicature,swmimp190,1,4
qwen14b,implicature,swmimp076,1,3
deepseek14b,implicature,swmimp016,1,10
qwen14b,implicature,swmimp078,2,1
qwen14b,implicature,swmimp189,3,1
qwen14b,implicature,swmimp075,3,1
deepseek14b,implicature,swmimp015,3,
qwen14b,implicature,swmimp189,2,1
qwen14b,implicature,swmimp075,2,1
deepseek14b,implicature,swmimp014,3,
qwen14b,implicature,swmimp189,1,2
qwen14b,implicature,swmimp075,1,2
deepseek14b,implicature,swmimp015,2,
qwen14b,implicature,swmimp188,3,2
qwen14b,implicature,swmimp074,3,7
deepseek14b,implicature,swmimp015,1,
qwen14b,implicature,swmimp188,2,1
deepseek14b,implicature,swmimp014,2,2
qwen14b,implicature,swmimp074,1,7
qwen14b,implicature,swmimp187,3,
deepseek14b,implicature,swmimp014,1,
qwen14b,implicature,swmimp074,2,
qwen14b,implicature,swmimp188,1,1
qwen14b,implicature,swmimp073,3,1
deepseek14b,implicature,swmimp013,3,
qwen14b,implicature,swmimp187,1,
qwen14b,implicature,swmimp073,2,1
deepseek14b,implicature,swmimp013,2,
qwen14b,implicature,swmimp191,2,2
qwen14b,implicature,swmimp073,1,1
deepseek14b,implicature,swmimp013,1,
qwen14b,implicature,swmimp187,2,
qwen14b,implicature,swmimp186,3,
qwen14b,implicature,swmimp072,3,1
deepseek14b,implicature,swmimp012,3,1
qwen14b,implicature,swmimp186,2,
qwen14b,implicature,swmimp072,2,1
deepseek14b,implicature,swmimp012,2,1
qwen14b,implicature,swmimp186,1,
qwen14b,implicature,swmimp072,1,2
deepseek14b,implicature,swmimp012,1,3
qwen14b,implicature,swmimp185,1,5
qwen14b,implicature,swmimp071,3,5
deepseek14b,implicature,swmimp011,3,1
qwen14b,implicature,swmimp071,2,1
deepseek14b,implicature,swmimp011,2,1
qwen14b,implicature,swmimp185,3,3
qwen14b,implicature,swmimp071,1,
deepseek14b,implicature,swmimp011,1,1
qwen14b,implicature,swmimp184,3,3
qwen14b,implicature,swmimp070,3,
deepseek14b,implicature,swmimp010,3,4
qwen14b,implicature,swmimp184,2,
qwen14b,implicature,swmimp070,2,5
deepseek14b,implicature,swmimp010,2,2
qwen14b,implicature,swmimp184,1,2
qwen14b,implicature,swmimp070,1,4
deepseek14b,implicature,swmimp010,1,4
qwen14b,implicature,swmimp183,3,
qwen14b,implicature,swmimp069,2,6
deepseek14b,implicature,swmimp009,3,1
qwen14b,implicature,swmimp183,2,2
qwen14b,implicature,swmimp069,3,6
deepseek14b,implicature,swmimp009,2,1
qwen14b,implicature,swmimp183,1,3
qwen14b,implicature,swmimp069,1,6
deepseek14b,implicature,swmimp009,1,5
qwen14b,implicature,swmimp182,3,
qwen14b,implicature,swmimp068,3,7
deepseek14b,implicature,swmimp008,3,2
qwen14b,implicature,swmimp182,2,
qwen14b,implicature,swmimp068,2,1
deepseek14b,implicature,swmimp008,2,3
qwen14b,implicature,swmimp182,1,
qwen14b,implicature,swmimp068,1,
deepseek14b,implicature,swmimp008,1,2
deepseek14b,implicature,swmimp007,2,7
qwen14b,implicature,swmimp181,3,
qwen14b,implicature,swmimp067,3,5
deepseek14b,implicature,swmimp039,2,5
qwen14b,implicature,swmimp181,2,
qwen14b,implicature,swmimp067,2,
deepseek14b,implicature,swmimp007,3,7
qwen14b,implicature,swmimp181,1,
deepseek14b,implicature,swmimp007,1,7
qwen14b,implicature,swmimp185,2,3
qwen14b,implicature,swmimp067,1,
deepseek14b,false_belief,fb031,3,4
deepseek14b,false_belief,fb027,2,3
deepseek14b,false_belief,fb028,1,4
deepseek14b,false_belief,fb029,1,4
deepseek14b,false_belief,fb028,2,3
deepseek32b,implicature,swmimp001,2,3
deepseek14b,implicature,swmimp176,3,
deepseek32b,implicature,swmimp001,1,3
deepseek14b,implicature,swmimp176,1,
deepseek32b,faux_pas,sfp010,2,3
deepseek14b,implicature,swmimp175,2,1
deepseek32b,faux_pas,sfp010,3,3
deepseek14b,implicature,swmimp175,3,1
deepseek32b,faux_pas,sfp010,1,3
deepseek14b,implicature,swmimp175,1,1
deepseek32b,faux_pas,sfp009,3,4
deepseek14b,implicature,swmimp174,3,3
deepseek32b,implicature,swmimp001,3,3
deepseek14b,implicature,swmimp176,2,
deepseek32b,faux_pas,sfp009,2,4
deepseek14b,implicature,swmimp174,2,1
deepseek32b,faux_pas,sfp009,1,4
deepseek14b,implicature,swmimp173,3,5
deepseek32b,faux_pas,sfp008,3,5
deepseek14b,implicature,swmimp174,1,1
deepseek32b,faux_pas,sfp008,2,5
deepseek14b,implicature,swmimp173,2,5
deepseek32b,faux_pas,sfp007,3,5
deepseek14b,implicature,swmimp173,1,
deepseek32b,faux_pas,sfp008,1,5
deepseek14b,implicature,swmimp172,3,2
deepseek32b,faux_pas,sfp007,2,5
deepseek14b,implicature,swmimp172,2,
deepseek32b,faux_pas,sfp007,1,5
deepseek14b,implicature,swmimp172,1,
deepseek32b,faux_pas,sfp006,3,3
deepseek14b,implicature,swmimp171,3,1
deepseek32b,faux_pas,sfp006,2,3
deepseek14b,implicature,swmimp171,2,11
deepseek32b,faux_pas,sfp006,1,3
deepseek14b,implicature,swmimp171,1,1
deepseek32b,faux_pas,sfp005,3,3
deepseek14b,implicature,swmimp170,3,1
deepseek32b,faux_pas,sfp005,2,3
deepseek14b,implicature,swmimp170,2,5
deepseek32b,faux_pas,sfp005,1,3
deepseek14b,implicature,swmimp170,1,2
deepseek32b,faux_pas,sfp004,2,4
deepseek14b,implicature,swmimp169,3,1
deepseek32b,faux_pas,sfp004,3,4
deepseek14b,implicature,swmimp169,1,1
deepseek32b,faux_pas,sfp004,1,4
deepseek14b,implicature,swmimp169,2,2
deepseek32b,faux_pas,sfp003,2,5
deepseek14b,implicature,swmimp168,3,1
deepseek32b,faux_pas,sfp003,3,5
deepseek14b,implicature,swmimp168,2,2
deepseek32b,faux_pas,sfp002,3,5
deepseek14b,implicature,swmimp168,1,1
deepseek32b,faux_pas,sfp003,1,5
deepseek14b,implicature,swmimp167,2,
deepseek32b,faux_pas,sfp002,1,5
deepseek14b,implicature,swmimp167,3,1
deepseek32b,faux_pas,sfp002,2,5
deepseek14b,implicature,swmimp167,1,
deepseek32b,faux_pas,sfp001,3,2
deepseek14b,implicature,swmimp166,3,1
deepseek32b,faux_pas,sfp001,2,3
deepseek14b,implicature,swmimp166,2,1
deepseek32b,false_belief,sfp020,3,1
deepseek14b,implicature,swmimp166,1,1
deepseek32b,faux_pas,sfp001,1,5
deepseek14b,implicature,swmimp165,3,
deepseek32b,false_belief,sfp020,2,1
deepseek14b,implicature,swmimp165,1,
deepseek32b,false_belief,sfp020,1,1
deepseek14b,implicature,swmimp165,2,
deepseek32b,false_belief,sfp019,3,2
deepseek14b,implicature,swmimp164,3,
deepseek32b,false_belief,sfp019,2,1
deepseek14b,implicature,swmimp164,2,
deepseek32b,false_belief,sfp019,1,1
deepseek14b,implicature,swmimp164,1,
deepseek32b,false_belief,sfp018,3,1
deepseek14b,implicature,swmimp163,3,9
deepseek32b,false_belief,sfp018,2,2
deepseek14b,implicature,swmimp163,2,
deepseek32b,false_belief,sfp018,1,2
deepseek14b,implicature,swmimp163,1,9
deepseek32b,false_belief,sfp017,3,1
deepseek14b,implicature,swmimp162,3,
deepseek32b,false_belief,sfp017,2,2
deepseek14b,implicature,swmimp162,2,
deepseek32b,false_belief,sfp017,1,2
deepseek14b,implicature,swmimp162,1,
deepseek32b,false_belief,sfp016,3,1
deepseek14b,implicature,swmimp161,1,
deepseek32b,false_belief,sfp016,2,1
deepseek14b,implicature,swmimp160,3,
deepseek32b,false_belief,sfp015,3,2
deepseek32b,false_belief,sfp016,1,2
deepseek14b,implicature,swmimp161,2,
deepseek32b,false_belief,sfp015,2,1
deepseek14b,implicature,swmimp160,2,
deepseek32b,false_belief,sfp015,1,1
deepseek14b,implicature,swmimp159,3,
deepseek32b,false_belief,sfp014,3,1
deepseek14b,implicature,swmimp160,1,
deepseek32b,false_belief,sfp014,2,1
deepseek14b,implicature,swmimp159,1,7
deepseek14b,implicature,swmimp161,3,
deepseek32b,false_belief,sfp014,1,1
deepseek14b,implicature,swmimp159,2,3
deepseek32b,false_belief,sfp013,3,2
deepseek14b,implicature,swmimp158,3,1
deepseek32b,false_belief,sfp013,2,1
deepseek14b,implicature,swmimp158,2,1
deepseek32b,false_belief,sfp013,1,1
deepseek14b,implicature,swmimp157,3,
deepseek32b,false_belief,sfp012,3,5
deepseek14b,implicature,swmimp158,1,2
deepseek32b,false_belief,sfp012,2,1
deepseek14b,implicature,swmimp157,2,
deepseek32b,false_belief,sfp012,1,1
deepseek14b,implicature,swmimp157,1,
deepseek32b,false_belief,sfp011,3,1
deepseek14b,implicature,swmimp156,3,1
deepseek32b,false_belief,sfp011,2,2
deepseek14b,implicature,swmimp156,2,2
deepseek32b,false_belief,sfp011,1,1
deepseek14b,implicature,swmimp156,1,1
deepseek32b,false_belief,fb060,3,4
deepseek14b,implicature,swmimp155,3,2
deepseek32b,false_belief,fb060,2,3
deepseek14b,implicature,swmimp155,2,2
deepseek32b,false_belief,fb060,1,3
deepseek14b,implicature,swmimp155,1,2
deepseek32b,false_belief,fb059,3,3
deepseek14b,implicature,swmimp154,2,19
deepseek32b,false_belief,fb059,2,3
deepseek14b,implicature,swmimp154,3,
deepseek32b,false_belief,fb059,1,4
deepseek14b,implicature,swmimp154,1,11
deepseek32b,false_belief,fb058,3,3
deepseek14b,implicature,swmimp153,3,1
deepseek32b,false_belief,fb058,1,3
deepseek14b,implicature,swmimp153,2,1
deepseek32b,false_belief,fb058,2,3
deepseek14b,implicature,swmimp152,3,4
deepseek32b,false_belief,fb057,3,3
deepseek14b,implicature,swmimp153,1,2
deepseek32b,false_belief,fb057,2,3
deepseek14b,implicature,swmimp152,2,6
deepseek32b,false_belief,fb057,1,3
deepseek14b,implicature,swmimp151,3,
deepseek32b,false_belief,fb056,3,5
deepseek14b,implicature,swmimp152,1,7
deepseek14b,implicature,swmimp150,3,
deepseek32b,false_belief,fb056,2,4
deepseek14b,implicature,swmimp150,2,
deepseek32b,false_belief,fb056,1,4
deepseek32b,false_belief,fb055,3,4
deepseek32b,false_belief,fb055,2,4
deepseek14b,implicature,swmimp150,1,
deepseek32b,false_belief,fb055,1,5
deepseek14b,implicature,swmimp151,1,
deepseek32b,false_belief,fb054,3,3
deepseek14b,implicature,swmimp149,3,11
deepseek32b,false_belief,fb054,2,4
deepseek14b,implicature,swmimp149,2,
deepseek14b,implicature,swmimp151,2,
deepseek32b,false_belief,fb054,1,3
deepseek14b,implicature,swmimp149,1,
deepseek32b,false_belief,fb053,3,3
deepseek14b,implicature,swmimp148,3,
deepseek32b,false_belief,fb053,2,3
deepseek14b,implicature,swmimp148,1,
deepseek32b,false_belief,fb053,1,3
deepseek14b,implicature,swmimp148,2,
deepseek32b,false_belief,fb052,3,4
deepseek14b,implicature,swmimp147,3,1
deepseek32b,false_belief,fb052,2,4
deepseek14b,implicature,swmimp147,2,1
deepseek32b,false_belief,fb052,1,
deepseek14b,implicature,swmimp147,1,1
deepseek32b,false_belief,fb051,3,3
deepseek14b,implicature,swmimp146,3,4
deepseek32b,false_belief,fb051,2,3
deepseek14b,implicature,swmimp146,2,1
deepseek32b,false_belief,fb051,1,3
deepseek14b,implicature,swmimp146,1,6
deepseek32b,false_belief,fb050,3,3
deepseek14b,implicature,swmimp145,3,4
deepseek14b,implicature,swmimp145,1,2
deepseek32b,false_belief,fb050,2,3
deepseek14b,implicature,swmimp144,3,
deepseek32b,false_belief,fb050,1,3
deepseek32b,false_belief,fb049,3,4
deepseek14b,implicature,swmimp145,2,1
deepseek32b,false_belief,fb049,2,3
deepseek14b,implicature,swmimp144,2,
deepseek32b,false_belief,fb049,1,3
deepseek14b,implicature,swmimp144,1,
deepseek32b,false_belief,fb048,3,3
deepseek14b,implicature,swmimp143,3,2
deepseek32b,false_belief,fb048,2,4
deepseek14b,implicature,swmimp143,2,1
deepseek32b,false_belief,fb048,1,4
deepseek14b,implicature,swmimp143,1,5
deepseek32b,false_belief,fb047,3,3
deepseek14b,implicature,swmimp142,2,
deepseek32b,false_belief,fb047,2,3
deepseek14b,implicature,swmimp142,3,
deepseek32b,false_belief,fb047,1,3
deepseek14b,implicature,swmimp142,1,
deepseek32b,false_belief,fb046,3,5
deepseek14b,implicature,swmimp141,3,9
deepseek32b,false_belief,fb046,2,5
deepseek14b,implicature,swmimp141,2,4
deepseek32b,false_belief,fb046,1,5
deepseek14b,implicature,swmimp140,3,9
deepseek32b,false_belief,fb045,2,3
deepseek14b,implicature,swmimp141,1,10
deepseek32b,false_belief,fb045,3,3
deepseek14b,implicature,swmimp140,2,12
deepseek32b,false_belief,fb045,1,3
deepseek14b,implicature,swmimp140,1,14
deepseek32b,false_belief,fb044,3,3
deepseek14b,implicature,swmimp139,3,
deepseek32b,false_belief,fb044,2,3
deepseek14b,implicature,swmimp139,1,
deepseek32b,false_belief,fb044,1,3
deepseek14b,implicature,swmimp139,2,
deepseek32b,false_belief,fb043,3,4
deepseek14b,implicature,swmimp138,3,
deepseek32b,false_belief,fb043,2,3
deepseek14b,implicature,swmimp138,1,
deepseek32b,false_belief,fb043,1,5
deepseek14b,implicature,swmimp138,2,
deepseek32b,false_belief,fb042,3,4
deepseek14b,implicature,swmimp137,2,2
deepseek32b,false_belief,fb042,2,3
deepseek14b,implicature,swmimp136,2,
deepseek32b,false_belief,fb042,1,3
deepseek32b,false_belief,fb041,3,3
deepseek14b,implicature,swmimp137,1,2
deepseek32b,false_belief,fb041,2,3
deepseek14b,implicature,swmimp137,3,3
deepseek14b,implicature,swmimp136,3,
deepseek32b,false_belief,fb041,1,3
deepseek14b,implicature,swmimp135,3,9
deepseek32b,false_belief,fb040,3,3
deepseek14b,implicature,swmimp136,1,
deepseek32b,false_belief,fb040,2,4
deepseek14b,implicature,swmimp135,1,9
deepseek32b,false_belief,fb040,1,3
deepseek14b,implicature,swmimp135,2,7
deepseek32b,false_belief,fb039,3,4
deepseek14b,implicature,swmimp134,3,3
deepseek32b,false_belief,fb039,2,3
deepseek14b,implicature,swmimp134,1,3
deepseek32b,false_belief,fb039,1,3
deepseek14b,implicature,swmimp134,2,4
deepseek32b,false_belief,fb038,3,4
deepseek14b,implicature,swmimp133,3,1
deepseek32b,false_belief,fb038,2,3
deepseek14b,implicature,swmimp133,1,
deepseek32b,false_belief,fb038,1,4
deepseek32b,false_belief,fb037,3,3
deepseek14b,implicature,swmimp131,3,
deepseek32b,false_belief,fb037,2,3
deepseek14b,implicature,swmimp132,3,3
deepseek14b,implicature,swmimp132,2,1
deepseek32b,false_belief,fb037,1,3
deepseek14b,implicature,swmimp132,1,4
deepseek32b,false_belief,fb036,3,3
deepseek14b,implicature,swmimp133,2,6
deepseek32b,false_belief,fb036,2,3
deepseek14b,implicature,swmimp131,2,
deepseek32b,false_belief,fb036,1,3
deepseek14b,implicature,swmimp131,1,7
deepseek32b,false_belief,fb035,3,3
deepseek14b,implicature,swmimp130,3,
deepseek32b,false_belief,fb035,2,3
deepseek14b,implicature,swmimp130,2,
deepseek32b,false_belief,fb035,1,3
deepseek14b,implicature,swmimp130,1,
deepseek32b,false_belief,fb034,3,4
deepseek14b,implicature,swmimp129,3,
deepseek32b,false_belief,fb034,2,4
deepseek14b,implicature,swmimp129,2,
deepseek32b,false_belief,fb034,1,3
deepseek14b,implicature,swmimp129,1,
deepseek32b,false_belief,fb033,3,3
deepseek14b,implicature,swmimp128,3,6
deepseek32b,false_belief,fb033,2,3
deepseek14b,implicature,swmimp128,2,5
deepseek32b,false_belief,fb033,1,3
deepseek14b,implicature,swmimp128,1,2
deepseek32b,false_belief,fb032,3,4
deepseek14b,implicature,swmimp127,3,3
deepseek32b,false_belief,fb032,2,3
deepseek14b,implicature,swmimp127,2,2
deepseek32b,false_belief,fb032,1,3
deepseek14b,implicature,swmimp127,1,5
deepseek32b,false_belief,fb031,3,4
deepseek14b,implicature,swmimp126,3,3
deepseek32b,false_belief,fb031,2,3
deepseek14b,implicature,swmimp126,2,1
deepseek32b,false_belief,fb031,1,4
deepseek14b,implicature,swmimp126,1,3
deepseek32b,false_belief,fb030,3,3
deepseek14b,implicature,swmimp125,3,3
deepseek32b,false_belief,fb030,2,3
deepseek14b,implicature,swmimp124,3,12
deepseek32b,false_belief,fb030,1,4
deepseek14b,implicature,swmimp125,2,2
deepseek32b,false_belief,fb029,3,3
deepseek14b,implicature,swmimp125,1,2
deepseek32b,false_belief,fb029,2,3
deepseek14b,implicature,swmimp124,2,
deepseek32b,false_belief,fb029,1,3
deepseek14b,implicature,swmimp124,1,2
deepseek32b,false_belief,fb028,2,4
deepseek14b,implicature,swmimp123,3,1
deepseek32b,false_belief,fb028,3,3
deepseek14b,implicature,swmimp123,2,1
deepseek32b,false_belief,fb028,1,3
deepseek14b,implicature,swmimp123,1,1
deepseek32b,false_belief,fb027,3,3
deepseek14b,implicature,swmimp122,3,3
deepseek32b,false_belief,fb027,2,3
deepseek14b,implicature,swmimp122,2,3
deepseek32b,false_belief,fb027,1,3
deepseek14b,implicature,swmimp122,1,1
deepseek32b,false_belief,fb026,3,3
deepseek14b,implicature,swmimp121,3,4
deepseek32b,false_belief,fb026,2,3
deepseek14b,implicature,swmimp121,2,2
deepseek32b,false_belief,fb026,1,4
deepseek32b,false_belief,fb025,3,3
deepseek14b,false_belief,fb029,2,3
deepseek32b,false_belief,fb025,2,4
deepseek14b,implicature,swmimp121,1,9
deepseek14b,implicature,swmimp120,3,1
deepseek32b,implicature,swmimp114,3,
deepseek32b,implicature,swmimp114,2,
deepseek32b,implicature,swmimp114,1,
deepseek32b,implicature,swmimp113,3,1
deepseek32b,implicature,swmimp113,2,1
deepseek32b,implicature,swmimp113,1,1
deepseek32b,implicature,swmimp112,3,3
deepseek32b,implicature,swmimp112,2,5
deepseek32b,implicature,swmimp112,1,4
deepseek32b,implicature,swmimp111,3,2
deepseek32b,implicature,swmimp111,2,1
deepseek32b,implicature,swmimp111,1,2
deepseek32b,implicature,swmimp110,3,1
deepseek32b,implicature,swmimp110,2,1
deepseek32b,implicature,swmimp110,1,1
deepseek32b,implicature,swmimp109,3,1
deepseek32b,implicature,swmimp109,2,
deepseek32b,implicature,swmimp109,1,
deepseek32b,implicature,swmimp108,3,1
deepseek32b,implicature,swmimp108,2,
deepseek32b,implicature,swmimp108,1,1
deepseek32b,implicature,swmimp107,3,
deepseek32b,implicature,swmimp107,2,
deepseek32b,implicature,swmimp107,1,1
deepseek32b,implicature,swmimp106,3,
deepseek32b,implicature,swmimp106,2,
deepseek32b,implicature,swmimp106,1,1
deepseek32b,implicature,swmimp105,3,
deepseek32b,implicature,swmimp105,2,1
deepseek32b,implicature,swmimp105,1,1
deepseek32b,implicature,swmimp104,3,
deepseek32b,implicature,swmimp104,2,
deepseek32b,implicature,swmimp104,1,
deepseek32b,implicature,swmimp103,2,1
deepseek32b,implicature,swmimp103,1,1
deepseek32b,implicature,swmimp115,1,
deepseek32b,implicature,swmimp102,3,
deepseek32b,implicature,swmimp101,3,9
deepseek32b,implicature,swmimp103,3,
deepseek32b,implicature,swmimp102,2,
deepseek32b,implicature,swmimp102,1,
deepseek32b,implicature,swmimp101,2,9
deepseek32b,implicature,swmimp101,1,8
deepseek32b,implicature,swmimp100,3,4
deepseek32b,implicature,swmimp100,2,1
deepseek32b,implicature,swmimp100,1,5
deepseek32b,implicature,swmimp099,3,
deepseek32b,implicature,swmimp099,2,
deepseek32b,implicature,swmimp099,1,
deepseek32b,implicature,swmimp098,3,1
deepseek32b,implicature,swmimp098,2,1
deepseek32b,implicature,swmimp098,1,1
deepseek32b,implicature,swmimp097,3,5
deepseek32b,implicature,swmimp097,2,
deepseek32b,implicature,swmimp097,1,3
deepseek32b,implicature,swmimp096,3,4
deepseek32b,implicature,swmimp096,2,1
deepseek32b,implicature,swmimp096,1,3
deepseek32b,implicature,swmimp095,3,
deepseek32b,implicature,swmimp095,2,
deepseek32b,implicature,swmimp095,1,
deepseek32b,implicature,swmimp094,3,2
deepseek32b,implicature,swmimp094,2,2
deepseek32b,implicature,swmimp094,1,2
deepseek32b,implicature,swmimp093,3,2
deepseek32b,implicature,swmimp093,2,4
deepseek32b,implicature,swmimp093,1,2
deepseek32b,implicature,swmimp092,3,8
deepseek32b,implicature,swmimp092,2,
deepseek32b,implicature,swmimp092,1,
deepseek32b,implicature,swmimp091,3,
deepseek32b,implicature,swmimp091,2,6
deepseek32b,implicature,swmimp091,1,1
deepseek32b,implicature,swmimp090,3,
deepseek32b,implicature,swmimp090,2,
deepseek32b,implicature,swmimp090,1,
deepseek32b,implicature,swmimp089,3,4
deepseek32b,implicature,swmimp089,2,2
deepseek32b,implicature,swmimp089,1,2
deepseek32b,implicature,swmimp088,3,
deepseek32b,implicature,swmimp088,2,
deepseek32b,implicature,swmimp088,1,
deepseek32b,implicature,swmimp087,3,1
deepseek32b,implicature,swmimp087,2,1
deepseek32b,implicature,swmimp087,1,1
deepseek32b,implicature,swmimp086,3,1
deepseek32b,implicature,swmimp086,2,1
deepseek32b,implicature,swmimp086,1,1
deepseek32b,implicature,swmimp085,3,
deepseek32b,implicature,swmimp085,2,
deepseek32b,implicature,swmimp085,1,
deepseek32b,implicature,swmimp084,3,
deepseek32b,implicature,swmimp084,2,
deepseek32b,implicature,swmimp084,1,
deepseek32b,implicature,swmimp083,3,2
deepseek32b,implicature,swmimp083,2,2
deepseek32b,implicature,swmimp083,1,6
deepseek32b,implicature,swmimp082,3,
deepseek32b,implicature,swmimp082,2,
deepseek32b,implicature,swmimp082,1,4
deepseek32b,implicature,swmimp081,3,
deepseek32b,implicature,swmimp081,2,
deepseek32b,implicature,swmimp081,1,
deepseek32b,implicature,swmimp080,3,1
deepseek32b,implicature,swmimp080,2,1
deepseek32b,implicature,swmimp080,1,3
deepseek32b,implicature,swmimp079,3,
deepseek32b,implicature,swmimp079,2,3
deepseek32b,implicature,swmimp079,1,
deepseek32b,implicature,swmimp078,3,1
deepseek32b,implicature,swmimp078,2,2
deepseek32b,implicature,swmimp078,1,1
deepseek32b,implicature,swmimp077,3,2
deepseek32b,implicature,swmimp077,2,
deepseek32b,implicature,swmimp077,1,2
deepseek32b,implicature,swmimp076,3,2
deepseek32b,implicature,swmimp076,2,1
deepseek32b,implicature,swmimp076,1,1
deepseek32b,implicature,swmimp075,3,1
deepseek32b,implicature,swmimp075,2,1
deepseek32b,implicature,swmimp075,1,1
deepseek32b,implicature,swmimp074,3,
deepseek32b,implicature,swmimp074,2,
deepseek32b,implicature,swmimp074,1,
deepseek32b,implicature,swmimp073,3,1
deepseek32b,implicature,swmimp073,2,1
deepseek32b,implicature,swmimp073,1,1
deepseek32b,implicature,swmimp072,3,1
deepseek32b,implicature,swmimp072,2,1
deepseek32b,implicature,swmimp072,1,1
deepseek32b,implicature,swmimp071,3,1
deepseek32b,implicature,swmimp071,2,1
deepseek32b,implicature,swmimp071,1,1
deepseek32b,implicature,swmimp070,3,
deepseek32b,implicature,swmimp070,2,
deepseek32b,implicature,swmimp070,1,
deepseek32b,implicature,swmimp069,3,3
deepseek32b,implicature,swmimp069,2,4
deepseek32b,implicature,swmimp069,1,6
deepseek32b,implicature,swmimp068,3,1
deepseek32b,implicature,swmimp068,2,1
deepseek32b,implicature,swmimp068,1,2
deepseek32b,implicature,swmimp067,3,
deepseek32b,implicature,swmimp067,2,
deepseek32b,implicature,swmimp067,1,
deepseek32b,implicature,swmimp066,3,1
deepseek32b,implicature,swmimp066,2,1
deepseek32b,implicature,swmimp066,1,1
deepseek32b,implicature,swmimp065,3,3
deepseek32b,implicature,swmimp065,2,
deepseek32b,implicature,swmimp065,1,3
deepseek32b,implicature,swmimp064,3,
deepseek32b,implicature,swmimp064,2,
deepseek32b,implicature,swmimp064,1,
deepseek32b,implicature,swmimp063,3,1
deepseek32b,implicature,swmimp063,2,1
deepseek32b,implicature,swmimp063,1,1
deepseek32b,implicature,swmimp062,3,
deepseek32b,implicature,swmimp062,2,3
deepseek32b,implicature,swmimp062,1,3
deepseek32b,implicature,swmimp061,3,3
deepseek32b,implicature,swmimp061,2,
deepseek32b,implicature,swmimp061,1,
deepseek32b,implicature,swmimp060,3,2
deepseek32b,implicature,swmimp060,2,1
deepseek32b,implicature,swmimp060,1,2
deepseek32b,implicature,swmimp059,3,
deepseek32b,implicature,swmimp059,2,
deepseek32b,implicature,swmimp059,1,
deepseek32b,implicature,swmimp058,3,2
deepseek14b,false_belief,fb023,1,4
deepseek14b,false_belief,fb023,2,3
deepseek14b,false_belief,fb024,1,3
deepseek14b,false_belief,fb022,3,4
deepseek14b,false_belief,fb025,2,4
deepseek14b,false_belief,fb021,3,3
deepseek14b,false_belief,fb021,1,3
deepseek14b,false_belief,fb023,3,3
deepseek14b,false_belief,fb020,3,3
deepseek14b,false_belief,fb022,2,3
deepseek14b,false_belief,fb025,1,4
deepseek14b,false_belief,fb026,1,4
deepseek14b,false_belief,fb024,2,4
deepseek14b,false_belief,fb021,2,3
deepseek14b,false_belief,fb024,3,
deepseek14b,false_belief,fb020,2,4
deepseek14b,false_belief,fb022,1,4
deepseek7b,false_belief,fb028,1,4
deepseek7b,false_belief,fb027,3,3
deepseek7b,false_belief,fb027,1,3
deepseek7b,false_belief,fb027,2,
deepseek7b,false_belief,fb026,3,
deepseek7b,false_belief,fb026,2,3
deepseek7b,false_belief,fb028,2,3
deepseek7b,false_belief,fb026,1,3
deepseek7b,false_belief,fb025,2,4
deepseek7b,false_belief,fb025,3,
deepseek7b,false_belief,fb025,1,3
deepseek7b,false_belief,fb024,3,
deepseek7b,false_belief,fb024,2,
deepseek7b,false_belief,fb024,1,3
deepseek7b,false_belief,fb023,3,
deepseek7b,false_belief,fb023,2,4
deepseek7b,false_belief,fb023,1,3
deepseek7b,false_belief,fb022,3,4
deepseek7b,false_belief,fb022,2,4
deepseek7b,false_belief,fb022,1,3
deepseek7b,false_belief,fb021,3,3
deepseek7b,false_belief,fb021,2,3
deepseek7b,false_belief,fb021,1,3
deepseek7b,false_belief,fb020,3,3
deepseek7b,false_belief,fb020,2,3
deepseek7b,false_belief,fb020,1,3
deepseek7b,false_belief,fb019,3,3
deepseek7b,false_belief,fb019,2,3
deepseek7b,false_belief,fb019,1,4
deepseek7b,false_belief,fb018,3,3
deepseek7b,false_belief,fb018,2,3
deepseek7b,false_belief,fb017,3,4
deepseek7b,false_belief,fb018,1,4
deepseek7b,false_belief,fb016,3,5
deepseek7b,false_belief,fb017,2,3
deepseek7b,false_belief,fb017,1,
deepseek7b,false_belief,fb016,2,5
deepseek7b,false_belief,fb016,1,4
deepseek7b,false_belief,fb015,3,3
deepseek7b,false_belief,fb015,2,3
deepseek7b,false_belief,fb015,1,4
deepseek7b,false_belief,fb014,3,
deepseek7b,false_belief,fb014,2,1
deepseek7b,false_belief,fb014,1,
deepseek7b,false_belief,fb013,3,
deepseek7b,false_belief,fb013,2,
deepseek7b,false_belief,fb013,1,3
deepseek7b,false_belief,fb012,3,3
deepseek7b,false_belief,fb012,2,4
deepseek7b,false_belief,fb012,1,3
deepseek7b,false_belief,fb011,3,4
deepseek7b,false_belief,fb011,1,
deepseek7b,false_belief,fb011,2,
deepseek7b,false_belief,fb010,1,5
deepseek7b,false_belief,fb010,3,
deepseek7b,false_belief,fb010,2,3
deepseek7b,false_belief,fb009,3,3
deepseek7b,false_belief,fb009,2,
deepseek7b,false_belief,fb009,1,3
deepseek7b,false_belief,fb008,3,4
deepseek7b,false_belief,fb008,2,3
deepseek7b,false_belief,fb008,1,3
deepseek7b,false_belief,fb007,3,3
deepseek7b,false_belief,fb007,2,4
deepseek7b,false_belief,fb007,1,3
deepseek7b,false_belief,fb006,3,
deepseek7b,false_belief,fb006,2,3
deepseek7b,false_belief,fb005,3,3
deepseek7b,false_belief,fb006,1,
deepseek7b,false_belief,fb005,1,
deepseek7b,false_belief,fb005,2,3
deepseek7b,false_belief,fb004,2,
deepseek7b,false_belief,fb004,3,
deepseek7b,false_belief,fb003,3,3
deepseek7b,false_belief,fb004,1,
deepseek7b,false_belief,fb002,3,4
deepseek7b,false_belief,fb003,2,4
deepseek7b,false_belief,fb002,2,4
deepseek7b,false_belief,fb002,1,6
deepseek7b,false_belief,fb001,3,5
deepseek7b,false_belief,fb003,1,
deepseek7b,false_belief,fb001,2,3
deepseek7b,false_belief,fb001,1,3
deepseek32b,implicature,swmimp200,3,
deepseek14b,false_belief,fb025,3,4
deepseek32b,implicature,swmimp200,2,
deepseek32b,implicature,swmimp200,1,
deepseek32b,implicature,swmimp199,3,2
deepseek32b,implicature,swmimp199,2,1
deepseek32b,implicature,swmimp199,1,1
deepseek32b,implicature,swmimp198,3,
deepseek32b,implicature,swmimp198,2,
deepseek32b,implicature,swmimp198,1,
deepseek32b,implicature,swmimp197,3,3
deepseek32b,implicature,swmimp197,2,
deepseek32b,implicature,swmimp197,1,
deepseek32b,implicature,swmimp196,3,4
deepseek32b,implicature,swmimp196,2,6
deepseek32b,implicature,swmimp196,1,
deepseek32b,implicature,swmimp195,3,
deepseek32b,implicature,swmimp195,2,9
deepseek32b,implicature,swmimp195,1,10
deepseek32b,implicature,swmimp194,3,6
deepseek32b,implicature,swmimp194,2,6
deepseek32b,implicature,swmimp194,1,
deepseek32b,implicature,swmimp193,3,2
deepseek32b,implicature,swmimp193,2,2
deepseek32b,implicature,swmimp193,1,2
deepseek32b,implicature,swmimp192,3,1
deepseek32b,implicature,swmimp192,2,1
deepseek32b,implicature,swmimp192,1,1
deepseek32b,implicature,swmimp191,3,
deepseek32b,implicature,swmimp191,2,
deepseek32b,implicature,swmimp191,1,
deepseek32b,implicature,swmimp190,3,1
deepseek32b,implicature,swmimp190,2,1
deepseek32b,implicature,swmimp190,1,1
deepseek32b,implicature,swmimp189,3,1
deepseek32b,implicature,swmimp189,2,1
deepseek32b,implicature,swmimp189,1,1
deepseek32b,implicature,swmimp188,3,1
deepseek32b,implicature,swmimp188,2,2
deepseek32b,implicature,swmimp188,1,1
deepseek32b,implicature,swmimp187,3,
deepseek32b,implicature,swmimp187,2,2
deepseek32b,implicature,swmimp187,1,
deepseek32b,implicature,swmimp186,3,2
deepseek32b,implicature,swmimp186,2,
deepseek32b,implicature,swmimp186,1,
deepseek32b,implicature,swmimp185,3,3
deepseek32b,implicature,swmimp185,1,3
deepseek32b,implicature,swmimp185,2,3
deepseek32b,implicature,swmimp184,3,
deepseek32b,implicature,swmimp184,2,
deepseek32b,implicature,swmimp184,1,
deepseek32b,implicature,swmimp183,3,3
deepseek32b,implicature,swmimp183,2,3
deepseek32b,implicature,swmimp183,1,4
deepseek32b,implicature,swmimp182,3,1
deepseek32b,implicature,swmimp182,2,
deepseek32b,implicature,swmimp182,1,
deepseek32b,implicature,swmimp181,3,
deepseek32b,implicature,swmimp181,2,6
deepseek32b,implicature,swmimp181,1,
deepseek32b,implicature,swmimp180,3,1
deepseek32b,implicature,swmimp180,2,1
deepseek32b,implicature,swmimp180,1,1
deepseek32b,implicature,swmimp179,3,2
deepseek32b,implicature,swmimp179,2,2
deepseek32b,implicature,swmimp179,1,3
deepseek32b,implicature,swmimp178,3,1
deepseek32b,implicature,swmimp178,2,2
deepseek32b,implicature,swmimp178,1,1
deepseek32b,implicature,swmimp177,3,3
deepseek32b,implicature,swmimp177,2,1
deepseek32b,implicature,swmimp177,1,2
deepseek32b,implicature,swmimp176,3,
deepseek32b,implicature,swmimp176,2,6
deepseek32b,implicature,swmimp176,1,
deepseek32b,implicature,swmimp175,3,1
deepseek32b,implicature,swmimp175,2,2
deepseek32b,implicature,swmimp175,1,1
deepseek32b,implicature,swmimp174,3,2
deepseek32b,implicature,swmimp174,2,2
deepseek32b,implicature,swmimp174,1,1
deepseek32b,implicature,swmimp173,3,
deepseek32b,implicature,swmimp173,2,3
deepseek32b,implicature,swmimp173,1,5
deepseek14b,false_belief,fb026,2,3
deepseek32b,implicature,swmimp172,3,1
deepseek32b,implicature,swmimp172,2,2
deepseek32b,implicature,swmimp172,1,2
deepseek7b,implicature,swmimp061,2,
deepseek7b,implicature,swmimp061,1,
deepseek7b,implicature,swmimp060,3,
deepseek7b,implicature,swmimp060,2,
deepseek7b,implicature,swmimp060,1,
deepseek7b,implicature,swmimp059,3,
deepseek7b,implicature,swmimp059,2,
deepseek7b,implicature,swmimp059,1,
deepseek7b,implicature,swmimp058,3,
deepseek7b,implicature,swmimp058,2,
deepseek7b,implicature,swmimp058,1,
deepseek7b,implicature,swmimp057,3,
deepseek7b,implicature,swmimp057,2,
deepseek7b,implicature,swmimp057,1,
deepseek7b,implicature,swmimp056,3,
deepseek7b,implicature,swmimp056,2,
deepseek7b,implicature,swmimp056,1,
deepseek7b,implicature,swmimp055,3,5
deepseek7b,implicature,swmimp055,2,
deepseek7b,implicature,swmimp055,1,6
deepseek7b,implicature,swmimp054,3,
deepseek7b,implicature,swmimp054,2,
deepseek7b,implicature,swmimp054,1,
deepseek7b,implicature,swmimp053,3,
deepseek7b,implicature,swmimp053,2,
deepseek7b,implicature,swmimp053,1,
deepseek7b,implicature,swmimp052,3,
deepseek7b,implicature,swmimp052,2,
deepseek7b,implicature,swmimp052,1,
deepseek7b,implicature,swmimp051,3,
deepseek7b,implicature,swmimp051,2,3
deepseek7b,implicature,swmimp051,1,2
deepseek7b,implicature,swmimp050,3,6
deepseek7b,implicature,swmimp050,2,
deepseek7b,implicature,swmimp050,1,
deepseek7b,implicature,swmimp049,3,
deepseek7b,implicature,swmimp049,2,
deepseek7b,implicature,swmimp049,1,
deepseek7b,implicature,swmimp048,3,
deepseek7b,implicature,swmimp048,2,
deepseek7b,implicature,swmimp048,1,
deepseek7b,implicature,swmimp047,3,
deepseek7b,implicature,swmimp047,2,
deepseek7b,implicature,swmimp047,1,
deepseek7b,implicature,swmimp046,3,
deepseek7b,implicature,swmimp046,2,
deepseek7b,implicature,swmimp046,1,
deepseek7b,implicature,swmimp045,3,
deepseek7b,implicature,swmimp045,2,
deepseek7b,implicature,swmimp045,1,
deepseek7b,implicature,swmimp044,3,
deepseek7b,implicature,swmimp044,2,
deepseek7b,implicature,swmimp044,1,
deepseek7b,implicature,swmimp043,3,
deepseek7b,implicature,swmimp043,2,
deepseek7b,implicature,swmimp043,1,
deepseek7b,implicature,swmimp042,3,
deepseek7b,implicature,swmimp042,2,
deepseek7b,implicature,swmimp042,1,
deepseek7b,implicature,swmimp041,3,
deepseek7b,implicature,swmimp041,2,
deepseek7b,implicature,swmimp041,1,
deepseek7b,implicature,swmimp040,3,
deepseek7b,implicature,swmimp040,2,
deepseek7b,implicature,swmimp040,1,
deepseek7b,implicature,swmimp039,3,
deepseek7b,implicature,swmimp039,2,
deepseek7b,implicature,swmimp039,1,
deepseek7b,implicature,swmimp038,3,
deepseek7b,implicature,swmimp038,2,
deepseek7b,implicature,swmimp038,1,
deepseek7b,implicature,swmimp037,3,
deepseek7b,implicature,swmimp037,2,
deepseek7b,implicature,swmimp037,1,
deepseek7b,implicature,swmimp036,3,
deepseek7b,implicature,swmimp036,2,
deepseek7b,implicature,swmimp036,1,
deepseek7b,implicature,swmimp035,3,
deepseek7b,implicature,swmimp035,2,
deepseek7b,implicature,swmimp035,1,
deepseek7b,implicature,swmimp034,3,
deepseek7b,implicature,swmimp034,2,
deepseek7b,implicature,swmimp034,1,
deepseek7b,implicature,swmimp033,3,
deepseek7b,implicature,swmimp033,2,
deepseek7b,implicature,swmimp033,1,
deepseek7b,implicature,swmimp032,3,
deepseek7b,implicature,swmimp032,2,
deepseek7b,implicature,swmimp032,1,
deepseek7b,implicature,swmimp031,3,
deepseek7b,implicature,swmimp031,2,
deepseek7b,implicature,swmimp031,1,
deepseek7b,implicature,swmimp030,3,3
deepseek7b,implicature,swmimp030,2,
deepseek7b,implicature,swmimp030,1,1
deepseek7b,implicature,swmimp029,3,
deepseek7b,implicature,swmimp029,2,
deepseek7b,implicature,swmimp029,1,
deepseek7b,implicature,swmimp028,3,
deepseek7b,implicature,swmimp028,2,
deepseek7b,implicature,swmimp028,1,
deepseek7b,implicature,swmimp027,3,
deepseek7b,implicature,swmimp027,2,
deepseek7b,implicature,swmimp027,1,
deepseek7b,implicature,swmimp026,3,
deepseek7b,implicature,swmimp026,2,
deepseek7b,implicature,swmimp026,1,
deepseek7b,implicature,swmimp025,3,3
deepseek7b,implicature,swmimp025,2,
deepseek7b,implicature,swmimp025,1,4
deepseek7b,implicature,swmimp024,3,
deepseek7b,implicature,swmimp024,2,
deepseek7b,implicature,swmimp024,1,
deepseek7b,implicature,swmimp023,3,
deepseek7b,implicature,swmimp023,2,3
deepseek7b,implicature,swmimp023,1,
deepseek7b,implicature,swmimp022,3,
deepseek7b,implicature,swmimp022,2,
deepseek7b,implicature,swmimp022,1,
deepseek7b,implicature,swmimp021,3,
deepseek7b,implicature,swmimp021,2,
deepseek7b,implicature,swmimp021,1,
deepseek7b,implicature,swmimp020,3,
deepseek7b,implicature,swmimp020,2,
deepseek7b,implicature,swmimp020,1,
deepseek7b,implicature,swmimp019,3,
deepseek7b,implicature,swmimp019,2,1
deepseek7b,implicature,swmimp019,1,
deepseek7b,implicature,swmimp018,3,
deepseek7b,implicature,swmimp018,2,
deepseek7b,implicature,swmimp018,1,
deepseek7b,implicature,swmimp017,3,
deepseek7b,implicature,swmimp017,2,
deepseek7b,implicature,swmimp017,1,
deepseek7b,implicature,swmimp016,3,
deepseek7b,implicature,swmimp016,2,
deepseek7b,implicature,swmimp016,1,
deepseek7b,implicature,swmimp015,3,
deepseek7b,implicature,swmimp015,2,
deepseek7b,implicature,swmimp015,1,
deepseek7b,implicature,swmimp014,3,
deepseek7b,implicature,swmimp014,2,
deepseek7b,implicature,swmimp014,1,
deepseek7b,implicature,swmimp013,3,
deepseek7b,implicature,swmimp013,2,
deepseek7b,implicature,swmimp013,1,
deepseek7b,implicature,swmimp012,3,
deepseek7b,implicature,swmimp012,2,4
deepseek7b,implicature,swmimp012,1,
deepseek7b,implicature,swmimp011,3,
deepseek7b,implicature,swmimp011,2,
deepseek7b,implicature,swmimp011,1,
deepseek7b,implicature,swmimp010,3,1
deepseek7b,implicature,swmimp010,2,
deepseek7b,implicature,swmimp010,1,1
deepseek7b,implicature,swmimp009,3,4
deepseek7b,implicature,swmimp009,2,
deepseek7b,implicature,swmimp009,1,
deepseek7b,implicature,swmimp008,3,
deepseek7b,implicature,swmimp008,2,
deepseek7b,implicature,swmimp008,1,
deepseek7b,implicature,swmimp007,3,
deepseek7b,implicature,swmimp007,2,
deepseek7b,implicature,swmimp007,1,
deepseek7b,implicature,swmimp006,3,
deepseek7b,implicature,swmimp006,2,
deepseek7b,implicature,swmimp006,1,
deepseek7b,implicature,swmimp005,3,7
deepseek7b,implicature,swmimp005,2,
deepseek7b,implicature,swmimp061,3,
deepseek7b,implicature,swmimp174,3,2
deepseek7b,implicature,swmimp174,2,2
deepseek7b,implicature,swmimp174,1,2
deepseek7b,implicature,swmimp173,3,3
deepseek7b,implicature,swmimp173,2,3
deepseek7b,implicature,swmimp173,1,3
deepseek7b,implicature,swmimp172,3,1
deepseek7b,implicature,swmimp172,2,1
deepseek7b,implicature,swmimp172,1,2
deepseek7b,implicature,swmimp171,3,4
deepseek7b,implicature,swmimp171,2,5
deepseek7b,implicature,swmimp171,1,11
deepseek7b,implicature,swmimp170,3,2
deepseek7b,implicature,swmimp170,2,
deepseek7b,implicature,swmimp170,1,
deepseek7b,implicature,swmimp169,3,7
deepseek7b,implicature,swmimp169,2,2
deepseek7b,implicature,swmimp169,1,4
deepseek7b,implicature,swmimp168,3,
deepseek7b,implicature,swmimp168,2,
deepseek7b,implicature,swmimp168,1,
deepseek7b,implicature,swmimp167,3,
deepseek7b,implicature,swmimp167,2,
deepseek7b,implicature,swmimp167,1,
deepseek7b,implicature,swmimp166,3,2
deepseek7b,implicature,swmimp166,2,3
deepseek7b,implicature,swmimp166,1,3
deepseek7b,implicature,swmimp165,3,
deepseek7b,implicature,swmimp165,2,
deepseek7b,implicature,swmimp165,1,
deepseek7b,implicature,swmimp164,3,
deepseek7b,implicature,swmimp164,2,
deepseek7b,implicature,swmimp164,1,
deepseek7b,implicature,swmimp163,3,
deepseek7b,implicature,swmimp163,2,
deepseek7b,implicature,swmimp163,1,
deepseek7b,implicature,swmimp162,3,
deepseek7b,implicature,swmimp162,2,
deepseek7b,implicature,swmimp162,1,
deepseek7b,implicature,swmimp161,3,
deepseek7b,implicature,swmimp161,2,
deepseek7b,implicature,swmimp161,1,
deepseek7b,implicature,swmimp160,3,
deepseek7b,implicature,swmimp160,2,
deepseek7b,implicature,swmimp160,1,
deepseek7b,implicature,swmimp159,3,7
deepseek7b,implicature,swmimp159,2,
deepseek7b,implicature,swmimp159,1,7
deepseek7b,implicature,swmimp158,3,5
deepseek7b,implicature,swmimp158,2,4
deepseek7b,implicature,swmimp158,1,5
deepseek7b,implicature,swmimp157,3,
deepseek7b,implicature,swmimp157,2,
deepseek7b,implicature,swmimp157,1,
deepseek7b,implicature,swmimp156,3,3
deepseek7b,implicature,swmimp156,2,3
deepseek7b,implicature,swmimp156,1,2
deepseek7b,implicature,swmimp155,3,
deepseek7b,implicature,swmimp155,2,2
deepseek7b,implicature,swmimp155,1,
deepseek7b,implicature,swmimp154,3,
deepseek7b,implicature,swmimp154,2,
deepseek7b,implicature,swmimp154,1,
deepseek7b,implicature,swmimp153,3,1
deepseek7b,implicature,swmimp153,2,6
deepseek7b,implicature,swmimp153,1,2
deepseek7b,implicature,swmimp152,3,
deepseek7b,implicature,swmimp152,2,
deepseek7b,implicature,swmimp152,1,6
deepseek7b,implicature,swmimp151,3,
deepseek7b,implicature,swmimp151,2,
deepseek7b,implicature,swmimp151,1,
deepseek7b,implicature,swmimp150,3,
deepseek7b,implicature,swmimp150,2,
deepseek7b,implicature,swmimp150,1,
deepseek7b,implicature,swmimp149,3,
deepseek7b,implicature,swmimp149,2,
deepseek7b,implicature,swmimp149,1,
deepseek7b,implicature,swmimp148,3,
deepseek7b,implicature,swmimp148,2,
deepseek7b,implicature,swmimp148,1,
deepseek7b,implicature,swmimp147,3,
deepseek7b,implicature,swmimp147,2,
deepseek7b,implicature,swmimp147,1,
deepseek7b,implicature,swmimp146,3,
deepseek7b,implicature,swmimp146,2,10
deepseek7b,implicature,swmimp146,1,
deepseek7b,implicature,swmimp145,3,
deepseek7b,implicature,swmimp145,2,
deepseek7b,implicature,swmimp145,1,
deepseek7b,implicature,swmimp144,3,
deepseek7b,implicature,swmimp144,2,
deepseek7b,implicature,swmimp144,1,
deepseek7b,implicature,swmimp143,2,
deepseek7b,implicature,swmimp143,3,13
deepseek7b,implicature,swmimp143,1,7
deepseek7b,implicature,swmimp175,1,
deepseek7b,implicature,swmimp142,2,
deepseek7b,implicature,swmimp142,3,
deepseek7b,implicature,swmimp142,1,
deepseek7b,implicature,swmimp141,3,
deepseek7b,implicature,swmimp141,2,
deepseek7b,implicature,swmimp141,1,
deepseek7b,implicature,swmimp140,3,
deepseek7b,implicature,swmimp140,2,
deepseek7b,implicature,swmimp140,1,
deepseek7b,implicature,swmimp139,3,
deepseek7b,implicature,swmimp139,2,
deepseek7b,implicature,swmimp139,1,
deepseek7b,implicature,swmimp138,3,
deepseek7b,implicature,swmimp138,2,
deepseek7b,implicature,swmimp138,1,
deepseek7b,implicature,swmimp137,3,
deepseek7b,implicature,swmimp137,2,
deepseek7b,implicature,swmimp137,1,
deepseek7b,implicature,swmimp136,3,6
deepseek7b,implicature,swmimp136,2,
deepseek7b,implicature,swmimp136,1,
deepseek7b,implicature,swmimp135,3,
deepseek7b,implicature,swmimp135,2,
deepseek7b,implicature,swmimp135,1,
deepseek7b,implicature,swmimp134,3,
deepseek7b,implicature,swmimp134,2,
deepseek7b,implicature,swmimp134,1,
deepseek7b,implicature,swmimp133,3,3
deepseek7b,implicature,swmimp133,2,2
deepseek7b,implicature,swmimp133,1,
deepseek7b,implicature,swmimp132,3,
deepseek7b,implicature,swmimp132,2,
deepseek7b,implicature,swmimp132,1,
deepseek7b,implicature,swmimp131,3,
deepseek7b,implicature,swmimp131,2,
deepseek7b,implicature,swmimp131,1,
deepseek7b,implicature,swmimp130,3,
deepseek7b,implicature,swmimp130,2,
deepseek7b,implicature,swmimp130,1,
deepseek7b,implicature,swmimp129,3,
deepseek7b,implicature,swmimp129,2,
deepseek7b,implicature,swmimp129,1,
deepseek7b,implicature,swmimp128,3,
deepseek7b,implicature,swmimp128,2,
deepseek7b,implicature,swmimp128,1,3
deepseek7b,implicature,swmimp127,3,
deepseek7b,implicature,swmimp127,2,
deepseek7b,implicature,swmimp127,1,
deepseek7b,implicature,swmimp126,3,
deepseek7b,implicature,swmimp126,2,
deepseek7b,implicature,swmimp126,1,
deepseek7b,implicature,swmimp125,3,
deepseek7b,implicature,swmimp125,2,
deepseek7b,implicature,swmimp125,1,
deepseek7b,implicature,swmimp124,3,
deepseek7b,implicature,swmimp124,2,
deepseek7b,implicature,swmimp124,1,
deepseek7b,implicature,swmimp123,3,1
deepseek7b,implicature,swmimp123,2,6
deepseek7b,implicature,swmimp123,1,
deepseek7b,implicature,swmimp122,3,3
deepseek7b,implicature,swmimp122,2,2
deepseek7b,implicature,swmimp122,1,2
deepseek7b,implicature,swmimp121,3,9
deepseek7b,implicature,swmimp121,2,
deepseek7b,implicature,swmimp121,1,
deepseek7b,implicature,swmimp120,3,2
deepseek7b,implicature,swmimp120,2,
deepseek7b,implicature,swmimp120,1,2
deepseek7b,implicature,swmimp119,3,
deepseek7b,implicature,swmimp119,2,14
deepseek7b,implicature,swmimp119,1,18
deepseek7b,implicature,swmimp118,3,
deepseek14b,false_belief,fb018,2,3
deepseek14b,false_belief,fb019,1,3
deepseek14b,false_belief,fb017,3,3
deepseek14b,false_belief,fb019,2,3
deepseek14b,false_belief,fb018,3,3
deepseek14b,false_belief,fb017,1,3
deepseek14b,false_belief,fb016,2,3
deepseek14b,false_belief,fb018,1,3
deepseek14b,false_belief,fb017,2,3
deepseek14b,false_belief,fb016,1,3
deepseek14b,false_belief,fb019,3,3
deepseek14b,false_belief,fb015,1,3
deepseek14b,false_belief,fb016,3,3
deepseek14b,false_belief,fb014,3,1
deepseek14b,false_belief,fb015,2,3
deepseek14b,false_belief,fb014,1,1
deepseek14b,false_belief,fb020,1,3
deepseek14b,false_belief,fb012,2,3
deepseek14b,false_belief,fb015,3,3
deepseek14b,false_belief,fb013,2,5
deepseek14b,false_belief,fb013,3,3
deepseek14b,false_belief,fb011,3,3
deepseek14b,false_belief,fb011,1,4
deepseek14b,false_belief,fb012,3,3
deepseek14b,false_belief,fb009,3,3
deepseek14b,false_belief,fb012,1,3
deepseek14b,false_belief,fb011,2,3
deepseek14b,false_belief,fb013,1,5
deepseek14b,false_belief,fb010,3,4
deepseek14b,false_belief,fb014,2,1
deepseek14b,false_belief,fb010,2,5
deepseek14b,false_belief,fb009,2,3
deepseek14b,false_belief,fb008,3,4
deepseek14b,false_belief,fb010,1,4
deepseek14b,false_belief,fb008,2,4
deepseek14b,false_belief,fb009,1,3
deepseek14b,false_belief,fb008,1,3
deepseek14b,false_belief,fb007,3,3
deepseek14b,false_belief,fb007,1,3
deepseek14b,false_belief,fb005,1,3
deepseek14b,false_belief,fb004,2,4
deepseek14b,false_belief,fb006,1,3
deepseek14b,false_belief,fb005,3,4
deepseek14b,false_belief,fb005,2,3
deepseek14b,false_belief,fb003,3,3
deepseek14b,false_belief,fb006,2,3
deepseek14b,false_belief,fb003,2,4
deepseek14b,false_belief,fb006,3,3
deepseek14b,false_belief,fb004,1,5
deepseek14b,false_belief,fb007,2,3
deepseek14b,false_belief,fb003,1,5
deepseek14b,false_belief,fb004,3,5
deepseek14b,false_belief,fb002,2,5
deepseek14b,false_belief,fb001,3,4
deepseek14b,false_belief,fb002,3,4
deepseek14b,false_belief,fb001,2,3
deepseek14b,false_belief,fb002,1,5
deepseek14b,false_belief,fb001,1,3
qwen14b,implicature,swmimp086,2,
qwen14b,implicature,swmimp085,3,
deepseek14b,false_belief,fb030,2,4
deepseek14b,implicature,swmimp005,1,
deepseek14b,implicature,swmimp004,2,1
deepseek14b,implicature,swmimp005,3,
deepseek14b,implicature,swmimp003,3,
deepseek14b,implicature,swmimp003,1,4
deepseek14b,implicature,swmimp002,2,
deepseek14b,implicature,swmimp004,1,1
deepseek14b,implicature,swmimp003,2,
deepseek14b,implicature,swmimp004,3,1
deepseek14b,implicature,swmimp005,2,
deepseek14b,implicature,swmimp001,1,2
deepseek14b,implicature,swmimp001,2,
deepseek14b,implicature,swmimp002,3,
deepseek14b,faux_pas,sfp010,1,3
deepseek14b,faux_pas,sfp009,1,4
deepseek14b,faux_pas,sfp010,3,3
deepseek14b,implicature,swmimp002,1,6
deepseek14b,faux_pas,sfp009,2,4
deepseek14b,faux_pas,sfp010,2,3
deepseek14b,faux_pas,sfp008,1,5
deepseek14b,faux_pas,sfp008,3,5
deepseek14b,implicature,swmimp001,3,6
deepseek14b,implicature,swmimp006,3,3
deepseek14b,faux_pas,sfp007,2,5
deepseek14b,faux_pas,sfp006,3,3
deepseek14b,faux_pas,sfp008,2,5
deepseek14b,faux_pas,sfp009,3,4
deepseek14b,faux_pas,sfp007,1,5
deepseek14b,faux_pas,sfp006,2,3
deepseek14b,faux_pas,sfp007,3,5
deepseek14b,faux_pas,sfp004,3,4
deepseek14b,faux_pas,sfp005,1,3
deepseek14b,faux_pas,sfp004,1,4
deepseek14b,faux_pas,sfp006,1,3
deepseek14b,faux_pas,sfp004,2,4
deepseek14b,faux_pas,sfp005,2,3
deepseek14b,faux_pas,sfp002,3,5
deepseek14b,faux_pas,sfp005,3,3
deepseek14b,faux_pas,sfp001,2,4
deepseek14b,faux_pas,sfp003,2,5
deepseek14b,faux_pas,sfp002,2,5
deepseek14b,false_belief,sfp020,3,1
deepseek14b,faux_pas,sfp002,1,5
deepseek14b,false_belief,sfp020,1,1
deepseek14b,faux_pas,sfp003,1,5
deepseek14b,faux_pas,sfp003,3,5
deepseek14b,faux_pas,sfp001,3,4
deepseek14b,false_belief,sfp020,2,1
deepseek14b,false_belief,sfp019,2,1
deepseek14b,false_belief,sfp018,3,1
deepseek14b,false_belief,sfp018,1,1
deepseek14b,faux_pas,sfp001,1,4
deepseek14b,false_belief,sfp017,2,2
deepseek14b,false_belief,sfp019,3,1
deepseek14b,false_belief,sfp015,3,3
deepseek14b,false_belief,sfp016,1,1
deepseek14b,false_belief,sfp015,1,2
deepseek14b,false_belief,sfp014,3,1
deepseek14b,false_belief,sfp017,1,3
deepseek14b,false_belief,sfp017,3,3
deepseek14b,false_belief,sfp018,2,2
deepseek14b,false_belief,sfp019,1,1
deepseek14b,false_belief,sfp013,2,2
deepseek14b,false_belief,sfp016,2,1
deepseek14b,false_belief,sfp014,2,1
deepseek14b,false_belief,sfp013,3,1
deepseek14b,false_belief,sfp015,2,1
deepseek14b,false_belief,sfp013,1,1
deepseek14b,false_belief,sfp016,3,1
deepseek14b,false_belief,sfp012,1,2
deepseek14b,false_belief,sfp014,1,1
deepseek14b,false_belief,sfp012,2,3
deepseek14b,false_belief,sfp011,2,2
deepseek14b,false_belief,sfp012,3,2
deepseek14b,false_belief,fb060,3,3
deepseek14b,false_belief,fb060,1,5
deepseek14b,false_belief,sfp011,1,2
deepseek14b,false_belief,fb058,2,3
deepseek14b,false_belief,fb058,3,4
deepseek14b,false_belief,sfp011,3,1
deepseek14b,false_belief,fb059,1,4
deepseek14b,false_belief,fb059,3,3
deepseek14b,false_belief,fb058,1,3
deepseek14b,false_belief,fb056,1,4
deepseek14b,false_belief,fb060,2,4
deepseek14b,false_belief,fb057,1,3
deepseek14b,false_belief,fb056,3,4
deepseek14b,false_belief,fb059,2,3
deepseek14b,false_belief,fb057,2,3
deepseek14b,false_belief,fb055,2,
deepseek14b,false_belief,fb044,2,3
deepseek14b,false_belief,fb054,3,4
deepseek14b,false_belief,fb056,2,4
deepseek14b,false_belief,fb054,2,3
deepseek14b,false_belief,fb053,3,3
deepseek14b,false_belief,fb055,3,5
deepseek14b,false_belief,fb053,2,3
deepseek14b,false_belief,fb053,1,3
deepseek14b,false_belief,fb052,2,5
deepseek14b,false_belief,fb050,3,3
deepseek14b,false_belief,fb051,2,3
deepseek14b,false_belief,fb052,3,4
deepseek14b,false_belief,fb050,1,3
deepseek14b,false_belief,fb050,2,3
deepseek14b,false_belief,fb054,1,4
deepseek14b,false_belief,fb049,3,3
deepseek14b,false_belief,fb048,1,3
deepseek14b,false_belief,fb051,3,3
deepseek14b,false_belief,fb049,1,3
deepseek14b,false_belief,fb052,1,4
deepseek14b,false_belief,fb051,1,3
deepseek14b,false_belief,fb048,2,3
deepseek14b,false_belief,fb048,3,3
deepseek14b,false_belief,fb045,3,4
deepseek14b,false_belief,fb046,1,5
deepseek14b,false_belief,fb043,2,4
deepseek14b,false_belief,fb039,1,4
deepseek14b,false_belief,fb043,3,5
deepseek14b,false_belief,fb045,2,3
deepseek14b,false_belief,fb046,2,
deepseek14b,false_belief,fb047,1,4
deepseek14b,false_belief,fb045,1,3
deepseek14b,false_belief,fb046,3,5
deepseek14b,false_belief,fb041,2,3
deepseek14b,false_belief,fb049,2,3
deepseek14b,false_belief,fb040,2,3
deepseek14b,false_belief,fb047,3,3
deepseek14b,false_belief,fb055,1,
deepseek14b,false_belief,fb042,1,3
deepseek14b,false_belief,fb044,3,3
deepseek14b,false_belief,fb040,1,3
deepseek14b,false_belief,fb042,2,4
deepseek14b,false_belief,fb034,2,3
deepseek14b,false_belief,fb035,2,3
deepseek14b,false_belief,fb041,3,3
deepseek14b,false_belief,fb041,1,4
deepseek14b,false_belief,fb042,3,3
deepseek14b,false_belief,fb040,3,3
deepseek14b,false_belief,fb037,3,3
deepseek14b,false_belief,fb037,1,4
deepseek14b,false_belief,fb035,3,3
deepseek14b,false_belief,fb038,1,3
deepseek14b,false_belief,fb038,2,4
deepseek14b,false_belief,fb037,2,4
deepseek14b,false_belief,fb036,2,3
deepseek14b,false_belief,fb035,1,3
deepseek14b,false_belief,fb039,2,4
deepseek14b,false_belief,fb047,2,3
deepseek14b,false_belief,fb036,1,4
deepseek14b,false_belief,fb032,3,4
deepseek14b,false_belief,fb032,2,3
deepseek14b,implicature,swmimp006,1,
deepseek14b,false_belief,fb036,3,4
deepseek14b,false_belief,fb033,3,3
deepseek14b,false_belief,fb033,1,3
deepseek14b,false_belief,fb033,2,3
deepseek14b,false_belief,fb057,3,3
deepseek14b,false_belief,fb043,1,4
deepseek14b,false_belief,fb044,1,3
deepseek14b,false_belief,fb034,3,4
deepseek14b,false_belief,fb038,3,3
deepseek14b,false_belief,fb034,1,3
deepseek14b,false_belief,fb039,3,4
deepseek14b,implicature,swmimp006,2,2
qwen14b,false_belief,fb032,1,3
qwen14b,false_belief,fb033,1,3
qwen14b,false_belief,fb032,3,4
qwen14b,false_belief,fb032,2,3
qwen14b,false_belief,fb031,3,4
qwen14b,false_belief,fb031,2,4
qwen14b,false_belief,fb031,1,4
qwen14b,false_belief,fb030,1,5
qwen14b,false_belief,fb033,2,3
qwen14b,false_belief,fb030,3,3
qwen14b,false_belief,fb029,3,3
qwen14b,false_belief,fb030,2,4
qwen14b,false_belief,fb029,2,4
qwen14b,false_belief,fb029,1,4
qwen14b,false_belief,fb028,3,3
qwen14b,false_belief,fb028,2,5
qwen14b,false_belief,fb027,2,
qwen14b,false_belief,fb028,1,3
qwen14b,false_belief,fb027,3,3
qwen14b,false_belief,fb027,1,4
qwen14b,false_belief,fb026,3,4
qwen14b,false_belief,fb026,2,3
qwen14b,false_belief,fb026,1,3
qwen14b,false_belief,fb025,1,4
qwen14b,false_belief,fb025,3,4
qwen14b,false_belief,fb025,2,5
qwen14b,false_belief,fb024,3,3
qwen14b,false_belief,fb024,2,4
qwen14b,false_belief,fb023,1,4
qwen14b,false_belief,fb024,1,4
qwen14b,false_belief,fb023,2,4
qwen14b,false_belief,fb022,3,4
qwen14b,false_belief,fb022,2,3
qwen14b,false_belief,fb022,1,3
qwen14b,false_belief,fb021,3,3
qwen14b,false_belief,fb021,2,
qwen14b,false_belief,fb021,1,3
qwen14b,false_belief,fb020,3,4
qwen14b,false_belief,fb019,3,3
qwen14b,false_belief,fb019,1,3
qwen14b,false_belief,fb023,3,3
qwen14b,false_belief,fb020,2,3
qwen14b,false_belief,fb019,2,3
qwen14b,false_belief,fb020,1,4
qwen14b,false_belief,fb018,3,3
qwen14b,false_belief,fb018,2,4
qwen14b,false_belief,fb018,1,4
qwen14b,false_belief,fb017,3,3
qwen14b,false_belief,fb017,2,1
qwen14b,false_belief,fb017,1,3
qwen14b,false_belief,fb016,3,3
qwen14b,false_belief,fb016,2,4
qwen14b,false_belief,fb016,1,3
qwen14b,false_belief,fb015,3,3
qwen14b,false_belief,fb015,2,3
qwen14b,false_belief,fb015,1,5
qwen14b,false_belief,fb014,3,1
qwen14b,false_belief,fb014,2,1
qwen14b,false_belief,fb014,1,1
qwen14b,false_belief,fb013,3,5
qwen14b,false_belief,fb013,2,4
qwen14b,false_belief,fb013,1,5
qwen14b,false_belief,fb012,3,3
qwen14b,false_belief,fb012,2,3
qwen14b,false_belief,fb012,1,3
qwen14b,false_belief,fb011,3,4
qwen14b,false_belief,fb011,2,4
qwen14b,false_belief,fb011,1,4
qwen14b,false_belief,fb010,3,5
qwen14b,false_belief,fb010,2,4
qwen14b,false_belief,fb010,1,3
qwen14b,false_belief,fb009,3,3
qwen14b,false_belief,fb009,2,3
qwen14b,false_belief,fb009,1,4
qwen14b,false_belief,fb008,3,3
qwen14b,false_belief,fb008,2,4
qwen14b,false_belief,fb008,1,3
qwen14b,false_belief,fb007,3,5
qwen14b,false_belief,fb007,2,3
qwen14b,false_belief,fb007,1,3
qwen14b,false_belief,fb006,3,4
qwen14b,false_belief,fb006,2,3
qwen14b,false_belief,fb006,1,3
qwen14b,false_belief,fb005,3,3
qwen14b,false_belief,fb005,2,3
qwen14b,false_belief,fb005,1,4
qwen14b,false_belief,fb004,3,5
qwen14b,false_belief,fb004,2,5
qwen14b,false_belief,fb004,1,4
qwen14b,false_belief,fb003,3,5
qwen14b,false_belief,fb003,2,4
qwen14b,false_belief,fb003,1,4
qwen14b,false_belief,fb002,3,
qwen14b,false_belief,fb002,2,3
qwen14b,false_belief,fb002,1,4
qwen14b,false_belief,fb001,1,3
qwen14b,false_belief,fb001,2,5
qwen14b,false_belief,fb001,3,3
qwen14b,implicature,swmimp066,1,1
qwen14b,implicature,swmimp066,2,1
qwen14b,implicature,swmimp065,1,3
qwen14b,implicature,swmimp065,3,2
qwen14b,implicature,swmimp066,3,1
qwen14b,implicature,swmimp065,2,3
qwen14b,implicature,swmimp064,3,
qwen14b,implicature,swmimp063,3,2
qwen14b,implicature,swmimp063,2,4
qwen14b,implicature,swmimp062,3,
qwen14b,implicature,swmimp063,1,2
qwen14b,implicature,swmimp062,2,
qwen14b,implicature,swmimp064,2,
qwen14b,implicature,swmimp062,1,2
qwen14b,implicature,swmimp061,3,
qwen14b,implicature,swmimp061,2,
qwen14b,implicature,swmimp061,1,
qwen14b,implicature,swmimp059,3,
qwen14b,implicature,swmimp060,3,1
qwen14b,implicature,swmimp060,1,3
qwen14b,implicature,swmimp064,1,
qwen14b,implicature,swmimp060,2,4
qwen14b,implicature,swmimp059,2,
qwen14b,implicature,swmimp059,1,
qwen14b,implicature,swmimp058,3,1
qwen14b,implicature,swmimp058,2,1
qwen14b,implicature,swmimp057,2,1
qwen14b,implicature,swmimp057,3,1
qwen14b,implicature,swmimp057,1,
qwen14b,implicature,swmimp056,3,
qwen14b,implicature,swmimp056,2,
qwen14b,implicature,swmimp056,1,
qwen14b,implicature,swmimp055,3,2
qwen14b,implicature,swmimp055,2,2
qwen14b,implicature,swmimp054,1,
qwen14b,implicature,swmimp055,1,1
qwen14b,implicature,swmimp053,3,6
qwen14b,implicature,swmimp053,2,6
qwen14b,implicature,swmimp058,1,3
qwen14b,implicature,swmimp054,2,
qwen14b,implicature,swmimp053,1,6
qwen14b,implicature,swmimp052,3,
qwen14b,implicature,swmimp052,2,
qwen14b,implicature,swmimp052,1,
qwen14b,implicature,swmimp051,3,2
qwen14b,implicature,swmimp051,2,1
qwen14b,implicature,swmimp051,1,2
qwen14b,implicature,swmimp050,3,
qwen14b,implicature,swmimp050,2,
qwen14b,implicature,swmimp049,3,
qwen14b,implicature,swmimp049,1,
qwen14b,implicature,swmimp050,1,
qwen14b,implicature,swmimp054,3,
qwen14b,implicature,swmimp049,2,
qwen14b,implicature,swmimp048,3,
qwen14b,implicature,swmimp048,1,5
qwen14b,implicature,swmimp048,2,
qwen14b,implicature,swmimp047,3,
qwen14b,implicature,swmimp046,3,2
qwen14b,implicature,swmimp046,2,
qwen14b,implicature,swmimp047,1,4
qwen14b,implicature,swmimp046,1,6
qwen14b,implicature,swmimp045,3,
qwen14b,implicature,swmimp045,2,
qwen14b,implicature,swmimp045,1,
qwen14b,implicature,swmimp044,3,3
qwen14b,implicature,swmimp047,2,
qwen14b,implicature,swmimp044,2,5
qwen14b,implicature,swmimp044,1,5
qwen14b,implicature,swmimp043,1,
qwen14b,implicature,swmimp043,3,
qwen14b,implicature,swmimp043,2,
qwen14b,implicature,swmimp042,3,4
qwen14b,implicature,swmimp042,2,
qwen14b,implicature,swmimp042,1,
qwen14b,implicature,swmimp040,3,3
qwen14b,implicature,swmimp040,2,2
qwen14b,implicature,swmimp041,3,
qwen14b,implicature,swmimp041,2,
qwen14b,implicature,swmimp040,1,2
qwen14b,implicature,swmimp039,1,3
qwen14b,implicature,swmimp041,1,
qwen14b,implicature,swmimp038,3,
qwen14b,implicature,swmimp039,2,2
qwen14b,implicature,swmimp038,2,3
qwen14b,implicature,swmimp038,1,4
qwen14b,implicature,swmimp037,1,3
qwen14b,implicature,swmimp037,3,4
qwen14b,implicature,swmimp036,3,
qwen14b,implicature,swmimp037,2,2
qwen14b,implicature,swmimp036,1,5
qwen14b,implicature,swmimp039,3,2
qwen14b,implicature,swmimp035,3,
qwen14b,implicature,swmimp035,1,
qwen14b,implicature,swmimp035,2,
qwen14b,implicature,swmimp036,2,4
qwen14b,implicature,swmimp034,3,3
qwen14b,implicature,swmimp034,2,3
qwen14b,implicature,swmimp033,3,3
qwen14b,implicature,swmimp034,1,3
qwen14b,implicature,swmimp032,3,
qwen14b,implicature,swmimp031,3,
qwen14b,implicature,swmimp033,2,3
qwen14b,implicature,swmimp032,2,
qwen14b,implicature,swmimp033,1,2
qwen14b,implicature,swmimp031,1,
qwen14b,implicature,swmimp031,2,
qwen14b,implicature,swmimp030,3,1
qwen14b,implicature,swmimp030,2,1
qwen14b,implicature,swmimp030,1,1
qwen14b,implicature,swmimp029,3,
qwen14b,implicature,swmimp029,2,
qwen14b,implicature,swmimp028,2,2
qwen14b,implicature,swmimp032,1,
qwen14b,implicature,swmimp028,3,2
qwen14b,implicature,swmimp027,3,1
qwen14b,implicature,swmimp028,1,
qwen14b,implicature,swmimp026,3,2
qwen14b,implicature,swmimp026,1,
qwen14b,implicature,swmimp026,2,
qwen14b,implicature,swmimp025,1,5
qwen14b,implicature,swmimp027,2,3
qwen14b,implicature,swmimp029,1,
qwen14b,implicature,swmimp025,2,
qwen14b,implicature,swmimp024,3,
qwen14b,implicature,swmimp025,3,
qwen14b,implicature,swmimp024,2,
qwen14b,implicature,swmimp024,1,
qwen14b,implicature,swmimp023,3,1
qwen14b,implicature,swmimp023,2,1
qwen14b,implicature,swmimp022,1,
qwen14b,implicature,swmimp027,1,3
qwen14b,implicature,swmimp023,1,2
qwen14b,implicature,swmimp022,3,2
qwen14b,implicature,swmimp022,2,
qwen14b,implicature,swmimp021,1,2
qwen14b,implicature,swmimp020,1,
qwen14b,implicature,swmimp021,3,2
qwen14b,implicature,swmimp021,2,
qwen14b,implicature,swmimp020,3,3
qwen14b,implicature,swmimp020,2,
qwen14b,implicature,swmimp018,3,
qwen14b,implicature,swmimp019,1,3
qwen14b,implicature,swmimp018,2,
qwen14b,implicature,swmimp019,2,3
qwen14b,implicature,swmimp018,1,
qwen14b,implicature,swmimp016,3,3
qwen14b,implicature,swmimp017,3,4
qwen14b,implicature,swmimp017,2,1
qwen14b,implicature,swmimp017,1,
qwen14b,implicature,swmimp016,2,2
qwen14b,implicature,swmimp019,3,3
qwen14b,implicature,swmimp015,2,
qwen14b,implicature,swmimp016,1,6
qwen14b,implicature,swmimp015,3,
qwen14b,implicature,swmimp015,1,
qwen14b,implicature,swmimp014,3,2
qwen14b,implicature,swmimp013,3,
qwen14b,implicature,swmimp014,2,2
qwen14b,implicature,swmimp014,1,2
qwen14b,implicature,swmimp013,2,
qwen14b,implicature,swmimp013,1,
qwen14b,implicature,swmimp012,1,1
qwen14b,implicature,swmimp012,3,1
qwen14b,implicature,swmimp012,2,1
qwen14b,implicature,swmimp011,3,1
qwen14b,implicature,swmimp010,3,1
qwen14b,implicature,swmimp011,2,2
qwen14b,implicature,swmimp011,1,2
qwen14b,implicature,swmimp010,2,1
qwen14b,implicature,swmimp180,2,2
deepseek14b,implicature,swmimp119,2,
qwen14b,implicature,swmimp180,1,2
deepseek14b,implicature,swmimp120,2,2
qwen14b,implicature,swmimp179,3,3
deepseek14b,implicature,swmimp119,1,
deepseek14b,implicature,swmimp119,3,
qwen14b,implicature,swmimp179,2,2
deepseek14b,implicature,swmimp118,3,3
qwen14b,implicature,swmimp179,1,2
deepseek14b,implicature,swmimp118,2,3
qwen14b,implicature,swmimp180,3,1
deepseek14b,implicature,swmimp118,1,4
qwen14b,implicature,swmimp178,2,1
qwen14b,implicature,swmimp177,3,2
deepseek14b,implicature,swmimp117,3,2
qwen14b,implicature,swmimp177,2,1
deepseek14b,implicature,swmimp117,2,1
deepseek14b,implicature,swmimp117,1,1
qwen14b,implicature,swmimp178,1,1
deepseek14b,implicature,swmimp116,3,1
qwen14b,implicature,swmimp177,1,4
deepseek14b,implicature,swmimp116,2,1
qwen14b,implicature,swmimp176,3,
deepseek14b,implicature,swmimp116,1,1
qwen14b,implicature,swmimp175,3,2
qwen14b,implicature,swmimp178,3,2
deepseek14b,implicature,swmimp115,3,
deepseek14b,implicature,swmimp115,2,5
qwen14b,implicature,swmimp176,2,6
deepseek14b,implicature,swmimp115,1,
qwen14b,implicature,swmimp176,1,6
qwen14b,implicature,swmimp175,2,6
deepseek14b,implicature,swmimp114,3,
qwen14b,implicature,swmimp175,1,1
deepseek14b,implicature,swmimp114,2,
qwen14b,implicature,swmimp174,3,3
deepseek14b,implicature,swmimp114,1,
qwen14b,implicature,swmimp173,3,
deepseek14b,implicature,swmimp113,3,2
deepseek14b,implicature,swmimp113,2,1
qwen14b,implicature,swmimp174,2,3
deepseek14b,implicature,swmimp113,1,1
qwen14b,implicature,swmimp173,1,
deepseek14b,implicature,swmimp112,3,6
deepseek14b,implicature,swmimp112,2,6
qwen14b,implicature,swmimp173,2,
qwen14b,implicature,swmimp172,3,1
deepseek14b,implicature,swmimp112,1,
qwen14b,implicature,swmimp171,3,4
deepseek14b,implicature,swmimp111,3,1
deepseek14b,implicature,swmimp111,2,1
qwen14b,implicature,swmimp172,2,4
qwen14b,implicature,swmimp171,2,5
deepseek14b,implicature,swmimp111,1,1
qwen14b,implicature,swmimp172,1,
deepseek14b,implicature,swmimp110,3,1
qwen14b,implicature,swmimp171,1,4
deepseek14b,implicature,swmimp110,2,2
qwen14b,implicature,swmimp174,1,2
qwen14b,implicature,swmimp170,3,
deepseek14b,implicature,swmimp110,1,1
qwen14b,implicature,swmimp170,1,
deepseek14b,implicature,swmimp109,3,
qwen14b,implicature,swmimp170,2,1
deepseek14b,implicature,swmimp109,2,
qwen14b,implicature,swmimp169,3,1
deepseek14b,implicature,swmimp109,1,
qwen14b,implicature,swmimp169,2,1
deepseek14b,implicature,swmimp108,3,
deepseek14b,implicature,swmimp108,2,
qwen14b,implicature,swmimp169,1,1
deepseek14b,implicature,swmimp108,1,
qwen14b,implicature,swmimp168,2,2
deepseek14b,implicature,swmimp107,3,
qwen14b,implicature,swmimp168,3,4
qwen14b,implicature,swmimp168,1,5
deepseek14b,implicature,swmimp107,2,
qwen14b,implicature,swmimp167,3,2
deepseek14b,implicature,swmimp107,1,
qwen14b,implicature,swmimp167,2,1
deepseek14b,implicature,swmimp106,3,
qwen14b,implicature,swmimp167,1,1
deepseek14b,implicature,swmimp106,2,
qwen14b,implicature,swmimp166,3,1
deepseek14b,implicature,swmimp106,1,1
qwen14b,implicature,swmimp166,1,2
deepseek14b,implicature,swmimp105,3,1
qwen14b,implicature,swmimp165,2,2
deepseek14b,implicature,swmimp105,2,1
deepseek14b,implicature,swmimp105,1,1
qwen14b,implicature,swmimp166,2,2
deepseek14b,implicature,swmimp104,3,
qwen14b,implicature,swmimp165,3,
qwen14b,implicature,swmimp165,1,
deepseek14b,implicature,swmimp104,2,
qwen14b,implicature,swmimp164,3,
deepseek14b,implicature,swmimp103,2,
qwen14b,implicature,swmimp163,3,
deepseek14b,implicature,swmimp104,1,
qwen14b,implicature,swmimp163,2,10
deepseek14b,implicature,swmimp103,3,1
deepseek14b,implicature,swmimp103,1,1
qwen14b,implicature,swmimp162,2,
deepseek14b,implicature,swmimp102,1,
qwen14b,implicature,swmimp164,1,
deepseek14b,implicature,swmimp120,1,2
deepseek14b,implicature,swmimp102,3,12
qwen14b,implicature,swmimp162,1,
deepseek14b,implicature,swmimp101,2,
qwen14b,implicature,swmimp164,2,
qwen14b,implicature,swmimp163,1,
qwen14b,implicature,swmimp162,3,
deepseek14b,implicature,swmimp101,3,
qwen14b,implicature,swmimp161,3,
deepseek14b,implicature,swmimp101,1,
qwen14b,implicature,swmimp161,2,
deepseek14b,implicature,swmimp100,3,5
qwen14b,implicature,swmimp160,3,
deepseek14b,implicature,swmimp100,2,1
qwen14b,implicature,swmimp160,2,
deepseek14b,implicature,swmimp100,1,4
qwen14b,implicature,swmimp159,3,7
deepseek14b,implicature,swmimp099,3,4
deepseek14b,implicature,swmimp099,2,
qwen14b,implicature,swmimp160,1,
deepseek14b,implicature,swmimp099,1,1
qwen14b,implicature,swmimp159,1,1
deepseek14b,implicature,swmimp098,3,5
qwen14b,implicature,swmimp159,2,8
deepseek14b,implicature,swmimp098,2,1
qwen14b,implicature,swmimp158,3,2
deepseek14b,implicature,swmimp098,1,1
qwen14b,implicature,swmimp158,2,3
deepseek14b,implicature,swmimp097,3,7
qwen14b,implicature,swmimp161,1,8
qwen14b,implicature,swmimp158,1,4
deepseek14b,implicature,swmimp097,2,
qwen14b,implicature,swmimp157,3,3
deepseek14b,implicature,swmimp097,1,6
qwen14b,implicature,swmimp157,2,
deepseek14b,implicature,swmimp096,3,4
qwen14b,implicature,swmimp156,3,1
deepseek14b,implicature,swmimp096,2,4
qwen14b,implicature,swmimp157,1,3
deepseek14b,implicature,swmimp096,1,2
qwen14b,implicature,swmimp156,2,4
deepseek14b,implicature,swmimp095,3,5
qwen14b,implicature,swmimp156,1,1
deepseek14b,implicature,swmimp095,2,
qwen14b,implicature,swmimp155,1,
deepseek14b,implicature,swmimp095,1,
qwen14b,implicature,swmimp154,3,5
deepseek14b,implicature,swmimp094,3,1
qwen14b,implicature,swmimp154,2,
deepseek14b,implicature,swmimp094,2,2
qwen14b,implicature,swmimp155,3,1
qwen14b,implicature,swmimp154,1,19
deepseek14b,implicature,swmimp094,1,2
qwen14b,implicature,swmimp153,3,3
deepseek14b,implicature,swmimp093,3,
deepseek14b,implicature,swmimp093,2,4
qwen14b,implicature,swmimp153,2,7
deepseek14b,implicature,swmimp093,1,
qwen14b,implicature,swmimp152,3,1
deepseek14b,implicature,swmimp092,3,7
deepseek14b,implicature,swmimp092,2,5
qwen14b,implicature,swmimp152,1,1
deepseek14b,implicature,swmimp092,1,
deepseek14b,implicature,swmimp091,3,
qwen14b,implicature,swmimp155,2,
qwen14b,implicature,swmimp151,3,
deepseek14b,implicature,swmimp091,2,
qwen14b,implicature,swmimp150,3,6
deepseek14b,implicature,swmimp091,1,4
qwen14b,implicature,swmimp153,1,3
deepseek14b,implicature,swmimp090,3,2
qwen14b,implicature,swmimp152,2,2
deepseek14b,implicature,swmimp090,2,2
qwen14b,implicature,swmimp151,2,
deepseek14b,implicature,swmimp090,1,1
qwen14b,implicature,swmimp149,2,
deepseek14b,implicature,swmimp089,3,2
deepseek14b,implicature,swmimp089,2,
qwen14b,implicature,swmimp150,1,
qwen14b,implicature,swmimp148,3,
deepseek14b,implicature,swmimp089,1,2
deepseek14b,implicature,swmimp088,3,
qwen14b,implicature,swmimp148,2,
deepseek14b,implicature,swmimp088,2,
deepseek14b,implicature,swmimp088,1,
qwen14b,implicature,swmimp149,1,
qwen14b,implicature,swmimp147,3,4
deepseek14b,implicature,swmimp087,3,4
qwen14b,implicature,swmimp150,2,4
deepseek14b,implicature,swmimp087,2,4
qwen14b,implicature,swmimp149,3,
qwen14b,implicature,swmimp147,2,6
deepseek14b,implicature,swmimp087,1,1
qwen14b,implicature,swmimp148,1,
deepseek14b,implicature,swmimp085,3,
qwen14b,implicature,swmimp146,2,1
qwen14b,implicature,swmimp151,1,
deepseek14b,implicature,swmimp086,1,1
qwen14b,implicature,swmimp147,1,7
qwen14b,implicature,swmimp145,2,4
deepseek14b,implicature,swmimp086,2,1
qwen14b,implicature,swmimp146,3,3
deepseek14b,implicature,swmimp085,2,
deepseek14b,implicature,swmimp086,3,1
qwen14b,implicature,swmimp145,1,
deepseek14b,implicature,swmimp085,1,
qwen14b,implicature,swmimp146,1,3
deepseek14b,implicature,swmimp102,2,
qwen14b,implicature,swmimp144,3,
deepseek14b,implicature,swmimp084,3,
qwen14b,implicature,swmimp144,2,
deepseek14b,implicature,swmimp084,2,
deepseek14b,implicature,swmimp084,1,
qwen14b,implicature,swmimp145,3,4
deepseek14b,implicature,swmimp083,3,7
qwen14b,implicature,swmimp144,1,23
deepseek14b,implicature,swmimp083,2,
qwen14b,implicature,swmimp143,1,1
deepseek14b,implicature,swmimp083,1,
deepseek14b,implicature,swmimp082,3,
qwen14b,implicature,swmimp143,2,2
deepseek14b,implicature,swmimp082,2,
qwen14b,implicature,swmimp143,3,2
qwen14b,implicature,swmimp142,3,
deepseek14b,implicature,swmimp082,1,
qwen14b,implicature,swmimp142,1,
deepseek14b,implicature,swmimp081,3,
qwen14b,implicature,swmimp142,2,
deepseek14b,implicature,swmimp081,2,
qwen14b,implicature,swmimp141,1,7
deepseek14b,implicature,swmimp080,3,1
qwen14b,implicature,swmimp140,1,19
deepseek14b,implicature,swmimp081,1,
qwen14b,implicature,swmimp139,2,
deepseek14b,implicature,swmimp080,2,2
deepseek14b,implicature,swmimp079,3,
qwen14b,implicature,swmimp139,3,
qwen14b,implicature,swmimp139,1,
deepseek14b,implicature,swmimp080,1,3
deepseek14b,implicature,swmimp079,2,5
deepseek14b,implicature,swmimp079,1,8
qwen14b,implicature,swmimp140,2,19
deepseek14b,implicature,swmimp078,3,1
qwen14b,implicature,swmimp138,2,
qwen14b,implicature,swmimp141,2,7
deepseek14b,implicature,swmimp078,2,1
qwen14b,implicature,swmimp140,3,18
deepseek14b,implicature,swmimp078,1,1
deepseek14b,implicature,swmimp077,3,6
qwen14b,implicature,swmimp141,3,7
qwen14b,implicature,swmimp138,1,
deepseek14b,implicature,swmimp077,2,3
qwen14b,implicature,swmimp137,1,2
qwen14b,implicature,swmimp136,3,
deepseek14b,implicature,swmimp077,1,3
qwen14b,implicature,swmimp136,2,
deepseek14b,implicature,swmimp076,3,1
deepseek14b,implicature,swmimp076,2,2
qwen14b,implicature,swmimp137,3,2
deepseek14b,implicature,swmimp076,1,2
qwen14b,implicature,swmimp135,3,
deepseek14b,implicature,swmimp075,3,1
qwen14b,implicature,swmimp137,2,3
qwen14b,implicature,swmimp135,2,9
deepseek14b,implicature,swmimp075,2,1
deepseek14b,implicature,swmimp075,1,1
qwen14b,implicature,swmimp136,1,
deepseek14b,implicature,swmimp074,3,
qwen14b,implicature,swmimp134,3,1
deepseek14b,implicature,swmimp074,2,
qwen14b,implicature,swmimp135,1,9
qwen14b,implicature,swmimp138,3,6
deepseek14b,implicature,swmimp074,1,
qwen14b,implicature,swmimp134,1,4
deepseek14b,implicature,swmimp073,3,1
qwen14b,implicature,swmimp133,2,
deepseek14b,implicature,swmimp073,2,1
qwen14b,implicature,swmimp134,2,2
deepseek14b,implicature,swmimp073,1,1
deepseek14b,implicature,swmimp072,3,1
qwen14b,implicature,swmimp132,1,1
deepseek14b,implicature,swmimp072,2,1
qwen14b,implicature,swmimp133,3,
qwen14b,implicature,swmimp133,1,
deepseek14b,implicature,swmimp072,1,1
qwen14b,implicature,swmimp132,3,2
deepseek14b,implicature,swmimp071,3,1
qwen14b,implicature,swmimp132,2,1
deepseek14b,implicature,swmimp071,2,1
qwen14b,implicature,swmimp131,3,6
deepseek14b,implicature,swmimp071,1,1
qwen14b,implicature,swmimp131,2,
deepseek14b,implicature,swmimp070,3,5
qwen14b,implicature,swmimp130,2,
deepseek14b,implicature,swmimp070,2,4
deepseek14b,implicature,swmimp070,1,
qwen14b,implicature,swmimp131,1,3
deepseek14b,implicature,swmimp069,3,6
qwen14b,implicature,swmimp129,2,
deepseek14b,implicature,swmimp069,2,
deepseek14b,implicature,swmimp069,1,
qwen14b,implicature,swmimp130,3,
qwen14b,implicature,swmimp129,3,
deepseek14b,implicature,swmimp068,3,1
qwen14b,implicature,swmimp129,1,
deepseek14b,implicature,swmimp068,2,7
qwen14b,implicature,swmimp128,2,2
deepseek14b,implicature,swmimp068,1,1
qwen14b,implicature,swmimp128,3,1
deepseek14b,implicature,swmimp067,3,
qwen14b,implicature,swmimp127,3,1
deepseek14b,implicature,swmimp067,2,
qwen14b,implicature,swmimp130,1,
qwen14b,implicature,swmimp128,1,1
deepseek14b,implicature,swmimp067,1,
qwen14b,implicature,swmimp127,2,1
deepseek14b,implicature,swmimp066,3,3
qwen14b,implicature,swmimp127,1,1
deepseek14b,implicature,swmimp066,2,2
qwen14b,implicature,swmimp126,3,1
deepseek14b,implicature,swmimp065,2,6
qwen14b,implicature,swmimp126,1,1
deepseek14b,implicature,swmimp066,1,1
qwen14b,implicature,swmimp126,2,2
deepseek14b,implicature,swmimp065,3,
qwen14b,implicature,swmimp125,1,2
deepseek14b,implicature,swmimp065,1,
deepseek14b,implicature,swmimp064,3,
qwen14b,implicature,swmimp124,2,1
deepseek14b,implicature,swmimp064,2,
deepseek14b,implicature,swmimp064,1,
qwen14b,implicature,swmimp124,3,15
deepseek14b,implicature,swmimp063,3,2
qwen14b,implicature,swmimp125,3,5
qwen14b,implicature,swmimp125,2,8
deepseek32b,implicature,swmimp058,1,1
deepseek32b,false_belief,fb024,3,3
deepseek32b,implicature,swmimp057,3,1
deepseek32b,false_belief,fb024,2,3
deepseek32b,implicature,swmimp057,2,1
deepseek32b,false_belief,fb024,1,3
deepseek32b,implicature,swmimp057,1,
deepseek32b,false_belief,fb023,3,3
deepseek32b,implicature,swmimp056,3,5
deepseek32b,false_belief,fb023,2,3
deepseek32b,implicature,swmimp056,2,
deepseek32b,false_belief,fb023,1,3
deepseek32b,implicature,swmimp056,1,
deepseek32b,false_belief,fb022,3,3
deepseek32b,implicature,swmimp055,3,1
deepseek32b,false_belief,fb022,1,3
deepseek32b,implicature,swmimp055,2,1
deepseek32b,false_belief,fb021,3,3
deepseek32b,implicature,swmimp055,1,1
deepseek32b,false_belief,fb025,1,5
deepseek32b,implicature,swmimp054,3,
deepseek32b,false_belief,fb021,2,4
deepseek32b,false_belief,fb022,2,3
deepseek32b,implicature,swmimp054,2,
deepseek32b,false_belief,fb021,1,3
deepseek32b,implicature,swmimp054,1,
deepseek32b,false_belief,fb020,3,3
deepseek14b,false_belief,fb027,1,3
deepseek32b,implicature,swmimp053,3,6
deepseek32b,false_belief,fb020,2,3
deepseek32b,implicature,swmimp053,2,1
deepseek32b,false_belief,fb020,1,3
deepseek32b,implicature,swmimp053,1,1
deepseek32b,false_belief,fb019,3,3
deepseek14b,false_belief,fb027,3,3
deepseek32b,implicature,swmimp052,3,3
deepseek32b,false_belief,fb019,2,3
deepseek32b,implicature,swmimp052,2,
deepseek32b,false_belief,fb019,1,3
deepseek32b,implicature,swmimp052,1,
deepseek32b,false_belief,fb018,3,3
deepseek32b,implicature,swmimp051,3,1
deepseek32b,false_belief,fb018,2,3
deepseek32b,implicature,swmimp051,2,1
deepseek32b,false_belief,fb017,3,3
deepseek32b,implicature,swmimp051,1,2
deepseek32b,false_belief,fb018,1,4
deepseek32b,implicature,swmimp050,3,6
deepseek32b,false_belief,fb017,2,3
deepseek32b,implicature,swmimp050,2,6
deepseek32b,false_belief,fb017,1,3
deepseek32b,implicature,swmimp050,1,6
deepseek32b,false_belief,fb016,3,3
deepseek32b,implicature,swmimp049,3,5
deepseek32b,false_belief,fb016,2,3
deepseek14b,false_belief,fb028,3,4
deepseek32b,implicature,swmimp049,2,1
deepseek32b,false_belief,fb016,1,3
deepseek32b,implicature,swmimp049,1,
deepseek32b,false_belief,fb015,3,3
deepseek32b,implicature,swmimp048,3,
deepseek32b,false_belief,fb015,2,3
deepseek32b,implicature,swmimp048,2,
deepseek32b,false_belief,fb015,1,4
deepseek14b,false_belief,fb029,3,4
deepseek32b,implicature,swmimp048,1,
deepseek32b,false_belief,fb014,3,1
deepseek32b,implicature,swmimp047,3,
deepseek32b,false_belief,fb014,2,1
deepseek32b,implicature,swmimp047,2,1
deepseek32b,false_belief,fb014,1,1
deepseek32b,implicature,swmimp047,1,
deepseek32b,false_belief,fb013,3,4
deepseek32b,implicature,swmimp046,3,
deepseek32b,false_belief,fb013,2,4
deepseek32b,implicature,swmimp046,2,
deepseek32b,false_belief,fb013,1,4
deepseek32b,implicature,swmimp046,1,
deepseek32b,false_belief,fb012,3,3
deepseek32b,implicature,swmimp045,3,
deepseek32b,false_belief,fb012,1,3
deepseek32b,implicature,swmimp045,2,
deepseek32b,false_belief,fb012,2,3
deepseek32b,implicature,swmimp045,1,
deepseek32b,false_belief,fb011,3,3
deepseek32b,implicature,swmimp044,3,5
deepseek32b,false_belief,fb011,2,4
deepseek32b,implicature,swmimp044,2,
deepseek32b,false_belief,fb011,1,3
deepseek32b,implicature,swmimp044,1,
deepseek32b,false_belief,fb010,3,4
deepseek32b,implicature,swmimp043,3,
deepseek32b,false_belief,fb010,2,4
deepseek32b,implicature,swmimp043,2,
deepseek32b,false_belief,fb010,1,3
deepseek32b,implicature,swmimp043,1,
deepseek32b,false_belief,fb009,3,3
deepseek32b,implicature,swmimp042,3,4
deepseek32b,false_belief,fb009,2,4
deepseek32b,implicature,swmimp042,2,
deepseek32b,false_belief,fb009,1,3
deepseek32b,implicature,swmimp042,1,4
deepseek32b,false_belief,fb008,3,3
deepseek32b,implicature,swmimp041,3,
deepseek32b,false_belief,fb008,2,4
deepseek32b,implicature,swmimp041,2,
deepseek32b,false_belief,fb008,1,4
deepseek32b,implicature,swmimp041,1,
deepseek32b,false_belief,fb007,3,3
deepseek32b,implicature,swmimp040,3,1
deepseek32b,false_belief,fb007,2,4
deepseek32b,implicature,swmimp040,2,1
deepseek32b,false_belief,fb007,1,3
deepseek32b,implicature,swmimp040,1,2
deepseek32b,false_belief,fb006,3,3
deepseek32b,implicature,swmimp039,3,2
deepseek32b,false_belief,fb006,2,3
deepseek32b,implicature,swmimp039,2,1
deepseek32b,false_belief,fb006,1,3
deepseek32b,implicature,swmimp039,1,5
deepseek32b,false_belief,fb005,3,3
deepseek32b,implicature,swmimp038,3,
deepseek32b,false_belief,fb005,2,3
deepseek32b,implicature,swmimp038,2,
deepseek32b,false_belief,fb005,1,3
deepseek32b,implicature,swmimp038,1,
deepseek32b,false_belief,fb004,3,5
deepseek32b,implicature,swmimp037,3,3
deepseek32b,false_belief,fb004,2,5
deepseek32b,implicature,swmimp037,2,
deepseek32b,false_belief,fb004,1,5
deepseek32b,implicature,swmimp037,1,2
deepseek32b,false_belief,fb003,3,4
deepseek32b,implicature,swmimp036,3,
deepseek32b,false_belief,fb003,2,5
deepseek32b,implicature,swmimp036,2,2
deepseek32b,false_belief,fb003,1,3
deepseek32b,implicature,swmimp036,1,
deepseek32b,false_belief,fb002,3,4
deepseek32b,implicature,swmimp035,3,
deepseek32b,false_belief,fb002,2,3
deepseek32b,implicature,swmimp035,2,
deepseek32b,implicature,swmimp035,1,2
deepseek32b,implicature,swmimp034,3,2
deepseek32b,implicature,swmimp034,2,3
deepseek32b,implicature,swmimp034,1,2
deepseek32b,false_belief,fb002,1,4
deepseek32b,implicature,swmimp033,3,5
deepseek32b,false_belief,fb001,2,4
deepseek32b,implicature,swmimp033,2,5
deepseek32b,false_belief,fb001,3,3
deepseek32b,implicature,swmimp033,1,5
deepseek32b,implicature,swmimp032,3,3
deepseek32b,false_belief,fb001,1,4
deepseek32b,implicature,swmimp032,2,1
deepseek32b,implicature,swmimp032,1,5
deepseek32b,implicature,swmimp031,3,
deepseek32b,implicature,swmimp031,2,
deepseek32b,implicature,swmimp031,1,
deepseek32b,implicature,swmimp030,3,1
deepseek32b,implicature,swmimp030,2,1
deepseek32b,implicature,swmimp030,1,1
deepseek32b,implicature,swmimp029,3,
deepseek32b,implicature,swmimp029,2,2
deepseek32b,implicature,swmimp029,1,
deepseek32b,implicature,swmimp028,3,3
deepseek32b,implicature,swmimp028,2,4
deepseek32b,implicature,swmimp028,1,1
deepseek32b,implicature,swmimp027,3,
deepseek32b,implicature,swmimp027,2,
deepseek32b,implicature,swmimp027,1,
deepseek32b,implicature,swmimp026,3,
deepseek32b,implicature,swmimp026,2,
deepseek32b,implicature,swmimp026,1,
deepseek32b,implicature,swmimp025,3,1
deepseek14b,implicature,swmimp200,3,
deepseek32b,implicature,swmimp025,2,1
deepseek14b,implicature,swmimp200,2,
deepseek32b,implicature,swmimp025,1,6
deepseek14b,implicature,swmimp199,3,5
deepseek32b,implicature,swmimp024,3,4
deepseek14b,implicature,swmimp200,1,
deepseek32b,implicature,swmimp024,2,
deepseek14b,implicature,swmimp199,2,3
deepseek32b,implicature,swmimp024,1,5
deepseek14b,implicature,swmimp198,3,
deepseek32b,implicature,swmimp023,1,2
deepseek14b,implicature,swmimp199,1,2
deepseek14b,implicature,swmimp198,1,
deepseek32b,implicature,swmimp023,2,
deepseek14b,implicature,swmimp198,2,
deepseek32b,implicature,swmimp022,3,4
deepseek14b,implicature,swmimp197,3,
deepseek32b,implicature,swmimp058,2,2
deepseek32b,implicature,swmimp022,2,4
deepseek14b,implicature,swmimp197,2,3
deepseek32b,implicature,swmimp022,1,4
deepseek14b,implicature,swmimp197,1,
deepseek32b,implicature,swmimp021,3,
deepseek14b,implicature,swmimp196,2,
deepseek32b,implicature,swmimp021,2,
deepseek14b,implicature,swmimp196,3,
deepseek32b,implicature,swmimp021,1,
deepseek14b,implicature,swmimp196,1,
deepseek32b,implicature,swmimp020,3,
deepseek14b,implicature,swmimp195,3,
deepseek32b,implicature,swmimp020,2,
deepseek14b,implicature,swmimp194,3,
deepseek32b,implicature,swmimp020,1,4
deepseek14b,implicature,swmimp195,1,
deepseek32b,implicature,swmimp019,3,1
deepseek14b,implicature,swmimp195,2,
deepseek32b,implicature,swmimp019,2,2
deepseek14b,implicature,swmimp194,2,6
deepseek32b,implicature,swmimp019,1,3
deepseek14b,implicature,swmimp193,3,3
deepseek32b,implicature,swmimp018,3,
deepseek14b,implicature,swmimp194,1,
deepseek32b,implicature,swmimp018,2,
deepseek14b,implicature,swmimp193,1,2
deepseek32b,implicature,swmimp018,1,
deepseek14b,implicature,swmimp193,2,4
deepseek32b,implicature,swmimp017,3,
deepseek14b,implicature,swmimp192,2,3
deepseek32b,implicature,swmimp017,2,1
deepseek14b,implicature,swmimp192,3,2
deepseek14b,implicature,swmimp191,2,
deepseek32b,implicature,swmimp017,1,2
deepseek14b,implicature,swmimp192,1,1
deepseek32b,implicature,swmimp016,3,1
deepseek14b,implicature,swmimp191,3,
deepseek32b,implicature,swmimp016,2,1
deepseek32b,implicature,swmimp016,1,1
deepseek14b,implicature,swmimp190,3,2
deepseek32b,implicature,swmimp015,3,
deepseek14b,implicature,swmimp191,1,
deepseek32b,implicature,swmimp015,2,
deepseek14b,implicature,swmimp190,2,2
deepseek32b,implicature,swmimp015,1,
deepseek14b,implicature,swmimp190,1,1
deepseek32b,implicature,swmimp014,3,
deepseek14b,implicature,swmimp189,3,1
deepseek32b,implicature,swmimp014,2,
deepseek14b,implicature,swmimp189,2,1
deepseek32b,implicature,swmimp014,1,
deepseek14b,implicature,swmimp189,1,1
deepseek32b,implicature,swmimp013,3,
deepseek14b,implicature,swmimp188,3,1
deepseek32b,implicature,swmimp013,2,
deepseek14b,implicature,swmimp188,2,2
deepseek32b,implicature,swmimp013,1,
deepseek14b,implicature,swmimp188,1,1
deepseek32b,implicature,swmimp012,3,1
deepseek14b,implicature,swmimp187,2,
deepseek32b,implicature,swmimp012,2,1
deepseek14b,implicature,swmimp187,3,
deepseek32b,implicature,swmimp012,1,1
deepseek14b,implicature,swmimp186,3,
deepseek32b,implicature,swmimp011,3,1
deepseek14b,implicature,swmimp187,1,
deepseek32b,implicature,swmimp011,2,1
deepseek14b,implicature,swmimp186,1,
deepseek32b,implicature,swmimp011,1,1
deepseek14b,implicature,swmimp186,2,
deepseek32b,implicature,swmimp010,3,1
deepseek14b,implicature,swmimp185,3,3
deepseek32b,implicature,swmimp010,2,1
deepseek14b,implicature,swmimp185,2,
deepseek32b,implicature,swmimp010,1,1
deepseek14b,implicature,swmimp184,3,4
deepseek32b,implicature,swmimp009,3,1
deepseek14b,implicature,swmimp185,1,3
deepseek32b,implicature,swmimp009,2,1
deepseek14b,implicature,swmimp184,2,1
deepseek32b,implicature,swmimp009,1,1
deepseek14b,implicature,swmimp183,3,
deepseek32b,implicature,swmimp008,3,2
deepseek14b,implicature,swmimp184,1,2
deepseek32b,implicature,swmimp008,2,2
deepseek14b,implicature,swmimp183,2,3
deepseek14b,implicature,swmimp182,1,
deepseek32b,implicature,swmimp008,1,2
deepseek14b,implicature,swmimp182,2,2
deepseek32b,implicature,swmimp007,3,3
deepseek14b,implicature,swmimp181,3,
deepseek32b,implicature,swmimp007,2,5
deepseek32b,implicature,swmimp007,1,3
deepseek14b,implicature,swmimp182,3,
deepseek32b,implicature,swmimp006,3,3
deepseek14b,implicature,swmimp183,1,3
deepseek32b,implicature,swmimp023,3,1
deepseek32b,implicature,swmimp006,1,
deepseek14b,implicature,swmimp181,1,
deepseek14b,implicature,swmimp180,2,5
deepseek32b,implicature,swmimp006,2,4
deepseek32b,implicature,swmimp005,3,
deepseek14b,implicature,swmimp181,2,3
deepseek32b,implicature,swmimp005,2,
deepseek32b,implicature,swmimp005,1,
deepseek14b,implicature,swmimp179,3,2
deepseek32b,implicature,swmimp004,3,1
deepseek14b,implicature,swmimp180,1,3
deepseek32b,implicature,swmimp004,2,1
deepseek14b,implicature,swmimp179,2,2
deepseek14b,implicature,swmimp180,3,2
deepseek32b,implicature,swmimp004,1,1
deepseek14b,implicature,swmimp178,3,1
deepseek32b,implicature,swmimp003,3,
deepseek14b,implicature,swmimp179,1,2
deepseek32b,implicature,swmimp003,1,4
deepseek14b,implicature,swmimp178,2,3
deepseek32b,implicature,swmimp003,2,3
deepseek14b,implicature,swmimp177,3,1
deepseek32b,implicature,swmimp002,3,6
deepseek14b,implicature,swmimp178,1,1
deepseek32b,implicature,swmimp002,2,1
deepseek14b,implicature,swmimp177,2,1
deepseek32b,implicature,swmimp002,1,6
deepseek14b,implicature,swmimp177,1,1
deepseek32b,implicature,swmimp171,2,11
deepseek32b,implicature,swmimp171,1,4
deepseek32b,implicature,swmimp170,3,5
deepseek32b,implicature,swmimp170,2,1
deepseek32b,implicature,swmimp170,1,5
deepseek32b,implicature,swmimp169,2,2
deepseek32b,implicature,swmimp169,3,2
deepseek32b,implicature,swmimp169,1,1
deepseek32b,implicature,swmimp168,3,4
deepseek32b,implicature,swmimp171,3,4
deepseek32b,implicature,swmimp168,2,1
deepseek32b,implicature,swmimp168,1,1
deepseek32b,implicature,swmimp167,3,
deepseek32b,implicature,swmimp167,2,5
deepseek32b,implicature,swmimp167,1,1
deepseek32b,implicature,swmimp166,3,1
deepseek32b,implicature,swmimp166,2,1
deepseek32b,implicature,swmimp166,1,1
deepseek32b,implicature,swmimp165,3,3
deepseek32b,implicature,swmimp165,2,3
deepseek32b,implicature,swmimp165,1,2
deepseek32b,implicature,swmimp164,3,
deepseek32b,implicature,swmimp164,2,
deepseek32b,implicature,swmimp164,1,
deepseek32b,implicature,swmimp163,3,8
deepseek32b,implicature,swmimp163,2,
deepseek32b,implicature,swmimp163,1,9
deepseek32b,implicature,swmimp162,3,
deepseek32b,implicature,swmimp162,2,
deepseek32b,implicature,swmimp162,1,
deepseek32b,implicature,swmimp161,3,
deepseek32b,implicature,swmimp161,2,8
deepseek32b,implicature,swmimp161,1,
deepseek32b,implicature,swmimp160,3,6
deepseek32b,implicature,swmimp160,2,7
deepseek32b,implicature,swmimp160,1,7
deepseek32b,implicature,swmimp159,3,1
deepseek32b,implicature,swmimp159,2,2
deepseek32b,implicature,swmimp159,1,1
deepseek32b,implicature,swmimp158,3,1
deepseek32b,implicature,swmimp158,2,1
deepseek32b,implicature,swmimp158,1,2
deepseek32b,implicature,swmimp157,3,3
deepseek32b,implicature,swmimp157,2,4
deepseek32b,implicature,swmimp157,1,3
deepseek32b,implicature,swmimp156,3,1
deepseek32b,implicature,swmimp156,2,5
deepseek32b,implicature,swmimp156,1,2
deepseek32b,implicature,swmimp155,3,2
deepseek32b,implicature,swmimp155,2,2
deepseek32b,implicature,swmimp155,1,
deepseek32b,implicature,swmimp154,3,
deepseek32b,implicature,swmimp154,2,18
deepseek32b,implicature,swmimp154,1,4
deepseek32b,implicature,swmimp153,3,4
deepseek32b,implicature,swmimp153,2,7
deepseek32b,implicature,swmimp153,1,2
deepseek32b,implicature,swmimp152,3,6
deepseek32b,implicature,swmimp152,2,7
deepseek32b,implicature,swmimp152,1,6
deepseek32b,implicature,swmimp151,3,
deepseek32b,implicature,swmimp151,2,
deepseek32b,implicature,swmimp151,1,
deepseek32b,implicature,swmimp150,3,4
deepseek32b,implicature,swmimp150,2,4
deepseek32b,implicature,swmimp150,1,6
deepseek32b,implicature,swmimp149,3,
deepseek32b,implicature,swmimp149,2,
deepseek32b,implicature,swmimp149,1,
deepseek32b,implicature,swmimp148,3,
deepseek32b,implicature,swmimp148,2,
deepseek32b,implicature,swmimp148,1,
deepseek32b,implicature,swmimp147,3,7
deepseek32b,implicature,swmimp147,2,2
deepseek32b,implicature,swmimp147,1,1
deepseek32b,implicature,swmimp146,3,1
deepseek32b,implicature,swmimp146,2,3
deepseek32b,implicature,swmimp146,1,1
deepseek32b,implicature,swmimp145,3,2
deepseek32b,implicature,swmimp145,2,2
deepseek32b,implicature,swmimp145,1,2
deepseek32b,implicature,swmimp144,3,
deepseek32b,implicature,swmimp144,2,
deepseek32b,implicature,swmimp144,1,
deepseek32b,implicature,swmimp143,3,2
deepseek32b,implicature,swmimp143,2,4
deepseek32b,implicature,swmimp143,1,1
deepseek32b,implicature,swmimp142,3,
deepseek32b,implicature,swmimp142,2,
deepseek32b,implicature,swmimp141,3,10
deepseek32b,implicature,swmimp142,1,
deepseek32b,implicature,swmimp141,2,8
deepseek32b,implicature,swmimp140,3,8
deepseek32b,implicature,swmimp141,1,4
deepseek32b,implicature,swmimp139,3,8
deepseek32b,implicature,swmimp140,1,4
deepseek32b,implicature,swmimp139,2,8
deepseek32b,implicature,swmimp139,1,
deepseek32b,implicature,swmimp138,3,
deepseek32b,implicature,swmimp138,2,
deepseek32b,implicature,swmimp138,1,
deepseek32b,implicature,swmimp137,3,3
deepseek32b,implicature,swmimp137,2,1
deepseek32b,implicature,swmimp136,3,3
deepseek32b,implicature,swmimp137,1,1
deepseek32b,implicature,swmimp136,1,4
deepseek32b,implicature,swmimp140,2,10
deepseek32b,implicature,swmimp136,2,6
deepseek32b,implicature,swmimp135,3,2
deepseek32b,implicature,swmimp135,2,8
deepseek32b,implicature,swmimp135,1,3
deepseek32b,implicature,swmimp134,3,4
deepseek32b,implicature,swmimp134,2,3
deepseek32b,implicature,swmimp134,1,6
deepseek32b,implicature,swmimp133,3,
deepseek32b,implicature,swmimp133,2,
deepseek32b,implicature,swmimp133,1,5
deepseek32b,implicature,swmimp132,3,1
deepseek32b,implicature,swmimp132,2,1
deepseek32b,implicature,swmimp132,1,2
deepseek32b,implicature,swmimp131,3,7
deepseek32b,implicature,swmimp131,2,6
deepseek32b,implicature,swmimp131,1,4
deepseek32b,implicature,swmimp130,3,
deepseek32b,implicature,swmimp130,2,
deepseek32b,implicature,swmimp130,1,
deepseek32b,implicature,swmimp129,3,
deepseek32b,implicature,swmimp129,2,
deepseek32b,implicature,swmimp129,1,
deepseek32b,implicature,swmimp128,3,2
deepseek32b,implicature,swmimp128,2,1
deepseek32b,implicature,swmimp128,1,5
deepseek32b,implicature,swmimp127,3,2
deepseek32b,implicature,swmimp127,2,2
deepseek32b,implicature,swmimp127,1,1
deepseek32b,implicature,swmimp126,3,1
deepseek32b,implicature,swmimp126,2,1
deepseek32b,implicature,swmimp126,1,7
deepseek32b,implicature,swmimp125,3,2
deepseek32b,implicature,swmimp125,2,4
deepseek32b,implicature,swmimp125,1,1
deepseek32b,implicature,swmimp124,3,8
deepseek32b,implicature,swmimp124,2,1
deepseek32b,implicature,swmimp124,1,2
deepseek32b,implicature,swmimp123,3,1
deepseek32b,implicature,swmimp123,2,4
deepseek32b,implicature,swmimp123,1,2
deepseek32b,implicature,swmimp122,3,2
deepseek32b,implicature,swmimp122,2,2
deepseek32b,implicature,swmimp122,1,1
deepseek32b,implicature,swmimp121,3,8
deepseek32b,implicature,swmimp121,2,5
deepseek32b,implicature,swmimp121,1,2
deepseek32b,implicature,swmimp120,3,1
deepseek32b,implicature,swmimp120,2,1
deepseek32b,implicature,swmimp120,1,1
deepseek32b,implicature,swmimp119,3,8
deepseek32b,implicature,swmimp119,2,11
deepseek32b,implicature,swmimp119,1,
deepseek32b,implicature,swmimp118,3,3
deepseek32b,implicature,swmimp118,2,3
deepseek32b,implicature,swmimp118,1,3
deepseek32b,implicature,swmimp117,3,1
deepseek32b,implicature,swmimp117,2,2
deepseek32b,implicature,swmimp117,1,1
deepseek32b,implicature,swmimp116,3,1
deepseek32b,implicature,swmimp116,2,1
deepseek32b,implicature,swmimp116,1,1
deepseek32b,implicature,swmimp115,3,
deepseek32b,implicature,swmimp115,2,4
qwen7b,false_belief,fb001,1,4
qwen7b,false_belief,fb001,2,3
qwen7b,false_belief,fb001,3,4
qwen7b,false_belief,fb002,1,4
qwen7b,false_belief,fb002,2,4
qwen7b,false_belief,fb002,3,4
qwen7b,false_belief,fb003,1,3
qwen7b,false_belief,fb003,2,3
qwen7b,false_belief,fb003,3,4
qwen7b,false_belief,fb004,1,4
qwen7b,false_belief,fb004,2,5
qwen7b,false_belief,fb004,3,5
qwen7b,false_belief,fb005,1,4
qwen7b,false_belief,fb005,2,3
qwen7b,false_belief,fb005,3,4
qwen7b,false_belief,fb006,1,4
qwen7b,false_belief,fb006,2,3
qwen7b,false_belief,fb006,3,3
qwen7b,false_belief,fb007,1,3
qwen7b,false_belief,fb007,2,3
qwen7b,false_belief,fb007,3,3
qwen7b,false_belief,fb008,1,4
qwen7b,false_belief,fb008,2,3
qwen7b,false_belief,fb008,3,4
qwen7b,false_belief,fb009,1,4
qwen7b,false_belief,fb009,2,4
qwen7b,false_belief,fb009,3,4
qwen7b,false_belief,fb010,1,3
qwen7b,false_belief,fb010,2,4
qwen7b,false_belief,fb010,3,3
qwen7b,false_belief,fb011,1,3
qwen7b,false_belief,fb011,2,3
qwen7b,false_belief,fb011,3,3
qwen7b,false_belief,fb012,1,3
qwen7b,false_belief,fb012,2,3
qwen7b,false_belief,fb012,3,3
qwen7b,false_belief,fb013,1,3
qwen7b,false_belief,fb013,2,4
qwen7b,false_belief,fb013,3,4
qwen7b,false_belief,fb014,1,1
qwen7b,false_belief,fb014,2,1
qwen7b,false_belief,fb014,3,1
qwen7b,false_belief,fb015,1,4
qwen7b,false_belief,fb015,2,4
qwen7b,false_belief,fb015,3,3
qwen7b,false_belief,fb016,1,3
qwen7b,false_belief,fb016,2,3
qwen7b,false_belief,fb016,3,3
qwen7b,false_belief,fb017,1,3
qwen7b,false_belief,fb017,2,4
qwen7b,false_belief,fb017,3,3
qwen7b,false_belief,fb018,1,3
qwen7b,false_belief,fb018,2,3
qwen7b,false_belief,fb018,3,3
qwen7b,false_belief,fb019,1,3
qwen7b,false_belief,fb019,2,3
qwen7b,false_belief,fb019,3,3
qwen7b,false_belief,fb020,1,3
qwen7b,false_belief,fb020,2,3
qwen7b,false_belief,fb020,3,3
qwen7b,false_belief,fb021,1,3
qwen7b,false_belief,fb021,2,3
qwen7b,false_belief,fb021,3,4
qwen7b,false_belief,fb022,1,3
qwen7b,false_belief,fb022,2,3
qwen7b,false_belief,fb022,3,3
qwen7b,false_belief,fb023,1,3
qwen7b,false_belief,fb023,2,3
qwen7b,false_belief,fb023,3,3
qwen7b,false_belief,fb024,1,3
qwen7b,false_belief,fb024,2,
qwen7b,false_belief,fb024,3,4
qwen7b,false_belief,fb025,1,3
qwen7b,false_belief,fb025,2,4
qwen7b,false_belief,fb025,3,3
qwen7b,false_belief,fb026,1,3
qwen7b,false_belief,fb026,2,3
qwen7b,false_belief,fb026,3,3
qwen7b,false_belief,fb027,1,3
qwen7b,false_belief,fb027,2,
qwen7b,false_belief,fb027,3,
qwen7b,false_belief,fb028,1,3
qwen7b,false_belief,fb028,2,4
qwen7b,false_belief,fb028,3,4
qwen7b,false_belief,fb029,1,3
qwen7b,false_belief,fb029,2,3
qwen7b,false_belief,fb029,3,3
qwen7b,false_belief,fb030,1,5
qwen7b,false_belief,fb030,2,5
qwen7b,false_belief,fb030,3,4
qwen7b,false_belief,fb031,1,5
qwen7b,false_belief,fb031,2,3
qwen7b,false_belief,fb031,3,3
qwen7b,false_belief,fb032,1,3
qwen7b,false_belief,fb032,2,3
qwen7b,false_belief,fb032,3,3
qwen7b,false_belief,fb033,1,3
qwen7b,false_belief,fb033,2,3
qwen7b,false_belief,fb033,3,4
qwen7b,false_belief,fb034,1,3
qwen7b,false_belief,fb034,2,3
qwen7b,false_belief,fb034,3,3
qwen7b,false_belief,fb035,1,3
qwen7b,false_belief,fb035,2,3
qwen7b,false_belief,fb035,3,3
qwen7b,false_belief,fb036,1,3
qwen7b,false_belief,fb036,2,3
qwen7b,false_belief,fb036,3,3
qwen7b,false_belief,fb037,1,3
qwen7b,false_belief,fb037,2,3
qwen7b,false_belief,fb037,3,3
qwen7b,false_belief,fb038,1,4
qwen7b,false_belief,fb038,2,3
qwen7b,false_belief,fb038,3,4
qwen7b,false_belief,fb039,1,3
qwen7b,false_belief,fb039,2,3
qwen7b,false_belief,fb039,3,3
qwen7b,false_belief,fb040,1,3
qwen7b,false_belief,fb040,2,3
qwen7b,false_belief,fb040,3,3
qwen7b,false_belief,fb041,1,3
qwen7b,false_belief,fb041,2,4
qwen7b,false_belief,fb041,3,3
qwen7b,false_belief,fb042,1,3
qwen7b,false_belief,fb042,2,4
qwen7b,false_belief,fb042,3,4
qwen7b,false_belief,fb043,1,3
qwen7b,false_belief,fb043,2,3
qwen7b,false_belief,fb043,3,3
qwen7b,false_belief,fb044,1,3
qwen7b,false_belief,fb044,2,3
qwen7b,false_belief,fb044,3,3
qwen7b,false_belief,fb045,1,3
qwen7b,false_belief,fb045,2,3
qwen7b,false_belief,fb045,3,4
qwen7b,false_belief,fb046,1,4
qwen7b,false_belief,fb046,2,
qwen7b,false_belief,fb046,3,4
qwen7b,false_belief,fb047,1,3
qwen7b,false_belief,fb047,2,3
qwen7b,false_belief,fb047,3,3
qwen7b,false_belief,fb048,1,4
qwen7b,false_belief,fb048,2,4
qwen7b,false_belief,fb048,3,3
qwen7b,false_belief,fb049,1,4
qwen7b,false_belief,fb049,2,3
qwen7b,false_belief,fb049,3,3
qwen7b,false_belief,fb050,1,3
qwen7b,false_belief,fb050,2,3
qwen7b,false_belief,fb050,3,4
qwen7b,false_belief,fb051,1,3
qwen7b,false_belief,fb051,2,3
qwen7b,false_belief,fb051,3,3
qwen7b,false_belief,fb052,1,3
qwen7b,false_belief,fb052,2,3
qwen7b,false_belief,fb052,3,5
qwen7b,false_belief,fb053,1,3
qwen7b,false_belief,fb053,2,3
qwen7b,false_belief,fb053,3,4
qwen7b,false_belief,fb054,1,3
qwen7b,false_belief,fb054,2,3
qwen7b,false_belief,fb054,3,3
qwen7b,false_belief,fb055,1,2
qwen7b,false_belief,fb055,2,4
qwen7b,false_belief,fb055,3,
qwen7b,false_belief,fb056,1,3
qwen7b,false_belief,fb056,2,5
qwen7b,false_belief,fb056,3,4
qwen7b,false_belief,fb057,1,4
qwen7b,false_belief,fb057,2,3
qwen7b,false_belief,fb057,3,3
qwen7b,false_belief,fb058,1,3
qwen7b,false_belief,fb058,2,5
qwen7b,false_belief,fb058,3,3
qwen7b,false_belief,fb059,1,3
qwen7b,false_belief,fb059,2,3
qwen7b,false_belief,fb059,3,4
qwen7b,false_belief,fb060,1,3
qwen7b,false_belief,fb060,2,3
qwen7b,false_belief,fb060,3,3
qwen7b,false_belief,sfp011,1,1
qwen7b,false_belief,sfp011,2,2
qwen7b,false_belief,sfp011,3,1
qwen7b,false_belief,sfp012,1,1
qwen7b,false_belief,sfp012,2,
qwen7b,false_belief,sfp012,3,2
qwen7b,false_belief,sfp013,1,2
qwen7b,false_belief,sfp013,2,2
qwen7b,false_belief,sfp013,3,1
qwen7b,false_belief,sfp014,1,1
qwen7b,false_belief,sfp014,2,1
qwen7b,false_belief,sfp014,3,1
qwen7b,false_belief,sfp015,1,1
qwen7b,false_belief,sfp015,2,2
qwen7b,false_belief,sfp015,3,1
qwen7b,false_belief,sfp016,1,1
qwen7b,false_belief,sfp016,2,2
qwen7b,false_belief,sfp016,3,1
qwen7b,false_belief,sfp017,1,1
qwen7b,false_belief,sfp017,2,2
qwen7b,false_belief,sfp017,3,1
qwen7b,false_belief,sfp018,1,1
qwen7b,false_belief,sfp018,2,1
qwen7b,false_belief,sfp018,3,1
qwen7b,false_belief,sfp019,1,2
qwen7b,false_belief,sfp019,2,1
qwen7b,false_belief,sfp019,3,2
qwen7b,false_belief,sfp020,1,1
qwen7b,false_belief,sfp020,2,1
qwen7b,false_belief,sfp020,3,1
qwen7b,faux_pas,sfp001,1,5
qwen7b,faux_pas,sfp001,2,4
qwen7b,faux_pas,sfp001,3,3
qwen7b,faux_pas,sfp002,1,5
qwen7b,faux_pas,sfp002,2,5
qwen7b,faux_pas,sfp002,3,5
qwen7b,faux_pas,sfp003,1,5
qwen7b,faux_pas,sfp003,2,5
qwen7b,faux_pas,sfp003,3,5
qwen7b,faux_pas,sfp004,1,4
qwen7b,faux_pas,sfp004,2,4
qwen7b,faux_pas,sfp004,3,4
qwen7b,faux_pas,sfp005,1,3
qwen7b,faux_pas,sfp005,2,3
qwen7b,faux_pas,sfp005,3,3
qwen7b,faux_pas,sfp006,1,3
qwen7b,faux_pas,sfp006,2,3
qwen7b,faux_pas,sfp006,3,3
qwen7b,faux_pas,sfp007,1,5
qwen7b,faux_pas,sfp007,2,5
qwen7b,faux_pas,sfp007,3,5
qwen7b,faux_pas,sfp008,1,5
qwen7b,faux_pas,sfp008,2,5
qwen7b,faux_pas,sfp008,3,5
qwen7b,faux_pas,sfp009,1,
qwen7b,faux_pas,sfp009,2,
qwen7b,faux_pas,sfp009,3,4
qwen7b,faux_pas,sfp010,1,3
qwen7b,faux_pas,sfp010,2,
qwen7b,faux_pas,sfp010,3,3
qwen7b,implicature,swmimp001,1,6
qwen7b,implicature,swmimp001,2,6
qwen7b,implicature,swmimp001,3,6
qwen7b,implicature,swmimp002,1,
qwen7b,implicature,swmimp002,2,
qwen7b,implicature,swmimp002,3,
qwen7b,implicature,swmimp003,1,1
qwen7b,implicature,swmimp003,2,
qwen7b,implicature,swmimp003,3,4
qwen7b,implicature,swmimp004,1,1
qwen7b,implicature,swmimp004,2,1
qwen7b,implicature,swmimp004,3,2
qwen7b,implicature,swmimp005,1,
qwen7b,implicature,swmimp005,2,
qwen7b,implicature,swmimp005,3,2
qwen7b,implicature,swmimp006,1,
qwen7b,implicature,swmimp006,2,2
qwen7b,implicature,swmimp006,3,3
qwen7b,implicature,swmimp007,1,7
qwen7b,implicature,swmimp007,2,7
qwen7b,implicature,swmimp007,3,7
qwen7b,implicature,swmimp008,1,3
qwen7b,implicature,swmimp008,2,1
qwen7b,implicature,swmimp008,3,2
qwen7b,implicature,swmimp009,1,3
qwen7b,implicature,swmimp009,2,2
qwen7b,implicature,swmimp009,3,2
qwen7b,implicature,swmimp010,1,1
qwen7b,implicature,swmimp010,2,5
qwen7b,implicature,swmimp010,3,1
qwen7b,implicature,swmimp011,1,1
qwen7b,implicature,swmimp011,2,2
qwen7b,implicature,swmimp011,3,1
qwen7b,implicature,swmimp012,1,2
qwen7b,implicature,swmimp012,2,2
qwen7b,implicature,swmimp012,3,2
qwen7b,implicature,swmimp013,1,
qwen7b,implicature,swmimp013,2,
qwen7b,implicature,swmimp013,3,
qwen7b,implicature,swmimp014,1,
qwen7b,implicature,swmimp014,2,
qwen7b,implicature,swmimp014,3,
qwen7b,implicature,swmimp015,1,
qwen7b,implicature,swmimp015,2,
qwen7b,implicature,swmimp015,3,
qwen7b,implicature,swmimp016,1,9
qwen7b,implicature,swmimp016,2,8
qwen7b,implicature,swmimp016,3,1
qwen7b,implicature,swmimp017,1,1
qwen7b,implicature,swmimp017,2,1
qwen7b,implicature,swmimp017,3,
qwen7b,implicature,swmimp018,1,
qwen7b,implicature,swmimp018,2,
qwen7b,implicature,swmimp018,3,
qwen7b,implicature,swmimp019,1,2
qwen7b,implicature,swmimp019,2,3
qwen7b,implicature,swmimp019,3,3
qwen7b,implicature,swmimp020,1,
qwen7b,implicature,swmimp020,2,1
qwen7b,implicature,swmimp020,3,
qwen7b,implicature,swmimp021,1,2
qwen7b,implicature,swmimp021,2,
qwen7b,implicature,swmimp021,3,1
qwen7b,implicature,swmimp022,1,
qwen7b,implicature,swmimp022,2,4
qwen7b,implicature,swmimp022,3,4
qwen7b,implicature,swmimp023,1,2
qwen7b,implicature,swmimp023,2,1
qwen7b,implicature,swmimp023,3,1
qwen7b,implicature,swmimp024,1,4
qwen7b,implicature,swmimp024,2,2
qwen7b,implicature,swmimp024,3,4
qwen7b,implicature,swmimp025,1,5
qwen7b,implicature,swmimp025,2,6
qwen7b,implicature,swmimp025,3,
qwen7b,implicature,swmimp026,1,4
qwen7b,implicature,swmimp026,2,
qwen7b,implicature,swmimp026,3,
qwen7b,implicature,swmimp027,1,1
qwen7b,implicature,swmimp027,2,
qwen7b,implicature,swmimp027,3,
qwen7b,implicature,swmimp028,1,3
qwen7b,implicature,swmimp028,2,1
qwen7b,implicature,swmimp028,3,6
qwen7b,implicature,swmimp029,1,
qwen7b,implicature,swmimp029,2,
qwen7b,implicature,swmimp029,3,
qwen7b,implicature,swmimp030,1,3
qwen7b,implicature,swmimp030,2,1
qwen7b,implicature,swmimp030,3,1
qwen7b,implicature,swmimp031,1,
qwen7b,implicature,swmimp031,2,4
qwen7b,implicature,swmimp031,3,
qwen7b,implicature,swmimp032,1,
qwen7b,implicature,swmimp032,2,
qwen7b,implicature,swmimp032,3,
qwen7b,implicature,swmimp033,1,3
qwen7b,implicature,swmimp033,2,3
qwen7b,implicature,swmimp033,3,3
qwen7b,implicature,swmimp034,1,
qwen7b,implicature,swmimp034,2,
qwen7b,implicature,swmimp034,3,
qwen7b,implicature,swmimp035,1,
qwen7b,implicature,swmimp035,2,5
qwen7b,implicature,swmimp035,3,5
qwen7b,implicature,swmimp036,1,
qwen7b,implicature,swmimp036,2,
qwen7b,implicature,swmimp036,3,
qwen7b,implicature,swmimp037,1,4
qwen7b,implicature,swmimp037,2,
qwen7b,implicature,swmimp037,3,
qwen7b,implicature,swmimp038,1,
qwen7b,implicature,swmimp038,2,
qwen7b,implicature,swmimp038,3,
qwen7b,implicature,swmimp039,1,
qwen7b,implicature,swmimp039,2,1
qwen7b,implicature,swmimp039,3,3
qwen7b,implicature,swmimp040,1,1
qwen7b,implicature,swmimp040,2,
qwen7b,implicature,swmimp040,3,2
qwen7b,implicature,swmimp041,1,
qwen7b,implicature,swmimp041,2,
qwen7b,implicature,swmimp041,3,
qwen7b,implicature,swmimp042,1,4
qwen7b,implicature,swmimp042,2,4
qwen7b,implicature,swmimp042,3,
qwen7b,implicature,swmimp043,1,
qwen7b,implicature,swmimp043,2,
qwen7b,implicature,swmimp043,3,
qwen7b,implicature,swmimp044,1,5
qwen7b,implicature,swmimp044,2,6
qwen7b,implicature,swmimp044,3,5
qwen7b,implicature,swmimp045,1,
qwen7b,implicature,swmimp045,2,1
qwen7b,implicature,swmimp045,3,
qwen7b,implicature,swmimp046,1,
qwen7b,implicature,swmimp046,2,
qwen7b,implicature,swmimp046,3,
qwen7b,implicature,swmimp047,1,
qwen7b,implicature,swmimp047,2,
qwen7b,implicature,swmimp047,3,
qwen7b,implicature,swmimp048,1,
qwen7b,implicature,swmimp048,2,
qwen7b,implicature,swmimp048,3,
qwen7b,implicature,swmimp049,1,
qwen7b,implicature,swmimp049,2,
qwen7b,implicature,swmimp049,3,
qwen7b,implicature,swmimp050,1,
qwen7b,implicature,swmimp050,2,
qwen7b,implicature,swmimp050,3,
qwen7b,implicature,swmimp051,1,2
qwen7b,implicature,swmimp051,2,2
qwen7b,implicature,swmimp051,3,1
qwen7b,implicature,swmimp052,1,
qwen7b,implicature,swmimp052,2,5
qwen7b,implicature,swmimp052,3,3
qwen7b,implicature,swmimp053,1,7
qwen7b,implicature,swmimp053,2,4
qwen7b,implicature,swmimp053,3,6
qwen7b,implicature,swmimp054,1,
qwen7b,implicature,swmimp054,2,
qwen7b,implicature,swmimp054,3,
qwen7b,implicature,swmimp055,1,2
qwen7b,implicature,swmimp055,2,1
qwen7b,implicature,swmimp055,3,2
qwen7b,implicature,swmimp056,1,
qwen7b,implicature,swmimp056,2,
qwen7b,implicature,swmimp056,3,
qwen7b,implicature,swmimp057,1,
qwen7b,implicature,swmimp057,2,
qwen7b,implicature,swmimp057,3,
qwen7b,implicature,swmimp058,1,1
qwen7b,implicature,swmimp058,2,4
qwen7b,implicature,swmimp058,3,3
qwen7b,implicature,swmimp059,1,
qwen7b,implicature,swmimp059,2,
qwen7b,implicature,swmimp059,3,
qwen7b,implicature,swmimp060,1,3
qwen7b,implicature,swmimp060,2,1
qwen7b,implicature,swmimp060,3,1
qwen7b,implicature,swmimp061,1,
qwen7b,implicature,swmimp061,2,1
qwen7b,implicature,swmimp061,3,
qwen7b,implicature,swmimp062,1,1
qwen7b,implicature,swmimp062,2,3
qwen7b,implicature,swmimp062,3,3
qwen7b,implicature,swmimp063,1,
qwen7b,implicature,swmimp063,2,
qwen7b,implicature,swmimp063,3,
qwen7b,implicature,swmimp064,1,1
qwen7b,implicature,swmimp064,2,2
qwen7b,implicature,swmimp064,3,2
qwen7b,implicature,swmimp065,1,3
qwen7b,implicature,swmimp065,2,3
qwen7b,implicature,swmimp065,3,2
qwen7b,implicature,swmimp066,1,1
qwen7b,implicature,swmimp066,2,3
qwen7b,implicature,swmimp066,3,2
qwen7b,implicature,swmimp067,1,
qwen7b,implicature,swmimp067,2,
qwen7b,implicature,swmimp067,3,
qwen7b,implicature,swmimp068,1,1
qwen7b,implicature,swmimp068,2,2
qwen7b,implicature,swmimp068,3,1
qwen7b,implicature,swmimp069,1,3
qwen7b,implicature,swmimp069,2,3
qwen7b,implicature,swmimp069,3,4
qwen7b,implicature,swmimp070,1,5
qwen7b,implicature,swmimp070,2,
qwen7b,implicature,swmimp070,3,
qwen7b,implicature,swmimp071,1,2
qwen7b,implicature,swmimp071,2,2
qwen7b,implicature,swmimp071,3,3
qwen7b,implicature,swmimp072,1,1
qwen7b,implicature,swmimp072,2,1
qwen7b,implicature,swmimp072,3,1
qwen7b,implicature,swmimp073,1,1
qwen7b,implicature,swmimp073,2,4
qwen7b,implicature,swmimp073,3,2
qwen7b,implicature,swmimp074,1,
qwen7b,implicature,swmimp074,2,6
qwen7b,implicature,swmimp074,3,
qwen7b,implicature,swmimp075,1,1
qwen7b,implicature,swmimp075,2,1
qwen7b,implicature,swmimp075,3,1
qwen7b,implicature,swmimp076,1,
qwen7b,implicature,swmimp076,2,3
qwen7b,implicature,swmimp076,3,3
qwen7b,implicature,swmimp077,1,6
qwen7b,implicature,swmimp077,2,3
qwen7b,implicature,swmimp077,3,2
qwen7b,implicature,swmimp078,1,1
qwen7b,implicature,swmimp078,2,3
qwen7b,implicature,swmimp078,3,1
qwen7b,implicature,swmimp079,1,6
qwen7b,implicature,swmimp079,2,
qwen7b,implicature,swmimp079,3,
qwen7b,implicature,swmimp080,1,6
qwen7b,implicature,swmimp080,2,1
qwen7b,implicature,swmimp080,3,2
qwen7b,implicature,swmimp081,1,
qwen7b,implicature,swmimp081,2,
qwen7b,implicature,swmimp081,3,4
qwen7b,implicature,swmimp082,1,1
qwen7b,implicature,swmimp082,2,
qwen7b,implicature,swmimp082,3,4
qwen7b,implicature,swmimp083,1,
qwen7b,implicature,swmimp083,2,3
qwen7b,implicature,swmimp083,3,3
qwen7b,implicature,swmimp084,1,
qwen7b,implicature,swmimp084,2,
qwen7b,implicature,swmimp084,3,
qwen7b,implicature,swmimp085,1,
qwen7b,implicature,swmimp085,2,
qwen7b,implicature,swmimp085,3,
qwen7b,implicature,swmimp086,1,2
qwen7b,implicature,swmimp086,2,1
qwen7b,implicature,swmimp086,3,5
qwen7b,implicature,swmimp087,1,1
qwen7b,implicature,swmimp087,2,3
qwen7b,implicature,swmimp087,3,
qwen7b,implicature,swmimp088,1,
qwen7b,implicature,swmimp088,2,
qwen7b,implicature,swmimp088,3,
qwen7b,implicature,swmimp089,1,
qwen7b,implicature,swmimp089,2,
qwen7b,implicature,swmimp089,3,
qwen7b,implicature,swmimp090,1,4
qwen7b,implicature,swmimp090,2,1
qwen7b,implicature,swmimp090,3,3
qwen7b,implicature,swmimp091,1,
qwen7b,implicature,swmimp091,2,
qwen7b,implicature,swmimp091,3,
qwen7b,implicature,swmimp092,1,6
qwen7b,implicature,swmimp092,2,7
qwen7b,implicature,swmimp092,3,3
qwen7b,implicature,swmimp093,1,2
qwen7b,implicature,swmimp093,2,2
qwen7b,implicature,swmimp093,3,1
qwen7b,implicature,swmimp094,1,2
qwen7b,implicature,swmimp094,2,5
qwen7b,implicature,swmimp094,3,7
qwen7b,implicature,swmimp095,1,5
qwen7b,implicature,swmimp095,2,1
qwen7b,implicature,swmimp095,3,5
qwen7b,implicature,swmimp096,1,
qwen7b,implicature,swmimp096,2,5
qwen7b,implicature,swmimp096,3,4
qwen7b,implicature,swmimp097,1,1
qwen7b,implicature,swmimp097,2,1
qwen7b,implicature,swmimp097,3,4
qwen7b,implicature,swmimp098,1,1
qwen7b,implicature,swmimp098,2,1
qwen7b,implicature,swmimp098,3,5
qwen7b,implicature,swmimp099,1,5
qwen7b,implicature,swmimp099,2,
qwen7b,implicature,swmimp099,3,
qwen7b,implicature,swmimp100,1,2
qwen7b,implicature,swmimp100,2,5
qwen7b,implicature,swmimp100,3,4
qwen7b,implicature,swmimp101,1,
qwen7b,implicature,swmimp101,2,
qwen7b,implicature,swmimp101,3,
qwen7b,implicature,swmimp102,1,
qwen7b,implicature,swmimp102,2,
qwen7b,implicature,swmimp102,3,
qwen7b,implicature,swmimp103,1,
qwen7b,implicature,swmimp103,2,
qwen7b,implicature,swmimp103,3,
qwen7b,implicature,swmimp104,1,
qwen7b,implicature,swmimp104,2,
qwen7b,implicature,swmimp104,3,
qwen7b,implicature,swmimp105,1,1
qwen7b,implicature,swmimp105,2,
qwen7b,implicature,swmimp105,3,
qwen7b,implicature,swmimp106,1,
qwen7b,implicature,swmimp106,2,
qwen7b,implicature,swmimp106,3,
qwen7b,implicature,swmimp107,1,
qwen7b,implicature,swmimp107,2,
qwen7b,implicature,swmimp107,3,
qwen7b,implicature,swmimp108,1,
qwen7b,implicature,swmimp108,2,
qwen7b,implicature,swmimp108,3,1
qwen7b,implicature,swmimp109,1,1
qwen7b,implicature,swmimp109,2,
qwen7b,implicature,swmimp109,3,
qwen7b,implicature,swmimp110,1,
qwen7b,implicature,swmimp110,2,
qwen7b,implicature,swmimp110,3,3
qwen7b,implicature,swmimp111,1,1
qwen7b,implicature,swmimp111,2,3
qwen7b,implicature,swmimp111,3,1
qwen7b,implicature,swmimp112,1,2
qwen7b,implicature,swmimp112,2,1
qwen7b,implicature,swmimp112,3,2
qwen7b,implicature,swmimp113,1,5
qwen7b,implicature,swmimp113,2,4
qwen7b,implicature,swmimp113,3,6
qwen7b,implicature,swmimp114,1,
qwen7b,implicature,swmimp114,2,
qwen7b,implicature,swmimp114,3,7
qwen7b,implicature,swmimp115,1,
qwen7b,implicature,swmimp115,2,
qwen7b,implicature,swmimp115,3,
qwen7b,implicature,swmimp116,1,1
qwen7b,implicature,swmimp116,2,1
qwen7b,implicature,swmimp116,3,1
qwen7b,implicature,swmimp117,1,1
qwen7b,implicature,swmimp117,2,1
qwen7b,implicature,swmimp117,3,1
qwen7b,implicature,swmimp118,1,4
qwen7b,implicature,swmimp118,2,
qwen7b,implicature,swmimp118,3,4
qwen7b,implicature,swmimp119,1,
qwen7b,implicature,swmimp119,2,
qwen7b,implicature,swmimp119,3,
qwen7b,implicature,swmimp120,1,1
qwen7b,implicature,swmimp120,2,4
qwen7b,implicature,swmimp120,3,1
qwen7b,implicature,swmimp121,1,5
qwen7b,implicature,swmimp121,2,1
qwen7b,implicature,swmimp121,3,3
qwen7b,implicature,swmimp122,1,1
qwen7b,implicature,swmimp122,2,1
qwen7b,implicature,swmimp122,3,1
qwen7b,implicature,swmimp123,1,1
qwen7b,implicature,swmimp123,2,5
qwen7b,implicature,swmimp123,3,2
qwen7b,implicature,swmimp124,1,
qwen7b,implicature,swmimp124,2,13
qwen7b,implicature,swmimp124,3,
qwen7b,implicature,swmimp125,1,9
qwen7b,implicature,swmimp125,2,
qwen7b,implicature,swmimp125,3,1
qwen7b,implicature,swmimp126,1,2
qwen7b,implicature,swmimp126,2,2
qwen7b,implicature,swmimp126,3,1
qwen7b,implicature,swmimp127,1,2
qwen7b,implicature,swmimp127,2,1
qwen7b,implicature,swmimp127,3,4
qwen7b,implicature,swmimp128,1,
qwen7b,implicature,swmimp128,2,2
qwen7b,implicature,swmimp128,3,
qwen7b,implicature,swmimp129,1,
qwen7b,implicature,swmimp129,2,
qwen7b,implicature,swmimp129,3,
qwen7b,implicature,swmimp130,1,
qwen7b,implicature,swmimp130,2,
qwen7b,implicature,swmimp130,3,
qwen7b,implicature,swmimp131,1,
qwen7b,implicature,swmimp131,2,
qwen7b,implicature,swmimp131,3,1
qwen7b,implicature,swmimp132,1,1
qwen7b,implicature,swmimp132,2,1
qwen7b,implicature,swmimp132,3,2
qwen7b,implicature,swmimp133,1,1
qwen7b,implicature,swmimp133,2,1
qwen7b,implicature,swmimp133,3,6
qwen7b,implicature,swmimp134,1,2
qwen7b,implicature,swmimp134,2,3
qwen7b,implicature,swmimp134,3,
qwen7b,implicature,swmimp135,1,4
qwen7b,implicature,swmimp135,2,4
qwen7b,implicature,swmimp135,3,4
qwen7b,implicature,swmimp136,1,
qwen7b,implicature,swmimp136,2,
qwen7b,implicature,swmimp136,3,
qwen7b,implicature,swmimp137,1,1
qwen7b,implicature,swmimp137,2,
qwen7b,implicature,swmimp137,3,4
qwen7b,implicature,swmimp138,1,1
qwen7b,implicature,swmimp138,2,1
qwen7b,implicature,swmimp138,3,
qwen7b,implicature,swmimp139,1,6
qwen7b,implicature,swmimp139,2,2
qwen7b,implicature,swmimp139,3,
qwen7b,implicature,swmimp140,1,30
qwen7b,implicature,swmimp140,2,37
qwen7b,implicature,swmimp140,3,3
qwen7b,implicature,swmimp141,1,8
qwen7b,implicature,swmimp141,2,7
qwen7b,implicature,swmimp141,3,10
qwen7b,implicature,swmimp142,1,
qwen7b,implicature,swmimp142,2,
qwen7b,implicature,swmimp142,3,
qwen7b,implicature,swmimp143,1,1
qwen7b,implicature,swmimp143,2,1
qwen7b,implicature,swmimp143,3,1
qwen7b,implicature,swmimp144,1,
qwen7b,implicature,swmimp144,2,
qwen7b,implicature,swmimp144,3,23
qwen7b,implicature,swmimp145,1,2
qwen7b,implicature,swmimp145,2,2
qwen7b,implicature,swmimp145,3,2
qwen7b,implicature,swmimp146,1,24
qwen7b,implicature,swmimp146,2,3
qwen7b,implicature,swmimp146,3,18
qwen7b,implicature,swmimp147,1,1
qwen7b,implicature,swmimp147,2,
qwen7b,implicature,swmimp147,3,
qwen7b,implicature,swmimp148,1,
qwen7b,implicature,swmimp148,2,
qwen7b,implicature,swmimp148,3,
qwen7b,implicature,swmimp149,1,11
qwen7b,implicature,swmimp149,2,
qwen7b,implicature,swmimp149,3,7
qwen7b,implicature,swmimp150,1,3
qwen7b,implicature,swmimp150,2,
qwen7b,implicature,swmimp150,3,
qwen7b,implicature,swmimp151,1,
qwen7b,implicature,swmimp151,2,
qwen7b,implicature,swmimp151,3,
qwen7b,implicature,swmimp152,1,5
qwen7b,implicature,swmimp152,2,2
qwen7b,implicature,swmimp152,3,7
qwen7b,implicature,swmimp153,1,6
qwen7b,implicature,swmimp153,2,8
qwen7b,implicature,swmimp153,3,4
qwen7b,implicature,swmimp154,1,
qwen7b,implicature,swmimp154,2,
qwen7b,implicature,swmimp154,3,
qwen7b,implicature,swmimp155,1,1
qwen7b,implicature,swmimp155,2,1
qwen7b,implicature,swmimp155,3,
qwen7b,implicature,swmimp156,1,14
qwen7b,implicature,swmimp156,2,14
qwen7b,implicature,swmimp156,3,
qwen7b,implicature,swmimp157,1,3
qwen7b,implicature,swmimp157,2,3
qwen7b,implicature,swmimp157,3,3
qwen7b,implicature,swmimp158,1,1
qwen7b,implicature,swmimp158,2,2
qwen7b,implicature,swmimp158,3,2
qwen7b,implicature,swmimp159,1,7
qwen7b,implicature,swmimp159,2,3
qwen7b,implicature,swmimp159,3,3
qwen7b,implicature,swmimp160,1,8
qwen7b,implicature,swmimp160,2,
qwen7b,implicature,swmimp160,3,
qwen7b,implicature,swmimp161,1,
qwen7b,implicature,swmimp161,2,
qwen7b,implicature,swmimp161,3,
qwen7b,implicature,swmimp162,1,
qwen7b,implicature,swmimp162,2,
qwen7b,implicature,swmimp162,3,7
qwen7b,implicature,swmimp163,1,9
qwen7b,implicature,swmimp163,2,10
qwen7b,implicature,swmimp163,3,9
qwen7b,implicature,swmimp164,1,
qwen7b,implicature,swmimp164,2,
qwen7b,implicature,swmimp164,3,
qwen7b,implicature,swmimp165,1,
qwen7b,implicature,swmimp165,2,
qwen7b,implicature,swmimp165,3,3
qwen7b,implicature,swmimp166,1,1
qwen7b,implicature,swmimp166,2,1
qwen7b,implicature,swmimp166,3,1
qwen7b,implicature,swmimp167,1,2
qwen7b,implicature,swmimp167,2,1
qwen7b,implicature,swmimp167,3,1
qwen7b,implicature,swmimp168,1,2
qwen7b,implicature,swmimp168,2,2
qwen7b,implicature,swmimp168,3,3
qwen7b,implicature,swmimp169,1,2
qwen7b,implicature,swmimp169,2,1
qwen7b,implicature,swmimp169,3,1
qwen7b,implicature,swmimp170,1,2
qwen7b,implicature,swmimp170,2,1
qwen7b,implicature,swmimp170,3,1
qwen7b,implicature,swmimp171,1,5
qwen7b,implicature,swmimp171,2,4
qwen7b,implicature,swmimp171,3,4
qwen7b,implicature,swmimp172,1,2
qwen7b,implicature,swmimp172,2,4
qwen7b,implicature,swmimp172,3,1
qwen7b,implicature,swmimp173,1,3
qwen7b,implicature,swmimp173,2,3
qwen7b,implicature,swmimp173,3,2
qwen7b,implicature,swmimp174,1,1
qwen7b,implicature,swmimp174,2,2
qwen7b,implicature,swmimp174,3,1
qwen7b,implicature,swmimp175,1,1
qwen7b,implicature,swmimp175,2,2
qwen7b,implicature,swmimp175,3,2
qwen7b,implicature,swmimp176,1,4
qwen7b,implicature,swmimp176,2,
qwen7b,implicature,swmimp176,3,
qwen7b,implicature,swmimp177,1,4
qwen7b,implicature,swmimp177,2,3
qwen7b,implicature,swmimp177,3,4
qwen7b,implicature,swmimp178,1,2
qwen7b,implicature,swmimp178,2,2
qwen7b,implicature,swmimp178,3,5
qwen7b,implicature,swmimp179,1,5
qwen7b,implicature,swmimp179,2,2
qwen7b,implicature,swmimp179,3,6
qwen7b,implicature,swmimp180,1,1
qwen7b,implicature,swmimp180,2,1
qwen7b,implicature,swmimp180,3,2
qwen7b,implicature,swmimp181,1,
qwen7b,implicature,swmimp181,2,
qwen7b,implicature,swmimp181,3,
qwen7b,implicature,swmimp182,1,2
qwen7b,implicature,swmimp182,2,
qwen7b,implicature,swmimp182,3,
qwen7b,implicature,swmimp183,1,4
qwen7b,implicature,swmimp183,2,
qwen7b,implicature,swmimp183,3,3
qwen7b,implicature,swmimp184,1,
qwen7b,implicature,swmimp184,2,
qwen7b,implicature,swmimp184,3,
qwen7b,implicature,swmimp185,1,3
qwen7b,implicature,swmimp185,2,3
qwen7b,implicature,swmimp185,3,2
qwen7b,implicature,swmimp186,1,
qwen7b,implicature,swmimp186,2,
qwen7b,implicature,swmimp186,3,1
qwen7b,implicature,swmimp187,1,
qwen7b,implicature,swmimp187,2,3
qwen7b,implicature,swmimp187,3,
qwen7b,implicature,swmimp188,1,1
qwen7b,implicature,swmimp188,2,4
qwen7b,implicature,swmimp188,3,3
qwen7b,implicature,swmimp189,1,1
qwen7b,implicature,swmimp189,2,2
qwen7b,implicature,swmimp189,3,1
qwen7b,implicature,swmimp190,1,
qwen7b,implicature,swmimp190,2,3
qwen7b,implicature,swmimp190,3,2
qwen7b,implicature,swmimp191,1,4
qwen7b,implicature,swmimp191,2,5
qwen7b,implicature,swmimp191,3,
qwen7b,implicature,swmimp192,1,1
qwen7b,implicature,swmimp192,2,1
qwen7b,implicature,swmimp192,3,1
qwen7b,implicature,swmimp193,1,
qwen7b,implicature,swmimp193,2,2
qwen7b,implicature,swmimp193,3,1
qwen7b,implicature,swmimp194,1,6
qwen7b,implicature,swmimp194,2,4
qwen7b,implicature,swmimp194,3,1
qwen7b,implicature,swmimp195,1,9
qwen7b,implicature,swmimp195,2,9
qwen7b,implicature,swmimp195,3,9
qwen7b,implicature,swmimp196,1,
qwen7b,implicature,swmimp196,2,6
qwen7b,implicature,swmimp196,3,1
qwen7b,implicature,swmimp197,1,2
qwen7b,implicature,swmimp197,2,
qwen7b,implicature,swmimp197,3,
qwen7b,implicature,swmimp198,1,
qwen7b,implicature,swmimp198,2,
qwen7b,implicature,swmimp198,3,1
qwen7b,implicature,swmimp199,1,3
qwen7b,implicature,swmimp199,2,1
qwen7b,implicature,swmimp199,3,1
qwen7b,implicature,swmimp200,1,
qwen7b,implicature,swmimp200,2,
qwen7b,implicature,swmimp200,3,
