model,task,story_id,repetition,step_from,step_to,distance
deepseek14b,false_belief,fb001,1,1,2,0.137109
deepseek14b,false_belief,fb001,1,2,3,0.234234
deepseek14b,false_belief,fb001,1,3,4,0.068561
deepseek14b,false_belief,fb001,1,4,5,0.102022
deepseek14b,false_belief,fb001,2,1,2,0.208647
deepseek14b,false_belief,fb001,2,2,3,0.19539
deepseek14b,false_belief,fb001,2,3,4,0.044079
deepseek14b,false_belief,fb001,2,4,5,0.054657
deepseek14b,false_belief,fb001,3,1,2,0.308441
deepseek14b,false_belief,fb001,3,2,3,0.290935
deepseek14b,false_belief,fb001,3,3,4,0.142808
deepseek14b,false_belief,fb001,3,4,5,0.076619
deepseek14b,false_belief,fb002,1,1,2,0.120533
deepseek14b,false_belief,fb002,1,2,3,0.073014
deepseek14b,false_belief,fb002,1,3,4,0.042128
deepseek14b,false_belief,fb002,1,4,5,0.047663
deepseek14b,false_belief,fb002,1,5,6,0.124337
deepseek14b,false_belief,fb002,2,1,2,0.065249
deepseek14b,false_belief,fb002,2,2,3,0.068041
deepseek14b,false_belief,fb002,2,3,4,0.049376
deepseek14b,false_belief,fb002,2,4,5,0.15636
deepseek14b,false_belief,fb002,2,5,6,0.121028
deepseek14b,false_belief,fb002,3,1,2,0.085447
deepseek14b,false_belief,fb002,3,2,3,0.060257
deepseek14b,false_belief,fb002,3,3,4,0.15167
deepseek14b,false_belief,fb002,3,4,5,0.185939
deepseek14b,false_belief,fb002,3,5,6,0.060339
deepseek14b,false_belief,fb003,1,1,2,0.083404
deepseek14b,false_belief,fb003,1,2,3,0.07342
deepseek14b,false_belief,fb003,1,3,4,0.040101
deepseek14b,false_belief,fb003,1,4,5,0.152869
deepseek14b,false_belief,fb003,2,1,2,0.093008
deepseek14b,false_belief,fb003,2,2,3,0.113144
deepseek14b,false_belief,fb003,2,3,4,0.032476
deepseek14b,false_belief,fb003,2,4,5,0.065625
deepseek14b,false_belief,fb003,3,1,2,0.228772
deepseek14b,false_belief,fb003,3,2,3,0.266477
deepseek14b,false_belief,fb003,3,3,4,0.020972
deepseek14b,false_belief,fb003,3,4,5,0.16599
deepseek14b,false_belief,fb004,1,1,2,0.096825
deepseek14b,false_belief,fb004,1,2,3,0.164399
deepseek14b,false_belief,fb004,1,3,4,0.018721
deepseek14b,false_belief,fb004,1,4,5,0.124715
deepseek14b,false_belief,fb004,2,1,2,0.16575
deepseek14b,false_belief,fb004,2,2,3,0.110343
deepseek14b,false_belief,fb004,2,3,4,0.037133
deepseek14b,false_belief,fb004,2,4,5,0.137142
deepseek14b,false_belief,fb004,3,1,2,0.12297
deepseek14b,false_belief,fb004,3,2,3,0.117556
deepseek14b,false_belief,fb004,3,3,4,0.040779
deepseek14b,false_belief,fb004,3,4,5,0.098293
deepseek14b,false_belief,fb005,1,1,2,0.493824
deepseek14b,false_belief,fb005,1,2,3,0.197093
deepseek14b,false_belief,fb005,1,3,4,0.074562
deepseek14b,false_belief,fb005,1,4,5,0.065243
deepseek14b,false_belief,fb005,2,1,2,0.108355
deepseek14b,false_belief,fb005,2,2,3,0.216905
deepseek14b,false_belief,fb005,2,3,4,0.172601
deepseek14b,false_belief,fb005,2,4,5,0.12325
deepseek14b,false_belief,fb005,3,1,2,0.068445
deepseek14b,false_belief,fb005,3,2,3,0.164549
deepseek14b,false_belief,fb005,3,3,4,0.051078
deepseek14b,false_belief,fb005,3,4,5,0.045616
deepseek14b,false_belief,fb006,1,1,2,0.28313
deepseek14b,false_belief,fb006,1,2,3,0.140461
deepseek14b,false_belief,fb006,1,3,4,0.034039
deepseek14b,false_belief,fb006,1,4,5,0.188747
deepseek14b,false_belief,fb006,2,1,2,0.053467
deepseek14b,false_belief,fb006,2,2,3,0.118924
deepseek14b,false_belief,fb006,2,3,4,0.039328
deepseek14b,false_belief,fb006,2,4,5,0.044906
deepseek14b,false_belief,fb006,3,1,2,0.073147
deepseek14b,false_belief,fb006,3,2,3,0.313097
deepseek14b,false_belief,fb006,3,3,4,0.178974
deepseek14b,false_belief,fb006,3,4,5,0.065756
deepseek14b,false_belief,fb007,1,1,2,0.326897
deepseek14b,false_belief,fb007,1,2,3,0.193645
deepseek14b,false_belief,fb007,1,3,4,0.06951
deepseek14b,false_belief,fb007,1,4,5,0.04896
deepseek14b,false_belief,fb007,2,1,2,0.211798
deepseek14b,false_belief,fb007,2,2,3,0.186123
deepseek14b,false_belief,fb007,2,3,4,0.038157
deepseek14b,false_belief,fb007,2,4,5,0.0629
deepseek14b,false_belief,fb007,3,1,2,0.117757
deepseek14b,false_belief,fb007,3,2,3,0.122819
deepseek14b,false_belief,fb007,3,3,4,0.095486
deepseek14b,false_belief,fb007,3,4,5,0.075437
deepseek14b,false_belief,fb008,1,1,2,0.086617
deepseek14b,false_belief,fb008,1,2,3,0.075266
deepseek14b,false_belief,fb008,1,3,4,0.022318
deepseek14b,false_belief,fb008,1,4,5,0.046511
deepseek14b,false_belief,fb008,2,1,2,0.10346
deepseek14b,false_belief,fb008,2,2,3,0.089789
deepseek14b,false_belief,fb008,2,3,4,0.028996
deepseek14b,false_belief,fb008,2,4,5,0.060285
deepseek14b,false_belief,fb008,3,1,2,0.040125
deepseek14b,false_belief,fb008,3,2,3,0.049164
deepseek14b,false_belief,fb008,3,3,4,0.098958
deepseek14b,false_belief,fb008,3,4,5,0.037383
deepseek14b,false_belief,fb009,1,1,2,0.378834
deepseek14b,false_belief,fb009,1,2,3,0.099624
deepseek14b,false_belief,fb009,1,3,4,0.104149
deepseek14b,false_belief,fb009,2,1,2,0.121861
deepseek14b,false_belief,fb009,2,2,3,0.081296
deepseek14b,false_belief,fb009,2,3,4,0.197164
deepseek14b,false_belief,fb009,3,1,2,0.236453
deepseek14b,false_belief,fb009,3,2,3,0.11257
deepseek14b,false_belief,fb009,3,3,4,0.110941
deepseek14b,false_belief,fb010,1,1,2,0.16446
deepseek14b,false_belief,fb010,1,2,3,0.16444
deepseek14b,false_belief,fb010,1,3,4,0.071821
deepseek14b,false_belief,fb010,1,4,5,0.203343
deepseek14b,false_belief,fb010,2,1,2,0.165294
deepseek14b,false_belief,fb010,2,2,3,0.159026
deepseek14b,false_belief,fb010,2,3,4,0.072949
deepseek14b,false_belief,fb010,2,4,5,0.037552
deepseek14b,false_belief,fb010,3,1,2,0.260009
deepseek14b,false_belief,fb010,3,2,3,0.156248
deepseek14b,false_belief,fb010,3,3,4,0.039898
deepseek14b,false_belief,fb010,3,4,5,0.072305
deepseek14b,false_belief,fb011,1,1,2,0.122743
deepseek14b,false_belief,fb011,1,2,3,0.187644
deepseek14b,false_belief,fb011,1,3,4,0.061541
deepseek14b,false_belief,fb011,1,4,5,0.076472
deepseek14b,false_belief,fb011,2,1,2,0.101224
deepseek14b,false_belief,fb011,2,2,3,0.114656
deepseek14b,false_belief,fb011,2,3,4,0.152782
deepseek14b,false_belief,fb011,2,4,5,0.084193
deepseek14b,false_belief,fb011,3,1,2,0.140295
deepseek14b,false_belief,fb011,3,2,3,0.168608
deepseek14b,false_belief,fb011,3,3,4,0.082445
deepseek14b,false_belief,fb011,3,4,5,0.13024
deepseek14b,false_belief,fb012,1,1,2,0.329315
deepseek14b,false_belief,fb012,1,2,3,0.19014
deepseek14b,false_belief,fb012,1,3,4,0.058954
deepseek14b,false_belief,fb012,1,4,5,0.032817
deepseek14b,false_belief,fb012,2,1,2,0.244456
deepseek14b,false_belief,fb012,2,2,3,0.186477
deepseek14b,false_belief,fb012,2,3,4,0.077972
deepseek14b,false_belief,fb012,2,4,5,0.049499
deepseek14b,false_belief,fb012,3,1,2,0.220739
deepseek14b,false_belief,fb012,3,2,3,0.22475
deepseek14b,false_belief,fb012,3,3,4,0.090603
deepseek14b,false_belief,fb012,3,4,5,0.056569
deepseek14b,false_belief,fb013,1,1,2,0.191819
deepseek14b,false_belief,fb013,1,2,3,0.115843
deepseek14b,false_belief,fb013,1,3,4,0.033212
deepseek14b,false_belief,fb013,1,4,5,0.129559
deepseek14b,false_belief,fb013,2,1,2,0.134006
deepseek14b,false_belief,fb013,2,2,3,0.078957
deepseek14b,false_belief,fb013,2,3,4,0.126338
deepseek14b,false_belief,fb013,2,4,5,0.092631
deepseek14b,false_belief,fb013,3,1,2,0.214129
deepseek14b,false_belief,fb013,3,2,3,0.116866
deepseek14b,false_belief,fb013,3,3,4,0.088452
deepseek14b,false_belief,fb013,3,4,5,0.085322
deepseek14b,false_belief,fb014,1,1,2,0.223054
deepseek14b,false_belief,fb014,2,1,2,0.082991
deepseek14b,false_belief,fb014,3,1,2,0.338829
deepseek14b,false_belief,fb015,1,1,2,0.054543
deepseek14b,false_belief,fb015,1,2,3,0.117465
deepseek14b,false_belief,fb015,1,3,4,0.068393
deepseek14b,false_belief,fb015,1,4,5,0.04248
deepseek14b,false_belief,fb015,2,1,2,0.083656
deepseek14b,false_belief,fb015,2,2,3,0.183054
deepseek14b,false_belief,fb015,2,3,4,0.103321
deepseek14b,false_belief,fb015,2,4,5,0.070486
deepseek14b,false_belief,fb015,3,1,2,0.397185
deepseek14b,false_belief,fb015,3,2,3,0.291489
deepseek14b,false_belief,fb015,3,3,4,0.142646
deepseek14b,false_belief,fb015,3,4,5,0.154419
deepseek14b,false_belief,fb016,1,1,2,0.106666
deepseek14b,false_belief,fb016,1,2,3,0.110395
deepseek14b,false_belief,fb016,1,3,4,0.046803
deepseek14b,false_belief,fb016,1,4,5,0.06194
deepseek14b,false_belief,fb016,2,1,2,0.190247
deepseek14b,false_belief,fb016,2,2,3,0.198497
deepseek14b,false_belief,fb016,2,3,4,0.027938
deepseek14b,false_belief,fb016,2,4,5,0.089201
deepseek14b,false_belief,fb016,3,1,2,0.139157
deepseek14b,false_belief,fb016,3,2,3,0.187343
deepseek14b,false_belief,fb016,3,3,4,0.038893
deepseek14b,false_belief,fb016,3,4,5,0.168848
deepseek14b,false_belief,fb017,1,1,2,0.03836
deepseek14b,false_belief,fb017,1,2,3,0.058436
deepseek14b,false_belief,fb017,1,3,4,0.082718
deepseek14b,false_belief,fb017,1,4,5,0.06215
deepseek14b,false_belief,fb017,2,1,2,0.056644
deepseek14b,false_belief,fb017,2,2,3,0.053786
deepseek14b,false_belief,fb017,2,3,4,0.123406
deepseek14b,false_belief,fb017,2,4,5,0.104004
deepseek14b,false_belief,fb017,3,1,2,0.195395
deepseek14b,false_belief,fb017,3,2,3,0.167668
deepseek14b,false_belief,fb017,3,3,4,0.108231
deepseek14b,false_belief,fb017,3,4,5,0.111266
deepseek14b,false_belief,fb018,1,1,2,0.154767
deepseek14b,false_belief,fb018,1,2,3,0.131425
deepseek14b,false_belief,fb018,1,3,4,0.099738
deepseek14b,false_belief,fb018,1,4,5,0.170462
deepseek14b,false_belief,fb018,2,1,2,0.077259
deepseek14b,false_belief,fb018,2,2,3,0.072152
deepseek14b,false_belief,fb018,2,3,4,0.051076
deepseek14b,false_belief,fb018,2,4,5,0.123859
deepseek14b,false_belief,fb018,3,1,2,0.245755
deepseek14b,false_belief,fb018,3,2,3,0.108216
deepseek14b,false_belief,fb018,3,3,4,0.057608
deepseek14b,false_belief,fb018,3,4,5,0.040139
deepseek14b,false_belief,fb019,1,1,2,0.113614
deepseek14b,false_belief,fb019,1,2,3,0.185833
deepseek14b,false_belief,fb019,1,3,4,0.068151
deepseek14b,false_belief,fb019,1,4,5,0.075605
deepseek14b,false_belief,fb019,2,1,2,0.092489
deepseek14b,false_belief,fb019,2,2,3,0.124492
deepseek14b,false_belief,fb019,2,3,4,0.027522
deepseek14b,false_belief,fb019,2,4,5,0.076604
deepseek14b,false_belief,fb019,3,1,2,0.751807
deepseek14b,false_belief,fb019,3,2,3,0.172132
deepseek14b,false_belief,fb019,3,3,4,0.039156
deepseek14b,false_belief,fb019,3,4,5,0.066635
deepseek14b,false_belief,fb020,1,1,2,0.205777
deepseek14b,false_belief,fb020,1,2,3,0.168237
deepseek14b,false_belief,fb020,1,3,4,0.071247
deepseek14b,false_belief,fb020,1,4,5,0.152809
deepseek14b,false_belief,fb020,2,1,2,0.29238
deepseek14b,false_belief,fb020,2,2,3,0.133474
deepseek14b,false_belief,fb020,2,3,4,0.238891
deepseek14b,false_belief,fb020,2,4,5,0.082089
deepseek14b,false_belief,fb020,3,1,2,0.173236
deepseek14b,false_belief,fb020,3,2,3,0.102538
deepseek14b,false_belief,fb020,3,3,4,0.080218
deepseek14b,false_belief,fb020,3,4,5,0.140385
deepseek14b,false_belief,fb021,1,1,2,0.045348
deepseek14b,false_belief,fb021,1,2,3,0.099397
deepseek14b,false_belief,fb021,1,3,4,0.109164
deepseek14b,false_belief,fb021,1,4,5,0.026686
deepseek14b,false_belief,fb021,1,5,6,0.03333
deepseek14b,false_belief,fb021,2,1,2,0.097328
deepseek14b,false_belief,fb021,2,2,3,0.090827
deepseek14b,false_belief,fb021,2,3,4,0.061262
deepseek14b,false_belief,fb021,2,4,5,0.05225
deepseek14b,false_belief,fb021,2,5,6,0.04951
deepseek14b,false_belief,fb021,3,1,2,0.118008
deepseek14b,false_belief,fb021,3,2,3,0.173559
deepseek14b,false_belief,fb021,3,3,4,0.027643
deepseek14b,false_belief,fb021,3,4,5,0.048594
deepseek14b,false_belief,fb021,3,5,6,0.056041
deepseek14b,false_belief,fb022,1,1,2,0.200657
deepseek14b,false_belief,fb022,1,2,3,0.131797
deepseek14b,false_belief,fb022,1,3,4,0.06375
deepseek14b,false_belief,fb022,1,4,5,0.066729
deepseek14b,false_belief,fb022,2,1,2,0.284622
deepseek14b,false_belief,fb022,2,2,3,0.160929
deepseek14b,false_belief,fb022,2,3,4,0.048825
deepseek14b,false_belief,fb022,2,4,5,0.05674
deepseek14b,false_belief,fb022,3,1,2,0.257013
deepseek14b,false_belief,fb022,3,2,3,0.307525
deepseek14b,false_belief,fb022,3,3,4,0.021392
deepseek14b,false_belief,fb022,3,4,5,0.097972
deepseek14b,false_belief,fb023,1,1,2,0.640002
deepseek14b,false_belief,fb023,1,2,3,0.793614
deepseek14b,false_belief,fb023,1,3,4,0.049794
deepseek14b,false_belief,fb023,1,4,5,0.083369
deepseek14b,false_belief,fb023,1,5,6,0.141468
deepseek14b,false_belief,fb023,2,1,2,0.571329
deepseek14b,false_belief,fb023,2,2,3,0.178365
deepseek14b,false_belief,fb023,2,3,4,0.064366
deepseek14b,false_belief,fb023,2,4,5,0.055932
deepseek14b,false_belief,fb023,2,5,6,0.095798
deepseek14b,false_belief,fb023,3,1,2,0.141715
deepseek14b,false_belief,fb023,3,2,3,0.14018
deepseek14b,false_belief,fb023,3,3,4,0.059382
deepseek14b,false_belief,fb023,3,4,5,0.087192
deepseek14b,false_belief,fb023,3,5,6,0.089661
deepseek14b,false_belief,fb024,1,1,2,0.08248
deepseek14b,false_belief,fb024,1,2,3,0.111871
deepseek14b,false_belief,fb024,1,3,4,0.180155
deepseek14b,false_belief,fb024,2,1,2,0.131604
deepseek14b,false_belief,fb024,2,2,3,0.162543
deepseek14b,false_belief,fb024,2,3,4,0.111325
deepseek14b,false_belief,fb024,3,1,2,0.080037
deepseek14b,false_belief,fb024,3,2,3,0.183826
deepseek14b,false_belief,fb024,3,3,4,0.132711
deepseek14b,false_belief,fb025,1,1,2,0.20195
deepseek14b,false_belief,fb025,1,2,3,0.182833
deepseek14b,false_belief,fb025,1,3,4,0.030794
deepseek14b,false_belief,fb025,1,4,5,0.034493
deepseek14b,false_belief,fb025,2,1,2,0.10847
deepseek14b,false_belief,fb025,2,2,3,0.196017
deepseek14b,false_belief,fb025,2,3,4,0.108439
deepseek14b,false_belief,fb025,2,4,5,0.202846
deepseek14b,false_belief,fb025,3,1,2,0.151836
deepseek14b,false_belief,fb025,3,2,3,0.196651
deepseek14b,false_belief,fb025,3,3,4,0.184397
deepseek14b,false_belief,fb025,3,4,5,0.237817
deepseek14b,false_belief,fb026,1,1,2,0.145502
deepseek14b,false_belief,fb026,1,2,3,0.167035
deepseek14b,false_belief,fb026,1,3,4,0.151552
deepseek14b,false_belief,fb026,2,1,2,0.183044
deepseek14b,false_belief,fb026,2,2,3,0.096701
deepseek14b,false_belief,fb026,2,3,4,0.073189
deepseek14b,false_belief,fb026,3,1,2,0.304952
deepseek14b,false_belief,fb026,3,2,3,0.233765
deepseek14b,false_belief,fb026,3,3,4,0.060286
deepseek14b,false_belief,fb027,1,1,2,0.033487
deepseek14b,false_belief,fb027,1,2,3,0.093401
deepseek14b,false_belief,fb027,1,3,4,0.146059
deepseek14b,false_belief,fb027,2,1,2,0.116609
deepseek14b,false_belief,fb027,2,2,3,0.115313
deepseek14b,false_belief,fb027,2,3,4,0.186902
deepseek14b,false_belief,fb027,3,1,2,0.08898
deepseek14b,false_belief,fb027,3,2,3,0.085021
deepseek14b,false_belief,fb027,3,3,4,0.118066
deepseek14b,false_belief,fb028,1,1,2,0.210004
deepseek14b,false_belief,fb028,1,2,3,0.095292
deepseek14b,false_belief,fb028,1,3,4,0.04705
deepseek14b,false_belief,fb028,1,4,5,0.12298
deepseek14b,false_belief,fb028,2,1,2,0.293117
deepseek14b,false_belief,fb028,2,2,3,0.141394
deepseek14b,false_belief,fb028,2,3,4,0.081188
deepseek14b,false_belief,fb028,2,4,5,0.066949
deepseek14b,false_belief,fb028,3,1,2,0.273482
deepseek14b,false_belief,fb028,3,2,3,0.281539
deepseek14b,false_belief,fb028,3,3,4,0.187385
deepseek14b,false_belief,fb028,3,4,5,0.113796
deepseek14b,false_belief,fb029,1,1,2,0.132007
deepseek14b,false_belief,fb029,1,2,3,0.116852
deepseek14b,false_belief,fb029,1,3,4,0.089799
deepseek14b,false_belief,fb029,1,4,5,0.175512
deepseek14b,false_belief,fb029,2,1,2,0.055118
deepseek14b,false_belief,fb029,2,2,3,0.076461
deepseek14b,false_belief,fb029,2,3,4,0.050142
deepseek14b,false_belief,fb029,2,4,5,0.113882
deepseek14b,false_belief,fb029,3,1,2,0.093368
deepseek14b,false_belief,fb029,3,2,3,0.141681
deepseek14b,false_belief,fb029,3,3,4,0.112809
deepseek14b,false_belief,fb029,3,4,5,0.112107
deepseek14b,false_belief,fb030,1,1,2,0.151676
deepseek14b,false_belief,fb030,1,2,3,0.148375
deepseek14b,false_belief,fb030,1,3,4,0.107349
deepseek14b,false_belief,fb030,1,4,5,0.098217
deepseek14b,false_belief,fb030,2,1,2,0.136116
deepseek14b,false_belief,fb030,2,2,3,0.129737
deepseek14b,false_belief,fb030,2,3,4,0.048849
deepseek14b,false_belief,fb030,2,4,5,0.045996
deepseek14b,false_belief,fb030,3,1,2,0.11481
deepseek14b,false_belief,fb030,3,2,3,0.108805
deepseek14b,false_belief,fb030,3,3,4,0.124722
deepseek14b,false_belief,fb030,3,4,5,0.098917
deepseek14b,false_belief,fb031,1,1,2,0.270733
deepseek14b,false_belief,fb031,1,2,3,0.251411
deepseek14b,false_belief,fb031,1,3,4,0.01879
deepseek14b,false_belief,fb031,1,4,5,0.039973
deepseek14b,false_belief,fb031,2,1,2,0.222991
deepseek14b,false_belief,fb031,2,2,3,0.203755
deepseek14b,false_belief,fb031,2,3,4,0.173142
deepseek14b,false_belief,fb031,2,4,5,0.049606
deepseek14b,false_belief,fb031,3,1,2,0.147644
deepseek14b,false_belief,fb031,3,2,3,0.158288
deepseek14b,false_belief,fb031,3,3,4,0.048209
deepseek14b,false_belief,fb031,3,4,5,0.086004
deepseek14b,false_belief,fb032,1,1,2,0.384448
deepseek14b,false_belief,fb032,1,2,3,0.080369
deepseek14b,false_belief,fb032,1,3,4,0.107613
deepseek14b,false_belief,fb032,1,4,5,0.096447
deepseek14b,false_belief,fb032,2,1,2,0.08602
deepseek14b,false_belief,fb032,2,2,3,0.11311
deepseek14b,false_belief,fb032,2,3,4,0.047526
deepseek14b,false_belief,fb032,2,4,5,0.104819
deepseek14b,false_belief,fb032,3,1,2,0.289487
deepseek14b,false_belief,fb032,3,2,3,0.068943
deepseek14b,false_belief,fb032,3,3,4,0.047753
deepseek14b,false_belief,fb032,3,4,5,0.052242
deepseek14b,false_belief,fb033,1,1,2,0.136524
deepseek14b,false_belief,fb033,1,2,3,0.106082
deepseek14b,false_belief,fb033,1,3,4,0.053243
deepseek14b,false_belief,fb033,1,4,5,0.111157
deepseek14b,false_belief,fb033,2,1,2,0.166887
deepseek14b,false_belief,fb033,2,2,3,0.163297
deepseek14b,false_belief,fb033,2,3,4,0.050814
deepseek14b,false_belief,fb033,2,4,5,0.104912
deepseek14b,false_belief,fb033,3,1,2,0.12168
deepseek14b,false_belief,fb033,3,2,3,0.087584
deepseek14b,false_belief,fb033,3,3,4,0.028954
deepseek14b,false_belief,fb033,3,4,5,0.050943
deepseek14b,false_belief,fb034,1,1,2,0.328923
deepseek14b,false_belief,fb034,1,2,3,0.120087
deepseek14b,false_belief,fb034,1,3,4,0.11047
deepseek14b,false_belief,fb034,1,4,5,0.081709
deepseek14b,false_belief,fb034,2,1,2,0.187441
deepseek14b,false_belief,fb034,2,2,3,0.154159
deepseek14b,false_belief,fb034,2,3,4,0.051842
deepseek14b,false_belief,fb034,2,4,5,0.071004
deepseek14b,false_belief,fb034,3,1,2,0.132887
deepseek14b,false_belief,fb034,3,2,3,0.123219
deepseek14b,false_belief,fb034,3,3,4,0.018522
deepseek14b,false_belief,fb034,3,4,5,0.085632
deepseek14b,false_belief,fb035,1,1,2,0.10728
deepseek14b,false_belief,fb035,1,2,3,0.124128
deepseek14b,false_belief,fb035,1,3,4,0.028682
deepseek14b,false_belief,fb035,1,4,5,0.053486
deepseek14b,false_belief,fb035,2,1,2,0.231541
deepseek14b,false_belief,fb035,2,2,3,0.082893
deepseek14b,false_belief,fb035,2,3,4,0.066104
deepseek14b,false_belief,fb035,2,4,5,0.075566
deepseek14b,false_belief,fb035,3,1,2,0.134566
deepseek14b,false_belief,fb035,3,2,3,0.09443
deepseek14b,false_belief,fb035,3,3,4,0.04832
deepseek14b,false_belief,fb035,3,4,5,0.102843
deepseek14b,false_belief,fb036,1,1,2,0.108707
deepseek14b,false_belief,fb036,1,2,3,0.10825
deepseek14b,false_belief,fb036,1,3,4,0.042328
deepseek14b,false_belief,fb036,1,4,5,0.098457
deepseek14b,false_belief,fb036,1,5,6,0.079321
deepseek14b,false_belief,fb036,2,1,2,0.166491
deepseek14b,false_belief,fb036,2,2,3,0.141292
deepseek14b,false_belief,fb036,2,3,4,0.057449
deepseek14b,false_belief,fb036,2,4,5,0.036379
deepseek14b,false_belief,fb036,2,5,6,0.026758
deepseek14b,false_belief,fb036,3,1,2,0.549295
deepseek14b,false_belief,fb036,3,2,3,0.137042
deepseek14b,false_belief,fb036,3,3,4,0.039639
deepseek14b,false_belief,fb036,3,4,5,0.069692
deepseek14b,false_belief,fb036,3,5,6,0.137195
deepseek14b,false_belief,fb037,1,1,2,0.086673
deepseek14b,false_belief,fb037,1,2,3,0.115816
deepseek14b,false_belief,fb037,1,3,4,0.039086
deepseek14b,false_belief,fb037,1,4,5,0.055102
deepseek14b,false_belief,fb037,2,1,2,0.148679
deepseek14b,false_belief,fb037,2,2,3,0.19987
deepseek14b,false_belief,fb037,2,3,4,0.034729
deepseek14b,false_belief,fb037,2,4,5,0.136878
deepseek14b,false_belief,fb037,3,1,2,0.095103
deepseek14b,false_belief,fb037,3,2,3,0.123796
deepseek14b,false_belief,fb037,3,3,4,0.074297
deepseek14b,false_belief,fb037,3,4,5,0.152322
deepseek14b,false_belief,fb038,1,1,2,0.096005
deepseek14b,false_belief,fb038,1,2,3,0.12418
deepseek14b,false_belief,fb038,1,3,4,0.016268
deepseek14b,false_belief,fb038,1,4,5,0.060684
deepseek14b,false_belief,fb038,2,1,2,0.292844
deepseek14b,false_belief,fb038,2,2,3,0.132301
deepseek14b,false_belief,fb038,2,3,4,0.027671
deepseek14b,false_belief,fb038,2,4,5,0.036168
deepseek14b,false_belief,fb038,3,1,2,0.252526
deepseek14b,false_belief,fb038,3,2,3,0.120446
deepseek14b,false_belief,fb038,3,3,4,0.161408
deepseek14b,false_belief,fb038,3,4,5,0.219336
deepseek14b,false_belief,fb039,1,1,2,0.089123
deepseek14b,false_belief,fb039,1,2,3,0.080569
deepseek14b,false_belief,fb039,1,3,4,0.045688
deepseek14b,false_belief,fb039,1,4,5,0.081844
deepseek14b,false_belief,fb039,2,1,2,0.103648
deepseek14b,false_belief,fb039,2,2,3,0.083984
deepseek14b,false_belief,fb039,2,3,4,0.157961
deepseek14b,false_belief,fb039,2,4,5,0.163942
deepseek14b,false_belief,fb039,3,1,2,0.309692
deepseek14b,false_belief,fb039,3,2,3,0.100591
deepseek14b,false_belief,fb039,3,3,4,0.07872
deepseek14b,false_belief,fb039,3,4,5,0.123138
deepseek14b,false_belief,fb040,1,1,2,0.101727
deepseek14b,false_belief,fb040,1,2,3,0.155204
deepseek14b,false_belief,fb040,1,3,4,0.154817
deepseek14b,false_belief,fb040,1,4,5,0.221098
deepseek14b,false_belief,fb040,2,1,2,0.129572
deepseek14b,false_belief,fb040,2,2,3,0.120387
deepseek14b,false_belief,fb040,2,3,4,0.052355
deepseek14b,false_belief,fb040,2,4,5,0.183855
deepseek14b,false_belief,fb040,3,1,2,0.126486
deepseek14b,false_belief,fb040,3,2,3,0.082854
deepseek14b,false_belief,fb040,3,3,4,0.069989
deepseek14b,false_belief,fb040,3,4,5,0.127072
deepseek14b,false_belief,fb041,1,1,2,0.26192
deepseek14b,false_belief,fb041,1,2,3,0.201424
deepseek14b,false_belief,fb041,1,3,4,0.13665
deepseek14b,false_belief,fb041,1,4,5,0.065771
deepseek14b,false_belief,fb041,2,1,2,0.346167
deepseek14b,false_belief,fb041,2,2,3,0.233382
deepseek14b,false_belief,fb041,2,3,4,0.091213
deepseek14b,false_belief,fb041,2,4,5,0.081547
deepseek14b,false_belief,fb041,3,1,2,0.132145
deepseek14b,false_belief,fb041,3,2,3,0.229843
deepseek14b,false_belief,fb041,3,3,4,0.108916
deepseek14b,false_belief,fb041,3,4,5,0.138658
deepseek14b,false_belief,fb042,1,1,2,0.162698
deepseek14b,false_belief,fb042,1,2,3,0.105274
deepseek14b,false_belief,fb042,1,3,4,0.036291
deepseek14b,false_belief,fb042,1,4,5,0.050792
deepseek14b,false_belief,fb042,2,1,2,0.423011
deepseek14b,false_belief,fb042,2,2,3,0.103028
deepseek14b,false_belief,fb042,2,3,4,0.053493
deepseek14b,false_belief,fb042,2,4,5,0.17144
deepseek14b,false_belief,fb042,3,1,2,0.091025
deepseek14b,false_belief,fb042,3,2,3,0.134643
deepseek14b,false_belief,fb042,3,3,4,0.166846
deepseek14b,false_belief,fb042,3,4,5,0.049996
deepseek14b,false_belief,fb043,1,1,2,0.302179
deepseek14b,false_belief,fb043,1,2,3,0.301709
deepseek14b,false_belief,fb043,1,3,4,0.201368
deepseek14b,false_belief,fb043,1,4,5,0.029735
deepseek14b,false_belief,fb043,2,1,2,0.234849
deepseek14b,false_belief,fb043,2,2,3,0.110225
deepseek14b,false_belief,fb043,2,3,4,0.046521
deepseek14b,false_belief,fb043,2,4,5,0.077386
deepseek14b,false_belief,fb043,3,1,2,0.277728
deepseek14b,false_belief,fb043,3,2,3,0.193248
deepseek14b,false_belief,fb043,3,3,4,0.054819
deepseek14b,false_belief,fb043,3,4,5,0.084087
deepseek14b,false_belief,fb044,1,1,2,0.147294
deepseek14b,false_belief,fb044,1,2,3,0.179451
deepseek14b,false_belief,fb044,1,3,4,0.0656
deepseek14b,false_belief,fb044,1,4,5,0.142252
deepseek14b,false_belief,fb044,2,1,2,0.065467
deepseek14b,false_belief,fb044,2,2,3,0.108274
deepseek14b,false_belief,fb044,2,3,4,0.04385
deepseek14b,false_belief,fb044,2,4,5,0.10057
deepseek14b,false_belief,fb044,3,1,2,0.159983
deepseek14b,false_belief,fb044,3,2,3,0.136348
deepseek14b,false_belief,fb044,3,3,4,0.034397
deepseek14b,false_belief,fb044,3,4,5,0.115733
deepseek14b,false_belief,fb045,1,1,2,0.236368
deepseek14b,false_belief,fb045,1,2,3,0.116482
deepseek14b,false_belief,fb045,1,3,4,0.023998
deepseek14b,false_belief,fb045,1,4,5,0.075044
deepseek14b,false_belief,fb045,1,5,6,0.145718
deepseek14b,false_belief,fb045,2,1,2,0.122066
deepseek14b,false_belief,fb045,2,2,3,0.110132
deepseek14b,false_belief,fb045,2,3,4,0.050482
deepseek14b,false_belief,fb045,2,4,5,0.058923
deepseek14b,false_belief,fb045,2,5,6,0.136618
deepseek14b,false_belief,fb045,3,1,2,0.131511
deepseek14b,false_belief,fb045,3,2,3,0.133606
deepseek14b,false_belief,fb045,3,3,4,0.036821
deepseek14b,false_belief,fb045,3,4,5,0.03591
deepseek14b,false_belief,fb045,3,5,6,0.1299
deepseek14b,false_belief,fb046,1,1,2,0.131149
deepseek14b,false_belief,fb046,1,2,3,0.315308
deepseek14b,false_belief,fb046,1,3,4,0.14477
deepseek14b,false_belief,fb046,1,4,5,0.061632
deepseek14b,false_belief,fb046,2,1,2,0.122267
deepseek14b,false_belief,fb046,2,2,3,0.100493
deepseek14b,false_belief,fb046,2,3,4,0.06555
deepseek14b,false_belief,fb046,2,4,5,0.062064
deepseek14b,false_belief,fb046,3,1,2,0.074111
deepseek14b,false_belief,fb046,3,2,3,0.097797
deepseek14b,false_belief,fb046,3,3,4,0.126961
deepseek14b,false_belief,fb046,3,4,5,0.150387
deepseek14b,false_belief,fb047,1,1,2,0.052685
deepseek14b,false_belief,fb047,1,2,3,0.157773
deepseek14b,false_belief,fb047,1,3,4,0.066657
deepseek14b,false_belief,fb047,1,4,5,0.144807
deepseek14b,false_belief,fb047,2,1,2,0.089733
deepseek14b,false_belief,fb047,2,2,3,0.125989
deepseek14b,false_belief,fb047,2,3,4,0.122583
deepseek14b,false_belief,fb047,2,4,5,0.119798
deepseek14b,false_belief,fb047,3,1,2,0.095296
deepseek14b,false_belief,fb047,3,2,3,0.110308
deepseek14b,false_belief,fb047,3,3,4,0.038808
deepseek14b,false_belief,fb047,3,4,5,0.058294
deepseek14b,false_belief,fb048,1,1,2,0.290063
deepseek14b,false_belief,fb048,1,2,3,0.280189
deepseek14b,false_belief,fb048,1,3,4,0.027507
deepseek14b,false_belief,fb048,1,4,5,0.12115
deepseek14b,false_belief,fb048,2,1,2,0.145115
deepseek14b,false_belief,fb048,2,2,3,0.168871
deepseek14b,false_belief,fb048,2,3,4,0.02895
deepseek14b,false_belief,fb048,2,4,5,0.096973
deepseek14b,false_belief,fb048,3,1,2,0.068925
deepseek14b,false_belief,fb048,3,2,3,0.248114
deepseek14b,false_belief,fb048,3,3,4,0.090994
deepseek14b,false_belief,fb048,3,4,5,0.229559
deepseek14b,false_belief,fb049,1,1,2,0.224907
deepseek14b,false_belief,fb049,1,2,3,0.073533
deepseek14b,false_belief,fb049,1,3,4,0.108661
deepseek14b,false_belief,fb049,1,4,5,0.089973
deepseek14b,false_belief,fb049,2,1,2,0.042058
deepseek14b,false_belief,fb049,2,2,3,0.100362
deepseek14b,false_belief,fb049,2,3,4,0.052894
deepseek14b,false_belief,fb049,2,4,5,0.059848
deepseek14b,false_belief,fb049,3,1,2,0.116982
deepseek14b,false_belief,fb049,3,2,3,0.068661
deepseek14b,false_belief,fb049,3,3,4,0.046121
deepseek14b,false_belief,fb049,3,4,5,0.082519
deepseek14b,false_belief,fb050,1,1,2,0.091147
deepseek14b,false_belief,fb050,1,2,3,0.112737
deepseek14b,false_belief,fb050,1,3,4,0.054882
deepseek14b,false_belief,fb050,1,4,5,0.094269
deepseek14b,false_belief,fb050,2,1,2,0.227433
deepseek14b,false_belief,fb050,2,2,3,0.291583
deepseek14b,false_belief,fb050,2,3,4,0.096422
deepseek14b,false_belief,fb050,2,4,5,0.091681
deepseek14b,false_belief,fb050,3,1,2,0.314027
deepseek14b,false_belief,fb050,3,2,3,0.231035
deepseek14b,false_belief,fb050,3,3,4,0.060332
deepseek14b,false_belief,fb050,3,4,5,0.071427
deepseek14b,false_belief,fb051,1,1,2,0.204922
deepseek14b,false_belief,fb051,1,2,3,0.179229
deepseek14b,false_belief,fb051,1,3,4,0.11481
deepseek14b,false_belief,fb051,2,1,2,0.1985
deepseek14b,false_belief,fb051,2,2,3,0.091575
deepseek14b,false_belief,fb051,2,3,4,0.120088
deepseek14b,false_belief,fb051,3,1,2,0.201133
deepseek14b,false_belief,fb051,3,2,3,0.173088
deepseek14b,false_belief,fb051,3,3,4,0.266576
deepseek14b,false_belief,fb052,1,1,2,0.25616
deepseek14b,false_belief,fb052,1,2,3,0.086031
deepseek14b,false_belief,fb052,1,3,4,0.035095
deepseek14b,false_belief,fb052,1,4,5,0.065932
deepseek14b,false_belief,fb052,2,1,2,0.073909
deepseek14b,false_belief,fb052,2,2,3,0.062618
deepseek14b,false_belief,fb052,2,3,4,0.023876
deepseek14b,false_belief,fb052,2,4,5,0.043063
deepseek14b,false_belief,fb052,3,1,2,0.129292
deepseek14b,false_belief,fb052,3,2,3,0.172139
deepseek14b,false_belief,fb052,3,3,4,0.142866
deepseek14b,false_belief,fb052,3,4,5,0.12429
deepseek14b,false_belief,fb053,1,1,2,0.086454
deepseek14b,false_belief,fb053,1,2,3,0.097083
deepseek14b,false_belief,fb053,1,3,4,0.067126
deepseek14b,false_belief,fb053,1,4,5,0.1714
deepseek14b,false_belief,fb053,2,1,2,0.144561
deepseek14b,false_belief,fb053,2,2,3,0.189174
deepseek14b,false_belief,fb053,2,3,4,0.056414
deepseek14b,false_belief,fb053,2,4,5,0.16421
deepseek14b,false_belief,fb053,3,1,2,0.076727
deepseek14b,false_belief,fb053,3,2,3,0.075182
deepseek14b,false_belief,fb053,3,3,4,0.239828
deepseek14b,false_belief,fb053,3,4,5,0.171086
deepseek14b,false_belief,fb054,1,1,2,0.157873
deepseek14b,false_belief,fb054,1,2,3,0.155282
deepseek14b,false_belief,fb054,1,3,4,0.035865
deepseek14b,false_belief,fb054,1,4,5,0.081119
deepseek14b,false_belief,fb054,2,1,2,0.187903
deepseek14b,false_belief,fb054,2,2,3,0.116216
deepseek14b,false_belief,fb054,2,3,4,0.180235
deepseek14b,false_belief,fb054,2,4,5,0.148641
deepseek14b,false_belief,fb054,3,1,2,0.121486
deepseek14b,false_belief,fb054,3,2,3,0.122523
deepseek14b,false_belief,fb054,3,3,4,0.040742
deepseek14b,false_belief,fb054,3,4,5,0.042174
deepseek14b,false_belief,fb055,1,1,2,0.103791
deepseek14b,false_belief,fb055,1,2,3,0.146327
deepseek14b,false_belief,fb055,1,3,4,0.04253
deepseek14b,false_belief,fb055,1,4,5,0.057422
deepseek14b,false_belief,fb055,2,1,2,0.20114
deepseek14b,false_belief,fb055,2,2,3,0.095783
deepseek14b,false_belief,fb055,2,3,4,0.041904
deepseek14b,false_belief,fb055,2,4,5,0.106277
deepseek14b,false_belief,fb055,3,1,2,0.094795
deepseek14b,false_belief,fb055,3,2,3,0.083454
deepseek14b,false_belief,fb055,3,3,4,0.163788
deepseek14b,false_belief,fb055,3,4,5,0.068783
deepseek14b,false_belief,fb056,1,1,2,0.090457
deepseek14b,false_belief,fb056,1,2,3,0.090172
deepseek14b,false_belief,fb056,1,3,4,0.053378
deepseek14b,false_belief,fb056,1,4,5,0.052744
deepseek14b,false_belief,fb056,2,1,2,0.122293
deepseek14b,false_belief,fb056,2,2,3,0.173609
deepseek14b,false_belief,fb056,2,3,4,0.090049
deepseek14b,false_belief,fb056,2,4,5,0.050099
deepseek14b,false_belief,fb056,3,1,2,0.185364
deepseek14b,false_belief,fb056,3,2,3,0.172938
deepseek14b,false_belief,fb056,3,3,4,0.080686
deepseek14b,false_belief,fb056,3,4,5,0.174382
deepseek14b,false_belief,fb057,1,1,2,0.100065
deepseek14b,false_belief,fb057,1,2,3,0.272379
deepseek14b,false_belief,fb057,1,3,4,0.150853
deepseek14b,false_belief,fb057,1,4,5,0.0341
deepseek14b,false_belief,fb057,2,1,2,0.204982
deepseek14b,false_belief,fb057,2,2,3,0.191321
deepseek14b,false_belief,fb057,2,3,4,0.055412
deepseek14b,false_belief,fb057,2,4,5,0.052999
deepseek14b,false_belief,fb057,3,1,2,0.370332
deepseek14b,false_belief,fb057,3,2,3,0.175199
deepseek14b,false_belief,fb057,3,3,4,0.072597
deepseek14b,false_belief,fb057,3,4,5,0.070268
deepseek14b,false_belief,fb058,1,1,2,0.114635
deepseek14b,false_belief,fb058,1,2,3,0.292506
deepseek14b,false_belief,fb058,1,3,4,0.111994
deepseek14b,false_belief,fb058,1,4,5,0.172958
deepseek14b,false_belief,fb058,2,1,2,0.076083
deepseek14b,false_belief,fb058,2,2,3,0.209813
deepseek14b,false_belief,fb058,2,3,4,0.173803
deepseek14b,false_belief,fb058,2,4,5,0.097155
deepseek14b,false_belief,fb058,3,1,2,0.126916
deepseek14b,false_belief,fb058,3,2,3,0.250473
deepseek14b,false_belief,fb058,3,3,4,0.077308
deepseek14b,false_belief,fb058,3,4,5,0.031659
deepseek14b,false_belief,fb059,1,1,2,0.181202
deepseek14b,false_belief,fb059,1,2,3,0.106718
deepseek14b,false_belief,fb059,1,3,4,0.090666
deepseek14b,false_belief,fb059,1,4,5,0.041008
deepseek14b,false_belief,fb059,2,1,2,0.173409
deepseek14b,false_belief,fb059,2,2,3,0.111419
deepseek14b,false_belief,fb059,2,3,4,0.076411
deepseek14b,false_belief,fb059,2,4,5,0.061292
deepseek14b,false_belief,fb059,3,1,2,0.313423
deepseek14b,false_belief,fb059,3,2,3,0.148877
deepseek14b,false_belief,fb059,3,3,4,0.044351
deepseek14b,false_belief,fb059,3,4,5,0.063527
deepseek14b,false_belief,fb060,1,1,2,0.173684
deepseek14b,false_belief,fb060,1,2,3,0.191565
deepseek14b,false_belief,fb060,1,3,4,0.193272
deepseek14b,false_belief,fb060,1,4,5,0.066114
deepseek14b,false_belief,fb060,2,1,2,0.103254
deepseek14b,false_belief,fb060,2,2,3,0.124998
deepseek14b,false_belief,fb060,2,3,4,0.055325
deepseek14b,false_belief,fb060,2,4,5,0.195513
deepseek14b,false_belief,fb060,3,1,2,0.207047
deepseek14b,false_belief,fb060,3,2,3,0.204311
deepseek14b,false_belief,fb060,3,3,4,0.085763
deepseek14b,false_belief,fb060,3,4,5,0.176833
deepseek14b,false_belief,sfp011,1,1,2,0.133858
deepseek14b,false_belief,sfp011,1,2,3,0.061981
deepseek14b,false_belief,sfp011,1,3,4,0.081706
deepseek14b,false_belief,sfp011,1,4,5,0.105834
deepseek14b,false_belief,sfp011,2,1,2,0.313758
deepseek14b,false_belief,sfp011,2,2,3,0.07478
deepseek14b,false_belief,sfp011,2,3,4,0.008103
deepseek14b,false_belief,sfp011,2,4,5,0.207097
deepseek14b,false_belief,sfp011,3,1,2,0.260649
deepseek14b,false_belief,sfp011,3,2,3,0.079019
deepseek14b,false_belief,sfp011,3,3,4,0.031881
deepseek14b,false_belief,sfp011,3,4,5,0.065908
deepseek14b,false_belief,sfp012,1,1,2,0.111851
deepseek14b,false_belief,sfp012,1,2,3,0.150762
deepseek14b,false_belief,sfp012,1,3,4,0.088765
deepseek14b,false_belief,sfp012,1,4,5,0.069831
deepseek14b,false_belief,sfp012,2,1,2,0.211495
deepseek14b,false_belief,sfp012,2,2,3,0.218684
deepseek14b,false_belief,sfp012,2,3,4,0.096802
deepseek14b,false_belief,sfp012,2,4,5,0.087689
deepseek14b,false_belief,sfp012,3,1,2,0.13666
deepseek14b,false_belief,sfp012,3,2,3,0.270351
deepseek14b,false_belief,sfp012,3,3,4,0.089222
deepseek14b,false_belief,sfp012,3,4,5,0.074119
deepseek14b,false_belief,sfp013,1,1,2,0.107159
deepseek14b,false_belief,sfp013,1,2,3,0.095086
deepseek14b,false_belief,sfp013,1,3,4,0.093107
deepseek14b,false_belief,sfp013,1,4,5,0.059447
deepseek14b,false_belief,sfp013,2,1,2,0.224213
deepseek14b,false_belief,sfp013,2,2,3,0.149603
deepseek14b,false_belief,sfp013,2,3,4,0.174247
deepseek14b,false_belief,sfp013,2,4,5,0.145044
deepseek14b,false_belief,sfp013,3,1,2,0.24419
deepseek14b,false_belief,sfp013,3,2,3,0.204012
deepseek14b,false_belief,sfp013,3,3,4,0.122181
deepseek14b,false_belief,sfp013,3,4,5,0.146591
deepseek14b,false_belief,sfp014,1,1,2,0.109687
deepseek14b,false_belief,sfp014,1,2,3,0.100671
deepseek14b,false_belief,sfp014,1,3,4,0.07953
deepseek14b,false_belief,sfp014,2,1,2,0.115163
deepseek14b,false_belief,sfp014,2,2,3,0.083496
deepseek14b,false_belief,sfp014,2,3,4,0.152693
deepseek14b,false_belief,sfp014,3,1,2,0.114384
deepseek14b,false_belief,sfp014,3,2,3,0.135805
deepseek14b,false_belief,sfp014,3,3,4,0.157114
deepseek14b,false_belief,sfp015,1,1,2,0.082546
deepseek14b,false_belief,sfp015,1,2,3,0.090383
deepseek14b,false_belief,sfp015,1,3,4,0.128844
deepseek14b,false_belief,sfp015,1,4,5,0.067455
deepseek14b,false_belief,sfp015,1,5,6,0.054509
deepseek14b,false_belief,sfp015,2,1,2,0.200363
deepseek14b,false_belief,sfp015,2,2,3,0.091861
deepseek14b,false_belief,sfp015,2,3,4,0.105206
deepseek14b,false_belief,sfp015,2,4,5,0.172224
deepseek14b,false_belief,sfp015,2,5,6,0.142461
deepseek14b,false_belief,sfp015,3,1,2,0.112794
deepseek14b,false_belief,sfp015,3,2,3,0.050128
deepseek14b,false_belief,sfp015,3,3,4,0.128195
deepseek14b,false_belief,sfp015,3,4,5,0.072967
deepseek14b,false_belief,sfp015,3,5,6,0.115665
deepseek14b,false_belief,sfp016,1,1,2,0.147056
deepseek14b,false_belief,sfp016,1,2,3,0.271002
deepseek14b,false_belief,sfp016,1,3,4,0.273732
deepseek14b,false_belief,sfp016,1,4,5,0.247781
deepseek14b,false_belief,sfp016,1,5,6,0.088207
deepseek14b,false_belief,sfp016,2,1,2,0.123689
deepseek14b,false_belief,sfp016,2,2,3,0.09303
deepseek14b,false_belief,sfp016,2,3,4,0.095962
deepseek14b,false_belief,sfp016,2,4,5,0.131908
deepseek14b,false_belief,sfp016,2,5,6,0.149208
deepseek14b,false_belief,sfp016,3,1,2,0.242648
deepseek14b,false_belief,sfp016,3,2,3,0.254501
deepseek14b,false_belief,sfp016,3,3,4,0.163572
deepseek14b,false_belief,sfp016,3,4,5,0.210356
deepseek14b,false_belief,sfp016,3,5,6,0.244235
deepseek14b,false_belief,sfp017,1,1,2,0.28025
deepseek14b,false_belief,sfp017,1,2,3,0.136494
deepseek14b,false_belief,sfp017,1,3,4,0.296519
deepseek14b,false_belief,sfp017,1,4,5,0.283032
deepseek14b,false_belief,sfp017,2,1,2,0.090096
deepseek14b,false_belief,sfp017,2,2,3,0.256021
deepseek14b,false_belief,sfp017,2,3,4,0.186768
deepseek14b,false_belief,sfp017,2,4,5,0.177173
deepseek14b,false_belief,sfp017,3,1,2,0.253099
deepseek14b,false_belief,sfp017,3,2,3,0.231763
deepseek14b,false_belief,sfp017,3,3,4,0.290153
deepseek14b,false_belief,sfp017,3,4,5,0.11026
deepseek14b,false_belief,sfp018,1,1,2,0.194791
deepseek14b,false_belief,sfp018,1,2,3,0.144569
deepseek14b,false_belief,sfp018,1,3,4,0.275203
deepseek14b,false_belief,sfp018,1,4,5,0.190716
deepseek14b,false_belief,sfp018,2,1,2,0.202268
deepseek14b,false_belief,sfp018,2,2,3,0.264372
deepseek14b,false_belief,sfp018,2,3,4,0.246704
deepseek14b,false_belief,sfp018,2,4,5,0.171516
deepseek14b,false_belief,sfp018,3,1,2,0.141677
deepseek14b,false_belief,sfp018,3,2,3,0.118841
deepseek14b,false_belief,sfp018,3,3,4,0.185724
deepseek14b,false_belief,sfp018,3,4,5,0.128287
deepseek14b,false_belief,sfp019,1,1,2,0.239518
deepseek14b,false_belief,sfp019,1,2,3,0.212067
deepseek14b,false_belief,sfp019,1,3,4,0.13502
deepseek14b,false_belief,sfp019,1,4,5,0.166164
deepseek14b,false_belief,sfp019,2,1,2,0.370606
deepseek14b,false_belief,sfp019,2,2,3,0.094627
deepseek14b,false_belief,sfp019,2,3,4,0.295905
deepseek14b,false_belief,sfp019,2,4,5,0.197341
deepseek14b,false_belief,sfp019,3,1,2,0.345136
deepseek14b,false_belief,sfp019,3,2,3,0.21033
deepseek14b,false_belief,sfp019,3,3,4,0.260756
deepseek14b,false_belief,sfp019,3,4,5,0.209974
deepseek14b,false_belief,sfp020,1,1,2,0.102859
deepseek14b,false_belief,sfp020,1,2,3,0.091524
deepseek14b,false_belief,sfp020,1,3,4,0.063585
deepseek14b,false_belief,sfp020,1,4,5,0.058833
deepseek14b,false_belief,sfp020,2,1,2,0.127154
deepseek14b,false_belief,sfp020,2,2,3,0.107614
deepseek14b,false_belief,sfp020,2,3,4,0.091035
deepseek14b,false_belief,sfp020,2,4,5,0.068584
deepseek14b,false_belief,sfp020,3,1,2,0.129988
deepseek14b,false_belief,sfp020,3,2,3,0.160407
deepseek14b,false_belief,sfp020,3,3,4,0.112653
deepseek14b,false_belief,sfp020,3,4,5,0.050825
deepseek14b,faux_pas,sfp001,1,1,2,0.328957
deepseek14b,faux_pas,sfp001,1,2,3,0.154165
deepseek14b,faux_pas,sfp001,1,3,4,0.153521
deepseek14b,faux_pas,sfp001,1,4,5,0.096674
deepseek14b,faux_pas,sfp001,1,5,6,0.111598
deepseek14b,faux_pas,sfp001,2,1,2,0.253629
deepseek14b,faux_pas,sfp001,2,2,3,0.145995
deepseek14b,faux_pas,sfp001,2,3,4,0.259793
deepseek14b,faux_pas,sfp001,2,4,5,0.171919
deepseek14b,faux_pas,sfp001,2,5,6,0.063892
deepseek14b,faux_pas,sfp001,3,1,2,0.330955
deepseek14b,faux_pas,sfp001,3,2,3,0.243272
deepseek14b,faux_pas,sfp001,3,3,4,0.107899
deepseek14b,faux_pas,sfp001,3,4,5,0.182184
deepseek14b,faux_pas,sfp001,3,5,6,0.180858
deepseek14b,faux_pas,sfp002,1,1,2,0.387919
deepseek14b,faux_pas,sfp002,1,2,3,0.332731
deepseek14b,faux_pas,sfp002,1,3,4,0.471746
deepseek14b,faux_pas,sfp002,1,4,5,0.220729
deepseek14b,faux_pas,sfp002,2,1,2,0.265149
deepseek14b,faux_pas,sfp002,2,2,3,0.353963
deepseek14b,faux_pas,sfp002,2,3,4,0.533869
deepseek14b,faux_pas,sfp002,2,4,5,0.239004
deepseek14b,faux_pas,sfp002,3,1,2,0.452368
deepseek14b,faux_pas,sfp002,3,2,3,0.248954
deepseek14b,faux_pas,sfp002,3,3,4,0.671936
deepseek14b,faux_pas,sfp002,3,4,5,0.206509
deepseek14b,faux_pas,sfp003,1,1,2,0.376094
deepseek14b,faux_pas,sfp003,1,2,3,0.380283
deepseek14b,faux_pas,sfp003,1,3,4,0.44222
deepseek14b,faux_pas,sfp003,1,4,5,0.52438
deepseek14b,faux_pas,sfp003,2,1,2,0.250836
deepseek14b,faux_pas,sfp003,2,2,3,0.222933
deepseek14b,faux_pas,sfp003,2,3,4,0.594161
deepseek14b,faux_pas,sfp003,2,4,5,0.605593
deepseek14b,faux_pas,sfp003,3,1,2,0.383143
deepseek14b,faux_pas,sfp003,3,2,3,0.286692
deepseek14b,faux_pas,sfp003,3,3,4,0.513584
deepseek14b,faux_pas,sfp003,3,4,5,0.47898
deepseek14b,faux_pas,sfp004,1,1,2,0.605356
deepseek14b,faux_pas,sfp004,1,2,3,0.154506
deepseek14b,faux_pas,sfp004,1,3,4,0.529466
deepseek14b,faux_pas,sfp004,1,4,5,0.259908
deepseek14b,faux_pas,sfp004,2,1,2,0.652767
deepseek14b,faux_pas,sfp004,2,2,3,0.41123
deepseek14b,faux_pas,sfp004,2,3,4,0.507895
deepseek14b,faux_pas,sfp004,2,4,5,0.079045
deepseek14b,faux_pas,sfp004,3,1,2,0.543398
deepseek14b,faux_pas,sfp004,3,2,3,0.407359
deepseek14b,faux_pas,sfp004,3,3,4,0.353997
deepseek14b,faux_pas,sfp004,3,4,5,0.072304
deepseek14b,faux_pas,sfp005,1,1,2,0.304294
deepseek14b,faux_pas,sfp005,1,2,3,0.497325
deepseek14b,faux_pas,sfp005,1,3,4,0.125102
deepseek14b,faux_pas,sfp005,1,4,5,0.152086
deepseek14b,faux_pas,sfp005,2,1,2,0.29539
deepseek14b,faux_pas,sfp005,2,2,3,0.513342
deepseek14b,faux_pas,sfp005,2,3,4,0.01575
deepseek14b,faux_pas,sfp005,2,4,5,0.194662
deepseek14b,faux_pas,sfp005,3,1,2,0.258863
deepseek14b,faux_pas,sfp005,3,2,3,0.31035
deepseek14b,faux_pas,sfp005,3,3,4,0.284451
deepseek14b,faux_pas,sfp005,3,4,5,0.123985
deepseek14b,faux_pas,sfp006,1,1,2,0.672776
deepseek14b,faux_pas,sfp006,1,2,3,0.184554
deepseek14b,faux_pas,sfp006,2,1,2,0.30715
deepseek14b,faux_pas,sfp006,2,2,3,0.216189
deepseek14b,faux_pas,sfp006,3,1,2,0.50864
deepseek14b,faux_pas,sfp006,3,2,3,0.165214
deepseek14b,faux_pas,sfp007,1,1,2,0.128043
deepseek14b,faux_pas,sfp007,1,2,3,0.525446
deepseek14b,faux_pas,sfp007,1,3,4,0.563098
deepseek14b,faux_pas,sfp007,1,4,5,0.179262
deepseek14b,faux_pas,sfp007,2,1,2,0.477219
deepseek14b,faux_pas,sfp007,2,2,3,0.240906
deepseek14b,faux_pas,sfp007,2,3,4,0.584651
deepseek14b,faux_pas,sfp007,2,4,5,0.194378
deepseek14b,faux_pas,sfp007,3,1,2,0.359486
deepseek14b,faux_pas,sfp007,3,2,3,0.333121
deepseek14b,faux_pas,sfp007,3,3,4,0.564713
deepseek14b,faux_pas,sfp007,3,4,5,0.159269
deepseek14b,faux_pas,sfp008,1,1,2,0.387579
deepseek14b,faux_pas,sfp008,1,2,3,0.276645
deepseek14b,faux_pas,sfp008,1,3,4,0.164294
deepseek14b,faux_pas,sfp008,1,4,5,0.446275
deepseek14b,faux_pas,sfp008,1,5,6,0.09367
deepseek14b,faux_pas,sfp008,2,1,2,0.367695
deepseek14b,faux_pas,sfp008,2,2,3,0.359172
deepseek14b,faux_pas,sfp008,2,3,4,0.273919
deepseek14b,faux_pas,sfp008,2,4,5,0.248573
deepseek14b,faux_pas,sfp008,2,5,6,0.155029
deepseek14b,faux_pas,sfp008,3,1,2,0.373619
deepseek14b,faux_pas,sfp008,3,2,3,0.171946
deepseek14b,faux_pas,sfp008,3,3,4,0.235312
deepseek14b,faux_pas,sfp008,3,4,5,0.247212
deepseek14b,faux_pas,sfp008,3,5,6,0.118115
deepseek14b,faux_pas,sfp009,1,1,2,0.334601
deepseek14b,faux_pas,sfp009,1,2,3,0.259915
deepseek14b,faux_pas,sfp009,1,3,4,0.356171
deepseek14b,faux_pas,sfp009,2,1,2,0.571794
deepseek14b,faux_pas,sfp009,2,2,3,0.179395
deepseek14b,faux_pas,sfp009,2,3,4,0.262989
deepseek14b,faux_pas,sfp009,3,1,2,0.758227
deepseek14b,faux_pas,sfp009,3,2,3,0.176054
deepseek14b,faux_pas,sfp009,3,3,4,0.121734
deepseek14b,faux_pas,sfp010,1,1,2,0.533625
deepseek14b,faux_pas,sfp010,1,2,3,0.405523
deepseek14b,faux_pas,sfp010,1,3,4,0.145439
deepseek14b,faux_pas,sfp010,2,1,2,0.35284
deepseek14b,faux_pas,sfp010,2,2,3,0.297251
deepseek14b,faux_pas,sfp010,2,3,4,0.069641
deepseek14b,faux_pas,sfp010,3,1,2,0.622809
deepseek14b,faux_pas,sfp010,3,2,3,0.302042
deepseek14b,faux_pas,sfp010,3,3,4,0.109387
deepseek14b,implicature,swmimp001,1,1,2,0.235977
deepseek14b,implicature,swmimp001,1,2,3,0.619885
deepseek14b,implicature,swmimp001,1,3,4,0.468706
deepseek14b,implicature,swmimp001,1,4,5,0.343079
deepseek14b,implicature,swmimp001,1,5,6,0.719445
deepseek14b,implicature,swmimp001,1,6,7,0.517655
deepseek14b,implicature,swmimp001,1,7,8,0.506131
deepseek14b,implicature,swmimp001,2,1,2,0.166858
deepseek14b,implicature,swmimp001,2,2,3,0.402195
deepseek14b,implicature,swmimp001,2,3,4,0.538935
deepseek14b,implicature,swmimp001,2,4,5,0.401718
deepseek14b,implicature,swmimp001,2,5,6,0.330745
deepseek14b,implicature,swmimp001,2,6,7,0.468595
deepseek14b,implicature,swmimp001,2,7,8,0.474047
deepseek14b,implicature,swmimp001,3,1,2,0.318714
deepseek14b,implicature,swmimp001,3,2,3,0.627746
deepseek14b,implicature,swmimp001,3,3,4,0.0861
deepseek14b,implicature,swmimp001,3,4,5,0.146742
deepseek14b,implicature,swmimp001,3,5,6,0.141015
deepseek14b,implicature,swmimp001,3,6,7,0.188218
deepseek14b,implicature,swmimp001,3,7,8,0.233467
deepseek14b,implicature,swmimp002,1,1,2,0.310084
deepseek14b,implicature,swmimp002,1,2,3,0.348147
deepseek14b,implicature,swmimp002,1,3,4,0.261065
deepseek14b,implicature,swmimp002,1,4,5,0.340731
deepseek14b,implicature,swmimp002,1,5,6,0.695932
deepseek14b,implicature,swmimp002,2,1,2,0.212898
deepseek14b,implicature,swmimp002,2,2,3,0.322979
deepseek14b,implicature,swmimp002,2,3,4,0.426371
deepseek14b,implicature,swmimp002,2,4,5,0.440652
deepseek14b,implicature,swmimp002,2,5,6,0.415952
deepseek14b,implicature,swmimp002,3,1,2,0.684868
deepseek14b,implicature,swmimp002,3,2,3,0.55152
deepseek14b,implicature,swmimp002,3,3,4,0.450557
deepseek14b,implicature,swmimp002,3,4,5,0.376486
deepseek14b,implicature,swmimp002,3,5,6,0.334321
deepseek14b,implicature,swmimp003,1,1,2,0.300494
deepseek14b,implicature,swmimp003,1,2,3,0.270206
deepseek14b,implicature,swmimp003,1,3,4,0.158849
deepseek14b,implicature,swmimp003,2,1,2,0.443407
deepseek14b,implicature,swmimp003,2,2,3,0.440142
deepseek14b,implicature,swmimp003,2,3,4,0.378339
deepseek14b,implicature,swmimp003,3,1,2,0.127975
deepseek14b,implicature,swmimp003,3,2,3,0.196549
deepseek14b,implicature,swmimp003,3,3,4,0.230816
deepseek14b,implicature,swmimp004,1,1,2,0.506697
deepseek14b,implicature,swmimp004,1,2,3,0.687686
deepseek14b,implicature,swmimp004,1,3,4,0.536462
deepseek14b,implicature,swmimp004,1,4,5,0.412366
deepseek14b,implicature,swmimp004,2,1,2,0.365092
deepseek14b,implicature,swmimp004,2,2,3,0.256058
deepseek14b,implicature,swmimp004,2,3,4,0.309098
deepseek14b,implicature,swmimp004,2,4,5,0.210836
deepseek14b,implicature,swmimp004,3,1,2,0.584439
deepseek14b,implicature,swmimp004,3,2,3,0.179595
deepseek14b,implicature,swmimp004,3,3,4,0.109237
deepseek14b,implicature,swmimp004,3,4,5,0.644642
deepseek14b,implicature,swmimp005,1,1,2,0.192507
deepseek14b,implicature,swmimp005,1,2,3,0.314123
deepseek14b,implicature,swmimp005,1,3,4,0.207722
deepseek14b,implicature,swmimp005,1,4,5,0.215213
deepseek14b,implicature,swmimp005,1,5,6,0.292234
deepseek14b,implicature,swmimp005,1,6,7,0.327167
deepseek14b,implicature,swmimp005,2,1,2,0.048294
deepseek14b,implicature,swmimp005,2,2,3,0.189123
deepseek14b,implicature,swmimp005,2,3,4,0.250142
deepseek14b,implicature,swmimp005,2,4,5,0.225419
deepseek14b,implicature,swmimp005,2,5,6,0.216574
deepseek14b,implicature,swmimp005,2,6,7,0.138641
deepseek14b,implicature,swmimp005,3,1,2,0.200523
deepseek14b,implicature,swmimp005,3,2,3,0.227947
deepseek14b,implicature,swmimp005,3,3,4,0.193786
deepseek14b,implicature,swmimp005,3,4,5,0.336612
deepseek14b,implicature,swmimp005,3,5,6,0.500878
deepseek14b,implicature,swmimp005,3,6,7,0.217073
deepseek14b,implicature,swmimp006,1,1,2,0.475338
deepseek14b,implicature,swmimp006,1,2,3,0.22039
deepseek14b,implicature,swmimp006,1,3,4,0.173868
deepseek14b,implicature,swmimp006,2,1,2,0.418012
deepseek14b,implicature,swmimp006,2,2,3,0.543846
deepseek14b,implicature,swmimp006,2,3,4,0.521918
deepseek14b,implicature,swmimp006,3,1,2,0.40156
deepseek14b,implicature,swmimp006,3,2,3,0.197263
deepseek14b,implicature,swmimp006,3,3,4,0.094662
deepseek14b,implicature,swmimp007,1,1,2,0.236609
deepseek14b,implicature,swmimp007,1,2,3,0.197897
deepseek14b,implicature,swmimp007,1,3,4,0.937244
deepseek14b,implicature,swmimp007,1,4,5,1.037411
deepseek14b,implicature,swmimp007,1,5,6,0.150149
deepseek14b,implicature,swmimp007,1,6,7,0.588806
deepseek14b,implicature,swmimp007,1,7,8,0.17234
deepseek14b,implicature,swmimp007,2,1,2,0.419824
deepseek14b,implicature,swmimp007,2,2,3,0.486076
deepseek14b,implicature,swmimp007,2,3,4,0.463315
deepseek14b,implicature,swmimp007,2,4,5,0.287892
deepseek14b,implicature,swmimp007,2,5,6,0.400469
deepseek14b,implicature,swmimp007,2,6,7,0.742798
deepseek14b,implicature,swmimp007,2,7,8,0.131914
deepseek14b,implicature,swmimp007,3,1,2,0.400573
deepseek14b,implicature,swmimp007,3,2,3,0.716526
deepseek14b,implicature,swmimp007,3,3,4,0.647568
deepseek14b,implicature,swmimp007,3,4,5,0.441849
deepseek14b,implicature,swmimp007,3,5,6,0.663947
deepseek14b,implicature,swmimp007,3,6,7,0.502966
deepseek14b,implicature,swmimp007,3,7,8,0.47641
deepseek14b,implicature,swmimp008,1,1,2,0.289348
deepseek14b,implicature,swmimp008,1,2,3,0.100698
deepseek14b,implicature,swmimp008,1,3,4,0.253541
deepseek14b,implicature,swmimp008,1,4,5,0.124431
deepseek14b,implicature,swmimp008,1,5,6,0.368991
deepseek14b,implicature,swmimp008,2,1,2,0.34249
deepseek14b,implicature,swmimp008,2,2,3,0.478428
deepseek14b,implicature,swmimp008,2,3,4,0.162928
deepseek14b,implicature,swmimp008,2,4,5,0.123001
deepseek14b,implicature,swmimp008,2,5,6,0.423435
deepseek14b,implicature,swmimp008,3,1,2,0.101267
deepseek14b,implicature,swmimp008,3,2,3,0.144409
deepseek14b,implicature,swmimp008,3,3,4,0.170654
deepseek14b,implicature,swmimp008,3,4,5,0.082666
deepseek14b,implicature,swmimp008,3,5,6,0.4899
deepseek14b,implicature,swmimp009,1,1,2,0.485565
deepseek14b,implicature,swmimp009,1,2,3,0.625014
deepseek14b,implicature,swmimp009,1,3,4,0.260442
deepseek14b,implicature,swmimp009,1,4,5,0.072253
deepseek14b,implicature,swmimp009,1,5,6,0.181233
deepseek14b,implicature,swmimp009,2,1,2,0.34387
deepseek14b,implicature,swmimp009,2,2,3,0.152512
deepseek14b,implicature,swmimp009,2,3,4,0.323931
deepseek14b,implicature,swmimp009,2,4,5,0.248401
deepseek14b,implicature,swmimp009,2,5,6,0.209316
deepseek14b,implicature,swmimp009,3,1,2,0.123413
deepseek14b,implicature,swmimp009,3,2,3,0.107789
deepseek14b,implicature,swmimp009,3,3,4,0.162068
deepseek14b,implicature,swmimp009,3,4,5,0.096388
deepseek14b,implicature,swmimp009,3,5,6,0.12073
deepseek14b,implicature,swmimp010,1,1,2,0.386859
deepseek14b,implicature,swmimp010,1,2,3,0.369113
deepseek14b,implicature,swmimp010,1,3,4,0.354827
deepseek14b,implicature,swmimp010,1,4,5,0.590459
deepseek14b,implicature,swmimp010,2,1,2,0.416171
deepseek14b,implicature,swmimp010,2,2,3,0.572738
deepseek14b,implicature,swmimp010,2,3,4,0.134784
deepseek14b,implicature,swmimp010,2,4,5,0.665132
deepseek14b,implicature,swmimp010,3,1,2,0.619948
deepseek14b,implicature,swmimp010,3,2,3,0.708957
deepseek14b,implicature,swmimp010,3,3,4,0.61969
deepseek14b,implicature,swmimp010,3,4,5,0.523304
deepseek14b,implicature,swmimp011,1,1,2,0.251646
deepseek14b,implicature,swmimp011,1,2,3,0.086223
deepseek14b,implicature,swmimp011,1,3,4,0.202134
deepseek14b,implicature,swmimp011,1,4,5,0.244878
deepseek14b,implicature,swmimp011,2,1,2,0.541686
deepseek14b,implicature,swmimp011,2,2,3,0.527711
deepseek14b,implicature,swmimp011,2,3,4,0.489712
deepseek14b,implicature,swmimp011,2,4,5,0.467189
deepseek14b,implicature,swmimp011,3,1,2,0.49607
deepseek14b,implicature,swmimp011,3,2,3,0.418252
deepseek14b,implicature,swmimp011,3,3,4,0.164866
deepseek14b,implicature,swmimp011,3,4,5,0.297753
deepseek14b,implicature,swmimp012,1,1,2,0.146917
deepseek14b,implicature,swmimp012,1,2,3,0.083478
deepseek14b,implicature,swmimp012,1,3,4,0.250454
deepseek14b,implicature,swmimp012,2,1,2,0.40111
deepseek14b,implicature,swmimp012,2,2,3,0.386096
deepseek14b,implicature,swmimp012,2,3,4,0.087717
deepseek14b,implicature,swmimp012,3,1,2,0.467786
deepseek14b,implicature,swmimp012,3,2,3,0.160759
deepseek14b,implicature,swmimp012,3,3,4,0.169515
deepseek14b,implicature,swmimp013,1,1,2,0.424704
deepseek14b,implicature,swmimp013,1,2,3,0.27293
deepseek14b,implicature,swmimp013,2,1,2,0.082144
deepseek14b,implicature,swmimp013,2,2,3,0.203566
deepseek14b,implicature,swmimp013,3,1,2,0.19244
deepseek14b,implicature,swmimp013,3,2,3,0.248325
deepseek14b,implicature,swmimp014,1,1,2,0.36814
deepseek14b,implicature,swmimp014,1,2,3,0.231751
deepseek14b,implicature,swmimp014,2,1,2,0.633681
deepseek14b,implicature,swmimp014,2,2,3,0.395832
deepseek14b,implicature,swmimp014,3,1,2,0.439732
deepseek14b,implicature,swmimp014,3,2,3,0.421149
deepseek14b,implicature,swmimp015,1,1,2,0.239382
deepseek14b,implicature,swmimp015,2,1,2,0.449487
deepseek14b,implicature,swmimp015,3,1,2,0.531405
deepseek14b,implicature,swmimp016,1,1,2,0.123538
deepseek14b,implicature,swmimp016,1,2,3,0.340949
deepseek14b,implicature,swmimp016,1,3,4,0.308667
deepseek14b,implicature,swmimp016,1,4,5,0.275474
deepseek14b,implicature,swmimp016,1,5,6,0.454302
deepseek14b,implicature,swmimp016,1,6,7,0.563881
deepseek14b,implicature,swmimp016,1,7,8,0.079036
deepseek14b,implicature,swmimp016,1,8,9,0.195484
deepseek14b,implicature,swmimp016,1,9,10,0.314747
deepseek14b,implicature,swmimp016,2,1,2,0.473905
deepseek14b,implicature,swmimp016,2,2,3,0.242132
deepseek14b,implicature,swmimp016,2,3,4,0.158213
deepseek14b,implicature,swmimp016,2,4,5,0.533405
deepseek14b,implicature,swmimp016,2,5,6,0.455362
deepseek14b,implicature,swmimp016,2,6,7,0.090288
deepseek14b,implicature,swmimp016,2,7,8,0.066733
deepseek14b,implicature,swmimp016,2,8,9,0.143793
deepseek14b,implicature,swmimp016,2,9,10,0.451479
deepseek14b,implicature,swmimp016,3,1,2,0.339612
deepseek14b,implicature,swmimp016,3,2,3,0.188872
deepseek14b,implicature,swmimp016,3,3,4,0.126119
deepseek14b,implicature,swmimp016,3,4,5,0.136066
deepseek14b,implicature,swmimp016,3,5,6,0.252057
deepseek14b,implicature,swmimp016,3,6,7,0.257131
deepseek14b,implicature,swmimp016,3,7,8,0.119474
deepseek14b,implicature,swmimp016,3,8,9,0.27367
deepseek14b,implicature,swmimp016,3,9,10,0.167272
deepseek14b,implicature,swmimp017,1,1,2,0.109781
deepseek14b,implicature,swmimp017,1,2,3,0.656422
deepseek14b,implicature,swmimp017,1,3,4,0.616519
deepseek14b,implicature,swmimp017,2,1,2,0.373016
deepseek14b,implicature,swmimp017,2,2,3,0.535647
deepseek14b,implicature,swmimp017,2,3,4,0.13239
deepseek14b,implicature,swmimp017,3,1,2,0.119664
deepseek14b,implicature,swmimp017,3,2,3,0.650049
deepseek14b,implicature,swmimp017,3,3,4,0.574335
deepseek14b,implicature,swmimp018,1,1,2,0.46918
deepseek14b,implicature,swmimp018,1,2,3,0.116207
deepseek14b,implicature,swmimp018,2,1,2,0.108297
deepseek14b,implicature,swmimp018,2,2,3,0.042195
deepseek14b,implicature,swmimp018,3,1,2,0.080137
deepseek14b,implicature,swmimp018,3,2,3,0.296649
deepseek14b,implicature,swmimp019,1,1,2,0.481944
deepseek14b,implicature,swmimp019,1,2,3,0.23229
deepseek14b,implicature,swmimp019,1,3,4,0.120564
deepseek14b,implicature,swmimp019,1,4,5,0.193009
deepseek14b,implicature,swmimp019,2,1,2,0.497666
deepseek14b,implicature,swmimp019,2,2,3,0.606969
deepseek14b,implicature,swmimp019,2,3,4,0.580824
deepseek14b,implicature,swmimp019,2,4,5,0.216759
deepseek14b,implicature,swmimp019,3,1,2,0.208846
deepseek14b,implicature,swmimp019,3,2,3,0.097532
deepseek14b,implicature,swmimp019,3,3,4,0.123037
deepseek14b,implicature,swmimp019,3,4,5,0.093543
deepseek14b,implicature,swmimp020,1,1,2,0.59679
deepseek14b,implicature,swmimp020,1,2,3,0.171796
deepseek14b,implicature,swmimp020,1,3,4,0.609538
deepseek14b,implicature,swmimp020,2,1,2,0.204873
deepseek14b,implicature,swmimp020,2,2,3,0.289661
deepseek14b,implicature,swmimp020,2,3,4,0.265822
deepseek14b,implicature,swmimp020,3,1,2,0.165155
deepseek14b,implicature,swmimp020,3,2,3,0.119907
deepseek14b,implicature,swmimp020,3,3,4,0.306491
deepseek14b,implicature,swmimp021,1,1,2,0.18273
deepseek14b,implicature,swmimp021,2,1,2,0.238099
deepseek14b,implicature,swmimp021,3,1,2,0.454346
deepseek14b,implicature,swmimp022,1,1,2,0.175899
deepseek14b,implicature,swmimp022,1,2,3,0.429341
deepseek14b,implicature,swmimp022,1,3,4,0.295062
deepseek14b,implicature,swmimp022,2,1,2,0.410607
deepseek14b,implicature,swmimp022,2,2,3,0.317698
deepseek14b,implicature,swmimp022,2,3,4,0.393716
deepseek14b,implicature,swmimp022,3,1,2,0.358088
deepseek14b,implicature,swmimp022,3,2,3,0.248005
deepseek14b,implicature,swmimp022,3,3,4,0.373139
deepseek14b,implicature,swmimp023,1,1,2,0.161678
deepseek14b,implicature,swmimp023,1,2,3,0.136284
deepseek14b,implicature,swmimp023,2,1,2,0.172835
deepseek14b,implicature,swmimp023,2,2,3,0.067765
deepseek14b,implicature,swmimp023,3,1,2,0.325547
deepseek14b,implicature,swmimp023,3,2,3,0.285216
deepseek14b,implicature,swmimp024,1,1,2,0.100164
deepseek14b,implicature,swmimp024,1,2,3,0.30738
deepseek14b,implicature,swmimp024,1,3,4,0.326811
deepseek14b,implicature,swmimp024,1,4,5,0.24651
deepseek14b,implicature,swmimp024,2,1,2,0.217023
deepseek14b,implicature,swmimp024,2,2,3,0.244522
deepseek14b,implicature,swmimp024,2,3,4,0.196452
deepseek14b,implicature,swmimp024,2,4,5,0.340045
deepseek14b,implicature,swmimp024,3,1,2,0.128887
deepseek14b,implicature,swmimp024,3,2,3,0.167783
deepseek14b,implicature,swmimp024,3,3,4,0.23714
deepseek14b,implicature,swmimp024,3,4,5,0.555959
deepseek14b,implicature,swmimp025,1,1,2,0.43674
deepseek14b,implicature,swmimp025,1,2,3,0.190632
deepseek14b,implicature,swmimp025,1,3,4,0.678202
deepseek14b,implicature,swmimp025,1,4,5,0.670104
deepseek14b,implicature,swmimp025,1,5,6,0.511092
deepseek14b,implicature,swmimp025,2,1,2,0.485704
deepseek14b,implicature,swmimp025,2,2,3,0.35276
deepseek14b,implicature,swmimp025,2,3,4,0.283929
deepseek14b,implicature,swmimp025,2,4,5,0.444233
deepseek14b,implicature,swmimp025,2,5,6,0.409937
deepseek14b,implicature,swmimp025,3,1,2,0.345208
deepseek14b,implicature,swmimp025,3,2,3,0.229388
deepseek14b,implicature,swmimp025,3,3,4,0.334211
deepseek14b,implicature,swmimp025,3,4,5,0.349991
deepseek14b,implicature,swmimp025,3,5,6,0.489717
deepseek14b,implicature,swmimp026,1,1,2,0.339736
deepseek14b,implicature,swmimp026,1,2,3,0.204434
deepseek14b,implicature,swmimp026,1,3,4,0.333124
deepseek14b,implicature,swmimp026,1,4,5,0.546729
deepseek14b,implicature,swmimp026,2,1,2,0.487108
deepseek14b,implicature,swmimp026,2,2,3,0.686319
deepseek14b,implicature,swmimp026,2,3,4,0.642652
deepseek14b,implicature,swmimp026,2,4,5,0.312842
deepseek14b,implicature,swmimp026,3,1,2,0.187238
deepseek14b,implicature,swmimp026,3,2,3,0.193951
deepseek14b,implicature,swmimp026,3,3,4,0.250145
deepseek14b,implicature,swmimp026,3,4,5,0.733445
deepseek14b,implicature,swmimp027,1,1,2,0.389016
deepseek14b,implicature,swmimp027,1,2,3,0.456731
deepseek14b,implicature,swmimp027,2,1,2,0.514302
deepseek14b,implicature,swmimp027,2,2,3,0.318749
deepseek14b,implicature,swmimp027,3,1,2,0.063813
deepseek14b,implicature,swmimp027,3,2,3,0.356436
deepseek14b,implicature,swmimp028,1,1,2,0.219453
deepseek14b,implicature,swmimp028,1,2,3,0.273998
deepseek14b,implicature,swmimp028,1,3,4,0.073025
deepseek14b,implicature,swmimp028,1,4,5,0.080832
deepseek14b,implicature,swmimp028,1,5,6,0.084412
deepseek14b,implicature,swmimp028,1,6,7,0.464612
deepseek14b,implicature,swmimp028,2,1,2,0.307346
deepseek14b,implicature,swmimp028,2,2,3,0.088938
deepseek14b,implicature,swmimp028,2,3,4,0.201986
deepseek14b,implicature,swmimp028,2,4,5,0.064413
deepseek14b,implicature,swmimp028,2,5,6,0.426412
deepseek14b,implicature,swmimp028,2,6,7,0.130245
deepseek14b,implicature,swmimp028,3,1,2,0.223744
deepseek14b,implicature,swmimp028,3,2,3,0.176419
deepseek14b,implicature,swmimp028,3,3,4,0.326753
deepseek14b,implicature,swmimp028,3,4,5,0.290084
deepseek14b,implicature,swmimp028,3,5,6,0.157519
deepseek14b,implicature,swmimp028,3,6,7,0.552269
deepseek14b,implicature,swmimp029,1,1,2,0.435178
deepseek14b,implicature,swmimp029,1,2,3,0.419107
deepseek14b,implicature,swmimp029,1,3,4,0.116198
deepseek14b,implicature,swmimp029,2,1,2,0.454754
deepseek14b,implicature,swmimp029,2,2,3,0.448444
deepseek14b,implicature,swmimp029,2,3,4,0.130299
deepseek14b,implicature,swmimp029,3,1,2,0.07871
deepseek14b,implicature,swmimp029,3,2,3,0.178049
deepseek14b,implicature,swmimp029,3,3,4,0.288476
deepseek14b,implicature,swmimp030,1,1,2,0.045831
deepseek14b,implicature,swmimp030,1,2,3,0.243512
deepseek14b,implicature,swmimp030,1,3,4,0.399344
deepseek14b,implicature,swmimp030,2,1,2,0.170468
deepseek14b,implicature,swmimp030,2,2,3,0.238903
deepseek14b,implicature,swmimp030,2,3,4,0.145927
deepseek14b,implicature,swmimp030,3,1,2,0.221687
deepseek14b,implicature,swmimp030,3,2,3,0.202213
deepseek14b,implicature,swmimp030,3,3,4,0.129701
deepseek14b,implicature,swmimp031,1,1,2,0.320521
deepseek14b,implicature,swmimp031,1,2,3,0.270332
deepseek14b,implicature,swmimp031,1,3,4,0.045913
deepseek14b,implicature,swmimp031,1,4,5,0.175999
deepseek14b,implicature,swmimp031,1,5,6,0.619592
deepseek14b,implicature,swmimp031,1,6,7,0.614357
deepseek14b,implicature,swmimp031,1,7,8,0.374458
deepseek14b,implicature,swmimp031,2,1,2,0.271477
deepseek14b,implicature,swmimp031,2,2,3,0.339918
deepseek14b,implicature,swmimp031,2,3,4,0.246814
deepseek14b,implicature,swmimp031,2,4,5,0.184109
deepseek14b,implicature,swmimp031,2,5,6,0.692758
deepseek14b,implicature,swmimp031,2,6,7,0.678006
deepseek14b,implicature,swmimp031,2,7,8,0.520059
deepseek14b,implicature,swmimp031,3,1,2,0.173028
deepseek14b,implicature,swmimp031,3,2,3,0.324519
deepseek14b,implicature,swmimp031,3,3,4,0.202957
deepseek14b,implicature,swmimp031,3,4,5,0.176475
deepseek14b,implicature,swmimp031,3,5,6,0.304671
deepseek14b,implicature,swmimp031,3,6,7,0.37906
deepseek14b,implicature,swmimp031,3,7,8,0.442861
deepseek14b,implicature,swmimp032,1,1,2,0.153646
deepseek14b,implicature,swmimp032,1,2,3,0.17774
deepseek14b,implicature,swmimp032,1,3,4,0.2544
deepseek14b,implicature,swmimp032,1,4,5,0.063878
deepseek14b,implicature,swmimp032,1,5,6,0.361108
deepseek14b,implicature,swmimp032,1,6,7,0.16608
deepseek14b,implicature,swmimp032,2,1,2,0.118155
deepseek14b,implicature,swmimp032,2,2,3,0.144087
deepseek14b,implicature,swmimp032,2,3,4,0.292411
deepseek14b,implicature,swmimp032,2,4,5,0.307014
deepseek14b,implicature,swmimp032,2,5,6,0.475221
deepseek14b,implicature,swmimp032,2,6,7,0.532601
deepseek14b,implicature,swmimp032,3,1,2,0.722352
deepseek14b,implicature,swmimp032,3,2,3,0.635404
deepseek14b,implicature,swmimp032,3,3,4,0.441279
deepseek14b,implicature,swmimp032,3,4,5,0.381345
deepseek14b,implicature,swmimp032,3,5,6,0.604946
deepseek14b,implicature,swmimp032,3,6,7,0.607388
deepseek14b,implicature,swmimp033,1,1,2,0.482146
deepseek14b,implicature,swmimp033,1,2,3,0.322602
deepseek14b,implicature,swmimp033,1,3,4,0.248177
deepseek14b,implicature,swmimp033,1,4,5,0.1828
deepseek14b,implicature,swmimp033,2,1,2,0.307774
deepseek14b,implicature,swmimp033,2,2,3,0.3346
deepseek14b,implicature,swmimp033,2,3,4,0.351683
deepseek14b,implicature,swmimp033,2,4,5,0.437834
deepseek14b,implicature,swmimp033,3,1,2,0.134673
deepseek14b,implicature,swmimp033,3,2,3,0.367079
deepseek14b,implicature,swmimp033,3,3,4,0.137328
deepseek14b,implicature,swmimp033,3,4,5,0.292938
deepseek14b,implicature,swmimp034,1,1,2,0.227309
deepseek14b,implicature,swmimp034,1,2,3,0.194257
deepseek14b,implicature,swmimp034,2,1,2,0.245647
deepseek14b,implicature,swmimp034,2,2,3,0.262286
deepseek14b,implicature,swmimp034,3,1,2,0.199683
deepseek14b,implicature,swmimp034,3,2,3,0.151344
deepseek14b,implicature,swmimp035,1,1,2,0.315211
deepseek14b,implicature,swmimp035,1,2,3,0.287735
deepseek14b,implicature,swmimp035,1,3,4,0.328481
deepseek14b,implicature,swmimp035,1,4,5,0.306406
deepseek14b,implicature,swmimp035,2,1,2,0.301809
deepseek14b,implicature,swmimp035,2,2,3,0.270517
deepseek14b,implicature,swmimp035,2,3,4,0.183992
deepseek14b,implicature,swmimp035,2,4,5,0.492555
deepseek14b,implicature,swmimp035,3,1,2,0.16786
deepseek14b,implicature,swmimp035,3,2,3,0.169022
deepseek14b,implicature,swmimp035,3,3,4,0.244211
deepseek14b,implicature,swmimp035,3,4,5,0.25755
deepseek14b,implicature,swmimp036,1,1,2,0.205104
deepseek14b,implicature,swmimp036,1,2,3,0.294322
deepseek14b,implicature,swmimp036,1,3,4,0.018524
deepseek14b,implicature,swmimp036,1,4,5,0.704387
deepseek14b,implicature,swmimp036,1,5,6,0.611542
deepseek14b,implicature,swmimp036,2,1,2,0.650502
deepseek14b,implicature,swmimp036,2,2,3,0.643009
deepseek14b,implicature,swmimp036,2,3,4,0.123857
deepseek14b,implicature,swmimp036,2,4,5,0.268979
deepseek14b,implicature,swmimp036,2,5,6,0.170378
deepseek14b,implicature,swmimp036,3,1,2,0.270199
deepseek14b,implicature,swmimp036,3,2,3,0.247532
deepseek14b,implicature,swmimp036,3,3,4,0.606454
deepseek14b,implicature,swmimp036,3,4,5,0.691533
deepseek14b,implicature,swmimp036,3,5,6,0.039924
deepseek14b,implicature,swmimp037,1,1,2,0.262621
deepseek14b,implicature,swmimp037,1,2,3,0.394617
deepseek14b,implicature,swmimp037,1,3,4,0.481867
deepseek14b,implicature,swmimp037,1,4,5,0.185688
deepseek14b,implicature,swmimp037,2,1,2,0.366601
deepseek14b,implicature,swmimp037,2,2,3,0.104764
deepseek14b,implicature,swmimp037,2,3,4,0.257335
deepseek14b,implicature,swmimp037,2,4,5,0.648157
deepseek14b,implicature,swmimp037,3,1,2,0.174509
deepseek14b,implicature,swmimp037,3,2,3,0.335783
deepseek14b,implicature,swmimp037,3,3,4,0.149143
deepseek14b,implicature,swmimp037,3,4,5,0.387918
deepseek14b,implicature,swmimp038,1,1,2,0.257005
deepseek14b,implicature,swmimp038,1,2,3,0.452259
deepseek14b,implicature,swmimp038,1,3,4,0.461948
deepseek14b,implicature,swmimp038,1,4,5,0.370047
deepseek14b,implicature,swmimp038,1,5,6,0.431545
deepseek14b,implicature,swmimp038,1,6,7,0.581338
deepseek14b,implicature,swmimp038,2,1,2,0.26693
deepseek14b,implicature,swmimp038,2,2,3,0.304961
deepseek14b,implicature,swmimp038,2,3,4,0.225848
deepseek14b,implicature,swmimp038,2,4,5,0.173288
deepseek14b,implicature,swmimp038,2,5,6,0.312903
deepseek14b,implicature,swmimp038,2,6,7,0.349398
deepseek14b,implicature,swmimp038,3,1,2,0.360219
deepseek14b,implicature,swmimp038,3,2,3,0.188419
deepseek14b,implicature,swmimp038,3,3,4,0.199544
deepseek14b,implicature,swmimp038,3,4,5,0.274546
deepseek14b,implicature,swmimp038,3,5,6,0.178462
deepseek14b,implicature,swmimp038,3,6,7,0.260435
deepseek14b,implicature,swmimp039,1,1,2,0.199351
deepseek14b,implicature,swmimp039,1,2,3,0.433764
deepseek14b,implicature,swmimp039,1,3,4,0.417269
deepseek14b,implicature,swmimp039,1,4,5,0.696589
deepseek14b,implicature,swmimp039,1,5,6,0.674322
deepseek14b,implicature,swmimp039,2,1,2,0.399398
deepseek14b,implicature,swmimp039,2,2,3,0.24433
deepseek14b,implicature,swmimp039,2,3,4,0.194447
deepseek14b,implicature,swmimp039,2,4,5,0.565623
deepseek14b,implicature,swmimp039,2,5,6,0.202383
deepseek14b,implicature,swmimp039,3,1,2,0.23534
deepseek14b,implicature,swmimp039,3,2,3,0.357589
deepseek14b,implicature,swmimp039,3,3,4,0.442368
deepseek14b,implicature,swmimp039,3,4,5,0.671889
deepseek14b,implicature,swmimp039,3,5,6,0.313501
deepseek14b,implicature,swmimp040,1,1,2,0.251522
deepseek14b,implicature,swmimp040,1,2,3,0.208677
deepseek14b,implicature,swmimp040,1,3,4,0.188232
deepseek14b,implicature,swmimp040,1,4,5,0.596968
deepseek14b,implicature,swmimp040,2,1,2,0.131486
deepseek14b,implicature,swmimp040,2,2,3,0.413112
deepseek14b,implicature,swmimp040,2,3,4,0.346856
deepseek14b,implicature,swmimp040,2,4,5,0.526081
deepseek14b,implicature,swmimp040,3,1,2,0.387383
deepseek14b,implicature,swmimp040,3,2,3,0.832255
deepseek14b,implicature,swmimp040,3,3,4,0.560967
deepseek14b,implicature,swmimp040,3,4,5,0.062292
deepseek14b,implicature,swmimp041,1,1,2,0.452899
deepseek14b,implicature,swmimp041,1,2,3,0.461612
deepseek14b,implicature,swmimp041,1,3,4,0.422734
deepseek14b,implicature,swmimp041,1,4,5,0.139726
deepseek14b,implicature,swmimp041,2,1,2,0.316877
deepseek14b,implicature,swmimp041,2,2,3,0.234526
deepseek14b,implicature,swmimp041,2,3,4,0.418319
deepseek14b,implicature,swmimp041,2,4,5,0.461693
deepseek14b,implicature,swmimp041,3,1,2,0.321866
deepseek14b,implicature,swmimp041,3,2,3,0.355979
deepseek14b,implicature,swmimp041,3,3,4,0.232808
deepseek14b,implicature,swmimp041,3,4,5,0.329974
deepseek14b,implicature,swmimp042,1,1,2,0.336278
deepseek14b,implicature,swmimp042,1,2,3,0.265043
deepseek14b,implicature,swmimp042,1,3,4,0.390736
deepseek14b,implicature,swmimp042,2,1,2,0.225217
deepseek14b,implicature,swmimp042,2,2,3,0.270075
deepseek14b,implicature,swmimp042,2,3,4,0.648785
deepseek14b,implicature,swmimp042,3,1,2,0.297186
deepseek14b,implicature,swmimp042,3,2,3,0.404555
deepseek14b,implicature,swmimp042,3,3,4,0.28086
deepseek14b,implicature,swmimp043,1,1,2,0.381507
deepseek14b,implicature,swmimp043,1,2,3,0.251622
deepseek14b,implicature,swmimp043,2,1,2,0.31241
deepseek14b,implicature,swmimp043,2,2,3,0.177159
deepseek14b,implicature,swmimp043,3,1,2,0.274122
deepseek14b,implicature,swmimp043,3,2,3,0.177278
deepseek14b,implicature,swmimp044,1,1,2,0.170072
deepseek14b,implicature,swmimp044,1,2,3,0.179447
deepseek14b,implicature,swmimp044,1,3,4,0.374989
deepseek14b,implicature,swmimp044,1,4,5,0.179152
deepseek14b,implicature,swmimp044,1,5,6,0.044539
deepseek14b,implicature,swmimp044,2,1,2,0.245216
deepseek14b,implicature,swmimp044,2,2,3,0.375931
deepseek14b,implicature,swmimp044,2,3,4,0.275761
deepseek14b,implicature,swmimp044,2,4,5,0.109569
deepseek14b,implicature,swmimp044,2,5,6,0.47943
deepseek14b,implicature,swmimp044,3,1,2,0.448214
deepseek14b,implicature,swmimp044,3,2,3,0.441863
deepseek14b,implicature,swmimp044,3,3,4,0.604357
deepseek14b,implicature,swmimp044,3,4,5,0.441515
deepseek14b,implicature,swmimp044,3,5,6,0.479771
deepseek14b,implicature,swmimp045,1,1,2,0.428676
deepseek14b,implicature,swmimp045,1,2,3,0.638715
deepseek14b,implicature,swmimp045,1,3,4,0.237939
deepseek14b,implicature,swmimp045,1,4,5,0.09449
deepseek14b,implicature,swmimp045,2,1,2,0.214795
deepseek14b,implicature,swmimp045,2,2,3,0.1486
deepseek14b,implicature,swmimp045,2,3,4,0.303416
deepseek14b,implicature,swmimp045,2,4,5,0.270086
deepseek14b,implicature,swmimp045,3,1,2,0.625512
deepseek14b,implicature,swmimp045,3,2,3,0.17268
deepseek14b,implicature,swmimp045,3,3,4,0.517484
deepseek14b,implicature,swmimp045,3,4,5,0.226889
deepseek14b,implicature,swmimp046,1,1,2,0.249277
deepseek14b,implicature,swmimp046,1,2,3,0.081855
deepseek14b,implicature,swmimp046,1,3,4,0.124941
deepseek14b,implicature,swmimp046,1,4,5,0.218256
deepseek14b,implicature,swmimp046,1,5,6,0.260611
deepseek14b,implicature,swmimp046,2,1,2,0.427942
deepseek14b,implicature,swmimp046,2,2,3,0.504388
deepseek14b,implicature,swmimp046,2,3,4,0.462198
deepseek14b,implicature,swmimp046,2,4,5,0.298525
deepseek14b,implicature,swmimp046,2,5,6,0.254325
deepseek14b,implicature,swmimp046,3,1,2,0.455373
deepseek14b,implicature,swmimp046,3,2,3,0.219851
deepseek14b,implicature,swmimp046,3,3,4,0.266962
deepseek14b,implicature,swmimp046,3,4,5,0.261879
deepseek14b,implicature,swmimp046,3,5,6,0.096819
deepseek14b,implicature,swmimp047,1,1,2,0.13416
deepseek14b,implicature,swmimp047,1,2,3,0.157692
deepseek14b,implicature,swmimp047,1,3,4,0.515165
deepseek14b,implicature,swmimp047,2,1,2,0.405242
deepseek14b,implicature,swmimp047,2,2,3,0.433364
deepseek14b,implicature,swmimp047,2,3,4,0.438617
deepseek14b,implicature,swmimp047,3,1,2,0.530312
deepseek14b,implicature,swmimp047,3,2,3,0.554948
deepseek14b,implicature,swmimp047,3,3,4,0.46468
deepseek14b,implicature,swmimp048,1,1,2,0.547717
deepseek14b,implicature,swmimp048,1,2,3,0.255986
deepseek14b,implicature,swmimp048,1,3,4,0.099024
deepseek14b,implicature,swmimp048,1,4,5,0.467952
deepseek14b,implicature,swmimp048,2,1,2,0.250195
deepseek14b,implicature,swmimp048,2,2,3,0.155944
deepseek14b,implicature,swmimp048,2,3,4,0.257166
deepseek14b,implicature,swmimp048,2,4,5,0.326159
deepseek14b,implicature,swmimp048,3,1,2,0.182586
deepseek14b,implicature,swmimp048,3,2,3,0.129681
deepseek14b,implicature,swmimp048,3,3,4,0.554359
deepseek14b,implicature,swmimp048,3,4,5,0.602521
deepseek14b,implicature,swmimp049,1,1,2,0.534105
deepseek14b,implicature,swmimp049,1,2,3,0.062306
deepseek14b,implicature,swmimp049,1,3,4,0.179031
deepseek14b,implicature,swmimp049,1,4,5,0.436402
deepseek14b,implicature,swmimp049,2,1,2,0.269841
deepseek14b,implicature,swmimp049,2,2,3,0.243991
deepseek14b,implicature,swmimp049,2,3,4,0.264855
deepseek14b,implicature,swmimp049,2,4,5,0.434094
deepseek14b,implicature,swmimp049,3,1,2,0.348272
deepseek14b,implicature,swmimp049,3,2,3,0.212007
deepseek14b,implicature,swmimp049,3,3,4,0.122673
deepseek14b,implicature,swmimp049,3,4,5,0.127088
deepseek14b,implicature,swmimp050,1,1,2,0.32726
deepseek14b,implicature,swmimp050,1,2,3,0.247773
deepseek14b,implicature,swmimp050,1,3,4,0.114662
deepseek14b,implicature,swmimp050,1,4,5,0.326012
deepseek14b,implicature,swmimp050,1,5,6,0.339656
deepseek14b,implicature,swmimp050,2,1,2,0.417357
deepseek14b,implicature,swmimp050,2,2,3,0.360251
deepseek14b,implicature,swmimp050,2,3,4,0.460033
deepseek14b,implicature,swmimp050,2,4,5,0.192288
deepseek14b,implicature,swmimp050,2,5,6,0.607205
deepseek14b,implicature,swmimp050,3,1,2,0.380008
deepseek14b,implicature,swmimp050,3,2,3,0.335305
deepseek14b,implicature,swmimp050,3,3,4,0.309617
deepseek14b,implicature,swmimp050,3,4,5,0.260686
deepseek14b,implicature,swmimp050,3,5,6,0.340342
deepseek14b,implicature,swmimp051,1,1,2,0.242851
deepseek14b,implicature,swmimp051,1,2,3,0.532443
deepseek14b,implicature,swmimp051,1,3,4,0.572715
deepseek14b,implicature,swmimp051,1,4,5,0.308029
deepseek14b,implicature,swmimp051,1,5,6,0.205198
deepseek14b,implicature,swmimp051,2,1,2,0.428153
deepseek14b,implicature,swmimp051,2,2,3,0.161668
deepseek14b,implicature,swmimp051,2,3,4,0.265701
deepseek14b,implicature,swmimp051,2,4,5,0.351173
deepseek14b,implicature,swmimp051,2,5,6,0.384184
deepseek14b,implicature,swmimp051,3,1,2,0.396132
deepseek14b,implicature,swmimp051,3,2,3,0.34004
deepseek14b,implicature,swmimp051,3,3,4,0.219831
deepseek14b,implicature,swmimp051,3,4,5,0.120057
deepseek14b,implicature,swmimp051,3,5,6,0.061652
deepseek14b,implicature,swmimp052,1,1,2,0.304397
deepseek14b,implicature,swmimp052,1,2,3,0.696468
deepseek14b,implicature,swmimp052,1,3,4,0.632826
deepseek14b,implicature,swmimp052,1,4,5,0.337463
deepseek14b,implicature,swmimp052,2,1,2,0.200438
deepseek14b,implicature,swmimp052,2,2,3,0.302473
deepseek14b,implicature,swmimp052,2,3,4,0.296552
deepseek14b,implicature,swmimp052,2,4,5,0.344162
deepseek14b,implicature,swmimp052,3,1,2,0.262033
deepseek14b,implicature,swmimp052,3,2,3,0.188698
deepseek14b,implicature,swmimp052,3,3,4,0.160864
deepseek14b,implicature,swmimp052,3,4,5,0.358474
deepseek14b,implicature,swmimp053,1,1,2,0.353386
deepseek14b,implicature,swmimp053,1,2,3,0.320147
deepseek14b,implicature,swmimp053,1,3,4,0.272909
deepseek14b,implicature,swmimp053,1,4,5,0.287041
deepseek14b,implicature,swmimp053,1,5,6,0.202942
deepseek14b,implicature,swmimp053,1,6,7,0.22228
deepseek14b,implicature,swmimp053,2,1,2,0.474754
deepseek14b,implicature,swmimp053,2,2,3,0.252642
deepseek14b,implicature,swmimp053,2,3,4,0.735073
deepseek14b,implicature,swmimp053,2,4,5,0.656256
deepseek14b,implicature,swmimp053,2,5,6,0.512545
deepseek14b,implicature,swmimp053,2,6,7,0.413816
deepseek14b,implicature,swmimp053,3,1,2,0.114092
deepseek14b,implicature,swmimp053,3,2,3,0.391632
deepseek14b,implicature,swmimp053,3,3,4,0.385825
deepseek14b,implicature,swmimp053,3,4,5,0.481928
deepseek14b,implicature,swmimp053,3,5,6,0.522447
deepseek14b,implicature,swmimp053,3,6,7,0.18582
deepseek14b,implicature,swmimp054,1,1,2,0.49999
deepseek14b,implicature,swmimp054,2,1,2,0.579456
deepseek14b,implicature,swmimp054,3,1,2,0.384286
deepseek14b,implicature,swmimp055,1,1,2,0.070361
deepseek14b,implicature,swmimp055,1,2,3,0.327568
deepseek14b,implicature,swmimp055,1,3,4,0.31115
deepseek14b,implicature,swmimp055,1,4,5,0.303871
deepseek14b,implicature,swmimp055,1,5,6,0.42449
deepseek14b,implicature,swmimp055,2,1,2,0.628997
deepseek14b,implicature,swmimp055,2,2,3,0.271393
deepseek14b,implicature,swmimp055,2,3,4,0.618463
deepseek14b,implicature,swmimp055,2,4,5,0.334598
deepseek14b,implicature,swmimp055,2,5,6,0.289327
deepseek14b,implicature,swmimp055,3,1,2,0.391049
deepseek14b,implicature,swmimp055,3,2,3,0.1933
deepseek14b,implicature,swmimp055,3,3,4,0.208215
deepseek14b,implicature,swmimp055,3,4,5,0.513649
deepseek14b,implicature,swmimp055,3,5,6,0.06512
deepseek14b,implicature,swmimp056,1,1,2,0.568069
deepseek14b,implicature,swmimp056,1,2,3,0.384083
deepseek14b,implicature,swmimp056,1,3,4,0.164925
deepseek14b,implicature,swmimp056,1,4,5,0.374108
deepseek14b,implicature,swmimp056,1,5,6,0.144014
deepseek14b,implicature,swmimp056,1,6,7,0.567193
deepseek14b,implicature,swmimp056,2,1,2,0.364353
deepseek14b,implicature,swmimp056,2,2,3,0.619703
deepseek14b,implicature,swmimp056,2,3,4,0.615349
deepseek14b,implicature,swmimp056,2,4,5,0.186657
deepseek14b,implicature,swmimp056,2,5,6,0.269981
deepseek14b,implicature,swmimp056,2,6,7,0.328168
deepseek14b,implicature,swmimp056,3,1,2,0.36997
deepseek14b,implicature,swmimp056,3,2,3,0.598516
deepseek14b,implicature,swmimp056,3,3,4,0.117736
deepseek14b,implicature,swmimp056,3,4,5,0.64219
deepseek14b,implicature,swmimp056,3,5,6,0.265265
deepseek14b,implicature,swmimp056,3,6,7,0.63074
deepseek14b,implicature,swmimp057,1,1,2,0.595509
deepseek14b,implicature,swmimp057,1,2,3,0.667815
deepseek14b,implicature,swmimp057,1,3,4,0.187696
deepseek14b,implicature,swmimp057,2,1,2,0.331107
deepseek14b,implicature,swmimp057,2,2,3,0.205367
deepseek14b,implicature,swmimp057,2,3,4,0.263335
deepseek14b,implicature,swmimp057,3,1,2,1.045303
deepseek14b,implicature,swmimp057,3,2,3,0.365051
deepseek14b,implicature,swmimp057,3,3,4,0.260848
deepseek14b,implicature,swmimp058,1,1,2,0.509089
deepseek14b,implicature,swmimp058,1,2,3,0.339321
deepseek14b,implicature,swmimp058,1,3,4,0.660913
deepseek14b,implicature,swmimp058,2,1,2,0.264988
deepseek14b,implicature,swmimp058,2,2,3,0.17448
deepseek14b,implicature,swmimp058,2,3,4,0.48149
deepseek14b,implicature,swmimp058,3,1,2,0.183245
deepseek14b,implicature,swmimp058,3,2,3,0.100849
deepseek14b,implicature,swmimp058,3,3,4,0.19801
deepseek14b,implicature,swmimp059,1,1,2,0.159861
deepseek14b,implicature,swmimp059,1,2,3,0.13815
deepseek14b,implicature,swmimp059,1,3,4,0.182889
deepseek14b,implicature,swmimp059,1,4,5,0.201568
deepseek14b,implicature,swmimp059,2,1,2,0.278924
deepseek14b,implicature,swmimp059,2,2,3,0.157387
deepseek14b,implicature,swmimp059,2,3,4,0.485231
deepseek14b,implicature,swmimp059,2,4,5,0.240392
deepseek14b,implicature,swmimp059,3,1,2,0.149763
deepseek14b,implicature,swmimp059,3,2,3,0.241771
deepseek14b,implicature,swmimp059,3,3,4,0.204052
deepseek14b,implicature,swmimp059,3,4,5,0.184805
deepseek14b,implicature,swmimp060,1,1,2,0.179161
deepseek14b,implicature,swmimp060,1,2,3,0.500788
deepseek14b,implicature,swmimp060,1,3,4,0.246857
deepseek14b,implicature,swmimp060,2,1,2,0.317472
deepseek14b,implicature,swmimp060,2,2,3,0.220233
deepseek14b,implicature,swmimp060,2,3,4,0.173205
deepseek14b,implicature,swmimp060,3,1,2,0.320144
deepseek14b,implicature,swmimp060,3,2,3,0.256045
deepseek14b,implicature,swmimp060,3,3,4,0.13621
deepseek14b,implicature,swmimp061,1,1,2,0.227077
deepseek14b,implicature,swmimp061,1,2,3,0.178279
deepseek14b,implicature,swmimp061,2,1,2,0.589713
deepseek14b,implicature,swmimp061,2,2,3,0.39323
deepseek14b,implicature,swmimp061,3,1,2,0.384765
deepseek14b,implicature,swmimp061,3,2,3,0.256254
deepseek14b,implicature,swmimp062,1,1,2,0.15036
deepseek14b,implicature,swmimp062,1,2,3,0.180171
deepseek14b,implicature,swmimp062,1,3,4,0.122245
deepseek14b,implicature,swmimp062,2,1,2,0.249789
deepseek14b,implicature,swmimp062,2,2,3,0.183469
deepseek14b,implicature,swmimp062,2,3,4,0.365016
deepseek14b,implicature,swmimp062,3,1,2,0.191054
deepseek14b,implicature,swmimp062,3,2,3,0.279976
deepseek14b,implicature,swmimp062,3,3,4,0.620569
deepseek14b,implicature,swmimp063,1,1,2,0.261908
deepseek14b,implicature,swmimp063,1,2,3,0.254494
deepseek14b,implicature,swmimp063,1,3,4,0.241408
deepseek14b,implicature,swmimp063,1,4,5,0.171592
deepseek14b,implicature,swmimp063,2,1,2,0.336241
deepseek14b,implicature,swmimp063,2,2,3,0.333669
deepseek14b,implicature,swmimp063,2,3,4,0.233342
deepseek14b,implicature,swmimp063,2,4,5,0.312027
deepseek14b,implicature,swmimp063,3,1,2,0.297121
deepseek14b,implicature,swmimp063,3,2,3,0.410727
deepseek14b,implicature,swmimp063,3,3,4,0.346114
deepseek14b,implicature,swmimp063,3,4,5,0.482834
deepseek14b,implicature,swmimp064,1,1,2,0.300517
deepseek14b,implicature,swmimp064,1,2,3,0.376866
deepseek14b,implicature,swmimp064,1,3,4,0.301342
deepseek14b,implicature,swmimp064,1,4,5,0.198059
deepseek14b,implicature,swmimp064,2,1,2,0.28524
deepseek14b,implicature,swmimp064,2,2,3,0.364073
deepseek14b,implicature,swmimp064,2,3,4,0.320941
deepseek14b,implicature,swmimp064,2,4,5,0.531269
deepseek14b,implicature,swmimp064,3,1,2,0.196591
deepseek14b,implicature,swmimp064,3,2,3,0.168761
deepseek14b,implicature,swmimp064,3,3,4,0.212676
deepseek14b,implicature,swmimp064,3,4,5,0.270013
deepseek14b,implicature,swmimp065,1,1,2,0.241502
deepseek14b,implicature,swmimp065,1,2,3,0.133766
deepseek14b,implicature,swmimp065,1,3,4,0.106866
deepseek14b,implicature,swmimp065,1,4,5,0.133399
deepseek14b,implicature,swmimp065,1,5,6,0.216763
deepseek14b,implicature,swmimp065,1,6,7,0.643397
deepseek14b,implicature,swmimp065,2,1,2,0.241054
deepseek14b,implicature,swmimp065,2,2,3,0.696911
deepseek14b,implicature,swmimp065,2,3,4,0.668486
deepseek14b,implicature,swmimp065,2,4,5,0.204116
deepseek14b,implicature,swmimp065,2,5,6,0.152759
deepseek14b,implicature,swmimp065,2,6,7,0.310202
deepseek14b,implicature,swmimp065,3,1,2,0.170637
deepseek14b,implicature,swmimp065,3,2,3,0.264032
deepseek14b,implicature,swmimp065,3,3,4,0.277851
deepseek14b,implicature,swmimp065,3,4,5,0.202298
deepseek14b,implicature,swmimp065,3,5,6,0.269555
deepseek14b,implicature,swmimp065,3,6,7,0.369838
deepseek14b,implicature,swmimp066,1,1,2,0.194814
deepseek14b,implicature,swmimp066,1,2,3,0.491502
deepseek14b,implicature,swmimp066,1,3,4,0.104988
deepseek14b,implicature,swmimp066,2,1,2,0.132368
deepseek14b,implicature,swmimp066,2,2,3,0.094609
deepseek14b,implicature,swmimp066,2,3,4,0.128967
deepseek14b,implicature,swmimp066,3,1,2,0.112139
deepseek14b,implicature,swmimp066,3,2,3,0.416876
deepseek14b,implicature,swmimp066,3,3,4,0.652163
deepseek14b,implicature,swmimp067,1,1,2,0.191306
deepseek14b,implicature,swmimp067,1,2,3,0.086331
deepseek14b,implicature,swmimp067,1,3,4,0.475837
deepseek14b,implicature,swmimp067,1,4,5,0.498449
deepseek14b,implicature,swmimp067,1,5,6,0.319111
deepseek14b,implicature,swmimp067,2,1,2,0.227261
deepseek14b,implicature,swmimp067,2,2,3,0.248249
deepseek14b,implicature,swmimp067,2,3,4,0.213461
deepseek14b,implicature,swmimp067,2,4,5,0.367495
deepseek14b,implicature,swmimp067,2,5,6,0.236936
deepseek14b,implicature,swmimp067,3,1,2,0.417352
deepseek14b,implicature,swmimp067,3,2,3,0.326857
deepseek14b,implicature,swmimp067,3,3,4,0.262457
deepseek14b,implicature,swmimp067,3,4,5,0.307745
deepseek14b,implicature,swmimp067,3,5,6,0.471344
deepseek14b,implicature,swmimp068,1,1,2,0.222804
deepseek14b,implicature,swmimp068,1,2,3,0.631309
deepseek14b,implicature,swmimp068,1,3,4,0.625275
deepseek14b,implicature,swmimp068,1,4,5,0.300115
deepseek14b,implicature,swmimp068,1,5,6,0.205711
deepseek14b,implicature,swmimp068,1,6,7,0.245224
deepseek14b,implicature,swmimp068,2,1,2,0.383692
deepseek14b,implicature,swmimp068,2,2,3,0.364574
deepseek14b,implicature,swmimp068,2,3,4,0.111379
deepseek14b,implicature,swmimp068,2,4,5,0.136844
deepseek14b,implicature,swmimp068,2,5,6,0.468539
deepseek14b,implicature,swmimp068,2,6,7,0.39641
deepseek14b,implicature,swmimp068,3,1,2,0.293275
deepseek14b,implicature,swmimp068,3,2,3,0.582348
deepseek14b,implicature,swmimp068,3,3,4,0.628533
deepseek14b,implicature,swmimp068,3,4,5,0.278492
deepseek14b,implicature,swmimp068,3,5,6,0.537876
deepseek14b,implicature,swmimp068,3,6,7,0.184489
deepseek14b,implicature,swmimp069,1,1,2,0.270069
deepseek14b,implicature,swmimp069,1,2,3,0.23659
deepseek14b,implicature,swmimp069,1,3,4,0.258429
deepseek14b,implicature,swmimp069,1,4,5,0.133308
deepseek14b,implicature,swmimp069,1,5,6,0.238842
deepseek14b,implicature,swmimp069,2,1,2,0.589434
deepseek14b,implicature,swmimp069,2,2,3,0.617568
deepseek14b,implicature,swmimp069,2,3,4,0.359137
deepseek14b,implicature,swmimp069,2,4,5,0.918182
deepseek14b,implicature,swmimp069,2,5,6,0.891081
deepseek14b,implicature,swmimp069,3,1,2,0.126646
deepseek14b,implicature,swmimp069,3,2,3,0.122619
deepseek14b,implicature,swmimp069,3,3,4,0.13873
deepseek14b,implicature,swmimp069,3,4,5,0.219779
deepseek14b,implicature,swmimp069,3,5,6,0.401495
deepseek14b,implicature,swmimp070,1,1,2,0.405667
deepseek14b,implicature,swmimp070,1,2,3,0.445111
deepseek14b,implicature,swmimp070,1,3,4,0.625936
deepseek14b,implicature,swmimp070,1,4,5,0.557962
deepseek14b,implicature,swmimp070,2,1,2,0.290539
deepseek14b,implicature,swmimp070,2,2,3,0.426362
deepseek14b,implicature,swmimp070,2,3,4,0.497076
deepseek14b,implicature,swmimp070,2,4,5,0.103327
deepseek14b,implicature,swmimp070,3,1,2,0.165562
deepseek14b,implicature,swmimp070,3,2,3,0.366881
deepseek14b,implicature,swmimp070,3,3,4,0.335975
deepseek14b,implicature,swmimp070,3,4,5,0.471955
deepseek14b,implicature,swmimp071,1,1,2,0.393346
deepseek14b,implicature,swmimp071,1,2,3,0.351042
deepseek14b,implicature,swmimp071,1,3,4,0.68708
deepseek14b,implicature,swmimp071,1,4,5,0.643714
deepseek14b,implicature,swmimp071,2,1,2,0.544798
deepseek14b,implicature,swmimp071,2,2,3,0.120357
deepseek14b,implicature,swmimp071,2,3,4,0.146549
deepseek14b,implicature,swmimp071,2,4,5,0.148282
deepseek14b,implicature,swmimp071,3,1,2,0.280345
deepseek14b,implicature,swmimp071,3,2,3,0.388349
deepseek14b,implicature,swmimp071,3,3,4,0.383869
deepseek14b,implicature,swmimp071,3,4,5,0.306709
deepseek14b,implicature,swmimp072,1,1,2,0.117728
deepseek14b,implicature,swmimp072,1,2,3,0.432069
deepseek14b,implicature,swmimp072,1,3,4,0.09859
deepseek14b,implicature,swmimp072,2,1,2,0.201233
deepseek14b,implicature,swmimp072,2,2,3,0.452929
deepseek14b,implicature,swmimp072,2,3,4,0.096079
deepseek14b,implicature,swmimp072,3,1,2,0.399477
deepseek14b,implicature,swmimp072,3,2,3,0.248818
deepseek14b,implicature,swmimp072,3,3,4,0.057196
deepseek14b,implicature,swmimp073,1,1,2,0.15943
deepseek14b,implicature,swmimp073,1,2,3,0.377523
deepseek14b,implicature,swmimp073,1,3,4,0.36593
deepseek14b,implicature,swmimp073,1,4,5,0.283854
deepseek14b,implicature,swmimp073,1,5,6,0.265215
deepseek14b,implicature,swmimp073,1,6,7,0.350094
deepseek14b,implicature,swmimp073,2,1,2,0.371621
deepseek14b,implicature,swmimp073,2,2,3,0.131924
deepseek14b,implicature,swmimp073,2,3,4,0.296227
deepseek14b,implicature,swmimp073,2,4,5,0.341138
deepseek14b,implicature,swmimp073,2,5,6,0.525982
deepseek14b,implicature,swmimp073,2,6,7,0.445007
deepseek14b,implicature,swmimp073,3,1,2,0.640231
deepseek14b,implicature,swmimp073,3,2,3,0.646314
deepseek14b,implicature,swmimp073,3,3,4,0.433225
deepseek14b,implicature,swmimp073,3,4,5,0.525492
deepseek14b,implicature,swmimp073,3,5,6,0.251101
deepseek14b,implicature,swmimp073,3,6,7,0.283381
deepseek14b,implicature,swmimp074,1,1,2,0.375255
deepseek14b,implicature,swmimp074,1,2,3,0.397915
deepseek14b,implicature,swmimp074,1,3,4,0.351265
deepseek14b,implicature,swmimp074,1,4,5,0.39031
deepseek14b,implicature,swmimp074,1,5,6,0.301795
deepseek14b,implicature,swmimp074,1,6,7,0.227499
deepseek14b,implicature,swmimp074,2,1,2,0.232738
deepseek14b,implicature,swmimp074,2,2,3,0.282524
deepseek14b,implicature,swmimp074,2,3,4,0.217875
deepseek14b,implicature,swmimp074,2,4,5,0.12262
deepseek14b,implicature,swmimp074,2,5,6,0.323436
deepseek14b,implicature,swmimp074,2,6,7,0.51751
deepseek14b,implicature,swmimp074,3,1,2,0.192276
deepseek14b,implicature,swmimp074,3,2,3,0.437539
deepseek14b,implicature,swmimp074,3,3,4,0.272888
deepseek14b,implicature,swmimp074,3,4,5,0.322144
deepseek14b,implicature,swmimp074,3,5,6,0.393772
deepseek14b,implicature,swmimp074,3,6,7,0.401704
deepseek14b,implicature,swmimp075,1,1,2,0.370059
deepseek14b,implicature,swmimp075,1,2,3,0.514344
deepseek14b,implicature,swmimp075,1,3,4,0.62308
deepseek14b,implicature,swmimp075,1,4,5,0.112972
deepseek14b,implicature,swmimp075,1,5,6,0.222308
deepseek14b,implicature,swmimp075,1,6,7,0.220606
deepseek14b,implicature,swmimp075,1,7,8,0.375372
deepseek14b,implicature,swmimp075,2,1,2,0.354818
deepseek14b,implicature,swmimp075,2,2,3,0.302982
deepseek14b,implicature,swmimp075,2,3,4,0.283057
deepseek14b,implicature,swmimp075,2,4,5,0.067534
deepseek14b,implicature,swmimp075,2,5,6,0.665092
deepseek14b,implicature,swmimp075,2,6,7,0.741843
deepseek14b,implicature,swmimp075,2,7,8,0.357479
deepseek14b,implicature,swmimp075,3,1,2,0.280627
deepseek14b,implicature,swmimp075,3,2,3,0.099579
deepseek14b,implicature,swmimp075,3,3,4,0.303593
deepseek14b,implicature,swmimp075,3,4,5,0.207392
deepseek14b,implicature,swmimp075,3,5,6,0.739206
deepseek14b,implicature,swmimp075,3,6,7,0.583874
deepseek14b,implicature,swmimp075,3,7,8,0.29217
deepseek14b,implicature,swmimp076,1,1,2,0.188704
deepseek14b,implicature,swmimp076,1,2,3,0.068855
deepseek14b,implicature,swmimp076,1,3,4,0.107614
deepseek14b,implicature,swmimp076,1,4,5,0.401715
deepseek14b,implicature,swmimp076,2,1,2,0.12475
deepseek14b,implicature,swmimp076,2,2,3,0.043454
deepseek14b,implicature,swmimp076,2,3,4,0.196623
deepseek14b,implicature,swmimp076,2,4,5,0.37988
deepseek14b,implicature,swmimp076,3,1,2,0.821052
deepseek14b,implicature,swmimp076,3,2,3,0.385313
deepseek14b,implicature,swmimp076,3,3,4,0.216083
deepseek14b,implicature,swmimp076,3,4,5,0.287658
deepseek14b,implicature,swmimp077,1,1,2,0.207626
deepseek14b,implicature,swmimp077,1,2,3,0.471267
deepseek14b,implicature,swmimp077,1,3,4,0.440584
deepseek14b,implicature,swmimp077,1,4,5,0.188388
deepseek14b,implicature,swmimp077,1,5,6,0.493335
deepseek14b,implicature,swmimp077,2,1,2,0.094313
deepseek14b,implicature,swmimp077,2,2,3,0.194311
deepseek14b,implicature,swmimp077,2,3,4,0.294787
deepseek14b,implicature,swmimp077,2,4,5,0.260499
deepseek14b,implicature,swmimp077,2,5,6,0.385149
deepseek14b,implicature,swmimp077,3,1,2,0.147622
deepseek14b,implicature,swmimp077,3,2,3,0.142321
deepseek14b,implicature,swmimp077,3,3,4,0.211176
deepseek14b,implicature,swmimp077,3,4,5,0.218752
deepseek14b,implicature,swmimp077,3,5,6,0.202468
deepseek14b,implicature,swmimp078,1,1,2,0.184174
deepseek14b,implicature,swmimp078,1,2,3,0.433602
deepseek14b,implicature,swmimp078,1,3,4,0.515714
deepseek14b,implicature,swmimp078,1,4,5,0.148018
deepseek14b,implicature,swmimp078,1,5,6,0.282227
deepseek14b,implicature,swmimp078,1,6,7,0.151486
deepseek14b,implicature,swmimp078,2,1,2,0.09003
deepseek14b,implicature,swmimp078,2,2,3,0.60459
deepseek14b,implicature,swmimp078,2,3,4,0.099405
deepseek14b,implicature,swmimp078,2,4,5,0.108308
deepseek14b,implicature,swmimp078,2,5,6,0.072349
deepseek14b,implicature,swmimp078,2,6,7,0.124857
deepseek14b,implicature,swmimp078,3,1,2,0.154482
deepseek14b,implicature,swmimp078,3,2,3,0.308324
deepseek14b,implicature,swmimp078,3,3,4,0.276903
deepseek14b,implicature,swmimp078,3,4,5,0.610083
deepseek14b,implicature,swmimp078,3,5,6,0.086798
deepseek14b,implicature,swmimp078,3,6,7,0.112534
deepseek14b,implicature,swmimp079,1,1,2,0.450434
deepseek14b,implicature,swmimp079,1,2,3,0.317947
deepseek14b,implicature,swmimp079,1,3,4,0.338417
deepseek14b,implicature,swmimp079,1,4,5,0.159804
deepseek14b,implicature,swmimp079,1,5,6,0.286726
deepseek14b,implicature,swmimp079,1,6,7,0.210582
deepseek14b,implicature,swmimp079,1,7,8,0.317052
deepseek14b,implicature,swmimp079,2,1,2,0.221439
deepseek14b,implicature,swmimp079,2,2,3,0.328312
deepseek14b,implicature,swmimp079,2,3,4,0.182849
deepseek14b,implicature,swmimp079,2,4,5,0.371702
deepseek14b,implicature,swmimp079,2,5,6,0.445542
deepseek14b,implicature,swmimp079,2,6,7,0.156367
deepseek14b,implicature,swmimp079,2,7,8,0.585148
deepseek14b,implicature,swmimp079,3,1,2,0.376664
deepseek14b,implicature,swmimp079,3,2,3,0.304687
deepseek14b,implicature,swmimp079,3,3,4,0.261336
deepseek14b,implicature,swmimp079,3,4,5,0.165542
deepseek14b,implicature,swmimp079,3,5,6,0.373681
deepseek14b,implicature,swmimp079,3,6,7,0.321485
deepseek14b,implicature,swmimp079,3,7,8,0.607582
deepseek14b,implicature,swmimp080,1,1,2,0.471418
deepseek14b,implicature,swmimp080,1,2,3,0.14485
deepseek14b,implicature,swmimp080,1,3,4,0.064845
deepseek14b,implicature,swmimp080,1,4,5,0.312601
deepseek14b,implicature,swmimp080,1,5,6,0.048151
deepseek14b,implicature,swmimp080,2,1,2,0.398796
deepseek14b,implicature,swmimp080,2,2,3,0.497964
deepseek14b,implicature,swmimp080,2,3,4,0.223266
deepseek14b,implicature,swmimp080,2,4,5,0.478404
deepseek14b,implicature,swmimp080,2,5,6,0.040932
deepseek14b,implicature,swmimp080,3,1,2,0.504953
deepseek14b,implicature,swmimp080,3,2,3,0.264107
deepseek14b,implicature,swmimp080,3,3,4,0.080903
deepseek14b,implicature,swmimp080,3,4,5,0.084506
deepseek14b,implicature,swmimp080,3,5,6,0.101588
deepseek14b,implicature,swmimp081,1,1,2,0.114471
deepseek14b,implicature,swmimp081,1,2,3,0.312104
deepseek14b,implicature,swmimp081,1,3,4,0.38442
deepseek14b,implicature,swmimp081,1,4,5,0.425587
deepseek14b,implicature,swmimp081,1,5,6,0.406261
deepseek14b,implicature,swmimp081,2,1,2,0.374872
deepseek14b,implicature,swmimp081,2,2,3,0.425708
deepseek14b,implicature,swmimp081,2,3,4,0.334732
deepseek14b,implicature,swmimp081,2,4,5,0.345699
deepseek14b,implicature,swmimp081,2,5,6,0.356539
deepseek14b,implicature,swmimp081,3,1,2,0.300571
deepseek14b,implicature,swmimp081,3,2,3,0.432227
deepseek14b,implicature,swmimp081,3,3,4,1.072226
deepseek14b,implicature,swmimp081,3,4,5,0.884155
deepseek14b,implicature,swmimp081,3,5,6,0.51305
deepseek14b,implicature,swmimp082,1,1,2,0.38861
deepseek14b,implicature,swmimp082,1,2,3,0.242883
deepseek14b,implicature,swmimp082,1,3,4,0.362553
deepseek14b,implicature,swmimp082,1,4,5,0.456624
deepseek14b,implicature,swmimp082,2,1,2,0.208618
deepseek14b,implicature,swmimp082,2,2,3,0.316021
deepseek14b,implicature,swmimp082,2,3,4,0.283618
deepseek14b,implicature,swmimp082,2,4,5,0.21355
deepseek14b,implicature,swmimp082,3,1,2,0.657815
deepseek14b,implicature,swmimp082,3,2,3,0.137163
deepseek14b,implicature,swmimp082,3,3,4,0.558004
deepseek14b,implicature,swmimp082,3,4,5,0.454845
deepseek14b,implicature,swmimp083,1,1,2,0.289347
deepseek14b,implicature,swmimp083,1,2,3,0.195576
deepseek14b,implicature,swmimp083,1,3,4,0.141597
deepseek14b,implicature,swmimp083,1,4,5,0.108653
deepseek14b,implicature,swmimp083,1,5,6,0.300086
deepseek14b,implicature,swmimp083,1,6,7,0.377781
deepseek14b,implicature,swmimp083,2,1,2,0.115213
deepseek14b,implicature,swmimp083,2,2,3,0.662131
deepseek14b,implicature,swmimp083,2,3,4,0.703438
deepseek14b,implicature,swmimp083,2,4,5,0.044569
deepseek14b,implicature,swmimp083,2,5,6,0.30408
deepseek14b,implicature,swmimp083,2,6,7,0.224952
deepseek14b,implicature,swmimp083,3,1,2,0.158431
deepseek14b,implicature,swmimp083,3,2,3,0.152377
deepseek14b,implicature,swmimp083,3,3,4,0.108777
deepseek14b,implicature,swmimp083,3,4,5,0.029961
deepseek14b,implicature,swmimp083,3,5,6,0.260578
deepseek14b,implicature,swmimp083,3,6,7,0.475366
deepseek14b,implicature,swmimp084,1,1,2,0.323747
deepseek14b,implicature,swmimp084,1,2,3,0.4196
deepseek14b,implicature,swmimp084,1,3,4,0.493854
deepseek14b,implicature,swmimp084,1,4,5,0.428541
deepseek14b,implicature,swmimp084,1,5,6,0.44908
deepseek14b,implicature,swmimp084,2,1,2,0.378014
deepseek14b,implicature,swmimp084,2,2,3,0.313287
deepseek14b,implicature,swmimp084,2,3,4,0.309419
deepseek14b,implicature,swmimp084,2,4,5,0.394921
deepseek14b,implicature,swmimp084,2,5,6,0.50618
deepseek14b,implicature,swmimp084,3,1,2,0.290685
deepseek14b,implicature,swmimp084,3,2,3,0.24273
deepseek14b,implicature,swmimp084,3,3,4,0.261907
deepseek14b,implicature,swmimp084,3,4,5,0.344345
deepseek14b,implicature,swmimp084,3,5,6,0.254992
deepseek14b,implicature,swmimp085,1,1,2,0.299172
deepseek14b,implicature,swmimp085,1,2,3,0.38335
deepseek14b,implicature,swmimp085,1,3,4,0.58833
deepseek14b,implicature,swmimp085,1,4,5,0.599137
deepseek14b,implicature,swmimp085,1,5,6,0.624291
deepseek14b,implicature,swmimp085,1,6,7,0.138455
deepseek14b,implicature,swmimp085,1,7,8,0.16672
deepseek14b,implicature,swmimp085,1,8,9,0.293561
deepseek14b,implicature,swmimp085,2,1,2,0.283505
deepseek14b,implicature,swmimp085,2,2,3,0.257209
deepseek14b,implicature,swmimp085,2,3,4,0.117123
deepseek14b,implicature,swmimp085,2,4,5,0.218258
deepseek14b,implicature,swmimp085,2,5,6,0.229073
deepseek14b,implicature,swmimp085,2,6,7,0.019025
deepseek14b,implicature,swmimp085,2,7,8,0.583621
deepseek14b,implicature,swmimp085,2,8,9,0.177666
deepseek14b,implicature,swmimp085,3,1,2,0.209037
deepseek14b,implicature,swmimp085,3,2,3,0.631131
deepseek14b,implicature,swmimp085,3,3,4,0.122224
deepseek14b,implicature,swmimp085,3,4,5,0.685324
deepseek14b,implicature,swmimp085,3,5,6,0.291514
deepseek14b,implicature,swmimp085,3,6,7,0.53742
deepseek14b,implicature,swmimp085,3,7,8,0.268962
deepseek14b,implicature,swmimp085,3,8,9,0.280946
deepseek14b,implicature,swmimp086,1,1,2,0.309797
deepseek14b,implicature,swmimp086,1,2,3,0.200567
deepseek14b,implicature,swmimp086,1,3,4,0.40403
deepseek14b,implicature,swmimp086,1,4,5,0.273567
deepseek14b,implicature,swmimp086,1,5,6,0.23976
deepseek14b,implicature,swmimp086,2,1,2,0.317214
deepseek14b,implicature,swmimp086,2,2,3,0.165989
deepseek14b,implicature,swmimp086,2,3,4,0.211067
deepseek14b,implicature,swmimp086,2,4,5,0.189409
deepseek14b,implicature,swmimp086,2,5,6,0.300187
deepseek14b,implicature,swmimp086,3,1,2,0.330545
deepseek14b,implicature,swmimp086,3,2,3,0.223864
deepseek14b,implicature,swmimp086,3,3,4,0.12835
deepseek14b,implicature,swmimp086,3,4,5,0.517453
deepseek14b,implicature,swmimp086,3,5,6,0.567473
deepseek14b,implicature,swmimp087,1,1,2,0.064013
deepseek14b,implicature,swmimp087,1,2,3,0.103669
deepseek14b,implicature,swmimp087,1,3,4,0.354062
deepseek14b,implicature,swmimp087,1,4,5,0.385516
deepseek14b,implicature,swmimp087,2,1,2,0.509706
deepseek14b,implicature,swmimp087,2,2,3,0.057752
deepseek14b,implicature,swmimp087,2,3,4,0.252598
deepseek14b,implicature,swmimp087,2,4,5,0.482429
deepseek14b,implicature,swmimp087,3,1,2,0.817004
deepseek14b,implicature,swmimp087,3,2,3,0.328653
deepseek14b,implicature,swmimp087,3,3,4,0.297646
deepseek14b,implicature,swmimp087,3,4,5,0.310046
deepseek14b,implicature,swmimp088,1,1,2,0.199853
deepseek14b,implicature,swmimp088,1,2,3,0.293469
deepseek14b,implicature,swmimp088,1,3,4,0.204436
deepseek14b,implicature,swmimp088,1,4,5,0.66686
deepseek14b,implicature,swmimp088,2,1,2,0.321468
deepseek14b,implicature,swmimp088,2,2,3,0.304552
deepseek14b,implicature,swmimp088,2,3,4,0.195488
deepseek14b,implicature,swmimp088,2,4,5,0.299072
deepseek14b,implicature,swmimp088,3,1,2,0.206368
deepseek14b,implicature,swmimp088,3,2,3,0.314317
deepseek14b,implicature,swmimp088,3,3,4,0.285853
deepseek14b,implicature,swmimp088,3,4,5,0.361769
deepseek14b,implicature,swmimp089,1,1,2,0.387962
deepseek14b,implicature,swmimp089,1,2,3,0.313668
deepseek14b,implicature,swmimp089,1,3,4,0.548274
deepseek14b,implicature,swmimp089,2,1,2,0.439076
deepseek14b,implicature,swmimp089,2,2,3,0.541373
deepseek14b,implicature,swmimp089,2,3,4,0.173677
deepseek14b,implicature,swmimp089,3,1,2,0.658291
deepseek14b,implicature,swmimp089,3,2,3,0.585202
deepseek14b,implicature,swmimp089,3,3,4,0.410739
deepseek14b,implicature,swmimp090,1,1,2,0.195351
deepseek14b,implicature,swmimp090,1,2,3,0.199988
deepseek14b,implicature,swmimp090,1,3,4,0.276162
deepseek14b,implicature,swmimp090,2,1,2,0.262265
deepseek14b,implicature,swmimp090,2,2,3,0.254811
deepseek14b,implicature,swmimp090,2,3,4,0.255
deepseek14b,implicature,swmimp090,3,1,2,0.590838
deepseek14b,implicature,swmimp090,3,2,3,0.076479
deepseek14b,implicature,swmimp090,3,3,4,0.128173
deepseek14b,implicature,swmimp091,1,1,2,0.140722
deepseek14b,implicature,swmimp091,1,2,3,0.098551
deepseek14b,implicature,swmimp091,1,3,4,0.146828
deepseek14b,implicature,swmimp091,1,4,5,0.435019
deepseek14b,implicature,swmimp091,1,5,6,0.518619
deepseek14b,implicature,swmimp091,2,1,2,0.116378
deepseek14b,implicature,swmimp091,2,2,3,0.228076
deepseek14b,implicature,swmimp091,2,3,4,0.281745
deepseek14b,implicature,swmimp091,2,4,5,0.35288
deepseek14b,implicature,swmimp091,2,5,6,0.456206
deepseek14b,implicature,swmimp091,3,1,2,0.480942
deepseek14b,implicature,swmimp091,3,2,3,0.456091
deepseek14b,implicature,swmimp091,3,3,4,0.436215
deepseek14b,implicature,swmimp091,3,4,5,0.388588
deepseek14b,implicature,swmimp091,3,5,6,0.304687
deepseek14b,implicature,swmimp092,1,1,2,0.230084
deepseek14b,implicature,swmimp092,1,2,3,0.368719
deepseek14b,implicature,swmimp092,1,3,4,0.359158
deepseek14b,implicature,swmimp092,1,4,5,0.268885
deepseek14b,implicature,swmimp092,1,5,6,0.377623
deepseek14b,implicature,swmimp092,1,6,7,0.432602
deepseek14b,implicature,swmimp092,1,7,8,0.283875
deepseek14b,implicature,swmimp092,1,8,9,0.300315
deepseek14b,implicature,swmimp092,2,1,2,0.205029
deepseek14b,implicature,swmimp092,2,2,3,0.313246
deepseek14b,implicature,swmimp092,2,3,4,0.330611
deepseek14b,implicature,swmimp092,2,4,5,0.404254
deepseek14b,implicature,swmimp092,2,5,6,0.387401
deepseek14b,implicature,swmimp092,2,6,7,0.721507
deepseek14b,implicature,swmimp092,2,7,8,0.719053
deepseek14b,implicature,swmimp092,2,8,9,0.187706
deepseek14b,implicature,swmimp092,3,1,2,0.1584
deepseek14b,implicature,swmimp092,3,2,3,0.731531
deepseek14b,implicature,swmimp092,3,3,4,0.689043
deepseek14b,implicature,swmimp092,3,4,5,0.187713
deepseek14b,implicature,swmimp092,3,5,6,0.438545
deepseek14b,implicature,swmimp092,3,6,7,0.489153
deepseek14b,implicature,swmimp092,3,7,8,0.385733
deepseek14b,implicature,swmimp092,3,8,9,0.282511
deepseek14b,implicature,swmimp093,1,1,2,0.249882
deepseek14b,implicature,swmimp093,1,2,3,0.149436
deepseek14b,implicature,swmimp093,1,3,4,0.095416
deepseek14b,implicature,swmimp093,1,4,5,0.426459
deepseek14b,implicature,swmimp093,2,1,2,0.340966
deepseek14b,implicature,swmimp093,2,2,3,0.340084
deepseek14b,implicature,swmimp093,2,3,4,0.308483
deepseek14b,implicature,swmimp093,2,4,5,0.197714
deepseek14b,implicature,swmimp093,3,1,2,0.085691
deepseek14b,implicature,swmimp093,3,2,3,0.427131
deepseek14b,implicature,swmimp093,3,3,4,0.445824
deepseek14b,implicature,swmimp093,3,4,5,0.559225
deepseek14b,implicature,swmimp094,1,1,2,0.220939
deepseek14b,implicature,swmimp094,1,2,3,0.545749
deepseek14b,implicature,swmimp094,1,3,4,0.381465
deepseek14b,implicature,swmimp094,1,4,5,0.258254
deepseek14b,implicature,swmimp094,1,5,6,0.3024
deepseek14b,implicature,swmimp094,1,6,7,0.385307
deepseek14b,implicature,swmimp094,2,1,2,0.361713
deepseek14b,implicature,swmimp094,2,2,3,0.48177
deepseek14b,implicature,swmimp094,2,3,4,0.549903
deepseek14b,implicature,swmimp094,2,4,5,0.139905
deepseek14b,implicature,swmimp094,2,5,6,0.202425
deepseek14b,implicature,swmimp094,2,6,7,0.165552
deepseek14b,implicature,swmimp094,3,1,2,0.121836
deepseek14b,implicature,swmimp094,3,2,3,0.367477
deepseek14b,implicature,swmimp094,3,3,4,0.58934
deepseek14b,implicature,swmimp094,3,4,5,0.16175
deepseek14b,implicature,swmimp094,3,5,6,0.468983
deepseek14b,implicature,swmimp094,3,6,7,0.604976
deepseek14b,implicature,swmimp095,1,1,2,0.449086
deepseek14b,implicature,swmimp095,1,2,3,0.550277
deepseek14b,implicature,swmimp095,1,3,4,0.123994
deepseek14b,implicature,swmimp095,1,4,5,0.017272
deepseek14b,implicature,swmimp095,2,1,2,0.40205
deepseek14b,implicature,swmimp095,2,2,3,0.397509
deepseek14b,implicature,swmimp095,2,3,4,0.664334
deepseek14b,implicature,swmimp095,2,4,5,0.669773
deepseek14b,implicature,swmimp095,3,1,2,0.509682
deepseek14b,implicature,swmimp095,3,2,3,0.345165
deepseek14b,implicature,swmimp095,3,3,4,0.434569
deepseek14b,implicature,swmimp095,3,4,5,0.533097
deepseek14b,implicature,swmimp096,1,1,2,0.746748
deepseek14b,implicature,swmimp096,1,2,3,0.164869
deepseek14b,implicature,swmimp096,1,3,4,0.256594
deepseek14b,implicature,swmimp096,1,4,5,0.658755
deepseek14b,implicature,swmimp096,1,5,6,0.548679
deepseek14b,implicature,swmimp096,2,1,2,0.316495
deepseek14b,implicature,swmimp096,2,2,3,0.21152
deepseek14b,implicature,swmimp096,2,3,4,0.249113
deepseek14b,implicature,swmimp096,2,4,5,0.103838
deepseek14b,implicature,swmimp096,2,5,6,0.136476
deepseek14b,implicature,swmimp096,3,1,2,0.247052
deepseek14b,implicature,swmimp096,3,2,3,0.266193
deepseek14b,implicature,swmimp096,3,3,4,0.215786
deepseek14b,implicature,swmimp096,3,4,5,0.148216
deepseek14b,implicature,swmimp096,3,5,6,0.353645
deepseek14b,implicature,swmimp097,1,1,2,0.713651
deepseek14b,implicature,swmimp097,1,2,3,0.613802
deepseek14b,implicature,swmimp097,1,3,4,0.127938
deepseek14b,implicature,swmimp097,1,4,5,0.187358
deepseek14b,implicature,swmimp097,1,5,6,0.190865
deepseek14b,implicature,swmimp097,1,6,7,0.392022
deepseek14b,implicature,swmimp097,2,1,2,0.383378
deepseek14b,implicature,swmimp097,2,2,3,0.467162
deepseek14b,implicature,swmimp097,2,3,4,0.229542
deepseek14b,implicature,swmimp097,2,4,5,0.18189
deepseek14b,implicature,swmimp097,2,5,6,0.239667
deepseek14b,implicature,swmimp097,2,6,7,0.299936
deepseek14b,implicature,swmimp097,3,1,2,0.266527
deepseek14b,implicature,swmimp097,3,2,3,0.396983
deepseek14b,implicature,swmimp097,3,3,4,0.243305
deepseek14b,implicature,swmimp097,3,4,5,0.350122
deepseek14b,implicature,swmimp097,3,5,6,0.408874
deepseek14b,implicature,swmimp097,3,6,7,0.194074
deepseek14b,implicature,swmimp098,1,1,2,0.273321
deepseek14b,implicature,swmimp098,1,2,3,0.440571
deepseek14b,implicature,swmimp098,1,3,4,0.773411
deepseek14b,implicature,swmimp098,1,4,5,0.20186
deepseek14b,implicature,swmimp098,1,5,6,0.538595
deepseek14b,implicature,swmimp098,1,6,7,0.207822
deepseek14b,implicature,swmimp098,2,1,2,0.135417
deepseek14b,implicature,swmimp098,2,2,3,0.458028
deepseek14b,implicature,swmimp098,2,3,4,0.510118
deepseek14b,implicature,swmimp098,2,4,5,0.545194
deepseek14b,implicature,swmimp098,2,5,6,0.540018
deepseek14b,implicature,swmimp098,2,6,7,0.547568
deepseek14b,implicature,swmimp098,3,1,2,0.467377
deepseek14b,implicature,swmimp098,3,2,3,0.623938
deepseek14b,implicature,swmimp098,3,3,4,0.450311
deepseek14b,implicature,swmimp098,3,4,5,0.383772
deepseek14b,implicature,swmimp098,3,5,6,0.550378
deepseek14b,implicature,swmimp098,3,6,7,0.470362
deepseek14b,implicature,swmimp099,1,1,2,0.462786
deepseek14b,implicature,swmimp099,1,2,3,0.486371
deepseek14b,implicature,swmimp099,1,3,4,0.461087
deepseek14b,implicature,swmimp099,1,4,5,0.643963
deepseek14b,implicature,swmimp099,2,1,2,0.374903
deepseek14b,implicature,swmimp099,2,2,3,0.277105
deepseek14b,implicature,swmimp099,2,3,4,0.56942
deepseek14b,implicature,swmimp099,2,4,5,0.24148
deepseek14b,implicature,swmimp099,3,1,2,0.419124
deepseek14b,implicature,swmimp099,3,2,3,0.604138
deepseek14b,implicature,swmimp099,3,3,4,0.282871
deepseek14b,implicature,swmimp099,3,4,5,0.515381
deepseek14b,implicature,swmimp100,1,1,2,0.17147
deepseek14b,implicature,swmimp100,1,2,3,0.147014
deepseek14b,implicature,swmimp100,1,3,4,0.360519
deepseek14b,implicature,swmimp100,1,4,5,0.235257
deepseek14b,implicature,swmimp100,1,5,6,0.329743
deepseek14b,implicature,swmimp100,2,1,2,0.155868
deepseek14b,implicature,swmimp100,2,2,3,0.126891
deepseek14b,implicature,swmimp100,2,3,4,0.385064
deepseek14b,implicature,swmimp100,2,4,5,0.441773
deepseek14b,implicature,swmimp100,2,5,6,0.480352
deepseek14b,implicature,swmimp100,3,1,2,0.157157
deepseek14b,implicature,swmimp100,3,2,3,0.298252
deepseek14b,implicature,swmimp100,3,3,4,0.354073
deepseek14b,implicature,swmimp100,3,4,5,0.308114
deepseek14b,implicature,swmimp100,3,5,6,0.417391
deepseek14b,implicature,swmimp101,1,1,2,0.270572
deepseek14b,implicature,swmimp101,1,2,3,0.161097
deepseek14b,implicature,swmimp101,1,3,4,0.154223
deepseek14b,implicature,swmimp101,1,4,5,0.161196
deepseek14b,implicature,swmimp101,1,5,6,0.195884
deepseek14b,implicature,swmimp101,1,6,7,0.649662
deepseek14b,implicature,swmimp101,1,7,8,0.331943
deepseek14b,implicature,swmimp101,1,8,9,0.572824
deepseek14b,implicature,swmimp101,1,9,10,0.052884
deepseek14b,implicature,swmimp101,1,10,11,0.082896
deepseek14b,implicature,swmimp101,1,11,12,0.536993
deepseek14b,implicature,swmimp101,2,1,2,0.468501
deepseek14b,implicature,swmimp101,2,2,3,0.392844
deepseek14b,implicature,swmimp101,2,3,4,0.348566
deepseek14b,implicature,swmimp101,2,4,5,0.471806
deepseek14b,implicature,swmimp101,2,5,6,0.252708
deepseek14b,implicature,swmimp101,2,6,7,0.49644
deepseek14b,implicature,swmimp101,2,7,8,0.224976
deepseek14b,implicature,swmimp101,2,8,9,0.328069
deepseek14b,implicature,swmimp101,2,9,10,0.397563
deepseek14b,implicature,swmimp101,2,10,11,0.55379
deepseek14b,implicature,swmimp101,2,11,12,0.382289
deepseek14b,implicature,swmimp101,3,1,2,0.602387
deepseek14b,implicature,swmimp101,3,2,3,0.255405
deepseek14b,implicature,swmimp101,3,3,4,0.555738
deepseek14b,implicature,swmimp101,3,4,5,0.425749
deepseek14b,implicature,swmimp101,3,5,6,0.591601
deepseek14b,implicature,swmimp101,3,6,7,0.45241
deepseek14b,implicature,swmimp101,3,7,8,0.323513
deepseek14b,implicature,swmimp101,3,8,9,0.569728
deepseek14b,implicature,swmimp101,3,9,10,0.304631
deepseek14b,implicature,swmimp101,3,10,11,0.547462
deepseek14b,implicature,swmimp101,3,11,12,0.274237
deepseek14b,implicature,swmimp102,1,1,2,0.290413
deepseek14b,implicature,swmimp102,1,2,3,0.739612
deepseek14b,implicature,swmimp102,1,3,4,0.68171
deepseek14b,implicature,swmimp102,1,4,5,0.2721
deepseek14b,implicature,swmimp102,1,5,6,0.115
deepseek14b,implicature,swmimp102,1,6,7,0.132296
deepseek14b,implicature,swmimp102,1,7,8,0.127668
deepseek14b,implicature,swmimp102,1,8,9,0.187431
deepseek14b,implicature,swmimp102,1,9,10,0.166205
deepseek14b,implicature,swmimp102,1,10,11,0.390952
deepseek14b,implicature,swmimp102,1,11,12,0.494992
deepseek14b,implicature,swmimp102,2,1,2,0.564429
deepseek14b,implicature,swmimp102,2,2,3,0.406767
deepseek14b,implicature,swmimp102,2,3,4,0.240649
deepseek14b,implicature,swmimp102,2,4,5,0.322897
deepseek14b,implicature,swmimp102,2,5,6,0.370913
deepseek14b,implicature,swmimp102,2,6,7,0.183806
deepseek14b,implicature,swmimp102,2,7,8,0.275006
deepseek14b,implicature,swmimp102,2,8,9,0.277108
deepseek14b,implicature,swmimp102,2,9,10,0.438964
deepseek14b,implicature,swmimp102,2,10,11,0.431587
deepseek14b,implicature,swmimp102,2,11,12,0.501713
deepseek14b,implicature,swmimp102,3,1,2,0.398471
deepseek14b,implicature,swmimp102,3,2,3,0.362247
deepseek14b,implicature,swmimp102,3,3,4,0.378096
deepseek14b,implicature,swmimp102,3,4,5,0.246106
deepseek14b,implicature,swmimp102,3,5,6,0.226524
deepseek14b,implicature,swmimp102,3,6,7,0.127293
deepseek14b,implicature,swmimp102,3,7,8,0.495359
deepseek14b,implicature,swmimp102,3,8,9,0.394497
deepseek14b,implicature,swmimp102,3,9,10,0.398634
deepseek14b,implicature,swmimp102,3,10,11,0.38834
deepseek14b,implicature,swmimp102,3,11,12,0.648074
deepseek14b,implicature,swmimp104,1,1,2,0.126616
deepseek14b,implicature,swmimp104,1,2,3,0.13966
deepseek14b,implicature,swmimp104,1,3,4,0.069346
deepseek14b,implicature,swmimp104,1,4,5,0.090786
deepseek14b,implicature,swmimp104,1,5,6,0.605628
deepseek14b,implicature,swmimp104,1,6,7,0.647708
deepseek14b,implicature,swmimp104,1,7,8,0.245732
deepseek14b,implicature,swmimp104,1,8,9,0.276159
deepseek14b,implicature,swmimp104,1,9,10,0.192835
deepseek14b,implicature,swmimp104,1,10,11,0.065933
deepseek14b,implicature,swmimp104,1,11,12,0.345825
deepseek14b,implicature,swmimp104,2,1,2,0.176009
deepseek14b,implicature,swmimp104,2,2,3,0.176931
deepseek14b,implicature,swmimp104,2,3,4,0.205981
deepseek14b,implicature,swmimp104,2,4,5,0.223407
deepseek14b,implicature,swmimp104,2,5,6,0.22713
deepseek14b,implicature,swmimp104,2,6,7,0.122534
deepseek14b,implicature,swmimp104,2,7,8,0.586033
deepseek14b,implicature,swmimp104,2,8,9,0.584857
deepseek14b,implicature,swmimp104,2,9,10,0.646878
deepseek14b,implicature,swmimp104,2,10,11,0.637081
deepseek14b,implicature,swmimp104,2,11,12,0.246725
deepseek14b,implicature,swmimp104,3,1,2,0.0
deepseek14b,implicature,swmimp104,3,2,3,0.1536
deepseek14b,implicature,swmimp104,3,3,4,0.1536
deepseek14b,implicature,swmimp104,3,4,5,0.022119
deepseek14b,implicature,swmimp104,3,5,6,0.181123
deepseek14b,implicature,swmimp104,3,6,7,0.272178
deepseek14b,implicature,swmimp104,3,7,8,0.507736
deepseek14b,implicature,swmimp104,3,8,9,0.436184
deepseek14b,implicature,swmimp104,3,9,10,0.124646
deepseek14b,implicature,swmimp104,3,10,11,0.216037
deepseek14b,implicature,swmimp104,3,11,12,0.413784
deepseek14b,implicature,swmimp110,1,1,2,0.148779
deepseek14b,implicature,swmimp110,1,2,3,0.276601
deepseek14b,implicature,swmimp110,2,1,2,0.081129
deepseek14b,implicature,swmimp110,2,2,3,0.153224
deepseek14b,implicature,swmimp110,3,1,2,0.287906
deepseek14b,implicature,swmimp110,3,2,3,0.136032
deepseek14b,implicature,swmimp111,1,1,2,0.397339
deepseek14b,implicature,swmimp111,1,2,3,0.35254
deepseek14b,implicature,swmimp111,1,3,4,0.587119
deepseek14b,implicature,swmimp111,1,4,5,0.26093
deepseek14b,implicature,swmimp111,1,5,6,0.50072
deepseek14b,implicature,swmimp111,1,6,7,0.321842
deepseek14b,implicature,swmimp111,1,7,8,0.66222
deepseek14b,implicature,swmimp111,1,8,9,0.117656
deepseek14b,implicature,swmimp111,1,9,10,0.641531
deepseek14b,implicature,swmimp111,1,10,11,0.158011
deepseek14b,implicature,swmimp111,1,11,12,0.153825
deepseek14b,implicature,swmimp111,1,12,13,0.578055
deepseek14b,implicature,swmimp111,1,13,14,0.294327
deepseek14b,implicature,swmimp111,1,14,15,0.474291
deepseek14b,implicature,swmimp111,1,15,16,0.126426
deepseek14b,implicature,swmimp111,1,16,17,0.361782
deepseek14b,implicature,swmimp111,1,17,18,0.39935
deepseek14b,implicature,swmimp111,2,1,2,0.25009
deepseek14b,implicature,swmimp111,2,2,3,0.521412
deepseek14b,implicature,swmimp111,2,3,4,0.148463
deepseek14b,implicature,swmimp111,2,4,5,0.879245
deepseek14b,implicature,swmimp111,2,5,6,0.778787
deepseek14b,implicature,swmimp111,2,6,7,0.212591
deepseek14b,implicature,swmimp111,2,7,8,0.589657
deepseek14b,implicature,swmimp111,2,8,9,0.119494
deepseek14b,implicature,swmimp111,2,9,10,0.484646
deepseek14b,implicature,swmimp111,2,10,11,0.225273
deepseek14b,implicature,swmimp111,2,11,12,0.684467
deepseek14b,implicature,swmimp111,2,12,13,0.135088
deepseek14b,implicature,swmimp111,2,13,14,0.133924
deepseek14b,implicature,swmimp111,2,14,15,0.240935
deepseek14b,implicature,swmimp111,2,15,16,0.217879
deepseek14b,implicature,swmimp111,2,16,17,0.058985
deepseek14b,implicature,swmimp111,2,17,18,0.39971
deepseek14b,implicature,swmimp111,3,1,2,0.208847
deepseek14b,implicature,swmimp111,3,2,3,0.276412
deepseek14b,implicature,swmimp111,3,3,4,0.195344
deepseek14b,implicature,swmimp111,3,4,5,0.545047
deepseek14b,implicature,swmimp111,3,5,6,0.613874
deepseek14b,implicature,swmimp111,3,6,7,0.266477
deepseek14b,implicature,swmimp111,3,7,8,0.546676
deepseek14b,implicature,swmimp111,3,8,9,0.535606
deepseek14b,implicature,swmimp111,3,9,10,0.563643
deepseek14b,implicature,swmimp111,3,10,11,0.23458
deepseek14b,implicature,swmimp111,3,11,12,0.227644
deepseek14b,implicature,swmimp111,3,12,13,0.525777
deepseek14b,implicature,swmimp111,3,13,14,0.428806
deepseek14b,implicature,swmimp111,3,14,15,0.133186
deepseek14b,implicature,swmimp111,3,15,16,0.145323
deepseek14b,implicature,swmimp111,3,16,17,0.160638
deepseek14b,implicature,swmimp111,3,17,18,0.161116
deepseek14b,implicature,swmimp112,1,1,2,0.292834
deepseek14b,implicature,swmimp112,1,2,3,0.374218
deepseek14b,implicature,swmimp112,1,3,4,0.178628
deepseek14b,implicature,swmimp112,1,4,5,0.285634
deepseek14b,implicature,swmimp112,1,5,6,0.357617
deepseek14b,implicature,swmimp112,2,1,2,0.176099
deepseek14b,implicature,swmimp112,2,2,3,0.236964
deepseek14b,implicature,swmimp112,2,3,4,0.386438
deepseek14b,implicature,swmimp112,2,4,5,0.340093
deepseek14b,implicature,swmimp112,2,5,6,0.30048
deepseek14b,implicature,swmimp112,3,1,2,0.340203
deepseek14b,implicature,swmimp112,3,2,3,0.383927
deepseek14b,implicature,swmimp112,3,3,4,0.192246
deepseek14b,implicature,swmimp112,3,4,5,0.194164
deepseek14b,implicature,swmimp112,3,5,6,0.392247
deepseek14b,implicature,swmimp113,1,1,2,0.21418
deepseek14b,implicature,swmimp113,1,2,3,0.184901
deepseek14b,implicature,swmimp113,1,3,4,0.42627
deepseek14b,implicature,swmimp113,1,4,5,0.229088
deepseek14b,implicature,swmimp113,1,5,6,0.104132
deepseek14b,implicature,swmimp113,1,6,7,0.206718
deepseek14b,implicature,swmimp113,1,7,8,0.390918
deepseek14b,implicature,swmimp113,2,1,2,0.149153
deepseek14b,implicature,swmimp113,2,2,3,0.186716
deepseek14b,implicature,swmimp113,2,3,4,0.256928
deepseek14b,implicature,swmimp113,2,4,5,0.225607
deepseek14b,implicature,swmimp113,2,5,6,0.192123
deepseek14b,implicature,swmimp113,2,6,7,0.158871
deepseek14b,implicature,swmimp113,2,7,8,0.500465
deepseek14b,implicature,swmimp113,3,1,2,0.236404
deepseek14b,implicature,swmimp113,3,2,3,0.631341
deepseek14b,implicature,swmimp113,3,3,4,0.553562
deepseek14b,implicature,swmimp113,3,4,5,0.114776
deepseek14b,implicature,swmimp113,3,5,6,0.224129
deepseek14b,implicature,swmimp113,3,6,7,0.203502
deepseek14b,implicature,swmimp113,3,7,8,0.452371
deepseek14b,implicature,swmimp114,1,1,2,0.183235
deepseek14b,implicature,swmimp114,1,2,3,0.251741
deepseek14b,implicature,swmimp114,1,3,4,0.262034
deepseek14b,implicature,swmimp114,1,4,5,0.279731
deepseek14b,implicature,swmimp114,1,5,6,0.169941
deepseek14b,implicature,swmimp114,1,6,7,0.141089
deepseek14b,implicature,swmimp114,1,7,8,0.177691
deepseek14b,implicature,swmimp114,1,8,9,0.225354
deepseek14b,implicature,swmimp114,1,9,10,0.72246
deepseek14b,implicature,swmimp114,2,1,2,0.638979
deepseek14b,implicature,swmimp114,2,2,3,0.586503
deepseek14b,implicature,swmimp114,2,3,4,0.136465
deepseek14b,implicature,swmimp114,2,4,5,0.337521
deepseek14b,implicature,swmimp114,2,5,6,0.212723
deepseek14b,implicature,swmimp114,2,6,7,0.057878
deepseek14b,implicature,swmimp114,2,7,8,0.138304
deepseek14b,implicature,swmimp114,2,8,9,0.230972
deepseek14b,implicature,swmimp114,2,9,10,0.448645
deepseek14b,implicature,swmimp114,3,1,2,0.361776
deepseek14b,implicature,swmimp114,3,2,3,0.058269
deepseek14b,implicature,swmimp114,3,3,4,0.210055
deepseek14b,implicature,swmimp114,3,4,5,0.275826
deepseek14b,implicature,swmimp114,3,5,6,0.377973
deepseek14b,implicature,swmimp114,3,6,7,0.239532
deepseek14b,implicature,swmimp114,3,7,8,0.315693
deepseek14b,implicature,swmimp114,3,8,9,0.177458
deepseek14b,implicature,swmimp114,3,9,10,0.379966
deepseek14b,implicature,swmimp115,1,1,2,0.199716
deepseek14b,implicature,swmimp115,1,2,3,0.288496
deepseek14b,implicature,swmimp115,1,3,4,0.174582
deepseek14b,implicature,swmimp115,1,4,5,0.333532
deepseek14b,implicature,swmimp115,2,1,2,0.253464
deepseek14b,implicature,swmimp115,2,2,3,0.263208
deepseek14b,implicature,swmimp115,2,3,4,0.265339
deepseek14b,implicature,swmimp115,2,4,5,0.630346
deepseek14b,implicature,swmimp115,3,1,2,0.250216
deepseek14b,implicature,swmimp115,3,2,3,0.230298
deepseek14b,implicature,swmimp115,3,3,4,0.324065
deepseek14b,implicature,swmimp115,3,4,5,0.224735
deepseek14b,implicature,swmimp116,1,1,2,0.429043
deepseek14b,implicature,swmimp116,1,2,3,0.330613
deepseek14b,implicature,swmimp116,1,3,4,0.369832
deepseek14b,implicature,swmimp116,1,4,5,0.473066
deepseek14b,implicature,swmimp116,1,5,6,0.366574
deepseek14b,implicature,swmimp116,1,6,7,0.363891
deepseek14b,implicature,swmimp116,2,1,2,0.327482
deepseek14b,implicature,swmimp116,2,2,3,0.26403
deepseek14b,implicature,swmimp116,2,3,4,0.366599
deepseek14b,implicature,swmimp116,2,4,5,0.392322
deepseek14b,implicature,swmimp116,2,5,6,0.361511
deepseek14b,implicature,swmimp116,2,6,7,0.370548
deepseek14b,implicature,swmimp116,3,1,2,0.329386
deepseek14b,implicature,swmimp116,3,2,3,0.392848
deepseek14b,implicature,swmimp116,3,3,4,0.428344
deepseek14b,implicature,swmimp116,3,4,5,0.443798
deepseek14b,implicature,swmimp116,3,5,6,0.275293
deepseek14b,implicature,swmimp116,3,6,7,0.302584
deepseek14b,implicature,swmimp117,1,1,2,0.790306
deepseek14b,implicature,swmimp117,1,2,3,0.127945
deepseek14b,implicature,swmimp117,1,3,4,0.309663
deepseek14b,implicature,swmimp117,1,4,5,0.167215
deepseek14b,implicature,swmimp117,2,1,2,0.180885
deepseek14b,implicature,swmimp117,2,2,3,0.092291
deepseek14b,implicature,swmimp117,2,3,4,0.377431
deepseek14b,implicature,swmimp117,2,4,5,0.156802
deepseek14b,implicature,swmimp117,3,1,2,0.171964
deepseek14b,implicature,swmimp117,3,2,3,0.102391
deepseek14b,implicature,swmimp117,3,3,4,0.287191
deepseek14b,implicature,swmimp117,3,4,5,0.215219
deepseek14b,implicature,swmimp118,1,1,2,0.22488
deepseek14b,implicature,swmimp118,1,2,3,0.368397
deepseek14b,implicature,swmimp118,1,3,4,0.442192
deepseek14b,implicature,swmimp118,2,1,2,0.342362
deepseek14b,implicature,swmimp118,2,2,3,0.415323
deepseek14b,implicature,swmimp118,2,3,4,0.178032
deepseek14b,implicature,swmimp118,3,1,2,0.441339
deepseek14b,implicature,swmimp118,3,2,3,0.402546
deepseek14b,implicature,swmimp118,3,3,4,0.386916
deepseek14b,implicature,swmimp119,1,1,2,0.156225
deepseek14b,implicature,swmimp119,1,2,3,0.060089
deepseek14b,implicature,swmimp119,1,3,4,0.169619
deepseek14b,implicature,swmimp119,1,4,5,0.189867
deepseek14b,implicature,swmimp119,1,5,6,0.178338
deepseek14b,implicature,swmimp119,1,6,7,0.155491
deepseek14b,implicature,swmimp119,1,7,8,0.117239
deepseek14b,implicature,swmimp119,1,8,9,0.183779
deepseek14b,implicature,swmimp119,1,9,10,0.321374
deepseek14b,implicature,swmimp119,1,10,11,0.203646
deepseek14b,implicature,swmimp119,1,11,12,0.149536
deepseek14b,implicature,swmimp119,1,12,13,0.195068
deepseek14b,implicature,swmimp119,1,13,14,0.576727
deepseek14b,implicature,swmimp119,1,14,15,0.565297
deepseek14b,implicature,swmimp119,1,15,16,0.492109
deepseek14b,implicature,swmimp119,1,16,17,0.476869
deepseek14b,implicature,swmimp119,1,17,18,0.489984
deepseek14b,implicature,swmimp119,1,18,19,0.451524
deepseek14b,implicature,swmimp119,1,19,20,0.308084
deepseek14b,implicature,swmimp119,1,20,21,0.408121
deepseek14b,implicature,swmimp119,2,1,2,0.151814
deepseek14b,implicature,swmimp119,2,2,3,0.131163
deepseek14b,implicature,swmimp119,2,3,4,0.145232
deepseek14b,implicature,swmimp119,2,4,5,0.168669
deepseek14b,implicature,swmimp119,2,5,6,0.135306
deepseek14b,implicature,swmimp119,2,6,7,0.136224
deepseek14b,implicature,swmimp119,2,7,8,0.098467
deepseek14b,implicature,swmimp119,2,8,9,0.0845
deepseek14b,implicature,swmimp119,2,9,10,0.230478
deepseek14b,implicature,swmimp119,2,10,11,0.135205
deepseek14b,implicature,swmimp119,2,11,12,0.508772
deepseek14b,implicature,swmimp119,2,12,13,0.422537
deepseek14b,implicature,swmimp119,2,13,14,0.443643
deepseek14b,implicature,swmimp119,2,14,15,0.332449
deepseek14b,implicature,swmimp119,2,15,16,0.128851
deepseek14b,implicature,swmimp119,2,16,17,0.063696
deepseek14b,implicature,swmimp119,2,17,18,0.066355
deepseek14b,implicature,swmimp119,2,18,19,0.421976
deepseek14b,implicature,swmimp119,2,19,20,0.387973
deepseek14b,implicature,swmimp119,2,20,21,0.374605
deepseek14b,implicature,swmimp119,3,1,2,0.39527
deepseek14b,implicature,swmimp119,3,2,3,0.202691
deepseek14b,implicature,swmimp119,3,3,4,0.223994
deepseek14b,implicature,swmimp119,3,4,5,0.148285
deepseek14b,implicature,swmimp119,3,5,6,0.183086
deepseek14b,implicature,swmimp119,3,6,7,0.120714
deepseek14b,implicature,swmimp119,3,7,8,0.434865
deepseek14b,implicature,swmimp119,3,8,9,0.430725
deepseek14b,implicature,swmimp119,3,9,10,0.204233
deepseek14b,implicature,swmimp119,3,10,11,0.259618
deepseek14b,implicature,swmimp119,3,11,12,0.595625
deepseek14b,implicature,swmimp119,3,12,13,0.116425
deepseek14b,implicature,swmimp119,3,13,14,0.37129
deepseek14b,implicature,swmimp119,3,14,15,0.207245
deepseek14b,implicature,swmimp119,3,15,16,0.421084
deepseek14b,implicature,swmimp119,3,16,17,0.388322
deepseek14b,implicature,swmimp119,3,17,18,0.214855
deepseek14b,implicature,swmimp119,3,18,19,0.351564
deepseek14b,implicature,swmimp119,3,19,20,0.221722
deepseek14b,implicature,swmimp119,3,20,21,0.279325
deepseek14b,implicature,swmimp120,1,1,2,0.695206
deepseek14b,implicature,swmimp120,1,2,3,0.546681
deepseek14b,implicature,swmimp120,1,3,4,0.133326
deepseek14b,implicature,swmimp120,1,4,5,0.303361
deepseek14b,implicature,swmimp120,1,5,6,0.041995
deepseek14b,implicature,swmimp120,1,6,7,0.024805
deepseek14b,implicature,swmimp120,2,1,2,0.52198
deepseek14b,implicature,swmimp120,2,2,3,0.065161
deepseek14b,implicature,swmimp120,2,3,4,0.06961
deepseek14b,implicature,swmimp120,2,4,5,0.618369
deepseek14b,implicature,swmimp120,2,5,6,0.614089
deepseek14b,implicature,swmimp120,2,6,7,0.624841
deepseek14b,implicature,swmimp120,3,1,2,0.321551
deepseek14b,implicature,swmimp120,3,2,3,0.091083
deepseek14b,implicature,swmimp120,3,3,4,0.101509
deepseek14b,implicature,swmimp120,3,4,5,0.057413
deepseek14b,implicature,swmimp120,3,5,6,0.522516
deepseek14b,implicature,swmimp120,3,6,7,0.594159
deepseek14b,implicature,swmimp121,1,1,2,0.132134
deepseek14b,implicature,swmimp121,1,2,3,0.166011
deepseek14b,implicature,swmimp121,1,3,4,0.55145
deepseek14b,implicature,swmimp121,1,4,5,0.499485
deepseek14b,implicature,swmimp121,1,5,6,0.555934
deepseek14b,implicature,swmimp121,1,6,7,0.492768
deepseek14b,implicature,swmimp121,1,7,8,0.280106
deepseek14b,implicature,swmimp121,1,8,9,0.362401
deepseek14b,implicature,swmimp121,2,1,2,0.259087
deepseek14b,implicature,swmimp121,2,2,3,0.329112
deepseek14b,implicature,swmimp121,2,3,4,0.226652
deepseek14b,implicature,swmimp121,2,4,5,0.249262
deepseek14b,implicature,swmimp121,2,5,6,0.325208
deepseek14b,implicature,swmimp121,2,6,7,0.431997
deepseek14b,implicature,swmimp121,2,7,8,0.126748
deepseek14b,implicature,swmimp121,2,8,9,0.50139
deepseek14b,implicature,swmimp121,3,1,2,0.177541
deepseek14b,implicature,swmimp121,3,2,3,0.214333
deepseek14b,implicature,swmimp121,3,3,4,0.191318
deepseek14b,implicature,swmimp121,3,4,5,0.245862
deepseek14b,implicature,swmimp121,3,5,6,0.162599
deepseek14b,implicature,swmimp121,3,6,7,0.649759
deepseek14b,implicature,swmimp121,3,7,8,0.529921
deepseek14b,implicature,swmimp121,3,8,9,0.298902
deepseek14b,implicature,swmimp122,1,1,2,0.226834
deepseek14b,implicature,swmimp122,1,2,3,0.191583
deepseek14b,implicature,swmimp122,2,1,2,0.063843
deepseek14b,implicature,swmimp122,2,2,3,0.332589
deepseek14b,implicature,swmimp122,3,1,2,0.204917
deepseek14b,implicature,swmimp122,3,2,3,0.197821
deepseek14b,implicature,swmimp123,1,1,2,0.353879
deepseek14b,implicature,swmimp123,1,2,3,0.366294
deepseek14b,implicature,swmimp123,1,3,4,0.368818
deepseek14b,implicature,swmimp123,1,4,5,0.707656
deepseek14b,implicature,swmimp123,1,5,6,0.559886
deepseek14b,implicature,swmimp123,1,6,7,0.061227
deepseek14b,implicature,swmimp123,2,1,2,0.666619
deepseek14b,implicature,swmimp123,2,2,3,0.648985
deepseek14b,implicature,swmimp123,2,3,4,0.372716
deepseek14b,implicature,swmimp123,2,4,5,0.647386
deepseek14b,implicature,swmimp123,2,5,6,0.141361
deepseek14b,implicature,swmimp123,2,6,7,0.309939
deepseek14b,implicature,swmimp123,3,1,2,0.241874
deepseek14b,implicature,swmimp123,3,2,3,0.207855
deepseek14b,implicature,swmimp123,3,3,4,0.673959
deepseek14b,implicature,swmimp123,3,4,5,0.724057
deepseek14b,implicature,swmimp123,3,5,6,0.196643
deepseek14b,implicature,swmimp123,3,6,7,0.375271
deepseek14b,implicature,swmimp124,1,1,2,0.327346
deepseek14b,implicature,swmimp124,1,2,3,0.338286
deepseek14b,implicature,swmimp124,1,3,4,0.41246
deepseek14b,implicature,swmimp124,1,4,5,0.393318
deepseek14b,implicature,swmimp124,1,5,6,0.36005
deepseek14b,implicature,swmimp124,1,6,7,0.09412
deepseek14b,implicature,swmimp124,1,7,8,0.299112
deepseek14b,implicature,swmimp124,1,8,9,0.129582
deepseek14b,implicature,swmimp124,1,9,10,0.462215
deepseek14b,implicature,swmimp124,1,10,11,0.579885
deepseek14b,implicature,swmimp124,1,11,12,0.627925
deepseek14b,implicature,swmimp124,1,12,13,0.646836
deepseek14b,implicature,swmimp124,1,13,14,0.631648
deepseek14b,implicature,swmimp124,1,14,15,0.113748
deepseek14b,implicature,swmimp124,2,1,2,0.364239
deepseek14b,implicature,swmimp124,2,2,3,0.413134
deepseek14b,implicature,swmimp124,2,3,4,0.234759
deepseek14b,implicature,swmimp124,2,4,5,0.720201
deepseek14b,implicature,swmimp124,2,5,6,0.480974
deepseek14b,implicature,swmimp124,2,6,7,0.271331
deepseek14b,implicature,swmimp124,2,7,8,0.263556
deepseek14b,implicature,swmimp124,2,8,9,0.319061
deepseek14b,implicature,swmimp124,2,9,10,0.280227
deepseek14b,implicature,swmimp124,2,10,11,0.444404
deepseek14b,implicature,swmimp124,2,11,12,0.407929
deepseek14b,implicature,swmimp124,2,12,13,0.453229
deepseek14b,implicature,swmimp124,2,13,14,0.596861
deepseek14b,implicature,swmimp124,2,14,15,0.143868
deepseek14b,implicature,swmimp124,3,1,2,0.53275
deepseek14b,implicature,swmimp124,3,2,3,0.33791
deepseek14b,implicature,swmimp124,3,3,4,0.422674
deepseek14b,implicature,swmimp124,3,4,5,0.34324
deepseek14b,implicature,swmimp124,3,5,6,0.485666
deepseek14b,implicature,swmimp124,3,6,7,0.420187
deepseek14b,implicature,swmimp124,3,7,8,0.492949
deepseek14b,implicature,swmimp124,3,8,9,0.220301
deepseek14b,implicature,swmimp124,3,9,10,0.372068
deepseek14b,implicature,swmimp124,3,10,11,0.146908
deepseek14b,implicature,swmimp124,3,11,12,0.403063
deepseek14b,implicature,swmimp124,3,12,13,0.28559
deepseek14b,implicature,swmimp124,3,13,14,0.202053
deepseek14b,implicature,swmimp124,3,14,15,0.239353
deepseek14b,implicature,swmimp125,1,1,2,0.289336
deepseek14b,implicature,swmimp125,1,2,3,0.433921
deepseek14b,implicature,swmimp125,1,3,4,0.153219
deepseek14b,implicature,swmimp125,1,4,5,0.222505
deepseek14b,implicature,swmimp125,1,5,6,0.250012
deepseek14b,implicature,swmimp125,1,6,7,0.527223
deepseek14b,implicature,swmimp125,1,7,8,0.14369
deepseek14b,implicature,swmimp125,1,8,9,0.505375
deepseek14b,implicature,swmimp125,1,9,10,0.553113
deepseek14b,implicature,swmimp125,1,10,11,0.613818
deepseek14b,implicature,swmimp125,1,11,12,0.105003
deepseek14b,implicature,swmimp125,1,12,13,0.326807
deepseek14b,implicature,swmimp125,1,13,14,0.230657
deepseek14b,implicature,swmimp125,1,14,15,0.277977
deepseek14b,implicature,swmimp125,2,1,2,0.348958
deepseek14b,implicature,swmimp125,2,2,3,0.081178
deepseek14b,implicature,swmimp125,2,3,4,0.128332
deepseek14b,implicature,swmimp125,2,4,5,0.595488
deepseek14b,implicature,swmimp125,2,5,6,0.649764
deepseek14b,implicature,swmimp125,2,6,7,0.422782
deepseek14b,implicature,swmimp125,2,7,8,0.430571
deepseek14b,implicature,swmimp125,2,8,9,0.146805
deepseek14b,implicature,swmimp125,2,9,10,0.635468
deepseek14b,implicature,swmimp125,2,10,11,0.177008
deepseek14b,implicature,swmimp125,2,11,12,0.641032
deepseek14b,implicature,swmimp125,2,12,13,0.161654
deepseek14b,implicature,swmimp125,2,13,14,0.367336
deepseek14b,implicature,swmimp125,2,14,15,0.39968
deepseek14b,implicature,swmimp125,3,1,2,0.564622
deepseek14b,implicature,swmimp125,3,2,3,0.434591
deepseek14b,implicature,swmimp125,3,3,4,0.097346
deepseek14b,implicature,swmimp125,3,4,5,0.121156
deepseek14b,implicature,swmimp125,3,5,6,0.436968
deepseek14b,implicature,swmimp125,3,6,7,0.34475
deepseek14b,implicature,swmimp125,3,7,8,0.292374
deepseek14b,implicature,swmimp125,3,8,9,0.466198
deepseek14b,implicature,swmimp125,3,9,10,0.65382
deepseek14b,implicature,swmimp125,3,10,11,0.201014
deepseek14b,implicature,swmimp125,3,11,12,0.622632
deepseek14b,implicature,swmimp125,3,12,13,0.123802
deepseek14b,implicature,swmimp125,3,13,14,0.560493
deepseek14b,implicature,swmimp125,3,14,15,0.520995
deepseek14b,implicature,swmimp126,1,1,2,0.349883
deepseek14b,implicature,swmimp126,1,2,3,0.513679
deepseek14b,implicature,swmimp126,1,3,4,0.116341
deepseek14b,implicature,swmimp126,1,4,5,0.247047
deepseek14b,implicature,swmimp126,1,5,6,0.217029
deepseek14b,implicature,swmimp126,1,6,7,0.515085
deepseek14b,implicature,swmimp126,1,7,8,0.213438
deepseek14b,implicature,swmimp126,1,8,9,0.17919
deepseek14b,implicature,swmimp126,2,1,2,0.247014
deepseek14b,implicature,swmimp126,2,2,3,0.247305
deepseek14b,implicature,swmimp126,2,3,4,0.069885
deepseek14b,implicature,swmimp126,2,4,5,0.143879
deepseek14b,implicature,swmimp126,2,5,6,0.047248
deepseek14b,implicature,swmimp126,2,6,7,0.500536
deepseek14b,implicature,swmimp126,2,7,8,0.58374
deepseek14b,implicature,swmimp126,2,8,9,0.593778
deepseek14b,implicature,swmimp126,3,1,2,0.147762
deepseek14b,implicature,swmimp126,3,2,3,0.170871
deepseek14b,implicature,swmimp126,3,3,4,0.239322
deepseek14b,implicature,swmimp126,3,4,5,0.267603
deepseek14b,implicature,swmimp126,3,5,6,0.567575
deepseek14b,implicature,swmimp126,3,6,7,0.534163
deepseek14b,implicature,swmimp126,3,7,8,0.501406
deepseek14b,implicature,swmimp126,3,8,9,0.06266
deepseek14b,implicature,swmimp127,1,1,2,0.242802
deepseek14b,implicature,swmimp127,1,2,3,0.227173
deepseek14b,implicature,swmimp127,1,3,4,0.254748
deepseek14b,implicature,swmimp127,1,4,5,0.245793
deepseek14b,implicature,swmimp127,1,5,6,0.239714
deepseek14b,implicature,swmimp127,1,6,7,0.218489
deepseek14b,implicature,swmimp127,1,7,8,0.281793
deepseek14b,implicature,swmimp127,1,8,9,0.656408
deepseek14b,implicature,swmimp127,1,9,10,0.331964
deepseek14b,implicature,swmimp127,2,1,2,0.124314
deepseek14b,implicature,swmimp127,2,2,3,0.819733
deepseek14b,implicature,swmimp127,2,3,4,0.900863
deepseek14b,implicature,swmimp127,2,4,5,0.394553
deepseek14b,implicature,swmimp127,2,5,6,0.345377
deepseek14b,implicature,swmimp127,2,6,7,0.33631
deepseek14b,implicature,swmimp127,2,7,8,0.216371
deepseek14b,implicature,swmimp127,2,8,9,0.351814
deepseek14b,implicature,swmimp127,2,9,10,0.598166
deepseek14b,implicature,swmimp127,3,1,2,0.393423
deepseek14b,implicature,swmimp127,3,2,3,0.250623
deepseek14b,implicature,swmimp127,3,3,4,0.262209
deepseek14b,implicature,swmimp127,3,4,5,0.655422
deepseek14b,implicature,swmimp127,3,5,6,0.701533
deepseek14b,implicature,swmimp127,3,6,7,0.447464
deepseek14b,implicature,swmimp127,3,7,8,0.24372
deepseek14b,implicature,swmimp127,3,8,9,0.469377
deepseek14b,implicature,swmimp127,3,9,10,0.365477
deepseek14b,implicature,swmimp128,1,1,2,0.315552
deepseek14b,implicature,swmimp128,1,2,3,0.159408
deepseek14b,implicature,swmimp128,1,3,4,0.378509
deepseek14b,implicature,swmimp128,1,4,5,0.434385
deepseek14b,implicature,swmimp128,1,5,6,0.110951
deepseek14b,implicature,swmimp128,1,6,7,0.144291
deepseek14b,implicature,swmimp128,1,7,8,0.379161
deepseek14b,implicature,swmimp128,1,8,9,0.740005
deepseek14b,implicature,swmimp128,1,9,10,0.728305
deepseek14b,implicature,swmimp128,1,10,11,0.057852
deepseek14b,implicature,swmimp128,1,11,12,0.130427
deepseek14b,implicature,swmimp128,1,12,13,0.166461
deepseek14b,implicature,swmimp128,1,13,14,0.177287
deepseek14b,implicature,swmimp128,1,14,15,0.22365
deepseek14b,implicature,swmimp128,1,15,16,0.669012
deepseek14b,implicature,swmimp128,2,1,2,0.313004
deepseek14b,implicature,swmimp128,2,2,3,0.272698
deepseek14b,implicature,swmimp128,2,3,4,0.350146
deepseek14b,implicature,swmimp128,2,4,5,0.624859
deepseek14b,implicature,swmimp128,2,5,6,0.643005
deepseek14b,implicature,swmimp128,2,6,7,0.257985
deepseek14b,implicature,swmimp128,2,7,8,0.539335
deepseek14b,implicature,swmimp128,2,8,9,0.067006
deepseek14b,implicature,swmimp128,2,9,10,0.682682
deepseek14b,implicature,swmimp128,2,10,11,0.084618
deepseek14b,implicature,swmimp128,2,11,12,0.175701
deepseek14b,implicature,swmimp128,2,12,13,0.179826
deepseek14b,implicature,swmimp128,2,13,14,0.245927
deepseek14b,implicature,swmimp128,2,14,15,0.140186
deepseek14b,implicature,swmimp128,2,15,16,0.697452
deepseek14b,implicature,swmimp128,3,1,2,0.148483
deepseek14b,implicature,swmimp128,3,2,3,0.227626
deepseek14b,implicature,swmimp128,3,3,4,0.331154
deepseek14b,implicature,swmimp128,3,4,5,0.371534
deepseek14b,implicature,swmimp128,3,5,6,0.399548
deepseek14b,implicature,swmimp128,3,6,7,0.692015
deepseek14b,implicature,swmimp128,3,7,8,0.288911
deepseek14b,implicature,swmimp128,3,8,9,0.140401
deepseek14b,implicature,swmimp128,3,9,10,0.145704
deepseek14b,implicature,swmimp128,3,10,11,0.205363
deepseek14b,implicature,swmimp128,3,11,12,0.627645
deepseek14b,implicature,swmimp128,3,12,13,0.245399
deepseek14b,implicature,swmimp128,3,13,14,0.305864
deepseek14b,implicature,swmimp128,3,14,15,0.207062
deepseek14b,implicature,swmimp128,3,15,16,0.473707
deepseek14b,implicature,swmimp129,1,1,2,0.329507
deepseek14b,implicature,swmimp129,1,2,3,0.128963
deepseek14b,implicature,swmimp129,1,3,4,0.490777
deepseek14b,implicature,swmimp129,1,4,5,0.608404
deepseek14b,implicature,swmimp129,1,5,6,0.607184
deepseek14b,implicature,swmimp129,1,6,7,0.139019
deepseek14b,implicature,swmimp129,1,7,8,0.217289
deepseek14b,implicature,swmimp129,1,8,9,0.144892
deepseek14b,implicature,swmimp129,1,9,10,0.227565
deepseek14b,implicature,swmimp129,1,10,11,0.461031
deepseek14b,implicature,swmimp129,1,11,12,0.582286
deepseek14b,implicature,swmimp129,1,12,13,0.123083
deepseek14b,implicature,swmimp129,2,1,2,0.093211
deepseek14b,implicature,swmimp129,2,2,3,0.4542
deepseek14b,implicature,swmimp129,2,3,4,0.167894
deepseek14b,implicature,swmimp129,2,4,5,0.134788
deepseek14b,implicature,swmimp129,2,5,6,0.190787
deepseek14b,implicature,swmimp129,2,6,7,0.277703
deepseek14b,implicature,swmimp129,2,7,8,0.346735
deepseek14b,implicature,swmimp129,2,8,9,0.035934
deepseek14b,implicature,swmimp129,2,9,10,0.218737
deepseek14b,implicature,swmimp129,2,10,11,0.126028
deepseek14b,implicature,swmimp129,2,11,12,0.336678
deepseek14b,implicature,swmimp129,2,12,13,0.399614
deepseek14b,implicature,swmimp129,3,1,2,0.384792
deepseek14b,implicature,swmimp129,3,2,3,0.380393
deepseek14b,implicature,swmimp129,3,3,4,0.35571
deepseek14b,implicature,swmimp129,3,4,5,0.129351
deepseek14b,implicature,swmimp129,3,5,6,0.136318
deepseek14b,implicature,swmimp129,3,6,7,0.453337
deepseek14b,implicature,swmimp129,3,7,8,0.418123
deepseek14b,implicature,swmimp129,3,8,9,0.055394
deepseek14b,implicature,swmimp129,3,9,10,0.070941
deepseek14b,implicature,swmimp129,3,10,11,0.226898
deepseek14b,implicature,swmimp129,3,11,12,0.840725
deepseek14b,implicature,swmimp129,3,12,13,0.903642
deepseek14b,implicature,swmimp130,1,1,2,0.256107
deepseek14b,implicature,swmimp130,1,2,3,0.235099
deepseek14b,implicature,swmimp130,1,3,4,0.269288
deepseek14b,implicature,swmimp130,1,4,5,0.232374
deepseek14b,implicature,swmimp130,1,5,6,0.11887
deepseek14b,implicature,swmimp130,1,6,7,0.134095
deepseek14b,implicature,swmimp130,1,7,8,0.464346
deepseek14b,implicature,swmimp130,1,8,9,0.523524
deepseek14b,implicature,swmimp130,1,9,10,0.306373
deepseek14b,implicature,swmimp130,2,1,2,0.122181
deepseek14b,implicature,swmimp130,2,2,3,0.090348
deepseek14b,implicature,swmimp130,2,3,4,0.154062
deepseek14b,implicature,swmimp130,2,4,5,0.134381
deepseek14b,implicature,swmimp130,2,5,6,0.204524
deepseek14b,implicature,swmimp130,2,6,7,0.205811
deepseek14b,implicature,swmimp130,2,7,8,0.132793
deepseek14b,implicature,swmimp130,2,8,9,0.176123
deepseek14b,implicature,swmimp130,2,9,10,0.420382
deepseek14b,implicature,swmimp130,3,1,2,0.615088
deepseek14b,implicature,swmimp130,3,2,3,0.517376
deepseek14b,implicature,swmimp130,3,3,4,0.178301
deepseek14b,implicature,swmimp130,3,4,5,0.344536
deepseek14b,implicature,swmimp130,3,5,6,0.425562
deepseek14b,implicature,swmimp130,3,6,7,0.394273
deepseek14b,implicature,swmimp130,3,7,8,0.239209
deepseek14b,implicature,swmimp130,3,8,9,0.43412
deepseek14b,implicature,swmimp130,3,9,10,0.570793
deepseek14b,implicature,swmimp131,1,1,2,0.317119
deepseek14b,implicature,swmimp131,1,2,3,0.383792
deepseek14b,implicature,swmimp131,1,3,4,0.460566
deepseek14b,implicature,swmimp131,1,4,5,0.281228
deepseek14b,implicature,swmimp131,1,5,6,0.670318
deepseek14b,implicature,swmimp131,1,6,7,0.638195
deepseek14b,implicature,swmimp131,2,1,2,0.170061
deepseek14b,implicature,swmimp131,2,2,3,0.230128
deepseek14b,implicature,swmimp131,2,3,4,0.459942
deepseek14b,implicature,swmimp131,2,4,5,0.226003
deepseek14b,implicature,swmimp131,2,5,6,0.410606
deepseek14b,implicature,swmimp131,2,6,7,0.35144
deepseek14b,implicature,swmimp131,3,1,2,0.314784
deepseek14b,implicature,swmimp131,3,2,3,0.206971
deepseek14b,implicature,swmimp131,3,3,4,0.161923
deepseek14b,implicature,swmimp131,3,4,5,0.290693
deepseek14b,implicature,swmimp131,3,5,6,0.31553
deepseek14b,implicature,swmimp131,3,6,7,0.134708
deepseek14b,implicature,swmimp132,1,1,2,0.189674
deepseek14b,implicature,swmimp132,1,2,3,0.183234
deepseek14b,implicature,swmimp132,1,3,4,0.132309
deepseek14b,implicature,swmimp132,1,4,5,0.164423
deepseek14b,implicature,swmimp132,1,5,6,0.219521
deepseek14b,implicature,swmimp132,1,6,7,0.609638
deepseek14b,implicature,swmimp132,1,7,8,0.547317
deepseek14b,implicature,swmimp132,1,8,9,0.242931
deepseek14b,implicature,swmimp132,1,9,10,0.35254
deepseek14b,implicature,swmimp132,1,10,11,0.304134
deepseek14b,implicature,swmimp132,2,1,2,0.2214
deepseek14b,implicature,swmimp132,2,2,3,0.093162
deepseek14b,implicature,swmimp132,2,3,4,0.04332
deepseek14b,implicature,swmimp132,2,4,5,0.066579
deepseek14b,implicature,swmimp132,2,5,6,0.077566
deepseek14b,implicature,swmimp132,2,6,7,0.224263
deepseek14b,implicature,swmimp132,2,7,8,0.238525
deepseek14b,implicature,swmimp132,2,8,9,0.30834
deepseek14b,implicature,swmimp132,2,9,10,0.430902
deepseek14b,implicature,swmimp132,2,10,11,0.280755
deepseek14b,implicature,swmimp132,3,1,2,0.069812
deepseek14b,implicature,swmimp132,3,2,3,0.086179
deepseek14b,implicature,swmimp132,3,3,4,0.186619
deepseek14b,implicature,swmimp132,3,4,5,0.220489
deepseek14b,implicature,swmimp132,3,5,6,0.372759
deepseek14b,implicature,swmimp132,3,6,7,0.231508
deepseek14b,implicature,swmimp132,3,7,8,0.219939
deepseek14b,implicature,swmimp132,3,8,9,0.128891
deepseek14b,implicature,swmimp132,3,9,10,0.18803
deepseek14b,implicature,swmimp132,3,10,11,0.482013
deepseek14b,implicature,swmimp133,1,1,2,0.199751
deepseek14b,implicature,swmimp133,1,2,3,0.16835
deepseek14b,implicature,swmimp133,1,3,4,0.191018
deepseek14b,implicature,swmimp133,1,4,5,0.143561
deepseek14b,implicature,swmimp133,1,5,6,0.645162
deepseek14b,implicature,swmimp133,2,1,2,0.5156
deepseek14b,implicature,swmimp133,2,2,3,0.496197
deepseek14b,implicature,swmimp133,2,3,4,0.059735
deepseek14b,implicature,swmimp133,2,4,5,0.142451
deepseek14b,implicature,swmimp133,2,5,6,0.607742
deepseek14b,implicature,swmimp133,3,1,2,0.533127
deepseek14b,implicature,swmimp133,3,2,3,0.565273
deepseek14b,implicature,swmimp133,3,3,4,0.168061
deepseek14b,implicature,swmimp133,3,4,5,0.151478
deepseek14b,implicature,swmimp133,3,5,6,0.633985
deepseek14b,implicature,swmimp134,1,1,2,0.280899
deepseek14b,implicature,swmimp134,1,2,3,0.405468
deepseek14b,implicature,swmimp134,1,3,4,0.353526
deepseek14b,implicature,swmimp134,1,4,5,0.287326
deepseek14b,implicature,swmimp134,1,5,6,0.307836
deepseek14b,implicature,swmimp134,1,6,7,0.324974
deepseek14b,implicature,swmimp134,2,1,2,0.326332
deepseek14b,implicature,swmimp134,2,2,3,0.221294
deepseek14b,implicature,swmimp134,2,3,4,0.158273
deepseek14b,implicature,swmimp134,2,4,5,0.183605
deepseek14b,implicature,swmimp134,2,5,6,0.164814
deepseek14b,implicature,swmimp134,2,6,7,0.236091
deepseek14b,implicature,swmimp134,3,1,2,0.302291
deepseek14b,implicature,swmimp134,3,2,3,0.269749
deepseek14b,implicature,swmimp134,3,3,4,0.084985
deepseek14b,implicature,swmimp134,3,4,5,0.230786
deepseek14b,implicature,swmimp134,3,5,6,0.360076
deepseek14b,implicature,swmimp134,3,6,7,0.399006
deepseek14b,implicature,swmimp135,1,1,2,0.321634
deepseek14b,implicature,swmimp135,1,2,3,0.243768
deepseek14b,implicature,swmimp135,1,3,4,0.274783
deepseek14b,implicature,swmimp135,1,4,5,0.349225
deepseek14b,implicature,swmimp135,1,5,6,0.338864
deepseek14b,implicature,swmimp135,1,6,7,0.596594
deepseek14b,implicature,swmimp135,1,7,8,0.574074
deepseek14b,implicature,swmimp135,1,8,9,0.235175
deepseek14b,implicature,swmimp135,2,1,2,0.365359
deepseek14b,implicature,swmimp135,2,2,3,0.388426
deepseek14b,implicature,swmimp135,2,3,4,0.273203
deepseek14b,implicature,swmimp135,2,4,5,0.158747
deepseek14b,implicature,swmimp135,2,5,6,0.086813
deepseek14b,implicature,swmimp135,2,6,7,0.177934
deepseek14b,implicature,swmimp135,2,7,8,0.457763
deepseek14b,implicature,swmimp135,2,8,9,0.646269
deepseek14b,implicature,swmimp135,3,1,2,0.228639
deepseek14b,implicature,swmimp135,3,2,3,0.227742
deepseek14b,implicature,swmimp135,3,3,4,0.173464
deepseek14b,implicature,swmimp135,3,4,5,0.119076
deepseek14b,implicature,swmimp135,3,5,6,0.374733
deepseek14b,implicature,swmimp135,3,6,7,0.445981
deepseek14b,implicature,swmimp135,3,7,8,0.639613
deepseek14b,implicature,swmimp135,3,8,9,0.501861
deepseek14b,implicature,swmimp136,1,1,2,0.154606
deepseek14b,implicature,swmimp136,1,2,3,0.219451
deepseek14b,implicature,swmimp136,1,3,4,0.251072
deepseek14b,implicature,swmimp136,1,4,5,0.294086
deepseek14b,implicature,swmimp136,1,5,6,0.535349
deepseek14b,implicature,swmimp136,2,1,2,0.362921
deepseek14b,implicature,swmimp136,2,2,3,0.343683
deepseek14b,implicature,swmimp136,2,3,4,0.458366
deepseek14b,implicature,swmimp136,2,4,5,0.285355
deepseek14b,implicature,swmimp136,2,5,6,0.611352
deepseek14b,implicature,swmimp136,3,1,2,0.425151
deepseek14b,implicature,swmimp136,3,2,3,0.223325
deepseek14b,implicature,swmimp136,3,3,4,0.514368
deepseek14b,implicature,swmimp136,3,4,5,0.607962
deepseek14b,implicature,swmimp136,3,5,6,0.225457
deepseek14b,implicature,swmimp137,1,1,2,0.550665
deepseek14b,implicature,swmimp137,1,2,3,0.565225
deepseek14b,implicature,swmimp137,1,3,4,0.616768
deepseek14b,implicature,swmimp137,2,1,2,0.148579
deepseek14b,implicature,swmimp137,2,2,3,0.568246
deepseek14b,implicature,swmimp137,2,3,4,0.316059
deepseek14b,implicature,swmimp137,3,1,2,0.518098
deepseek14b,implicature,swmimp137,3,2,3,0.627495
deepseek14b,implicature,swmimp137,3,3,4,0.138249
deepseek14b,implicature,swmimp138,1,1,2,0.140812
deepseek14b,implicature,swmimp138,1,2,3,0.168847
deepseek14b,implicature,swmimp138,1,3,4,0.06477
deepseek14b,implicature,swmimp138,1,4,5,0.136651
deepseek14b,implicature,swmimp138,1,5,6,0.389821
deepseek14b,implicature,swmimp138,2,1,2,0.123557
deepseek14b,implicature,swmimp138,2,2,3,0.392149
deepseek14b,implicature,swmimp138,2,3,4,0.269237
deepseek14b,implicature,swmimp138,2,4,5,0.293813
deepseek14b,implicature,swmimp138,2,5,6,0.177108
deepseek14b,implicature,swmimp138,3,1,2,0.053201
deepseek14b,implicature,swmimp138,3,2,3,0.088657
deepseek14b,implicature,swmimp138,3,3,4,0.157618
deepseek14b,implicature,swmimp138,3,4,5,0.318884
deepseek14b,implicature,swmimp138,3,5,6,0.352046
deepseek14b,implicature,swmimp139,1,1,2,0.368634
deepseek14b,implicature,swmimp139,1,2,3,0.445052
deepseek14b,implicature,swmimp139,1,3,4,0.643294
deepseek14b,implicature,swmimp139,1,4,5,0.506517
deepseek14b,implicature,swmimp139,1,5,6,0.416007
deepseek14b,implicature,swmimp139,1,6,7,0.719335
deepseek14b,implicature,swmimp139,1,7,8,0.182934
deepseek14b,implicature,swmimp139,2,1,2,0.288851
deepseek14b,implicature,swmimp139,2,2,3,0.569101
deepseek14b,implicature,swmimp139,2,3,4,0.646203
deepseek14b,implicature,swmimp139,2,4,5,0.234476
deepseek14b,implicature,swmimp139,2,5,6,0.262256
deepseek14b,implicature,swmimp139,2,6,7,0.293281
deepseek14b,implicature,swmimp139,2,7,8,0.460687
deepseek14b,implicature,swmimp139,3,1,2,0.222384
deepseek14b,implicature,swmimp139,3,2,3,0.208907
deepseek14b,implicature,swmimp139,3,3,4,0.130767
deepseek14b,implicature,swmimp139,3,4,5,0.191333
deepseek14b,implicature,swmimp139,3,5,6,0.33956
deepseek14b,implicature,swmimp139,3,6,7,0.077557
deepseek14b,implicature,swmimp139,3,7,8,0.279817
deepseek14b,implicature,swmimp140,1,1,2,0.276465
deepseek14b,implicature,swmimp140,1,2,3,0.209548
deepseek14b,implicature,swmimp140,1,3,4,0.303806
deepseek14b,implicature,swmimp140,1,4,5,0.677578
deepseek14b,implicature,swmimp140,1,5,6,0.6138
deepseek14b,implicature,swmimp140,1,6,7,0.2387
deepseek14b,implicature,swmimp140,1,7,8,0.328557
deepseek14b,implicature,swmimp140,1,8,9,0.494254
deepseek14b,implicature,swmimp140,1,9,10,0.604987
deepseek14b,implicature,swmimp140,1,10,11,0.165922
deepseek14b,implicature,swmimp140,1,11,12,0.165518
deepseek14b,implicature,swmimp140,1,12,13,0.16141
deepseek14b,implicature,swmimp140,1,13,14,0.663206
deepseek14b,implicature,swmimp140,1,14,15,0.707695
deepseek14b,implicature,swmimp140,1,15,16,0.628095
deepseek14b,implicature,swmimp140,1,16,17,0.611965
deepseek14b,implicature,swmimp140,1,17,18,0.594992
deepseek14b,implicature,swmimp140,1,18,19,0.176696
deepseek14b,implicature,swmimp140,1,19,20,0.589092
deepseek14b,implicature,swmimp140,1,20,21,0.280068
deepseek14b,implicature,swmimp140,1,21,22,0.695358
deepseek14b,implicature,swmimp140,1,22,23,0.212212
deepseek14b,implicature,swmimp140,1,23,24,0.14967
deepseek14b,implicature,swmimp140,1,24,25,0.196941
deepseek14b,implicature,swmimp140,1,25,26,0.178302
deepseek14b,implicature,swmimp140,1,26,27,0.1726
deepseek14b,implicature,swmimp140,1,27,28,0.198253
deepseek14b,implicature,swmimp140,1,28,29,0.767958
deepseek14b,implicature,swmimp140,1,29,30,0.858761
deepseek14b,implicature,swmimp140,1,30,31,0.310446
deepseek14b,implicature,swmimp140,1,31,32,0.631905
deepseek14b,implicature,swmimp140,1,32,33,0.295359
deepseek14b,implicature,swmimp140,1,33,34,0.403769
deepseek14b,implicature,swmimp140,1,34,35,0.475696
deepseek14b,implicature,swmimp140,1,35,36,0.166237
deepseek14b,implicature,swmimp140,1,36,37,0.196602
deepseek14b,implicature,swmimp140,2,1,2,0.082345
deepseek14b,implicature,swmimp140,2,2,3,0.271463
deepseek14b,implicature,swmimp140,2,3,4,0.131513
deepseek14b,implicature,swmimp140,2,4,5,0.390025
deepseek14b,implicature,swmimp140,2,5,6,0.373082
deepseek14b,implicature,swmimp140,2,6,7,0.40667
deepseek14b,implicature,swmimp140,2,7,8,0.217069
deepseek14b,implicature,swmimp140,2,8,9,0.276086
deepseek14b,implicature,swmimp140,2,9,10,0.24339
deepseek14b,implicature,swmimp140,2,10,11,0.054229
deepseek14b,implicature,swmimp140,2,11,12,0.617221
deepseek14b,implicature,swmimp140,2,12,13,0.118987
deepseek14b,implicature,swmimp140,2,13,14,0.569322
deepseek14b,implicature,swmimp140,2,14,15,0.575168
deepseek14b,implicature,swmimp140,2,15,16,0.48857
deepseek14b,implicature,swmimp140,2,16,17,0.030465
deepseek14b,implicature,swmimp140,2,17,18,0.171618
deepseek14b,implicature,swmimp140,2,18,19,0.257034
deepseek14b,implicature,swmimp140,2,19,20,0.177341
deepseek14b,implicature,swmimp140,2,20,21,0.213018
deepseek14b,implicature,swmimp140,2,21,22,0.585116
deepseek14b,implicature,swmimp140,2,22,23,0.516753
deepseek14b,implicature,swmimp140,2,23,24,0.529714
deepseek14b,implicature,swmimp140,2,24,25,0.719108
deepseek14b,implicature,swmimp140,2,25,26,0.40668
deepseek14b,implicature,swmimp140,2,26,27,0.70537
deepseek14b,implicature,swmimp140,2,27,28,0.519903
deepseek14b,implicature,swmimp140,2,28,29,0.56217
deepseek14b,implicature,swmimp140,2,29,30,0.223943
deepseek14b,implicature,swmimp140,2,30,31,0.215015
deepseek14b,implicature,swmimp140,2,31,32,0.174451
deepseek14b,implicature,swmimp140,2,32,33,0.509396
deepseek14b,implicature,swmimp140,2,33,34,0.616464
deepseek14b,implicature,swmimp140,2,34,35,0.251609
deepseek14b,implicature,swmimp140,2,35,36,0.152617
deepseek14b,implicature,swmimp140,2,36,37,0.143538
deepseek14b,implicature,swmimp140,3,1,2,0.209952
deepseek14b,implicature,swmimp140,3,2,3,0.094088
deepseek14b,implicature,swmimp140,3,3,4,0.490756
deepseek14b,implicature,swmimp140,3,4,5,0.4687
deepseek14b,implicature,swmimp140,3,5,6,0.437655
deepseek14b,implicature,swmimp140,3,6,7,0.319105
deepseek14b,implicature,swmimp140,3,7,8,0.146277
deepseek14b,implicature,swmimp140,3,8,9,0.704842
deepseek14b,implicature,swmimp140,3,9,10,0.52565
deepseek14b,implicature,swmimp140,3,10,11,0.281399
deepseek14b,implicature,swmimp140,3,11,12,0.354759
deepseek14b,implicature,swmimp140,3,12,13,0.397104
deepseek14b,implicature,swmimp140,3,13,14,0.207068
deepseek14b,implicature,swmimp140,3,14,15,0.389233
deepseek14b,implicature,swmimp140,3,15,16,0.258771
deepseek14b,implicature,swmimp140,3,16,17,0.29621
deepseek14b,implicature,swmimp140,3,17,18,0.20505
deepseek14b,implicature,swmimp140,3,18,19,0.234606
deepseek14b,implicature,swmimp140,3,19,20,0.18348
deepseek14b,implicature,swmimp140,3,20,21,0.629458
deepseek14b,implicature,swmimp140,3,21,22,0.124586
deepseek14b,implicature,swmimp140,3,22,23,0.692291
deepseek14b,implicature,swmimp140,3,23,24,0.650864
deepseek14b,implicature,swmimp140,3,24,25,0.565074
deepseek14b,implicature,swmimp140,3,25,26,0.583785
deepseek14b,implicature,swmimp140,3,26,27,0.281139
deepseek14b,implicature,swmimp140,3,27,28,0.200684
deepseek14b,implicature,swmimp140,3,28,29,0.585061
deepseek14b,implicature,swmimp140,3,29,30,0.509939
deepseek14b,implicature,swmimp140,3,30,31,0.33187
deepseek14b,implicature,swmimp140,3,31,32,0.109348
deepseek14b,implicature,swmimp140,3,32,33,0.176294
deepseek14b,implicature,swmimp140,3,33,34,0.11838
deepseek14b,implicature,swmimp140,3,34,35,0.094593
deepseek14b,implicature,swmimp140,3,35,36,0.313739
deepseek14b,implicature,swmimp140,3,36,37,0.350632
deepseek14b,implicature,swmimp141,1,1,2,0.444683
deepseek14b,implicature,swmimp141,1,2,3,0.108772
deepseek14b,implicature,swmimp141,1,3,4,0.085639
deepseek14b,implicature,swmimp141,1,4,5,0.042667
deepseek14b,implicature,swmimp141,1,5,6,0.215398
deepseek14b,implicature,swmimp141,1,6,7,0.234404
deepseek14b,implicature,swmimp141,1,7,8,0.208359
deepseek14b,implicature,swmimp141,1,8,9,0.17992
deepseek14b,implicature,swmimp141,1,9,10,0.171159
deepseek14b,implicature,swmimp141,1,10,11,0.168278
deepseek14b,implicature,swmimp141,2,1,2,0.093495
deepseek14b,implicature,swmimp141,2,2,3,0.081402
deepseek14b,implicature,swmimp141,2,3,4,0.100485
deepseek14b,implicature,swmimp141,2,4,5,0.049379
deepseek14b,implicature,swmimp141,2,5,6,0.100155
deepseek14b,implicature,swmimp141,2,6,7,0.101147
deepseek14b,implicature,swmimp141,2,7,8,0.024026
deepseek14b,implicature,swmimp141,2,8,9,0.317858
deepseek14b,implicature,swmimp141,2,9,10,0.28131
deepseek14b,implicature,swmimp141,2,10,11,0.373367
deepseek14b,implicature,swmimp141,3,1,2,0.377031
deepseek14b,implicature,swmimp141,3,2,3,0.496568
deepseek14b,implicature,swmimp141,3,3,4,0.131345
deepseek14b,implicature,swmimp141,3,4,5,0.138426
deepseek14b,implicature,swmimp141,3,5,6,0.183136
deepseek14b,implicature,swmimp141,3,6,7,0.263327
deepseek14b,implicature,swmimp141,3,7,8,0.0
deepseek14b,implicature,swmimp141,3,8,9,0.108036
deepseek14b,implicature,swmimp141,3,9,10,0.096675
deepseek14b,implicature,swmimp141,3,10,11,0.12992
deepseek14b,implicature,swmimp142,1,1,2,0.212329
deepseek14b,implicature,swmimp142,1,2,3,0.287677
deepseek14b,implicature,swmimp142,1,3,4,0.367831
deepseek14b,implicature,swmimp142,1,4,5,0.249927
deepseek14b,implicature,swmimp142,1,5,6,0.148468
deepseek14b,implicature,swmimp142,1,6,7,0.250665
deepseek14b,implicature,swmimp142,1,7,8,0.601435
deepseek14b,implicature,swmimp142,1,8,9,0.54458
deepseek14b,implicature,swmimp142,1,9,10,0.35392
deepseek14b,implicature,swmimp142,2,1,2,0.296096
deepseek14b,implicature,swmimp142,2,2,3,0.032522
deepseek14b,implicature,swmimp142,2,3,4,0.268066
deepseek14b,implicature,swmimp142,2,4,5,0.246164
deepseek14b,implicature,swmimp142,2,5,6,0.478428
deepseek14b,implicature,swmimp142,2,6,7,0.646683
deepseek14b,implicature,swmimp142,2,7,8,0.569144
deepseek14b,implicature,swmimp142,2,8,9,0.57672
deepseek14b,implicature,swmimp142,2,9,10,0.318157
deepseek14b,implicature,swmimp142,3,1,2,0.267695
deepseek14b,implicature,swmimp142,3,2,3,0.451696
deepseek14b,implicature,swmimp142,3,3,4,0.195434
deepseek14b,implicature,swmimp142,3,4,5,0.613389
deepseek14b,implicature,swmimp142,3,5,6,0.513809
deepseek14b,implicature,swmimp142,3,6,7,0.45466
deepseek14b,implicature,swmimp142,3,7,8,0.325793
deepseek14b,implicature,swmimp142,3,8,9,0.67939
deepseek14b,implicature,swmimp142,3,9,10,0.56961
deepseek14b,implicature,swmimp143,1,1,2,0.33239
deepseek14b,implicature,swmimp143,1,2,3,0.324742
deepseek14b,implicature,swmimp143,1,3,4,0.140488
deepseek14b,implicature,swmimp143,1,4,5,0.303058
deepseek14b,implicature,swmimp143,1,5,6,0.118036
deepseek14b,implicature,swmimp143,1,6,7,0.371244
deepseek14b,implicature,swmimp143,1,7,8,0.595741
deepseek14b,implicature,swmimp143,1,8,9,0.479643
deepseek14b,implicature,swmimp143,1,9,10,0.392146
deepseek14b,implicature,swmimp143,1,10,11,0.643841
deepseek14b,implicature,swmimp143,1,11,12,0.54145
deepseek14b,implicature,swmimp143,1,12,13,0.565988
deepseek14b,implicature,swmimp143,1,13,14,0.548556
deepseek14b,implicature,swmimp143,1,14,15,0.558538
deepseek14b,implicature,swmimp143,1,15,16,0.178555
deepseek14b,implicature,swmimp143,1,16,17,0.238932
deepseek14b,implicature,swmimp143,1,17,18,0.159574
deepseek14b,implicature,swmimp143,2,1,2,0.177682
deepseek14b,implicature,swmimp143,2,2,3,0.238452
deepseek14b,implicature,swmimp143,2,3,4,0.278893
deepseek14b,implicature,swmimp143,2,4,5,0.630318
deepseek14b,implicature,swmimp143,2,5,6,0.695413
deepseek14b,implicature,swmimp143,2,6,7,0.155357
deepseek14b,implicature,swmimp143,2,7,8,0.358599
deepseek14b,implicature,swmimp143,2,8,9,0.529558
deepseek14b,implicature,swmimp143,2,9,10,0.460498
deepseek14b,implicature,swmimp143,2,10,11,0.297017
deepseek14b,implicature,swmimp143,2,11,12,0.366498
deepseek14b,implicature,swmimp143,2,12,13,0.357849
deepseek14b,implicature,swmimp143,2,13,14,0.083825
deepseek14b,implicature,swmimp143,2,14,15,0.519234
deepseek14b,implicature,swmimp143,2,15,16,0.375871
deepseek14b,implicature,swmimp143,2,16,17,0.159777
deepseek14b,implicature,swmimp143,2,17,18,0.163557
deepseek14b,implicature,swmimp143,3,1,2,0.258713
deepseek14b,implicature,swmimp143,3,2,3,0.678748
deepseek14b,implicature,swmimp143,3,3,4,0.291825
deepseek14b,implicature,swmimp143,3,4,5,0.560674
deepseek14b,implicature,swmimp143,3,5,6,0.132123
deepseek14b,implicature,swmimp143,3,6,7,0.272191
deepseek14b,implicature,swmimp143,3,7,8,0.238033
deepseek14b,implicature,swmimp143,3,8,9,0.529407
deepseek14b,implicature,swmimp143,3,9,10,0.619046
deepseek14b,implicature,swmimp143,3,10,11,0.390024
deepseek14b,implicature,swmimp143,3,11,12,0.364777
deepseek14b,implicature,swmimp143,3,12,13,0.740538
deepseek14b,implicature,swmimp143,3,13,14,0.627035
deepseek14b,implicature,swmimp143,3,14,15,0.635186
deepseek14b,implicature,swmimp143,3,15,16,0.214812
deepseek14b,implicature,swmimp143,3,16,17,0.130521
deepseek14b,implicature,swmimp143,3,17,18,0.519328
deepseek14b,implicature,swmimp144,1,1,2,0.489548
deepseek14b,implicature,swmimp144,1,2,3,0.135138
deepseek14b,implicature,swmimp144,1,3,4,0.729905
deepseek14b,implicature,swmimp144,1,4,5,0.541407
deepseek14b,implicature,swmimp144,1,5,6,0.432144
deepseek14b,implicature,swmimp144,1,6,7,0.330298
deepseek14b,implicature,swmimp144,1,7,8,0.149537
deepseek14b,implicature,swmimp144,1,8,9,0.692146
deepseek14b,implicature,swmimp144,1,9,10,0.644736
deepseek14b,implicature,swmimp144,1,10,11,0.045042
deepseek14b,implicature,swmimp144,1,11,12,0.429594
deepseek14b,implicature,swmimp144,1,12,13,0.514641
deepseek14b,implicature,swmimp144,1,13,14,0.63683
deepseek14b,implicature,swmimp144,1,14,15,0.679548
deepseek14b,implicature,swmimp144,1,15,16,0.168499
deepseek14b,implicature,swmimp144,1,16,17,0.66767
deepseek14b,implicature,swmimp144,1,17,18,0.575351
deepseek14b,implicature,swmimp144,1,18,19,0.384779
deepseek14b,implicature,swmimp144,1,19,20,0.635911
deepseek14b,implicature,swmimp144,1,20,21,0.073685
deepseek14b,implicature,swmimp144,1,21,22,0.15418
deepseek14b,implicature,swmimp144,1,22,23,0.613777
deepseek14b,implicature,swmimp144,2,1,2,0.346155
deepseek14b,implicature,swmimp144,2,2,3,0.253903
deepseek14b,implicature,swmimp144,2,3,4,0.27399
deepseek14b,implicature,swmimp144,2,4,5,0.08602
deepseek14b,implicature,swmimp144,2,5,6,0.21285
deepseek14b,implicature,swmimp144,2,6,7,0.059977
deepseek14b,implicature,swmimp144,2,7,8,0.521945
deepseek14b,implicature,swmimp144,2,8,9,0.681261
deepseek14b,implicature,swmimp144,2,9,10,0.594937
deepseek14b,implicature,swmimp144,2,10,11,0.382136
deepseek14b,implicature,swmimp144,2,11,12,0.501885
deepseek14b,implicature,swmimp144,2,12,13,0.45271
deepseek14b,implicature,swmimp144,2,13,14,0.336323
deepseek14b,implicature,swmimp144,2,14,15,0.385262
deepseek14b,implicature,swmimp144,2,15,16,0.397631
deepseek14b,implicature,swmimp144,2,16,17,0.376529
deepseek14b,implicature,swmimp144,2,17,18,0.450486
deepseek14b,implicature,swmimp144,2,18,19,0.743606
deepseek14b,implicature,swmimp144,2,19,20,0.588312
deepseek14b,implicature,swmimp144,2,20,21,0.266219
deepseek14b,implicature,swmimp144,2,21,22,0.365645
deepseek14b,implicature,swmimp144,2,22,23,0.498902
deepseek14b,implicature,swmimp144,3,1,2,0.35783
deepseek14b,implicature,swmimp144,3,2,3,0.352783
deepseek14b,implicature,swmimp144,3,3,4,0.353321
deepseek14b,implicature,swmimp144,3,4,5,0.17393
deepseek14b,implicature,swmimp144,3,5,6,0.190641
deepseek14b,implicature,swmimp144,3,6,7,0.458191
deepseek14b,implicature,swmimp144,3,7,8,0.296113
deepseek14b,implicature,swmimp144,3,8,9,0.721879
deepseek14b,implicature,swmimp144,3,9,10,0.472572
deepseek14b,implicature,swmimp144,3,10,11,0.352635
deepseek14b,implicature,swmimp144,3,11,12,0.357648
deepseek14b,implicature,swmimp144,3,12,13,0.444528
deepseek14b,implicature,swmimp144,3,13,14,0.337208
deepseek14b,implicature,swmimp144,3,14,15,0.665831
deepseek14b,implicature,swmimp144,3,15,16,0.690794
deepseek14b,implicature,swmimp144,3,16,17,0.424361
deepseek14b,implicature,swmimp144,3,17,18,0.502579
deepseek14b,implicature,swmimp144,3,18,19,0.326129
deepseek14b,implicature,swmimp144,3,19,20,0.456415
deepseek14b,implicature,swmimp144,3,20,21,0.254922
deepseek14b,implicature,swmimp144,3,21,22,0.265848
deepseek14b,implicature,swmimp144,3,22,23,0.612225
deepseek14b,implicature,swmimp145,1,1,2,0.410923
deepseek14b,implicature,swmimp145,1,2,3,0.45733
deepseek14b,implicature,swmimp145,1,3,4,0.323881
deepseek14b,implicature,swmimp145,2,1,2,0.768873
deepseek14b,implicature,swmimp145,2,2,3,0.534751
deepseek14b,implicature,swmimp145,2,3,4,0.598241
deepseek14b,implicature,swmimp145,3,1,2,0.317453
deepseek14b,implicature,swmimp145,3,2,3,0.396862
deepseek14b,implicature,swmimp145,3,3,4,0.126924
deepseek14b,implicature,swmimp146,1,1,2,0.15038
deepseek14b,implicature,swmimp146,1,2,3,0.06957
deepseek14b,implicature,swmimp146,1,3,4,0.61244
deepseek14b,implicature,swmimp146,1,4,5,0.659261
deepseek14b,implicature,swmimp146,1,5,6,0.272782
deepseek14b,implicature,swmimp146,1,6,7,0.623675
deepseek14b,implicature,swmimp146,1,7,8,0.471131
deepseek14b,implicature,swmimp146,1,8,9,0.237059
deepseek14b,implicature,swmimp146,1,9,10,0.162937
deepseek14b,implicature,swmimp146,1,10,11,0.19242
deepseek14b,implicature,swmimp146,1,11,12,0.278917
deepseek14b,implicature,swmimp146,1,12,13,0.414253
deepseek14b,implicature,swmimp146,1,13,14,0.695137
deepseek14b,implicature,swmimp146,1,14,15,0.692788
deepseek14b,implicature,swmimp146,1,15,16,0.645952
deepseek14b,implicature,swmimp146,1,16,17,0.700787
deepseek14b,implicature,swmimp146,1,17,18,0.625946
deepseek14b,implicature,swmimp146,1,18,19,0.482033
deepseek14b,implicature,swmimp146,1,19,20,0.160735
deepseek14b,implicature,swmimp146,1,20,21,0.171443
deepseek14b,implicature,swmimp146,1,21,22,0.589827
deepseek14b,implicature,swmimp146,1,22,23,0.147756
deepseek14b,implicature,swmimp146,1,23,24,0.147213
deepseek14b,implicature,swmimp146,1,24,25,0.57289
deepseek14b,implicature,swmimp146,1,25,26,0.033258
deepseek14b,implicature,swmimp146,1,26,27,0.556756
deepseek14b,implicature,swmimp146,1,27,28,0.537821
deepseek14b,implicature,swmimp146,1,28,29,0.122434
deepseek14b,implicature,swmimp146,1,29,30,0.437167
deepseek14b,implicature,swmimp146,2,1,2,0.257341
deepseek14b,implicature,swmimp146,2,2,3,0.154828
deepseek14b,implicature,swmimp146,2,3,4,0.24928
deepseek14b,implicature,swmimp146,2,4,5,0.175563
deepseek14b,implicature,swmimp146,2,5,6,0.043358
deepseek14b,implicature,swmimp146,2,6,7,0.158775
deepseek14b,implicature,swmimp146,2,7,8,0.574778
deepseek14b,implicature,swmimp146,2,8,9,0.57262
deepseek14b,implicature,swmimp146,2,9,10,0.052736
deepseek14b,implicature,swmimp146,2,10,11,0.135827
deepseek14b,implicature,swmimp146,2,11,12,0.168256
deepseek14b,implicature,swmimp146,2,12,13,0.19337
deepseek14b,implicature,swmimp146,2,13,14,0.535705
deepseek14b,implicature,swmimp146,2,14,15,0.159661
deepseek14b,implicature,swmimp146,2,15,16,0.498305
deepseek14b,implicature,swmimp146,2,16,17,0.586508
deepseek14b,implicature,swmimp146,2,17,18,0.479528
deepseek14b,implicature,swmimp146,2,18,19,0.185232
deepseek14b,implicature,swmimp146,2,19,20,0.621316
deepseek14b,implicature,swmimp146,2,20,21,0.572012
deepseek14b,implicature,swmimp146,2,21,22,0.139647
deepseek14b,implicature,swmimp146,2,22,23,0.66654
deepseek14b,implicature,swmimp146,2,23,24,0.094683
deepseek14b,implicature,swmimp146,2,24,25,0.159664
deepseek14b,implicature,swmimp146,2,25,26,0.125162
deepseek14b,implicature,swmimp146,2,26,27,0.164121
deepseek14b,implicature,swmimp146,2,27,28,0.226496
deepseek14b,implicature,swmimp146,2,28,29,0.275885
deepseek14b,implicature,swmimp146,2,29,30,0.64809
deepseek14b,implicature,swmimp146,3,1,2,0.120539
deepseek14b,implicature,swmimp146,3,2,3,0.073338
deepseek14b,implicature,swmimp146,3,3,4,0.043127
deepseek14b,implicature,swmimp146,3,4,5,0.56421
deepseek14b,implicature,swmimp146,3,5,6,0.566151
deepseek14b,implicature,swmimp146,3,6,7,0.195523
deepseek14b,implicature,swmimp146,3,7,8,0.244816
deepseek14b,implicature,swmimp146,3,8,9,0.527109
deepseek14b,implicature,swmimp146,3,9,10,0.508129
deepseek14b,implicature,swmimp146,3,10,11,0.610527
deepseek14b,implicature,swmimp146,3,11,12,0.12139
deepseek14b,implicature,swmimp146,3,12,13,0.575559
deepseek14b,implicature,swmimp146,3,13,14,0.453397
deepseek14b,implicature,swmimp146,3,14,15,0.399348
deepseek14b,implicature,swmimp146,3,15,16,0.177041
deepseek14b,implicature,swmimp146,3,16,17,0.098205
deepseek14b,implicature,swmimp146,3,17,18,0.548446
deepseek14b,implicature,swmimp146,3,18,19,0.600897
deepseek14b,implicature,swmimp146,3,19,20,0.650174
deepseek14b,implicature,swmimp146,3,20,21,0.602237
deepseek14b,implicature,swmimp146,3,21,22,0.533056
deepseek14b,implicature,swmimp146,3,22,23,0.30607
deepseek14b,implicature,swmimp146,3,23,24,0.560527
deepseek14b,implicature,swmimp146,3,24,25,0.081031
deepseek14b,implicature,swmimp146,3,25,26,0.14705
deepseek14b,implicature,swmimp146,3,26,27,0.172442
deepseek14b,implicature,swmimp146,3,27,28,0.568799
deepseek14b,implicature,swmimp146,3,28,29,0.630216
deepseek14b,implicature,swmimp146,3,29,30,0.058367
deepseek14b,implicature,swmimp147,1,1,2,0.153028
deepseek14b,implicature,swmimp147,1,2,3,0.144326
deepseek14b,implicature,swmimp147,1,3,4,0.378924
deepseek14b,implicature,swmimp147,1,4,5,0.310032
deepseek14b,implicature,swmimp147,1,5,6,0.27489
deepseek14b,implicature,swmimp147,1,6,7,0.12085
deepseek14b,implicature,swmimp147,1,7,8,0.198621
deepseek14b,implicature,swmimp147,1,8,9,0.269257
deepseek14b,implicature,swmimp147,1,9,10,0.15924
deepseek14b,implicature,swmimp147,2,1,2,0.144931
deepseek14b,implicature,swmimp147,2,2,3,0.418236
deepseek14b,implicature,swmimp147,2,3,4,0.418987
deepseek14b,implicature,swmimp147,2,4,5,0.272
deepseek14b,implicature,swmimp147,2,5,6,0.151026
deepseek14b,implicature,swmimp147,2,6,7,0.319513
deepseek14b,implicature,swmimp147,2,7,8,0.511365
deepseek14b,implicature,swmimp147,2,8,9,0.478006
deepseek14b,implicature,swmimp147,2,9,10,0.083012
deepseek14b,implicature,swmimp147,3,1,2,0.161136
deepseek14b,implicature,swmimp147,3,2,3,0.280997
deepseek14b,implicature,swmimp147,3,3,4,0.17958
deepseek14b,implicature,swmimp147,3,4,5,0.264434
deepseek14b,implicature,swmimp147,3,5,6,0.253653
deepseek14b,implicature,swmimp147,3,6,7,0.32051
deepseek14b,implicature,swmimp147,3,7,8,0.196861
deepseek14b,implicature,swmimp147,3,8,9,0.362477
deepseek14b,implicature,swmimp147,3,9,10,0.320326
deepseek14b,implicature,swmimp148,1,1,2,0.19239
deepseek14b,implicature,swmimp148,1,2,3,0.194625
deepseek14b,implicature,swmimp148,1,3,4,0.382187
deepseek14b,implicature,swmimp148,1,4,5,0.392457
deepseek14b,implicature,swmimp148,1,5,6,0.127023
deepseek14b,implicature,swmimp148,1,6,7,0.55342
deepseek14b,implicature,swmimp148,1,7,8,0.795294
deepseek14b,implicature,swmimp148,1,8,9,0.249844
deepseek14b,implicature,swmimp148,1,9,10,0.228202
deepseek14b,implicature,swmimp148,1,10,11,0.513861
deepseek14b,implicature,swmimp148,1,11,12,0.53913
deepseek14b,implicature,swmimp148,1,12,13,0.289762
deepseek14b,implicature,swmimp148,1,13,14,0.275223
deepseek14b,implicature,swmimp148,2,1,2,0.403899
deepseek14b,implicature,swmimp148,2,2,3,0.401513
deepseek14b,implicature,swmimp148,2,3,4,0.253876
deepseek14b,implicature,swmimp148,2,4,5,0.129824
deepseek14b,implicature,swmimp148,2,5,6,0.215902
deepseek14b,implicature,swmimp148,2,6,7,0.285162
deepseek14b,implicature,swmimp148,2,7,8,0.049366
deepseek14b,implicature,swmimp148,2,8,9,0.177758
deepseek14b,implicature,swmimp148,2,9,10,0.321394
deepseek14b,implicature,swmimp148,2,10,11,0.161509
deepseek14b,implicature,swmimp148,2,11,12,0.793538
deepseek14b,implicature,swmimp148,2,12,13,0.359412
deepseek14b,implicature,swmimp148,2,13,14,0.490514
deepseek14b,implicature,swmimp148,3,1,2,0.236933
deepseek14b,implicature,swmimp148,3,2,3,0.409652
deepseek14b,implicature,swmimp148,3,3,4,0.414664
deepseek14b,implicature,swmimp148,3,4,5,0.815965
deepseek14b,implicature,swmimp148,3,5,6,0.151229
deepseek14b,implicature,swmimp148,3,6,7,0.117083
deepseek14b,implicature,swmimp148,3,7,8,0.420454
deepseek14b,implicature,swmimp148,3,8,9,0.205671
deepseek14b,implicature,swmimp148,3,9,10,0.249469
deepseek14b,implicature,swmimp148,3,10,11,0.280735
deepseek14b,implicature,swmimp148,3,11,12,0.350748
deepseek14b,implicature,swmimp148,3,12,13,0.24615
deepseek14b,implicature,swmimp148,3,13,14,0.249788
deepseek14b,implicature,swmimp149,1,1,2,0.299723
deepseek14b,implicature,swmimp149,1,2,3,0.439241
deepseek14b,implicature,swmimp149,1,3,4,0.465508
deepseek14b,implicature,swmimp149,1,4,5,0.112254
deepseek14b,implicature,swmimp149,1,5,6,0.112254
deepseek14b,implicature,swmimp149,1,6,7,0.132637
deepseek14b,implicature,swmimp149,1,7,8,0.625097
deepseek14b,implicature,swmimp149,1,8,9,0.290412
deepseek14b,implicature,swmimp149,1,9,10,0.397797
deepseek14b,implicature,swmimp149,1,10,11,0.481044
deepseek14b,implicature,swmimp149,2,1,2,0.18082
deepseek14b,implicature,swmimp149,2,2,3,0.673169
deepseek14b,implicature,swmimp149,2,3,4,0.639878
deepseek14b,implicature,swmimp149,2,4,5,0.280728
deepseek14b,implicature,swmimp149,2,5,6,0.220983
deepseek14b,implicature,swmimp149,2,6,7,0.642724
deepseek14b,implicature,swmimp149,2,7,8,0.652932
deepseek14b,implicature,swmimp149,2,8,9,0.01036
deepseek14b,implicature,swmimp149,2,9,10,0.116603
deepseek14b,implicature,swmimp149,2,10,11,0.673261
deepseek14b,implicature,swmimp149,3,1,2,0.106325
deepseek14b,implicature,swmimp149,3,2,3,0.104462
deepseek14b,implicature,swmimp149,3,3,4,-0.0
deepseek14b,implicature,swmimp149,3,4,5,0.124086
deepseek14b,implicature,swmimp149,3,5,6,0.126588
deepseek14b,implicature,swmimp149,3,6,7,0.125419
deepseek14b,implicature,swmimp149,3,7,8,0.444344
deepseek14b,implicature,swmimp149,3,8,9,0.464936
deepseek14b,implicature,swmimp149,3,9,10,0.093521
deepseek14b,implicature,swmimp149,3,10,11,0.199477
deepseek14b,implicature,swmimp150,1,1,2,0.244772
deepseek14b,implicature,swmimp150,1,2,3,0.377672
deepseek14b,implicature,swmimp150,1,3,4,0.324644
deepseek14b,implicature,swmimp150,1,4,5,0.361607
deepseek14b,implicature,swmimp150,1,5,6,0.182101
deepseek14b,implicature,swmimp150,2,1,2,0.421686
deepseek14b,implicature,swmimp150,2,2,3,0.408404
deepseek14b,implicature,swmimp150,2,3,4,0.415624
deepseek14b,implicature,swmimp150,2,4,5,0.357706
deepseek14b,implicature,swmimp150,2,5,6,0.257176
deepseek14b,implicature,swmimp150,3,1,2,0.16758
deepseek14b,implicature,swmimp150,3,2,3,0.581946
deepseek14b,implicature,swmimp150,3,3,4,0.592369
deepseek14b,implicature,swmimp150,3,4,5,0.231362
deepseek14b,implicature,swmimp150,3,5,6,0.358899
deepseek14b,implicature,swmimp151,1,1,2,0.390312
deepseek14b,implicature,swmimp151,1,2,3,0.326295
deepseek14b,implicature,swmimp151,1,3,4,0.330653
deepseek14b,implicature,swmimp151,1,4,5,0.263413
deepseek14b,implicature,swmimp151,1,5,6,0.729779
deepseek14b,implicature,swmimp151,1,6,7,0.707373
deepseek14b,implicature,swmimp151,1,7,8,0.464711
deepseek14b,implicature,swmimp151,2,1,2,0.303265
deepseek14b,implicature,swmimp151,2,2,3,0.225747
deepseek14b,implicature,swmimp151,2,3,4,0.224323
deepseek14b,implicature,swmimp151,2,4,5,0.231454
deepseek14b,implicature,swmimp151,2,5,6,0.411512
deepseek14b,implicature,swmimp151,2,6,7,0.351944
deepseek14b,implicature,swmimp151,2,7,8,0.535941
deepseek14b,implicature,swmimp151,3,1,2,0.564963
deepseek14b,implicature,swmimp151,3,2,3,0.195863
deepseek14b,implicature,swmimp151,3,3,4,0.294213
deepseek14b,implicature,swmimp151,3,4,5,0.459326
deepseek14b,implicature,swmimp151,3,5,6,0.494478
deepseek14b,implicature,swmimp151,3,6,7,0.183007
deepseek14b,implicature,swmimp151,3,7,8,0.34815
deepseek14b,implicature,swmimp152,1,1,2,0.540009
deepseek14b,implicature,swmimp152,1,2,3,0.002764
deepseek14b,implicature,swmimp152,1,3,4,0.52231
deepseek14b,implicature,swmimp152,1,4,5,0.493704
deepseek14b,implicature,swmimp152,1,5,6,0.436621
deepseek14b,implicature,swmimp152,1,6,7,0.078659
deepseek14b,implicature,swmimp152,1,7,8,0.128887
deepseek14b,implicature,swmimp152,1,8,9,0.084426
deepseek14b,implicature,swmimp152,1,9,10,0.05407
deepseek14b,implicature,swmimp152,2,1,2,0.252841
deepseek14b,implicature,swmimp152,2,2,3,0.390417
deepseek14b,implicature,swmimp152,2,3,4,0.384404
deepseek14b,implicature,swmimp152,2,4,5,0.509824
deepseek14b,implicature,swmimp152,2,5,6,0.139703
deepseek14b,implicature,swmimp152,2,6,7,0.105389
deepseek14b,implicature,swmimp152,2,7,8,0.492786
deepseek14b,implicature,swmimp152,2,8,9,0.411602
deepseek14b,implicature,swmimp152,2,9,10,0.114826
deepseek14b,implicature,swmimp152,3,1,2,0.204709
deepseek14b,implicature,swmimp152,3,2,3,0.28047
deepseek14b,implicature,swmimp152,3,3,4,0.489065
deepseek14b,implicature,swmimp152,3,4,5,0.127312
deepseek14b,implicature,swmimp152,3,5,6,0.151065
deepseek14b,implicature,swmimp152,3,6,7,0.167546
deepseek14b,implicature,swmimp152,3,7,8,0.364619
deepseek14b,implicature,swmimp152,3,8,9,0.348451
deepseek14b,implicature,swmimp152,3,9,10,0.114875
deepseek14b,implicature,swmimp153,1,1,2,0.471177
deepseek14b,implicature,swmimp153,1,2,3,0.195595
deepseek14b,implicature,swmimp153,1,3,4,0.19164
deepseek14b,implicature,swmimp153,1,4,5,0.243819
deepseek14b,implicature,swmimp153,1,5,6,0.147313
deepseek14b,implicature,swmimp153,1,6,7,0.799472
deepseek14b,implicature,swmimp153,1,7,8,0.397173
deepseek14b,implicature,swmimp153,1,8,9,0.210916
deepseek14b,implicature,swmimp153,1,9,10,0.082395
deepseek14b,implicature,swmimp153,2,1,2,0.193714
deepseek14b,implicature,swmimp153,2,2,3,0.381675
deepseek14b,implicature,swmimp153,2,3,4,0.346627
deepseek14b,implicature,swmimp153,2,4,5,0.435371
deepseek14b,implicature,swmimp153,2,5,6,0.39331
deepseek14b,implicature,swmimp153,2,6,7,0.487242
deepseek14b,implicature,swmimp153,2,7,8,0.048071
deepseek14b,implicature,swmimp153,2,8,9,0.045504
deepseek14b,implicature,swmimp153,2,9,10,0.042227
deepseek14b,implicature,swmimp153,3,1,2,0.213935
deepseek14b,implicature,swmimp153,3,2,3,0.389147
deepseek14b,implicature,swmimp153,3,3,4,0.335794
deepseek14b,implicature,swmimp153,3,4,5,0.343268
deepseek14b,implicature,swmimp153,3,5,6,0.421863
deepseek14b,implicature,swmimp153,3,6,7,0.718568
deepseek14b,implicature,swmimp153,3,7,8,0.362685
deepseek14b,implicature,swmimp153,3,8,9,0.184538
deepseek14b,implicature,swmimp153,3,9,10,0.156038
deepseek14b,implicature,swmimp154,1,1,2,0.648412
deepseek14b,implicature,swmimp154,1,2,3,0.487386
deepseek14b,implicature,swmimp154,1,3,4,0.361347
deepseek14b,implicature,swmimp154,1,4,5,0.358027
deepseek14b,implicature,swmimp154,1,5,6,0.470866
deepseek14b,implicature,swmimp154,1,6,7,0.804489
deepseek14b,implicature,swmimp154,1,7,8,0.829559
deepseek14b,implicature,swmimp154,1,8,9,0.821375
deepseek14b,implicature,swmimp154,1,9,10,0.437249
deepseek14b,implicature,swmimp154,1,10,11,0.062584
deepseek14b,implicature,swmimp154,1,11,12,0.43785
deepseek14b,implicature,swmimp154,1,12,13,0.468569
deepseek14b,implicature,swmimp154,1,13,14,0.484022
deepseek14b,implicature,swmimp154,1,14,15,0.421723
deepseek14b,implicature,swmimp154,1,15,16,0.413903
deepseek14b,implicature,swmimp154,1,16,17,0.483971
deepseek14b,implicature,swmimp154,1,17,18,0.554565
deepseek14b,implicature,swmimp154,1,18,19,0.175095
deepseek14b,implicature,swmimp154,2,1,2,0.219524
deepseek14b,implicature,swmimp154,2,2,3,0.807274
deepseek14b,implicature,swmimp154,2,3,4,0.48488
deepseek14b,implicature,swmimp154,2,4,5,0.213196
deepseek14b,implicature,swmimp154,2,5,6,0.047017
deepseek14b,implicature,swmimp154,2,6,7,0.161451
deepseek14b,implicature,swmimp154,2,7,8,0.507351
deepseek14b,implicature,swmimp154,2,8,9,0.799538
deepseek14b,implicature,swmimp154,2,9,10,0.474764
deepseek14b,implicature,swmimp154,2,10,11,0.435704
deepseek14b,implicature,swmimp154,2,11,12,0.090403
deepseek14b,implicature,swmimp154,2,12,13,0.504128
deepseek14b,implicature,swmimp154,2,13,14,0.529656
deepseek14b,implicature,swmimp154,2,14,15,0.216228
deepseek14b,implicature,swmimp154,2,15,16,0.150345
deepseek14b,implicature,swmimp154,2,16,17,0.689996
deepseek14b,implicature,swmimp154,2,17,18,0.383022
deepseek14b,implicature,swmimp154,2,18,19,0.420322
deepseek14b,implicature,swmimp154,3,1,2,0.181899
deepseek14b,implicature,swmimp154,3,2,3,0.189185
deepseek14b,implicature,swmimp154,3,3,4,0.23501
deepseek14b,implicature,swmimp154,3,4,5,0.478202
deepseek14b,implicature,swmimp154,3,5,6,0.745718
deepseek14b,implicature,swmimp154,3,6,7,0.41124
deepseek14b,implicature,swmimp154,3,7,8,0.31513
deepseek14b,implicature,swmimp154,3,8,9,0.32367
deepseek14b,implicature,swmimp154,3,9,10,0.390885
deepseek14b,implicature,swmimp154,3,10,11,0.861139
deepseek14b,implicature,swmimp154,3,11,12,0.566508
deepseek14b,implicature,swmimp154,3,12,13,0.516322
deepseek14b,implicature,swmimp154,3,13,14,0.796442
deepseek14b,implicature,swmimp154,3,14,15,0.127316
deepseek14b,implicature,swmimp154,3,15,16,0.103437
deepseek14b,implicature,swmimp154,3,16,17,0.059675
deepseek14b,implicature,swmimp154,3,17,18,0.077298
deepseek14b,implicature,swmimp154,3,18,19,0.82484
deepseek14b,implicature,swmimp155,1,1,2,0.27116
deepseek14b,implicature,swmimp155,2,1,2,0.367474
deepseek14b,implicature,swmimp155,3,1,2,0.275731
deepseek14b,implicature,swmimp156,1,1,2,0.309257
deepseek14b,implicature,swmimp156,1,2,3,0.214404
deepseek14b,implicature,swmimp156,1,3,4,0.27637
deepseek14b,implicature,swmimp156,1,4,5,0.416017
deepseek14b,implicature,swmimp156,1,5,6,0.467491
deepseek14b,implicature,swmimp156,1,6,7,0.51545
deepseek14b,implicature,swmimp156,1,7,8,0.632489
deepseek14b,implicature,swmimp156,1,8,9,0.404397
deepseek14b,implicature,swmimp156,1,9,10,0.405869
deepseek14b,implicature,swmimp156,1,10,11,0.525395
deepseek14b,implicature,swmimp156,1,11,12,0.557609
deepseek14b,implicature,swmimp156,1,12,13,0.585713
deepseek14b,implicature,swmimp156,1,13,14,0.100057
deepseek14b,implicature,swmimp156,2,1,2,0.326825
deepseek14b,implicature,swmimp156,2,2,3,0.574124
deepseek14b,implicature,swmimp156,2,3,4,0.202065
deepseek14b,implicature,swmimp156,2,4,5,0.161596
deepseek14b,implicature,swmimp156,2,5,6,0.206748
deepseek14b,implicature,swmimp156,2,6,7,0.229931
deepseek14b,implicature,swmimp156,2,7,8,0.132802
deepseek14b,implicature,swmimp156,2,8,9,0.229579
deepseek14b,implicature,swmimp156,2,9,10,0.24464
deepseek14b,implicature,swmimp156,2,10,11,0.276974
deepseek14b,implicature,swmimp156,2,11,12,0.301433
deepseek14b,implicature,swmimp156,2,12,13,0.170016
deepseek14b,implicature,swmimp156,2,13,14,0.147578
deepseek14b,implicature,swmimp156,3,1,2,0.107354
deepseek14b,implicature,swmimp156,3,2,3,0.091835
deepseek14b,implicature,swmimp156,3,3,4,0.098211
deepseek14b,implicature,swmimp156,3,4,5,0.208786
deepseek14b,implicature,swmimp156,3,5,6,0.088252
deepseek14b,implicature,swmimp156,3,6,7,0.066638
deepseek14b,implicature,swmimp156,3,7,8,0.029322
deepseek14b,implicature,swmimp156,3,8,9,0.165734
deepseek14b,implicature,swmimp156,3,9,10,0.544808
deepseek14b,implicature,swmimp156,3,10,11,0.557038
deepseek14b,implicature,swmimp156,3,11,12,0.535174
deepseek14b,implicature,swmimp156,3,12,13,0.552744
deepseek14b,implicature,swmimp156,3,13,14,0.120086
deepseek14b,implicature,swmimp157,1,1,2,0.480863
deepseek14b,implicature,swmimp157,1,2,3,0.449954
deepseek14b,implicature,swmimp157,1,3,4,0.319606
deepseek14b,implicature,swmimp157,2,1,2,0.197049
deepseek14b,implicature,swmimp157,2,2,3,0.252317
deepseek14b,implicature,swmimp157,2,3,4,0.398266
deepseek14b,implicature,swmimp157,3,1,2,0.485495
deepseek14b,implicature,swmimp157,3,2,3,0.583621
deepseek14b,implicature,swmimp157,3,3,4,0.286803
deepseek14b,implicature,swmimp158,1,1,2,0.511412
deepseek14b,implicature,swmimp158,1,2,3,0.629719
deepseek14b,implicature,swmimp158,1,3,4,0.355594
deepseek14b,implicature,swmimp158,1,4,5,0.082149
deepseek14b,implicature,swmimp158,2,1,2,0.385825
deepseek14b,implicature,swmimp158,2,2,3,0.320225
deepseek14b,implicature,swmimp158,2,3,4,0.187536
deepseek14b,implicature,swmimp158,2,4,5,0.195231
deepseek14b,implicature,swmimp158,3,1,2,0.434548
deepseek14b,implicature,swmimp158,3,2,3,0.50353
deepseek14b,implicature,swmimp158,3,3,4,0.553742
deepseek14b,implicature,swmimp158,3,4,5,0.557668
deepseek14b,implicature,swmimp159,1,1,2,0.369481
deepseek14b,implicature,swmimp159,1,2,3,0.277986
deepseek14b,implicature,swmimp159,1,3,4,0.346076
deepseek14b,implicature,swmimp159,1,4,5,0.23038
deepseek14b,implicature,swmimp159,1,5,6,0.141811
deepseek14b,implicature,swmimp159,1,6,7,0.204472
deepseek14b,implicature,swmimp159,1,7,8,0.285274
deepseek14b,implicature,swmimp159,2,1,2,0.282995
deepseek14b,implicature,swmimp159,2,2,3,0.528632
deepseek14b,implicature,swmimp159,2,3,4,0.564462
deepseek14b,implicature,swmimp159,2,4,5,0.330496
deepseek14b,implicature,swmimp159,2,5,6,0.227437
deepseek14b,implicature,swmimp159,2,6,7,0.584961
deepseek14b,implicature,swmimp159,2,7,8,0.547886
deepseek14b,implicature,swmimp159,3,1,2,0.413031
deepseek14b,implicature,swmimp159,3,2,3,0.2237
deepseek14b,implicature,swmimp159,3,3,4,0.252467
deepseek14b,implicature,swmimp159,3,4,5,0.217429
deepseek14b,implicature,swmimp159,3,5,6,0.213193
deepseek14b,implicature,swmimp159,3,6,7,0.28663
deepseek14b,implicature,swmimp159,3,7,8,0.416162
deepseek14b,implicature,swmimp160,1,1,2,0.458893
deepseek14b,implicature,swmimp160,1,2,3,0.201499
deepseek14b,implicature,swmimp160,1,3,4,0.160113
deepseek14b,implicature,swmimp160,1,4,5,0.169597
deepseek14b,implicature,swmimp160,1,5,6,0.342588
deepseek14b,implicature,swmimp160,1,6,7,0.559862
deepseek14b,implicature,swmimp160,1,7,8,0.63273
deepseek14b,implicature,swmimp160,2,1,2,0.563249
deepseek14b,implicature,swmimp160,2,2,3,0.467476
deepseek14b,implicature,swmimp160,2,3,4,0.26805
deepseek14b,implicature,swmimp160,2,4,5,0.288399
deepseek14b,implicature,swmimp160,2,5,6,0.359262
deepseek14b,implicature,swmimp160,2,6,7,0.28752
deepseek14b,implicature,swmimp160,2,7,8,0.690058
deepseek14b,implicature,swmimp160,3,1,2,0.287891
deepseek14b,implicature,swmimp160,3,2,3,0.478213
deepseek14b,implicature,swmimp160,3,3,4,0.525351
deepseek14b,implicature,swmimp160,3,4,5,0.046436
deepseek14b,implicature,swmimp160,3,5,6,0.495467
deepseek14b,implicature,swmimp160,3,6,7,0.494569
deepseek14b,implicature,swmimp160,3,7,8,0.124206
deepseek14b,implicature,swmimp161,1,1,2,0.475552
deepseek14b,implicature,swmimp161,1,2,3,0.131621
deepseek14b,implicature,swmimp161,1,3,4,0.559839
deepseek14b,implicature,swmimp161,1,4,5,0.245556
deepseek14b,implicature,swmimp161,1,5,6,0.525795
deepseek14b,implicature,swmimp161,1,6,7,0.400201
deepseek14b,implicature,swmimp161,1,7,8,0.086473
deepseek14b,implicature,swmimp161,2,1,2,0.704838
deepseek14b,implicature,swmimp161,2,2,3,0.718525
deepseek14b,implicature,swmimp161,2,3,4,0.531199
deepseek14b,implicature,swmimp161,2,4,5,0.580526
deepseek14b,implicature,swmimp161,2,5,6,0.603428
deepseek14b,implicature,swmimp161,2,6,7,0.704976
deepseek14b,implicature,swmimp161,2,7,8,0.087492
deepseek14b,implicature,swmimp161,3,1,2,0.330413
deepseek14b,implicature,swmimp161,3,2,3,0.238782
deepseek14b,implicature,swmimp161,3,3,4,0.324338
deepseek14b,implicature,swmimp161,3,4,5,0.451052
deepseek14b,implicature,swmimp161,3,5,6,0.36643
deepseek14b,implicature,swmimp161,3,6,7,0.439225
deepseek14b,implicature,swmimp161,3,7,8,0.690708
deepseek14b,implicature,swmimp162,1,1,2,0.341208
deepseek14b,implicature,swmimp162,1,2,3,0.432607
deepseek14b,implicature,swmimp162,1,3,4,0.004413
deepseek14b,implicature,swmimp162,1,4,5,0.416783
deepseek14b,implicature,swmimp162,1,5,6,0.207231
deepseek14b,implicature,swmimp162,1,6,7,0.572078
deepseek14b,implicature,swmimp162,2,1,2,0.375619
deepseek14b,implicature,swmimp162,2,2,3,0.583758
deepseek14b,implicature,swmimp162,2,3,4,0.550186
deepseek14b,implicature,swmimp162,2,4,5,0.098489
deepseek14b,implicature,swmimp162,2,5,6,0.43275
deepseek14b,implicature,swmimp162,2,6,7,0.074692
deepseek14b,implicature,swmimp162,3,1,2,0.310281
deepseek14b,implicature,swmimp162,3,2,3,0.347315
deepseek14b,implicature,swmimp162,3,3,4,0.311486
deepseek14b,implicature,swmimp162,3,4,5,0.323645
deepseek14b,implicature,swmimp162,3,5,6,0.33677
deepseek14b,implicature,swmimp162,3,6,7,0.23639
deepseek14b,implicature,swmimp163,1,1,2,0.18799
deepseek14b,implicature,swmimp163,1,2,3,0.139666
deepseek14b,implicature,swmimp163,1,3,4,0.052179
deepseek14b,implicature,swmimp163,1,4,5,0.118859
deepseek14b,implicature,swmimp163,1,5,6,0.182698
deepseek14b,implicature,swmimp163,1,6,7,0.37457
deepseek14b,implicature,swmimp163,1,7,8,0.355379
deepseek14b,implicature,swmimp163,1,8,9,0.211161
deepseek14b,implicature,swmimp163,1,9,10,0.531505
deepseek14b,implicature,swmimp163,2,1,2,0.119679
deepseek14b,implicature,swmimp163,2,2,3,0.443865
deepseek14b,implicature,swmimp163,2,3,4,0.459393
deepseek14b,implicature,swmimp163,2,4,5,0.298177
deepseek14b,implicature,swmimp163,2,5,6,0.622639
deepseek14b,implicature,swmimp163,2,6,7,0.554217
deepseek14b,implicature,swmimp163,2,7,8,0.50329
deepseek14b,implicature,swmimp163,2,8,9,0.446865
deepseek14b,implicature,swmimp163,2,9,10,0.201094
deepseek14b,implicature,swmimp163,3,1,2,0.155108
deepseek14b,implicature,swmimp163,3,2,3,0.19456
deepseek14b,implicature,swmimp163,3,3,4,0.21292
deepseek14b,implicature,swmimp163,3,4,5,0.305103
deepseek14b,implicature,swmimp163,3,5,6,0.561972
deepseek14b,implicature,swmimp163,3,6,7,0.577828
deepseek14b,implicature,swmimp163,3,7,8,0.185122
deepseek14b,implicature,swmimp163,3,8,9,0.435365
deepseek14b,implicature,swmimp163,3,9,10,0.085288
deepseek14b,implicature,swmimp164,1,1,2,0.2163
deepseek14b,implicature,swmimp164,1,2,3,0.139406
deepseek14b,implicature,swmimp164,1,3,4,0.54409
deepseek14b,implicature,swmimp164,1,4,5,0.437952
deepseek14b,implicature,swmimp164,2,1,2,0.144374
deepseek14b,implicature,swmimp164,2,2,3,0.141826
deepseek14b,implicature,swmimp164,2,3,4,0.194076
deepseek14b,implicature,swmimp164,2,4,5,0.131874
deepseek14b,implicature,swmimp164,3,1,2,0.112262
deepseek14b,implicature,swmimp164,3,2,3,0.24074
deepseek14b,implicature,swmimp164,3,3,4,0.133526
deepseek14b,implicature,swmimp164,3,4,5,0.131943
deepseek14b,implicature,swmimp165,1,1,2,0.371873
deepseek14b,implicature,swmimp165,1,2,3,0.498071
deepseek14b,implicature,swmimp165,1,3,4,0.728131
deepseek14b,implicature,swmimp165,2,1,2,0.387477
deepseek14b,implicature,swmimp165,2,2,3,0.397573
deepseek14b,implicature,swmimp165,2,3,4,0.594331
deepseek14b,implicature,swmimp165,3,1,2,0.471708
deepseek14b,implicature,swmimp165,3,2,3,0.552132
deepseek14b,implicature,swmimp165,3,3,4,0.246705
deepseek14b,implicature,swmimp166,1,1,2,0.081914
deepseek14b,implicature,swmimp166,1,2,3,0.41842
deepseek14b,implicature,swmimp166,2,1,2,0.057471
deepseek14b,implicature,swmimp166,2,2,3,0.119337
deepseek14b,implicature,swmimp166,3,1,2,0.024717
deepseek14b,implicature,swmimp166,3,2,3,0.191411
deepseek14b,implicature,swmimp167,1,1,2,0.575009
deepseek14b,implicature,swmimp167,1,2,3,0.523607
deepseek14b,implicature,swmimp167,1,3,4,0.396289
deepseek14b,implicature,swmimp167,1,4,5,0.448426
deepseek14b,implicature,swmimp167,1,5,6,0.239302
deepseek14b,implicature,swmimp167,2,1,2,0.199676
deepseek14b,implicature,swmimp167,2,2,3,0.214761
deepseek14b,implicature,swmimp167,2,3,4,0.410289
deepseek14b,implicature,swmimp167,2,4,5,0.335406
deepseek14b,implicature,swmimp167,2,5,6,0.156039
deepseek14b,implicature,swmimp167,3,1,2,0.260668
deepseek14b,implicature,swmimp167,3,2,3,0.479715
deepseek14b,implicature,swmimp167,3,3,4,0.500181
deepseek14b,implicature,swmimp167,3,4,5,0.416587
deepseek14b,implicature,swmimp167,3,5,6,0.715469
deepseek14b,implicature,swmimp168,1,1,2,0.417635
deepseek14b,implicature,swmimp168,1,2,3,0.245567
deepseek14b,implicature,swmimp168,1,3,4,0.243095
deepseek14b,implicature,swmimp168,1,4,5,0.213492
deepseek14b,implicature,swmimp168,1,5,6,0.131445
deepseek14b,implicature,swmimp168,1,6,7,0.244722
deepseek14b,implicature,swmimp168,2,1,2,0.251027
deepseek14b,implicature,swmimp168,2,2,3,0.379665
deepseek14b,implicature,swmimp168,2,3,4,0.403021
deepseek14b,implicature,swmimp168,2,4,5,0.240142
deepseek14b,implicature,swmimp168,2,5,6,0.231734
deepseek14b,implicature,swmimp168,2,6,7,0.388506
deepseek14b,implicature,swmimp168,3,1,2,0.21275
deepseek14b,implicature,swmimp168,3,2,3,0.212177
deepseek14b,implicature,swmimp168,3,3,4,0.185112
deepseek14b,implicature,swmimp168,3,4,5,0.632289
deepseek14b,implicature,swmimp168,3,5,6,0.142017
deepseek14b,implicature,swmimp168,3,6,7,0.463532
deepseek14b,implicature,swmimp169,1,1,2,0.558607
deepseek14b,implicature,swmimp169,1,2,3,0.324375
deepseek14b,implicature,swmimp169,1,3,4,0.179002
deepseek14b,implicature,swmimp169,1,4,5,0.31296
deepseek14b,implicature,swmimp169,1,5,6,0.076553
deepseek14b,implicature,swmimp169,1,6,7,0.338093
deepseek14b,implicature,swmimp169,2,1,2,0.339344
deepseek14b,implicature,swmimp169,2,2,3,0.129366
deepseek14b,implicature,swmimp169,2,3,4,0.243069
deepseek14b,implicature,swmimp169,2,4,5,0.36289
deepseek14b,implicature,swmimp169,2,5,6,0.534739
deepseek14b,implicature,swmimp169,2,6,7,0.421162
deepseek14b,implicature,swmimp169,3,1,2,0.253187
deepseek14b,implicature,swmimp169,3,2,3,0.154246
deepseek14b,implicature,swmimp169,3,3,4,0.221342
deepseek14b,implicature,swmimp169,3,4,5,0.267142
deepseek14b,implicature,swmimp169,3,5,6,0.428382
deepseek14b,implicature,swmimp169,3,6,7,0.474321
deepseek14b,implicature,swmimp170,1,1,2,0.336514
deepseek14b,implicature,swmimp170,1,2,3,0.24524
deepseek14b,implicature,swmimp170,1,3,4,0.25719
deepseek14b,implicature,swmimp170,1,4,5,0.649219
deepseek14b,implicature,swmimp170,2,1,2,0.040583
deepseek14b,implicature,swmimp170,2,2,3,0.167044
deepseek14b,implicature,swmimp170,2,3,4,0.212956
deepseek14b,implicature,swmimp170,2,4,5,0.297443
deepseek14b,implicature,swmimp170,3,1,2,0.221918
deepseek14b,implicature,swmimp170,3,2,3,0.265945
deepseek14b,implicature,swmimp170,3,3,4,0.357836
deepseek14b,implicature,swmimp170,3,4,5,0.600994
deepseek14b,implicature,swmimp171,1,1,2,0.344071
deepseek14b,implicature,swmimp171,1,2,3,0.28944
deepseek14b,implicature,swmimp171,1,3,4,0.399387
deepseek14b,implicature,swmimp171,1,4,5,0.317008
deepseek14b,implicature,swmimp171,1,5,6,0.324429
deepseek14b,implicature,swmimp171,1,6,7,0.219029
deepseek14b,implicature,swmimp171,1,7,8,0.181064
deepseek14b,implicature,swmimp171,1,8,9,0.196969
deepseek14b,implicature,swmimp171,1,9,10,0.23
deepseek14b,implicature,swmimp171,1,10,11,0.38599
deepseek14b,implicature,swmimp171,1,11,12,0.685911
deepseek14b,implicature,swmimp171,2,1,2,0.400296
deepseek14b,implicature,swmimp171,2,2,3,0.140472
deepseek14b,implicature,swmimp171,2,3,4,0.166458
deepseek14b,implicature,swmimp171,2,4,5,0.115845
deepseek14b,implicature,swmimp171,2,5,6,0.288957
deepseek14b,implicature,swmimp171,2,6,7,0.208437
deepseek14b,implicature,swmimp171,2,7,8,0.311237
deepseek14b,implicature,swmimp171,2,8,9,0.212323
deepseek14b,implicature,swmimp171,2,9,10,0.225779
deepseek14b,implicature,swmimp171,2,10,11,0.421273
deepseek14b,implicature,swmimp171,2,11,12,0.321839
deepseek14b,implicature,swmimp171,3,1,2,0.44516
deepseek14b,implicature,swmimp171,3,2,3,0.362248
deepseek14b,implicature,swmimp171,3,3,4,0.365809
deepseek14b,implicature,swmimp171,3,4,5,0.355341
deepseek14b,implicature,swmimp171,3,5,6,0.446209
deepseek14b,implicature,swmimp171,3,6,7,0.358607
deepseek14b,implicature,swmimp171,3,7,8,0.172439
deepseek14b,implicature,swmimp171,3,8,9,0.205659
deepseek14b,implicature,swmimp171,3,9,10,0.313601
deepseek14b,implicature,swmimp171,3,10,11,0.368971
deepseek14b,implicature,swmimp171,3,11,12,0.490007
deepseek14b,implicature,swmimp172,1,1,2,0.528989
deepseek14b,implicature,swmimp172,1,2,3,0.694162
deepseek14b,implicature,swmimp172,1,3,4,0.695323
deepseek14b,implicature,swmimp172,2,1,2,0.294595
deepseek14b,implicature,swmimp172,2,2,3,0.184301
deepseek14b,implicature,swmimp172,2,3,4,0.188486
deepseek14b,implicature,swmimp172,3,1,2,0.208195
deepseek14b,implicature,swmimp172,3,2,3,0.725266
deepseek14b,implicature,swmimp172,3,3,4,0.728321
deepseek14b,implicature,swmimp173,1,1,2,0.387702
deepseek14b,implicature,swmimp173,1,2,3,0.192212
deepseek14b,implicature,swmimp173,1,3,4,0.220939
deepseek14b,implicature,swmimp173,1,4,5,0.287158
deepseek14b,implicature,swmimp173,2,1,2,0.630648
deepseek14b,implicature,swmimp173,2,2,3,0.052657
deepseek14b,implicature,swmimp173,2,3,4,0.651738
deepseek14b,implicature,swmimp173,2,4,5,0.315352
deepseek14b,implicature,swmimp173,3,1,2,0.318772
deepseek14b,implicature,swmimp173,3,2,3,0.218745
deepseek14b,implicature,swmimp173,3,3,4,0.280285
deepseek14b,implicature,swmimp173,3,4,5,0.146242
deepseek14b,implicature,swmimp174,1,1,2,0.339653
deepseek14b,implicature,swmimp174,1,2,3,0.440794
deepseek14b,implicature,swmimp174,1,3,4,0.282907
deepseek14b,implicature,swmimp174,1,4,5,0.354421
deepseek14b,implicature,swmimp174,1,5,6,0.370169
deepseek14b,implicature,swmimp174,2,1,2,0.132668
deepseek14b,implicature,swmimp174,2,2,3,0.339038
deepseek14b,implicature,swmimp174,2,3,4,0.423495
deepseek14b,implicature,swmimp174,2,4,5,0.514699
deepseek14b,implicature,swmimp174,2,5,6,0.409238
deepseek14b,implicature,swmimp174,3,1,2,0.683411
deepseek14b,implicature,swmimp174,3,2,3,0.428152
deepseek14b,implicature,swmimp174,3,3,4,0.344667
deepseek14b,implicature,swmimp174,3,4,5,0.277848
deepseek14b,implicature,swmimp174,3,5,6,0.156133
deepseek14b,implicature,swmimp175,1,1,2,0.1192
deepseek14b,implicature,swmimp175,1,2,3,0.173885
deepseek14b,implicature,swmimp175,1,3,4,0.085121
deepseek14b,implicature,swmimp175,1,4,5,0.116231
deepseek14b,implicature,swmimp175,1,5,6,0.468068
deepseek14b,implicature,swmimp175,2,1,2,0.112848
deepseek14b,implicature,swmimp175,2,2,3,0.110899
deepseek14b,implicature,swmimp175,2,3,4,0.081283
deepseek14b,implicature,swmimp175,2,4,5,0.534689
deepseek14b,implicature,swmimp175,2,5,6,0.631765
deepseek14b,implicature,swmimp175,3,1,2,0.203648
deepseek14b,implicature,swmimp175,3,2,3,0.133003
deepseek14b,implicature,swmimp175,3,3,4,0.419954
deepseek14b,implicature,swmimp175,3,4,5,0.219739
deepseek14b,implicature,swmimp175,3,5,6,0.487398
deepseek14b,implicature,swmimp176,1,1,2,0.091992
deepseek14b,implicature,swmimp176,1,2,3,0.346244
deepseek14b,implicature,swmimp176,1,3,4,0.402948
deepseek14b,implicature,swmimp176,1,4,5,0.532958
deepseek14b,implicature,swmimp176,1,5,6,0.443963
deepseek14b,implicature,swmimp176,2,1,2,0.245563
deepseek14b,implicature,swmimp176,2,2,3,0.342069
deepseek14b,implicature,swmimp176,2,3,4,0.563544
deepseek14b,implicature,swmimp176,2,4,5,0.478572
deepseek14b,implicature,swmimp176,2,5,6,0.525716
deepseek14b,implicature,swmimp176,3,1,2,0.143997
deepseek14b,implicature,swmimp176,3,2,3,0.329261
deepseek14b,implicature,swmimp176,3,3,4,0.484678
deepseek14b,implicature,swmimp176,3,4,5,0.349051
deepseek14b,implicature,swmimp176,3,5,6,0.31717
deepseek14b,implicature,swmimp177,1,1,2,0.105631
deepseek14b,implicature,swmimp177,1,2,3,0.241712
deepseek14b,implicature,swmimp177,1,3,4,0.052516
deepseek14b,implicature,swmimp177,1,4,5,0.060588
deepseek14b,implicature,swmimp177,1,5,6,0.004659
deepseek14b,implicature,swmimp177,1,6,7,0.510254
deepseek14b,implicature,swmimp177,1,7,8,0.482225
deepseek14b,implicature,swmimp177,2,1,2,0.247317
deepseek14b,implicature,swmimp177,2,2,3,0.422754
deepseek14b,implicature,swmimp177,2,3,4,0.379057
deepseek14b,implicature,swmimp177,2,4,5,0.177252
deepseek14b,implicature,swmimp177,2,5,6,0.276036
deepseek14b,implicature,swmimp177,2,6,7,0.606364
deepseek14b,implicature,swmimp177,2,7,8,0.503696
deepseek14b,implicature,swmimp177,3,1,2,0.060177
deepseek14b,implicature,swmimp177,3,2,3,0.456902
deepseek14b,implicature,swmimp177,3,3,4,0.415199
deepseek14b,implicature,swmimp177,3,4,5,0.812654
deepseek14b,implicature,swmimp177,3,5,6,0.554904
deepseek14b,implicature,swmimp177,3,6,7,0.219035
deepseek14b,implicature,swmimp177,3,7,8,0.23326
deepseek14b,implicature,swmimp178,1,1,2,0.36303
deepseek14b,implicature,swmimp178,1,2,3,0.237205
deepseek14b,implicature,swmimp178,1,3,4,0.208455
deepseek14b,implicature,swmimp178,1,4,5,0.250101
deepseek14b,implicature,swmimp178,1,5,6,0.81978
deepseek14b,implicature,swmimp178,1,6,7,0.805263
deepseek14b,implicature,swmimp178,1,7,8,0.544708
deepseek14b,implicature,swmimp178,1,8,9,0.170499
deepseek14b,implicature,swmimp178,1,9,10,0.470088
deepseek14b,implicature,swmimp178,1,10,11,0.425938
deepseek14b,implicature,swmimp178,1,11,12,0.198988
deepseek14b,implicature,swmimp178,1,12,13,0.090085
deepseek14b,implicature,swmimp178,1,13,14,0.206335
deepseek14b,implicature,swmimp178,1,14,15,0.438792
deepseek14b,implicature,swmimp178,1,15,16,0.462598
deepseek14b,implicature,swmimp178,1,16,17,0.512905
deepseek14b,implicature,swmimp178,1,17,18,0.105394
deepseek14b,implicature,swmimp178,2,1,2,0.122552
deepseek14b,implicature,swmimp178,2,2,3,0.395887
deepseek14b,implicature,swmimp178,2,3,4,0.004572
deepseek14b,implicature,swmimp178,2,4,5,0.218931
deepseek14b,implicature,swmimp178,2,5,6,0.241128
deepseek14b,implicature,swmimp178,2,6,7,0.457338
deepseek14b,implicature,swmimp178,2,7,8,0.268555
deepseek14b,implicature,swmimp178,2,8,9,0.089707
deepseek14b,implicature,swmimp178,2,9,10,0.3461
deepseek14b,implicature,swmimp178,2,10,11,0.407036
deepseek14b,implicature,swmimp178,2,11,12,0.717604
deepseek14b,implicature,swmimp178,2,12,13,0.485856
deepseek14b,implicature,swmimp178,2,13,14,0.405595
deepseek14b,implicature,swmimp178,2,14,15,0.04896
deepseek14b,implicature,swmimp178,2,15,16,0.084198
deepseek14b,implicature,swmimp178,2,16,17,0.197847
deepseek14b,implicature,swmimp178,2,17,18,0.283193
deepseek14b,implicature,swmimp178,3,1,2,0.447436
deepseek14b,implicature,swmimp178,3,2,3,0.28856
deepseek14b,implicature,swmimp178,3,3,4,0.325699
deepseek14b,implicature,swmimp178,3,4,5,0.13192
deepseek14b,implicature,swmimp178,3,5,6,0.461955
deepseek14b,implicature,swmimp178,3,6,7,0.459961
deepseek14b,implicature,swmimp178,3,7,8,0.254621
deepseek14b,implicature,swmimp178,3,8,9,0.232136
deepseek14b,implicature,swmimp178,3,9,10,0.540567
deepseek14b,implicature,swmimp178,3,10,11,0.151316
deepseek14b,implicature,swmimp178,3,11,12,0.568037
deepseek14b,implicature,swmimp178,3,12,13,0.223735
deepseek14b,implicature,swmimp178,3,13,14,0.437844
deepseek14b,implicature,swmimp178,3,14,15,0.532054
deepseek14b,implicature,swmimp178,3,15,16,0.489625
deepseek14b,implicature,swmimp178,3,16,17,0.771291
deepseek14b,implicature,swmimp178,3,17,18,0.51353
deepseek14b,implicature,swmimp179,1,1,2,0.060035
deepseek14b,implicature,swmimp179,1,2,3,0.342997
deepseek14b,implicature,swmimp179,1,3,4,0.395661
deepseek14b,implicature,swmimp179,1,4,5,0.13679
deepseek14b,implicature,swmimp179,1,5,6,0.413116
deepseek14b,implicature,swmimp179,1,6,7,0.384544
deepseek14b,implicature,swmimp179,1,7,8,0.306969
deepseek14b,implicature,swmimp179,1,8,9,0.180793
deepseek14b,implicature,swmimp179,2,1,2,0.736608
deepseek14b,implicature,swmimp179,2,2,3,0.758176
deepseek14b,implicature,swmimp179,2,3,4,0.340046
deepseek14b,implicature,swmimp179,2,4,5,0.412289
deepseek14b,implicature,swmimp179,2,5,6,0.417664
deepseek14b,implicature,swmimp179,2,6,7,0.437714
deepseek14b,implicature,swmimp179,2,7,8,0.262709
deepseek14b,implicature,swmimp179,2,8,9,0.472425
deepseek14b,implicature,swmimp179,3,1,2,0.279131
deepseek14b,implicature,swmimp179,3,2,3,0.361225
deepseek14b,implicature,swmimp179,3,3,4,0.452234
deepseek14b,implicature,swmimp179,3,4,5,0.195647
deepseek14b,implicature,swmimp179,3,5,6,0.246145
deepseek14b,implicature,swmimp179,3,6,7,0.780228
deepseek14b,implicature,swmimp179,3,7,8,0.689246
deepseek14b,implicature,swmimp179,3,8,9,0.699237
deepseek14b,implicature,swmimp180,1,1,2,0.700096
deepseek14b,implicature,swmimp180,1,2,3,0.284478
deepseek14b,implicature,swmimp180,1,3,4,0.279733
deepseek14b,implicature,swmimp180,1,4,5,0.452706
deepseek14b,implicature,swmimp180,1,5,6,0.467076
deepseek14b,implicature,swmimp180,2,1,2,0.59219
deepseek14b,implicature,swmimp180,2,2,3,0.113662
deepseek14b,implicature,swmimp180,2,3,4,0.393428
deepseek14b,implicature,swmimp180,2,4,5,0.414575
deepseek14b,implicature,swmimp180,2,5,6,0.137622
deepseek14b,implicature,swmimp180,3,1,2,0.174761
deepseek14b,implicature,swmimp180,3,2,3,0.293327
deepseek14b,implicature,swmimp180,3,3,4,0.203263
deepseek14b,implicature,swmimp180,3,4,5,0.371584
deepseek14b,implicature,swmimp180,3,5,6,0.270615
deepseek14b,implicature,swmimp181,1,1,2,0.436505
deepseek14b,implicature,swmimp181,1,2,3,0.833755
deepseek14b,implicature,swmimp181,1,3,4,0.816106
deepseek14b,implicature,swmimp181,1,4,5,0.452391
deepseek14b,implicature,swmimp181,1,5,6,0.434752
deepseek14b,implicature,swmimp181,1,6,7,0.152501
deepseek14b,implicature,swmimp181,1,7,8,0.102173
deepseek14b,implicature,swmimp181,2,1,2,0.743898
deepseek14b,implicature,swmimp181,2,2,3,0.356964
deepseek14b,implicature,swmimp181,2,3,4,0.44926
deepseek14b,implicature,swmimp181,2,4,5,0.244079
deepseek14b,implicature,swmimp181,2,5,6,0.293232
deepseek14b,implicature,swmimp181,2,6,7,0.818282
deepseek14b,implicature,swmimp181,2,7,8,0.059913
deepseek14b,implicature,swmimp181,3,1,2,0.140222
deepseek14b,implicature,swmimp181,3,2,3,0.205544
deepseek14b,implicature,swmimp181,3,3,4,0.239474
deepseek14b,implicature,swmimp181,3,4,5,0.219662
deepseek14b,implicature,swmimp181,3,5,6,0.417146
deepseek14b,implicature,swmimp181,3,6,7,0.473506
deepseek14b,implicature,swmimp181,3,7,8,0.148748
deepseek14b,implicature,swmimp182,1,1,2,0.436574
deepseek14b,implicature,swmimp182,2,1,2,0.211
deepseek14b,implicature,swmimp182,3,1,2,0.253989
deepseek14b,implicature,swmimp183,1,1,2,0.388462
deepseek14b,implicature,swmimp183,1,2,3,0.236289
deepseek14b,implicature,swmimp183,1,3,4,0.388561
deepseek14b,implicature,swmimp183,2,1,2,0.13208
deepseek14b,implicature,swmimp183,2,2,3,0.240931
deepseek14b,implicature,swmimp183,2,3,4,0.382612
deepseek14b,implicature,swmimp183,3,1,2,0.237209
deepseek14b,implicature,swmimp183,3,2,3,0.384789
deepseek14b,implicature,swmimp183,3,3,4,0.364077
deepseek14b,implicature,swmimp184,1,1,2,0.64879
deepseek14b,implicature,swmimp184,1,2,3,0.683056
deepseek14b,implicature,swmimp184,1,3,4,0.412604
deepseek14b,implicature,swmimp184,1,4,5,0.318636
deepseek14b,implicature,swmimp184,2,1,2,0.247481
deepseek14b,implicature,swmimp184,2,2,3,0.133978
deepseek14b,implicature,swmimp184,2,3,4,0.259487
deepseek14b,implicature,swmimp184,2,4,5,0.300599
deepseek14b,implicature,swmimp184,3,1,2,0.484076
deepseek14b,implicature,swmimp184,3,2,3,0.095447
deepseek14b,implicature,swmimp184,3,3,4,0.213181
deepseek14b,implicature,swmimp184,3,4,5,0.385843
deepseek14b,implicature,swmimp185,1,1,2,0.070382
deepseek14b,implicature,swmimp185,1,2,3,0.531057
deepseek14b,implicature,swmimp185,1,3,4,0.292795
deepseek14b,implicature,swmimp185,1,4,5,0.289012
deepseek14b,implicature,swmimp185,2,1,2,0.47671
deepseek14b,implicature,swmimp185,2,2,3,0.189017
deepseek14b,implicature,swmimp185,2,3,4,0.32985
deepseek14b,implicature,swmimp185,2,4,5,0.195648
deepseek14b,implicature,swmimp185,3,1,2,0.207525
deepseek14b,implicature,swmimp185,3,2,3,0.379366
deepseek14b,implicature,swmimp185,3,3,4,0.415037
deepseek14b,implicature,swmimp185,3,4,5,0.247064
deepseek14b,implicature,swmimp186,1,1,2,0.452346
deepseek14b,implicature,swmimp186,2,1,2,0.467734
deepseek14b,implicature,swmimp186,3,1,2,0.42341
deepseek14b,implicature,swmimp187,1,1,2,0.534879
deepseek14b,implicature,swmimp187,1,2,3,0.552303
deepseek14b,implicature,swmimp187,2,1,2,0.559837
deepseek14b,implicature,swmimp187,2,2,3,0.091985
deepseek14b,implicature,swmimp187,3,1,2,0.571078
deepseek14b,implicature,swmimp187,3,2,3,0.148028
deepseek14b,implicature,swmimp188,1,1,2,0.458887
deepseek14b,implicature,swmimp188,1,2,3,0.345616
deepseek14b,implicature,swmimp188,1,3,4,0.665557
deepseek14b,implicature,swmimp188,1,4,5,0.067492
deepseek14b,implicature,swmimp188,2,1,2,0.601737
deepseek14b,implicature,swmimp188,2,2,3,0.293936
deepseek14b,implicature,swmimp188,2,3,4,0.26314
deepseek14b,implicature,swmimp188,2,4,5,0.173223
deepseek14b,implicature,swmimp188,3,1,2,0.19022
deepseek14b,implicature,swmimp188,3,2,3,0.332871
deepseek14b,implicature,swmimp188,3,3,4,0.232421
deepseek14b,implicature,swmimp188,3,4,5,0.174198
deepseek14b,implicature,swmimp189,1,1,2,0.316725
deepseek14b,implicature,swmimp189,1,2,3,0.316396
deepseek14b,implicature,swmimp189,1,3,4,0.132287
deepseek14b,implicature,swmimp189,2,1,2,0.385408
deepseek14b,implicature,swmimp189,2,2,3,0.278631
deepseek14b,implicature,swmimp189,2,3,4,0.19957
deepseek14b,implicature,swmimp189,3,1,2,0.369417
deepseek14b,implicature,swmimp189,3,2,3,0.269053
deepseek14b,implicature,swmimp189,3,3,4,0.52294
deepseek14b,implicature,swmimp190,1,1,2,0.578634
deepseek14b,implicature,swmimp190,1,2,3,0.419807
deepseek14b,implicature,swmimp190,1,3,4,0.26855
deepseek14b,implicature,swmimp190,2,1,2,0.372653
deepseek14b,implicature,swmimp190,2,2,3,0.073887
deepseek14b,implicature,swmimp190,2,3,4,0.217812
deepseek14b,implicature,swmimp190,3,1,2,0.359845
deepseek14b,implicature,swmimp190,3,2,3,0.444225
deepseek14b,implicature,swmimp190,3,3,4,0.620724
deepseek14b,implicature,swmimp191,1,1,2,0.17042
deepseek14b,implicature,swmimp191,1,2,3,0.221179
deepseek14b,implicature,swmimp191,1,3,4,0.245866
deepseek14b,implicature,swmimp191,1,4,5,0.187422
deepseek14b,implicature,swmimp191,2,1,2,0.154203
deepseek14b,implicature,swmimp191,2,2,3,0.212214
deepseek14b,implicature,swmimp191,2,3,4,0.216573
deepseek14b,implicature,swmimp191,2,4,5,0.24508
deepseek14b,implicature,swmimp191,3,1,2,0.283474
deepseek14b,implicature,swmimp191,3,2,3,0.258029
deepseek14b,implicature,swmimp191,3,3,4,0.212656
deepseek14b,implicature,swmimp191,3,4,5,0.406192
deepseek14b,implicature,swmimp192,1,1,2,0.25683
deepseek14b,implicature,swmimp192,1,2,3,0.233508
deepseek14b,implicature,swmimp192,1,3,4,0.233263
deepseek14b,implicature,swmimp192,1,4,5,0.423799
deepseek14b,implicature,swmimp192,2,1,2,0.315711
deepseek14b,implicature,swmimp192,2,2,3,0.338072
deepseek14b,implicature,swmimp192,2,3,4,0.556769
deepseek14b,implicature,swmimp192,2,4,5,0.541431
deepseek14b,implicature,swmimp192,3,1,2,0.528525
deepseek14b,implicature,swmimp192,3,2,3,0.291515
deepseek14b,implicature,swmimp192,3,3,4,0.398836
deepseek14b,implicature,swmimp192,3,4,5,0.398451
deepseek14b,implicature,swmimp193,1,1,2,0.140193
deepseek14b,implicature,swmimp193,1,2,3,0.18781
deepseek14b,implicature,swmimp193,1,3,4,0.188068
deepseek14b,implicature,swmimp193,2,1,2,0.210944
deepseek14b,implicature,swmimp193,2,2,3,0.605435
deepseek14b,implicature,swmimp193,2,3,4,0.472022
deepseek14b,implicature,swmimp193,3,1,2,0.383104
deepseek14b,implicature,swmimp193,3,2,3,0.60558
deepseek14b,implicature,swmimp193,3,3,4,0.561368
deepseek14b,implicature,swmimp194,1,1,2,0.319066
deepseek14b,implicature,swmimp194,1,2,3,0.234995
deepseek14b,implicature,swmimp194,1,3,4,0.713849
deepseek14b,implicature,swmimp194,1,4,5,0.711016
deepseek14b,implicature,swmimp194,1,5,6,0.385422
deepseek14b,implicature,swmimp194,2,1,2,0.336139
deepseek14b,implicature,swmimp194,2,2,3,0.340423
deepseek14b,implicature,swmimp194,2,3,4,0.356365
deepseek14b,implicature,swmimp194,2,4,5,0.260739
deepseek14b,implicature,swmimp194,2,5,6,0.709708
deepseek14b,implicature,swmimp194,3,1,2,0.7027
deepseek14b,implicature,swmimp194,3,2,3,0.38337
deepseek14b,implicature,swmimp194,3,3,4,0.208127
deepseek14b,implicature,swmimp194,3,4,5,0.25426
deepseek14b,implicature,swmimp194,3,5,6,0.330524
deepseek14b,implicature,swmimp195,1,1,2,0.117262
deepseek14b,implicature,swmimp195,1,2,3,0.285121
deepseek14b,implicature,swmimp195,1,3,4,0.211397
deepseek14b,implicature,swmimp195,1,4,5,0.222605
deepseek14b,implicature,swmimp195,1,5,6,0.170118
deepseek14b,implicature,swmimp195,1,6,7,0.15876
deepseek14b,implicature,swmimp195,1,7,8,0.369093
deepseek14b,implicature,swmimp195,1,8,9,0.320915
deepseek14b,implicature,swmimp195,1,9,10,0.407988
deepseek14b,implicature,swmimp195,2,1,2,0.425269
deepseek14b,implicature,swmimp195,2,2,3,0.376006
deepseek14b,implicature,swmimp195,2,3,4,0.179137
deepseek14b,implicature,swmimp195,2,4,5,0.179863
deepseek14b,implicature,swmimp195,2,5,6,0.174514
deepseek14b,implicature,swmimp195,2,6,7,0.105742
deepseek14b,implicature,swmimp195,2,7,8,0.345863
deepseek14b,implicature,swmimp195,2,8,9,0.307797
deepseek14b,implicature,swmimp195,2,9,10,0.152251
deepseek14b,implicature,swmimp195,3,1,2,0.06065
deepseek14b,implicature,swmimp195,3,2,3,0.108028
deepseek14b,implicature,swmimp195,3,3,4,0.128278
deepseek14b,implicature,swmimp195,3,4,5,0.227164
deepseek14b,implicature,swmimp195,3,5,6,0.20037
deepseek14b,implicature,swmimp195,3,6,7,0.083442
deepseek14b,implicature,swmimp195,3,7,8,0.487824
deepseek14b,implicature,swmimp195,3,8,9,0.3676
deepseek14b,implicature,swmimp195,3,9,10,0.399392
deepseek14b,implicature,swmimp196,1,1,2,0.418936
deepseek14b,implicature,swmimp196,1,2,3,0.329432
deepseek14b,implicature,swmimp196,1,3,4,0.150805
deepseek14b,implicature,swmimp196,1,4,5,0.144308
deepseek14b,implicature,swmimp196,1,5,6,0.335442
deepseek14b,implicature,swmimp196,1,6,7,0.235392
deepseek14b,implicature,swmimp196,2,1,2,0.658582
deepseek14b,implicature,swmimp196,2,2,3,0.150652
deepseek14b,implicature,swmimp196,2,3,4,0.282754
deepseek14b,implicature,swmimp196,2,4,5,0.546121
deepseek14b,implicature,swmimp196,2,5,6,0.643109
deepseek14b,implicature,swmimp196,2,6,7,0.262035
deepseek14b,implicature,swmimp196,3,1,2,0.412094
deepseek14b,implicature,swmimp196,3,2,3,0.193398
deepseek14b,implicature,swmimp196,3,3,4,0.25552
deepseek14b,implicature,swmimp196,3,4,5,0.195877
deepseek14b,implicature,swmimp196,3,5,6,0.32938
deepseek14b,implicature,swmimp196,3,6,7,0.162009
deepseek14b,implicature,swmimp197,1,1,2,0.278614
deepseek14b,implicature,swmimp197,1,2,3,0.334671
deepseek14b,implicature,swmimp197,2,1,2,0.580153
deepseek14b,implicature,swmimp197,2,2,3,0.266189
deepseek14b,implicature,swmimp197,3,1,2,0.109679
deepseek14b,implicature,swmimp197,3,2,3,0.606838
deepseek14b,implicature,swmimp198,1,1,2,0.337148
deepseek14b,implicature,swmimp198,1,2,3,0.165654
deepseek14b,implicature,swmimp198,1,3,4,0.188671
deepseek14b,implicature,swmimp198,2,1,2,0.37281
deepseek14b,implicature,swmimp198,2,2,3,0.246623
deepseek14b,implicature,swmimp198,2,3,4,0.207123
deepseek14b,implicature,swmimp198,3,1,2,0.243389
deepseek14b,implicature,swmimp198,3,2,3,0.191827
deepseek14b,implicature,swmimp198,3,3,4,0.147346
deepseek14b,implicature,swmimp199,1,1,2,0.15316
deepseek14b,implicature,swmimp199,1,2,3,0.338641
deepseek14b,implicature,swmimp199,1,3,4,0.185775
deepseek14b,implicature,swmimp199,1,4,5,0.205248
deepseek14b,implicature,swmimp199,2,1,2,0.337161
deepseek14b,implicature,swmimp199,2,2,3,0.239025
deepseek14b,implicature,swmimp199,2,3,4,0.295729
deepseek14b,implicature,swmimp199,2,4,5,0.242331
deepseek14b,implicature,swmimp199,3,1,2,0.358925
deepseek14b,implicature,swmimp199,3,2,3,0.346957
deepseek14b,implicature,swmimp199,3,3,4,0.224917
deepseek14b,implicature,swmimp199,3,4,5,0.310125
deepseek14b,implicature,swmimp200,1,1,2,0.661823
deepseek14b,implicature,swmimp200,1,2,3,0.385458
deepseek14b,implicature,swmimp200,1,3,4,0.318999
deepseek14b,implicature,swmimp200,2,1,2,0.396501
deepseek14b,implicature,swmimp200,2,2,3,0.319931
deepseek14b,implicature,swmimp200,2,3,4,0.401081
deepseek14b,implicature,swmimp200,3,1,2,0.278373
deepseek14b,implicature,swmimp200,3,2,3,0.387324
deepseek14b,implicature,swmimp200,3,3,4,0.267414
deepseek32b,false_belief,fb001,1,1,2,0.110705
deepseek32b,false_belief,fb001,1,2,3,0.106808
deepseek32b,false_belief,fb001,1,3,4,0.06703
deepseek32b,false_belief,fb001,1,4,5,0.094158
deepseek32b,false_belief,fb001,2,1,2,0.113322
deepseek32b,false_belief,fb001,2,2,3,0.102512
deepseek32b,false_belief,fb001,2,3,4,0.032652
deepseek32b,false_belief,fb001,2,4,5,0.082749
deepseek32b,false_belief,fb001,3,1,2,0.077142
deepseek32b,false_belief,fb001,3,2,3,0.107623
deepseek32b,false_belief,fb001,3,3,4,0.074126
deepseek32b,false_belief,fb001,3,4,5,0.065405
deepseek32b,false_belief,fb002,1,1,2,0.042959
deepseek32b,false_belief,fb002,1,2,3,0.087601
deepseek32b,false_belief,fb002,1,3,4,0.058355
deepseek32b,false_belief,fb002,1,4,5,0.064819
deepseek32b,false_belief,fb002,1,5,6,0.056046
deepseek32b,false_belief,fb002,2,1,2,0.126593
deepseek32b,false_belief,fb002,2,2,3,0.088989
deepseek32b,false_belief,fb002,2,3,4,0.021385
deepseek32b,false_belief,fb002,2,4,5,0.055984
deepseek32b,false_belief,fb002,2,5,6,0.07088
deepseek32b,false_belief,fb002,3,1,2,0.071227
deepseek32b,false_belief,fb002,3,2,3,0.09761
deepseek32b,false_belief,fb002,3,3,4,0.05809
deepseek32b,false_belief,fb002,3,4,5,0.041711
deepseek32b,false_belief,fb002,3,5,6,0.040249
deepseek32b,false_belief,fb003,1,1,2,0.130455
deepseek32b,false_belief,fb003,1,2,3,0.10898
deepseek32b,false_belief,fb003,1,3,4,0.029151
deepseek32b,false_belief,fb003,1,4,5,0.063303
deepseek32b,false_belief,fb003,2,1,2,0.034267
deepseek32b,false_belief,fb003,2,2,3,0.098795
deepseek32b,false_belief,fb003,2,3,4,0.044166
deepseek32b,false_belief,fb003,2,4,5,0.0397
deepseek32b,false_belief,fb003,3,1,2,0.056852
deepseek32b,false_belief,fb003,3,2,3,0.099598
deepseek32b,false_belief,fb003,3,3,4,0.035004
deepseek32b,false_belief,fb003,3,4,5,0.041557
deepseek32b,false_belief,fb004,1,1,2,0.10389
deepseek32b,false_belief,fb004,1,2,3,0.126712
deepseek32b,false_belief,fb004,1,3,4,0.035162
deepseek32b,false_belief,fb004,1,4,5,0.140211
deepseek32b,false_belief,fb004,2,1,2,0.08394
deepseek32b,false_belief,fb004,2,2,3,0.087761
deepseek32b,false_belief,fb004,2,3,4,0.055197
deepseek32b,false_belief,fb004,2,4,5,0.071813
deepseek32b,false_belief,fb004,3,1,2,0.128899
deepseek32b,false_belief,fb004,3,2,3,0.120577
deepseek32b,false_belief,fb004,3,3,4,0.042283
deepseek32b,false_belief,fb004,3,4,5,0.083805
deepseek32b,false_belief,fb005,1,1,2,0.073399
deepseek32b,false_belief,fb005,1,2,3,0.127746
deepseek32b,false_belief,fb005,1,3,4,0.064168
deepseek32b,false_belief,fb005,1,4,5,0.064585
deepseek32b,false_belief,fb005,2,1,2,0.148429
deepseek32b,false_belief,fb005,2,2,3,0.170782
deepseek32b,false_belief,fb005,2,3,4,0.070331
deepseek32b,false_belief,fb005,2,4,5,0.053526
deepseek32b,false_belief,fb005,3,1,2,0.083254
deepseek32b,false_belief,fb005,3,2,3,0.133116
deepseek32b,false_belief,fb005,3,3,4,0.037833
deepseek32b,false_belief,fb005,3,4,5,0.069597
deepseek32b,false_belief,fb006,1,1,2,0.042786
deepseek32b,false_belief,fb006,1,2,3,0.113252
deepseek32b,false_belief,fb006,1,3,4,0.072868
deepseek32b,false_belief,fb006,1,4,5,0.116551
deepseek32b,false_belief,fb006,2,1,2,0.308731
deepseek32b,false_belief,fb006,2,2,3,0.102344
deepseek32b,false_belief,fb006,2,3,4,0.064403
deepseek32b,false_belief,fb006,2,4,5,0.069097
deepseek32b,false_belief,fb006,3,1,2,0.274897
deepseek32b,false_belief,fb006,3,2,3,0.142544
deepseek32b,false_belief,fb006,3,3,4,0.048961
deepseek32b,false_belief,fb006,3,4,5,0.087619
deepseek32b,false_belief,fb007,1,1,2,0.255603
deepseek32b,false_belief,fb007,1,2,3,0.194814
deepseek32b,false_belief,fb007,1,3,4,0.059684
deepseek32b,false_belief,fb007,1,4,5,0.06682
deepseek32b,false_belief,fb007,2,1,2,0.117395
deepseek32b,false_belief,fb007,2,2,3,0.110254
deepseek32b,false_belief,fb007,2,3,4,0.08955
deepseek32b,false_belief,fb007,2,4,5,0.064879
deepseek32b,false_belief,fb007,3,1,2,0.81022
deepseek32b,false_belief,fb007,3,2,3,0.108589
deepseek32b,false_belief,fb007,3,3,4,0.042743
deepseek32b,false_belief,fb007,3,4,5,0.085589
deepseek32b,false_belief,fb008,1,1,2,0.06786
deepseek32b,false_belief,fb008,1,2,3,0.060146
deepseek32b,false_belief,fb008,1,3,4,0.041377
deepseek32b,false_belief,fb008,1,4,5,0.03293
deepseek32b,false_belief,fb008,2,1,2,0.033584
deepseek32b,false_belief,fb008,2,2,3,0.050913
deepseek32b,false_belief,fb008,2,3,4,0.020358
deepseek32b,false_belief,fb008,2,4,5,0.046816
deepseek32b,false_belief,fb008,3,1,2,0.095413
deepseek32b,false_belief,fb008,3,2,3,0.054025
deepseek32b,false_belief,fb008,3,3,4,0.03677
deepseek32b,false_belief,fb008,3,4,5,0.091582
deepseek32b,false_belief,fb009,1,1,2,0.104859
deepseek32b,false_belief,fb009,1,2,3,0.122653
deepseek32b,false_belief,fb009,1,3,4,0.097256
deepseek32b,false_belief,fb009,2,1,2,0.10838
deepseek32b,false_belief,fb009,2,2,3,0.119954
deepseek32b,false_belief,fb009,2,3,4,0.079275
deepseek32b,false_belief,fb009,3,1,2,0.117469
deepseek32b,false_belief,fb009,3,2,3,0.071422
deepseek32b,false_belief,fb009,3,3,4,0.099232
deepseek32b,false_belief,fb010,1,1,2,0.109995
deepseek32b,false_belief,fb010,1,2,3,0.132752
deepseek32b,false_belief,fb010,1,3,4,0.070911
deepseek32b,false_belief,fb010,1,4,5,0.057768
deepseek32b,false_belief,fb010,2,1,2,0.092942
deepseek32b,false_belief,fb010,2,2,3,0.131585
deepseek32b,false_belief,fb010,2,3,4,0.089905
deepseek32b,false_belief,fb010,2,4,5,0.051414
deepseek32b,false_belief,fb010,3,1,2,0.081214
deepseek32b,false_belief,fb010,3,2,3,0.151906
deepseek32b,false_belief,fb010,3,3,4,0.071418
deepseek32b,false_belief,fb010,3,4,5,0.09308
deepseek32b,false_belief,fb011,1,1,2,0.082872
deepseek32b,false_belief,fb011,1,2,3,0.088542
deepseek32b,false_belief,fb011,1,3,4,0.038591
deepseek32b,false_belief,fb011,1,4,5,0.074024
deepseek32b,false_belief,fb011,2,1,2,0.056111
deepseek32b,false_belief,fb011,2,2,3,0.087438
deepseek32b,false_belief,fb011,2,3,4,0.049446
deepseek32b,false_belief,fb011,2,4,5,0.077072
deepseek32b,false_belief,fb011,3,1,2,0.186407
deepseek32b,false_belief,fb011,3,2,3,0.148392
deepseek32b,false_belief,fb011,3,3,4,0.09654
deepseek32b,false_belief,fb011,3,4,5,0.039156
deepseek32b,false_belief,fb012,1,1,2,0.169233
deepseek32b,false_belief,fb012,1,2,3,0.12496
deepseek32b,false_belief,fb012,1,3,4,0.049008
deepseek32b,false_belief,fb012,1,4,5,0.059819
deepseek32b,false_belief,fb012,2,1,2,0.13953
deepseek32b,false_belief,fb012,2,2,3,0.100794
deepseek32b,false_belief,fb012,2,3,4,0.055442
deepseek32b,false_belief,fb012,2,4,5,0.036649
deepseek32b,false_belief,fb012,3,1,2,0.124851
deepseek32b,false_belief,fb012,3,2,3,0.148629
deepseek32b,false_belief,fb012,3,3,4,0.04918
deepseek32b,false_belief,fb012,3,4,5,0.051652
deepseek32b,false_belief,fb013,1,1,2,0.11695
deepseek32b,false_belief,fb013,1,2,3,0.112282
deepseek32b,false_belief,fb013,1,3,4,0.049189
deepseek32b,false_belief,fb013,1,4,5,0.091582
deepseek32b,false_belief,fb013,2,1,2,1.01129
deepseek32b,false_belief,fb013,2,2,3,0.079105
deepseek32b,false_belief,fb013,2,3,4,0.038077
deepseek32b,false_belief,fb013,2,4,5,0.123552
deepseek32b,false_belief,fb013,3,1,2,0.187507
deepseek32b,false_belief,fb013,3,2,3,0.095752
deepseek32b,false_belief,fb013,3,3,4,0.06955
deepseek32b,false_belief,fb013,3,4,5,0.055849
deepseek32b,false_belief,fb014,1,1,2,0.11064
deepseek32b,false_belief,fb014,2,1,2,0.139522
deepseek32b,false_belief,fb014,3,1,2,0.100491
deepseek32b,false_belief,fb015,1,1,2,0.053058
deepseek32b,false_belief,fb015,1,2,3,0.130142
deepseek32b,false_belief,fb015,1,3,4,0.071346
deepseek32b,false_belief,fb015,1,4,5,0.075981
deepseek32b,false_belief,fb015,2,1,2,0.067501
deepseek32b,false_belief,fb015,2,2,3,0.113923
deepseek32b,false_belief,fb015,2,3,4,0.058555
deepseek32b,false_belief,fb015,2,4,5,0.073651
deepseek32b,false_belief,fb015,3,1,2,0.099882
deepseek32b,false_belief,fb015,3,2,3,0.157107
deepseek32b,false_belief,fb015,3,3,4,0.069198
deepseek32b,false_belief,fb015,3,4,5,0.122508
deepseek32b,false_belief,fb016,1,1,2,0.193405
deepseek32b,false_belief,fb016,1,2,3,0.164694
deepseek32b,false_belief,fb016,1,3,4,0.079843
deepseek32b,false_belief,fb016,1,4,5,0.062104
deepseek32b,false_belief,fb016,2,1,2,0.087089
deepseek32b,false_belief,fb016,2,2,3,0.130789
deepseek32b,false_belief,fb016,2,3,4,0.034392
deepseek32b,false_belief,fb016,2,4,5,0.060141
deepseek32b,false_belief,fb016,3,1,2,0.074629
deepseek32b,false_belief,fb016,3,2,3,0.135763
deepseek32b,false_belief,fb016,3,3,4,0.07269
deepseek32b,false_belief,fb016,3,4,5,0.054125
deepseek32b,false_belief,fb017,1,1,2,0.095187
deepseek32b,false_belief,fb017,1,2,3,0.087666
deepseek32b,false_belief,fb017,1,3,4,0.039332
deepseek32b,false_belief,fb017,1,4,5,0.046359
deepseek32b,false_belief,fb017,2,1,2,0.07868
deepseek32b,false_belief,fb017,2,2,3,0.060007
deepseek32b,false_belief,fb017,2,3,4,0.076461
deepseek32b,false_belief,fb017,2,4,5,0.049173
deepseek32b,false_belief,fb017,3,1,2,0.174665
deepseek32b,false_belief,fb017,3,2,3,0.084427
deepseek32b,false_belief,fb017,3,3,4,0.052032
deepseek32b,false_belief,fb017,3,4,5,0.034915
deepseek32b,false_belief,fb018,1,1,2,0.111393
deepseek32b,false_belief,fb018,1,2,3,0.125428
deepseek32b,false_belief,fb018,1,3,4,0.052829
deepseek32b,false_belief,fb018,1,4,5,0.055677
deepseek32b,false_belief,fb018,2,1,2,0.192477
deepseek32b,false_belief,fb018,2,2,3,0.112739
deepseek32b,false_belief,fb018,2,3,4,0.036681
deepseek32b,false_belief,fb018,2,4,5,0.047756
deepseek32b,false_belief,fb018,3,1,2,0.101104
deepseek32b,false_belief,fb018,3,2,3,0.094868
deepseek32b,false_belief,fb018,3,3,4,0.05147
deepseek32b,false_belief,fb018,3,4,5,0.062364
deepseek32b,false_belief,fb019,1,1,2,0.174768
deepseek32b,false_belief,fb019,1,2,3,0.220151
deepseek32b,false_belief,fb019,1,3,4,0.067885
deepseek32b,false_belief,fb019,1,4,5,0.063795
deepseek32b,false_belief,fb019,2,1,2,0.163044
deepseek32b,false_belief,fb019,2,2,3,0.152448
deepseek32b,false_belief,fb019,2,3,4,0.087876
deepseek32b,false_belief,fb019,2,4,5,0.028088
deepseek32b,false_belief,fb019,3,1,2,0.089401
deepseek32b,false_belief,fb019,3,2,3,0.117283
deepseek32b,false_belief,fb019,3,3,4,0.060905
deepseek32b,false_belief,fb019,3,4,5,0.090647
deepseek32b,false_belief,fb020,1,1,2,0.114651
deepseek32b,false_belief,fb020,1,2,3,0.152878
deepseek32b,false_belief,fb020,1,3,4,0.058129
deepseek32b,false_belief,fb020,1,4,5,0.120634
deepseek32b,false_belief,fb020,2,1,2,0.197529
deepseek32b,false_belief,fb020,2,2,3,0.142695
deepseek32b,false_belief,fb020,2,3,4,0.072082
deepseek32b,false_belief,fb020,2,4,5,0.098662
deepseek32b,false_belief,fb020,3,1,2,0.283266
deepseek32b,false_belief,fb020,3,2,3,0.179835
deepseek32b,false_belief,fb020,3,3,4,0.052668
deepseek32b,false_belief,fb020,3,4,5,0.115583
deepseek32b,false_belief,fb021,1,1,2,0.17914
deepseek32b,false_belief,fb021,1,2,3,0.161441
deepseek32b,false_belief,fb021,1,3,4,0.05192
deepseek32b,false_belief,fb021,1,4,5,0.06237
deepseek32b,false_belief,fb021,1,5,6,0.052007
deepseek32b,false_belief,fb021,2,1,2,0.044407
deepseek32b,false_belief,fb021,2,2,3,0.098255
deepseek32b,false_belief,fb021,2,3,4,0.061191
deepseek32b,false_belief,fb021,2,4,5,0.035525
deepseek32b,false_belief,fb021,2,5,6,0.065651
deepseek32b,false_belief,fb021,3,1,2,0.071796
deepseek32b,false_belief,fb021,3,2,3,0.116036
deepseek32b,false_belief,fb021,3,3,4,0.038861
deepseek32b,false_belief,fb021,3,4,5,0.057105
deepseek32b,false_belief,fb021,3,5,6,0.088018
deepseek32b,false_belief,fb022,1,1,2,0.136438
deepseek32b,false_belief,fb022,1,2,3,0.135237
deepseek32b,false_belief,fb022,1,3,4,0.054015
deepseek32b,false_belief,fb022,1,4,5,0.071448
deepseek32b,false_belief,fb022,2,1,2,0.251323
deepseek32b,false_belief,fb022,2,2,3,0.144209
deepseek32b,false_belief,fb022,2,3,4,0.074312
deepseek32b,false_belief,fb022,2,4,5,0.088972
deepseek32b,false_belief,fb022,3,1,2,0.491821
deepseek32b,false_belief,fb022,3,2,3,0.102394
deepseek32b,false_belief,fb022,3,3,4,0.089639
deepseek32b,false_belief,fb022,3,4,5,0.068193
deepseek32b,false_belief,fb023,1,1,2,0.465661
deepseek32b,false_belief,fb023,1,2,3,0.140085
deepseek32b,false_belief,fb023,1,3,4,0.246411
deepseek32b,false_belief,fb023,1,4,5,0.243967
deepseek32b,false_belief,fb023,1,5,6,0.098862
deepseek32b,false_belief,fb023,2,1,2,0.15125
deepseek32b,false_belief,fb023,2,2,3,0.159973
deepseek32b,false_belief,fb023,2,3,4,0.07424
deepseek32b,false_belief,fb023,2,4,5,0.087672
deepseek32b,false_belief,fb023,2,5,6,0.080178
deepseek32b,false_belief,fb023,3,1,2,0.227693
deepseek32b,false_belief,fb023,3,2,3,0.123151
deepseek32b,false_belief,fb023,3,3,4,0.046028
deepseek32b,false_belief,fb023,3,4,5,0.074621
deepseek32b,false_belief,fb023,3,5,6,0.11069
deepseek32b,false_belief,fb024,1,1,2,0.117827
deepseek32b,false_belief,fb024,1,2,3,0.091017
deepseek32b,false_belief,fb024,1,3,4,0.067712
deepseek32b,false_belief,fb024,2,1,2,0.194485
deepseek32b,false_belief,fb024,2,2,3,0.239927
deepseek32b,false_belief,fb024,2,3,4,0.119855
deepseek32b,false_belief,fb024,3,1,2,0.074815
deepseek32b,false_belief,fb024,3,2,3,0.111889
deepseek32b,false_belief,fb024,3,3,4,0.085993
deepseek32b,false_belief,fb025,1,1,2,0.07309
deepseek32b,false_belief,fb025,1,2,3,0.127836
deepseek32b,false_belief,fb025,1,3,4,0.057448
deepseek32b,false_belief,fb025,1,4,5,0.032707
deepseek32b,false_belief,fb025,2,1,2,0.123389
deepseek32b,false_belief,fb025,2,2,3,0.120214
deepseek32b,false_belief,fb025,2,3,4,0.06042
deepseek32b,false_belief,fb025,2,4,5,0.029942
deepseek32b,false_belief,fb025,3,1,2,0.073115
deepseek32b,false_belief,fb025,3,2,3,0.156586
deepseek32b,false_belief,fb025,3,3,4,0.079908
deepseek32b,false_belief,fb025,3,4,5,0.106281
deepseek32b,false_belief,fb026,1,1,2,0.236999
deepseek32b,false_belief,fb026,1,2,3,0.250348
deepseek32b,false_belief,fb026,1,3,4,0.061718
deepseek32b,false_belief,fb026,2,1,2,0.193951
deepseek32b,false_belief,fb026,2,2,3,0.118054
deepseek32b,false_belief,fb026,2,3,4,0.070547
deepseek32b,false_belief,fb026,3,1,2,0.148387
deepseek32b,false_belief,fb026,3,2,3,0.120825
deepseek32b,false_belief,fb026,3,3,4,0.060382
deepseek32b,false_belief,fb027,1,1,2,0.116002
deepseek32b,false_belief,fb027,1,2,3,0.183228
deepseek32b,false_belief,fb027,1,3,4,0.072045
deepseek32b,false_belief,fb027,2,1,2,0.182431
deepseek32b,false_belief,fb027,2,2,3,0.117815
deepseek32b,false_belief,fb027,2,3,4,0.121956
deepseek32b,false_belief,fb027,3,1,2,0.140423
deepseek32b,false_belief,fb027,3,2,3,0.127083
deepseek32b,false_belief,fb027,3,3,4,0.061084
deepseek32b,false_belief,fb028,1,1,2,0.237467
deepseek32b,false_belief,fb028,1,2,3,0.147607
deepseek32b,false_belief,fb028,1,3,4,0.063889
deepseek32b,false_belief,fb028,1,4,5,0.088197
deepseek32b,false_belief,fb028,2,1,2,0.203725
deepseek32b,false_belief,fb028,2,2,3,0.102256
deepseek32b,false_belief,fb028,2,3,4,0.053842
deepseek32b,false_belief,fb028,2,4,5,0.052098
deepseek32b,false_belief,fb028,3,1,2,0.237746
deepseek32b,false_belief,fb028,3,2,3,0.165202
deepseek32b,false_belief,fb028,3,3,4,0.039072
deepseek32b,false_belief,fb028,3,4,5,0.066476
deepseek32b,false_belief,fb029,1,1,2,0.111225
deepseek32b,false_belief,fb029,1,2,3,0.082517
deepseek32b,false_belief,fb029,1,3,4,0.051459
deepseek32b,false_belief,fb029,1,4,5,0.067648
deepseek32b,false_belief,fb029,2,1,2,0.108503
deepseek32b,false_belief,fb029,2,2,3,0.129825
deepseek32b,false_belief,fb029,2,3,4,0.060993
deepseek32b,false_belief,fb029,2,4,5,0.040467
deepseek32b,false_belief,fb029,3,1,2,0.215388
deepseek32b,false_belief,fb029,3,2,3,0.214851
deepseek32b,false_belief,fb029,3,3,4,0.044155
deepseek32b,false_belief,fb029,3,4,5,0.114059
deepseek32b,false_belief,fb030,1,1,2,0.071941
deepseek32b,false_belief,fb030,1,2,3,0.097283
deepseek32b,false_belief,fb030,1,3,4,0.037136
deepseek32b,false_belief,fb030,1,4,5,0.045119
deepseek32b,false_belief,fb030,2,1,2,0.10039
deepseek32b,false_belief,fb030,2,2,3,0.124009
deepseek32b,false_belief,fb030,2,3,4,0.079767
deepseek32b,false_belief,fb030,2,4,5,0.024437
deepseek32b,false_belief,fb030,3,1,2,0.089286
deepseek32b,false_belief,fb030,3,2,3,0.102664
deepseek32b,false_belief,fb030,3,3,4,0.041078
deepseek32b,false_belief,fb030,3,4,5,0.035569
deepseek32b,false_belief,fb031,1,1,2,0.154221
deepseek32b,false_belief,fb031,1,2,3,0.105864
deepseek32b,false_belief,fb031,1,3,4,0.05763
deepseek32b,false_belief,fb031,1,4,5,0.095768
deepseek32b,false_belief,fb031,2,1,2,0.154449
deepseek32b,false_belief,fb031,2,2,3,0.11784
deepseek32b,false_belief,fb031,2,3,4,0.055136
deepseek32b,false_belief,fb031,2,4,5,0.096473
deepseek32b,false_belief,fb031,3,1,2,0.220424
deepseek32b,false_belief,fb031,3,2,3,0.135346
deepseek32b,false_belief,fb031,3,3,4,0.048542
deepseek32b,false_belief,fb031,3,4,5,0.085306
deepseek32b,false_belief,fb032,1,1,2,0.118422
deepseek32b,false_belief,fb032,1,2,3,0.101081
deepseek32b,false_belief,fb032,1,3,4,0.050504
deepseek32b,false_belief,fb032,1,4,5,0.061132
deepseek32b,false_belief,fb032,2,1,2,0.1539
deepseek32b,false_belief,fb032,2,2,3,0.145054
deepseek32b,false_belief,fb032,2,3,4,0.059336
deepseek32b,false_belief,fb032,2,4,5,0.101432
deepseek32b,false_belief,fb032,3,1,2,0.045712
deepseek32b,false_belief,fb032,3,2,3,0.077014
deepseek32b,false_belief,fb032,3,3,4,0.044354
deepseek32b,false_belief,fb032,3,4,5,0.066206
deepseek32b,false_belief,fb033,1,1,2,0.098276
deepseek32b,false_belief,fb033,1,2,3,0.096452
deepseek32b,false_belief,fb033,1,3,4,0.040827
deepseek32b,false_belief,fb033,1,4,5,0.063583
deepseek32b,false_belief,fb033,2,1,2,0.187837
deepseek32b,false_belief,fb033,2,2,3,0.107785
deepseek32b,false_belief,fb033,2,3,4,0.033664
deepseek32b,false_belief,fb033,2,4,5,0.040153
deepseek32b,false_belief,fb033,3,1,2,0.080351
deepseek32b,false_belief,fb033,3,2,3,0.08831
deepseek32b,false_belief,fb033,3,3,4,0.054192
deepseek32b,false_belief,fb033,3,4,5,0.084454
deepseek32b,false_belief,fb034,1,1,2,0.118208
deepseek32b,false_belief,fb034,1,2,3,0.106116
deepseek32b,false_belief,fb034,1,3,4,0.055763
deepseek32b,false_belief,fb034,1,4,5,0.079256
deepseek32b,false_belief,fb034,2,1,2,0.087397
deepseek32b,false_belief,fb034,2,2,3,0.071095
deepseek32b,false_belief,fb034,2,3,4,0.035515
deepseek32b,false_belief,fb034,2,4,5,0.074711
deepseek32b,false_belief,fb034,3,1,2,0.10447
deepseek32b,false_belief,fb034,3,2,3,0.07115
deepseek32b,false_belief,fb034,3,3,4,0.054821
deepseek32b,false_belief,fb034,3,4,5,0.125055
deepseek32b,false_belief,fb035,1,1,2,0.233116
deepseek32b,false_belief,fb035,1,2,3,0.108987
deepseek32b,false_belief,fb035,1,3,4,0.064203
deepseek32b,false_belief,fb035,1,4,5,0.064927
deepseek32b,false_belief,fb035,2,1,2,0.094124
deepseek32b,false_belief,fb035,2,2,3,0.149951
deepseek32b,false_belief,fb035,2,3,4,0.134152
deepseek32b,false_belief,fb035,2,4,5,0.101732
deepseek32b,false_belief,fb035,3,1,2,0.116057
deepseek32b,false_belief,fb035,3,2,3,0.089263
deepseek32b,false_belief,fb035,3,3,4,0.075886
deepseek32b,false_belief,fb035,3,4,5,0.086069
deepseek32b,false_belief,fb036,1,1,2,0.201144
deepseek32b,false_belief,fb036,1,2,3,0.12663
deepseek32b,false_belief,fb036,1,3,4,0.118579
deepseek32b,false_belief,fb036,1,4,5,0.142799
deepseek32b,false_belief,fb036,1,5,6,0.128871
deepseek32b,false_belief,fb036,2,1,2,0.115502
deepseek32b,false_belief,fb036,2,2,3,0.111123
deepseek32b,false_belief,fb036,2,3,4,0.027987
deepseek32b,false_belief,fb036,2,4,5,0.04209
deepseek32b,false_belief,fb036,2,5,6,0.091646
deepseek32b,false_belief,fb036,3,1,2,0.29149
deepseek32b,false_belief,fb036,3,2,3,0.180985
deepseek32b,false_belief,fb036,3,3,4,0.033252
deepseek32b,false_belief,fb036,3,4,5,0.021762
deepseek32b,false_belief,fb036,3,5,6,0.142074
deepseek32b,false_belief,fb037,1,1,2,0.95761
deepseek32b,false_belief,fb037,1,2,3,0.10064
deepseek32b,false_belief,fb037,1,3,4,0.03303
deepseek32b,false_belief,fb037,1,4,5,0.084928
deepseek32b,false_belief,fb037,2,1,2,0.111193
deepseek32b,false_belief,fb037,2,2,3,0.078042
deepseek32b,false_belief,fb037,2,3,4,0.05557
deepseek32b,false_belief,fb037,2,4,5,0.060223
deepseek32b,false_belief,fb037,3,1,2,0.046925
deepseek32b,false_belief,fb037,3,2,3,0.106224
deepseek32b,false_belief,fb037,3,3,4,0.034438
deepseek32b,false_belief,fb037,3,4,5,0.092689
deepseek32b,false_belief,fb038,1,1,2,0.096251
deepseek32b,false_belief,fb038,1,2,3,0.194054
deepseek32b,false_belief,fb038,1,3,4,0.156521
deepseek32b,false_belief,fb038,1,4,5,0.040974
deepseek32b,false_belief,fb038,2,1,2,0.238002
deepseek32b,false_belief,fb038,2,2,3,0.213364
deepseek32b,false_belief,fb038,2,3,4,0.09092
deepseek32b,false_belief,fb038,2,4,5,0.100013
deepseek32b,false_belief,fb038,3,1,2,0.278882
deepseek32b,false_belief,fb038,3,2,3,0.219576
deepseek32b,false_belief,fb038,3,3,4,0.083634
deepseek32b,false_belief,fb038,3,4,5,0.078709
deepseek32b,false_belief,fb039,1,1,2,0.070261
deepseek32b,false_belief,fb039,1,2,3,0.087912
deepseek32b,false_belief,fb039,1,3,4,0.031699
deepseek32b,false_belief,fb039,1,4,5,0.080282
deepseek32b,false_belief,fb039,2,1,2,0.106155
deepseek32b,false_belief,fb039,2,2,3,0.059155
deepseek32b,false_belief,fb039,2,3,4,0.02814
deepseek32b,false_belief,fb039,2,4,5,0.060526
deepseek32b,false_belief,fb039,3,1,2,0.112044
deepseek32b,false_belief,fb039,3,2,3,0.106926
deepseek32b,false_belief,fb039,3,3,4,0.050885
deepseek32b,false_belief,fb039,3,4,5,0.081582
deepseek32b,false_belief,fb040,1,1,2,0.125889
deepseek32b,false_belief,fb040,1,2,3,0.10982
deepseek32b,false_belief,fb040,1,3,4,0.07762
deepseek32b,false_belief,fb040,1,4,5,0.070894
deepseek32b,false_belief,fb040,2,1,2,0.110836
deepseek32b,false_belief,fb040,2,2,3,0.116048
deepseek32b,false_belief,fb040,2,3,4,0.069883
deepseek32b,false_belief,fb040,2,4,5,0.076153
deepseek32b,false_belief,fb040,3,1,2,0.106044
deepseek32b,false_belief,fb040,3,2,3,0.086307
deepseek32b,false_belief,fb040,3,3,4,0.150375
deepseek32b,false_belief,fb040,3,4,5,0.175077
deepseek32b,false_belief,fb041,1,1,2,0.259148
deepseek32b,false_belief,fb041,1,2,3,0.155748
deepseek32b,false_belief,fb041,1,3,4,0.051263
deepseek32b,false_belief,fb041,1,4,5,0.076312
deepseek32b,false_belief,fb041,2,1,2,0.124897
deepseek32b,false_belief,fb041,2,2,3,0.297552
deepseek32b,false_belief,fb041,2,3,4,0.070211
deepseek32b,false_belief,fb041,2,4,5,0.089562
deepseek32b,false_belief,fb041,3,1,2,0.108064
deepseek32b,false_belief,fb041,3,2,3,0.203328
deepseek32b,false_belief,fb041,3,3,4,0.103349
deepseek32b,false_belief,fb041,3,4,5,0.148575
deepseek32b,false_belief,fb042,1,1,2,0.229733
deepseek32b,false_belief,fb042,1,2,3,0.114781
deepseek32b,false_belief,fb042,1,3,4,0.06994
deepseek32b,false_belief,fb042,1,4,5,0.058654
deepseek32b,false_belief,fb042,2,1,2,0.253517
deepseek32b,false_belief,fb042,2,2,3,0.219603
deepseek32b,false_belief,fb042,2,3,4,0.11813
deepseek32b,false_belief,fb042,2,4,5,0.052947
deepseek32b,false_belief,fb042,3,1,2,0.343872
deepseek32b,false_belief,fb042,3,2,3,0.16712
deepseek32b,false_belief,fb042,3,3,4,0.066588
deepseek32b,false_belief,fb042,3,4,5,0.052125
deepseek32b,false_belief,fb043,1,1,2,0.14751
deepseek32b,false_belief,fb043,1,2,3,0.119469
deepseek32b,false_belief,fb043,1,3,4,0.03935
deepseek32b,false_belief,fb043,1,4,5,0.073985
deepseek32b,false_belief,fb043,2,1,2,0.259514
deepseek32b,false_belief,fb043,2,2,3,0.192638
deepseek32b,false_belief,fb043,2,3,4,0.037322
deepseek32b,false_belief,fb043,2,4,5,0.063778
deepseek32b,false_belief,fb043,3,1,2,0.147933
deepseek32b,false_belief,fb043,3,2,3,0.297021
deepseek32b,false_belief,fb043,3,3,4,0.118959
deepseek32b,false_belief,fb043,3,4,5,0.091545
deepseek32b,false_belief,fb044,1,1,2,0.093644
deepseek32b,false_belief,fb044,1,2,3,0.15457
deepseek32b,false_belief,fb044,1,3,4,0.097006
deepseek32b,false_belief,fb044,1,4,5,0.117441
deepseek32b,false_belief,fb044,2,1,2,0.288306
deepseek32b,false_belief,fb044,2,2,3,0.102459
deepseek32b,false_belief,fb044,2,3,4,0.0761
deepseek32b,false_belief,fb044,2,4,5,0.057107
deepseek32b,false_belief,fb044,3,1,2,0.122171
deepseek32b,false_belief,fb044,3,2,3,0.164771
deepseek32b,false_belief,fb044,3,3,4,0.048707
deepseek32b,false_belief,fb044,3,4,5,0.13616
deepseek32b,false_belief,fb045,1,1,2,0.120836
deepseek32b,false_belief,fb045,1,2,3,0.113735
deepseek32b,false_belief,fb045,1,3,4,0.04303
deepseek32b,false_belief,fb045,1,4,5,0.052078
deepseek32b,false_belief,fb045,1,5,6,0.096983
deepseek32b,false_belief,fb045,2,1,2,0.136308
deepseek32b,false_belief,fb045,2,2,3,0.102996
deepseek32b,false_belief,fb045,2,3,4,0.061015
deepseek32b,false_belief,fb045,2,4,5,0.050084
deepseek32b,false_belief,fb045,2,5,6,0.079645
deepseek32b,false_belief,fb045,3,1,2,0.075524
deepseek32b,false_belief,fb045,3,2,3,0.090682
deepseek32b,false_belief,fb045,3,3,4,0.04125
deepseek32b,false_belief,fb045,3,4,5,0.039407
deepseek32b,false_belief,fb045,3,5,6,0.051084
deepseek32b,false_belief,fb046,1,1,2,0.105987
deepseek32b,false_belief,fb046,1,2,3,0.074709
deepseek32b,false_belief,fb046,1,3,4,0.052139
deepseek32b,false_belief,fb046,1,4,5,0.109422
deepseek32b,false_belief,fb046,2,1,2,0.105669
deepseek32b,false_belief,fb046,2,2,3,0.100773
deepseek32b,false_belief,fb046,2,3,4,0.020769
deepseek32b,false_belief,fb046,2,4,5,0.084068
deepseek32b,false_belief,fb046,3,1,2,0.082823
deepseek32b,false_belief,fb046,3,2,3,0.11991
deepseek32b,false_belief,fb046,3,3,4,0.059049
deepseek32b,false_belief,fb046,3,4,5,0.062736
deepseek32b,false_belief,fb047,1,1,2,0.132732
deepseek32b,false_belief,fb047,1,2,3,0.210346
deepseek32b,false_belief,fb047,1,3,4,0.064657
deepseek32b,false_belief,fb047,1,4,5,0.072924
deepseek32b,false_belief,fb047,2,1,2,0.026858
deepseek32b,false_belief,fb047,2,2,3,0.105852
deepseek32b,false_belief,fb047,2,3,4,0.052317
deepseek32b,false_belief,fb047,2,4,5,0.050845
deepseek32b,false_belief,fb047,3,1,2,0.503573
deepseek32b,false_belief,fb047,3,2,3,0.125453
deepseek32b,false_belief,fb047,3,3,4,0.070509
deepseek32b,false_belief,fb047,3,4,5,0.078786
deepseek32b,false_belief,fb048,1,1,2,0.146983
deepseek32b,false_belief,fb048,1,2,3,0.132336
deepseek32b,false_belief,fb048,1,3,4,0.057338
deepseek32b,false_belief,fb048,1,4,5,0.11092
deepseek32b,false_belief,fb048,2,1,2,0.070623
deepseek32b,false_belief,fb048,2,2,3,0.118566
deepseek32b,false_belief,fb048,2,3,4,0.047896
deepseek32b,false_belief,fb048,2,4,5,0.087977
deepseek32b,false_belief,fb048,3,1,2,0.076653
deepseek32b,false_belief,fb048,3,2,3,0.140207
deepseek32b,false_belief,fb048,3,3,4,0.0378
deepseek32b,false_belief,fb048,3,4,5,0.08879
deepseek32b,false_belief,fb049,1,1,2,0.07374
deepseek32b,false_belief,fb049,1,2,3,0.091942
deepseek32b,false_belief,fb049,1,3,4,0.090089
deepseek32b,false_belief,fb049,1,4,5,0.057069
deepseek32b,false_belief,fb049,2,1,2,0.055261
deepseek32b,false_belief,fb049,2,2,3,0.107886
deepseek32b,false_belief,fb049,2,3,4,0.071098
deepseek32b,false_belief,fb049,2,4,5,0.051583
deepseek32b,false_belief,fb049,3,1,2,0.112093
deepseek32b,false_belief,fb049,3,2,3,0.094579
deepseek32b,false_belief,fb049,3,3,4,0.047802
deepseek32b,false_belief,fb049,3,4,5,0.119641
deepseek32b,false_belief,fb050,1,1,2,0.164083
deepseek32b,false_belief,fb050,1,2,3,0.159217
deepseek32b,false_belief,fb050,1,3,4,0.037401
deepseek32b,false_belief,fb050,1,4,5,0.072837
deepseek32b,false_belief,fb050,2,1,2,0.23134
deepseek32b,false_belief,fb050,2,2,3,0.206449
deepseek32b,false_belief,fb050,2,3,4,0.037044
deepseek32b,false_belief,fb050,2,4,5,0.049333
deepseek32b,false_belief,fb050,3,1,2,0.250475
deepseek32b,false_belief,fb050,3,2,3,0.163124
deepseek32b,false_belief,fb050,3,3,4,0.064297
deepseek32b,false_belief,fb050,3,4,5,0.068862
deepseek32b,false_belief,fb051,1,1,2,0.132966
deepseek32b,false_belief,fb051,1,2,3,0.085247
deepseek32b,false_belief,fb051,1,3,4,0.086453
deepseek32b,false_belief,fb051,2,1,2,0.087232
deepseek32b,false_belief,fb051,2,2,3,0.105066
deepseek32b,false_belief,fb051,2,3,4,0.061367
deepseek32b,false_belief,fb051,3,1,2,0.10886
deepseek32b,false_belief,fb051,3,2,3,0.089257
deepseek32b,false_belief,fb051,3,3,4,0.099129
deepseek32b,false_belief,fb052,1,1,2,0.084705
deepseek32b,false_belief,fb052,1,2,3,0.114247
deepseek32b,false_belief,fb052,1,3,4,0.060177
deepseek32b,false_belief,fb052,1,4,5,0.079507
deepseek32b,false_belief,fb052,2,1,2,0.218462
deepseek32b,false_belief,fb052,2,2,3,0.060053
deepseek32b,false_belief,fb052,2,3,4,0.024322
deepseek32b,false_belief,fb052,2,4,5,0.049255
deepseek32b,false_belief,fb052,3,1,2,0.070598
deepseek32b,false_belief,fb052,3,2,3,0.079184
deepseek32b,false_belief,fb052,3,3,4,0.053533
deepseek32b,false_belief,fb052,3,4,5,0.07971
deepseek32b,false_belief,fb053,1,1,2,0.062218
deepseek32b,false_belief,fb053,1,2,3,0.080196
deepseek32b,false_belief,fb053,1,3,4,0.054209
deepseek32b,false_belief,fb053,1,4,5,0.055773
deepseek32b,false_belief,fb053,2,1,2,0.059582
deepseek32b,false_belief,fb053,2,2,3,0.090552
deepseek32b,false_belief,fb053,2,3,4,0.073506
deepseek32b,false_belief,fb053,2,4,5,0.090616
deepseek32b,false_belief,fb053,3,1,2,0.08982
deepseek32b,false_belief,fb053,3,2,3,0.151122
deepseek32b,false_belief,fb053,3,3,4,0.047842
deepseek32b,false_belief,fb053,3,4,5,0.041264
deepseek32b,false_belief,fb054,1,1,2,0.16917
deepseek32b,false_belief,fb054,1,2,3,0.11019
deepseek32b,false_belief,fb054,1,3,4,0.149869
deepseek32b,false_belief,fb054,1,4,5,0.149534
deepseek32b,false_belief,fb054,2,1,2,0.076233
deepseek32b,false_belief,fb054,2,2,3,0.115503
deepseek32b,false_belief,fb054,2,3,4,0.030157
deepseek32b,false_belief,fb054,2,4,5,0.083646
deepseek32b,false_belief,fb054,3,1,2,0.453443
deepseek32b,false_belief,fb054,3,2,3,0.148616
deepseek32b,false_belief,fb054,3,3,4,0.053874
deepseek32b,false_belief,fb054,3,4,5,0.109282
deepseek32b,false_belief,fb055,1,1,2,0.173046
deepseek32b,false_belief,fb055,1,2,3,0.114055
deepseek32b,false_belief,fb055,1,3,4,0.049334
deepseek32b,false_belief,fb055,1,4,5,0.071844
deepseek32b,false_belief,fb055,2,1,2,0.073841
deepseek32b,false_belief,fb055,2,2,3,0.156834
deepseek32b,false_belief,fb055,2,3,4,0.098042
deepseek32b,false_belief,fb055,2,4,5,0.080217
deepseek32b,false_belief,fb055,3,1,2,0.102462
deepseek32b,false_belief,fb055,3,2,3,0.127854
deepseek32b,false_belief,fb055,3,3,4,0.049621
deepseek32b,false_belief,fb055,3,4,5,0.070913
deepseek32b,false_belief,fb056,1,1,2,0.26801
deepseek32b,false_belief,fb056,1,2,3,0.14491
deepseek32b,false_belief,fb056,1,3,4,0.036139
deepseek32b,false_belief,fb056,1,4,5,0.117531
deepseek32b,false_belief,fb056,2,1,2,0.132047
deepseek32b,false_belief,fb056,2,2,3,0.172636
deepseek32b,false_belief,fb056,2,3,4,0.064035
deepseek32b,false_belief,fb056,2,4,5,0.070229
deepseek32b,false_belief,fb056,3,1,2,0.149072
deepseek32b,false_belief,fb056,3,2,3,0.090406
deepseek32b,false_belief,fb056,3,3,4,0.110141
deepseek32b,false_belief,fb056,3,4,5,0.114741
deepseek32b,false_belief,fb057,1,1,2,0.081878
deepseek32b,false_belief,fb057,1,2,3,0.207003
deepseek32b,false_belief,fb057,1,3,4,0.094932
deepseek32b,false_belief,fb057,1,4,5,0.053863
deepseek32b,false_belief,fb057,2,1,2,0.089402
deepseek32b,false_belief,fb057,2,2,3,0.2417
deepseek32b,false_belief,fb057,2,3,4,0.143669
deepseek32b,false_belief,fb057,2,4,5,0.074209
deepseek32b,false_belief,fb057,3,1,2,0.270402
deepseek32b,false_belief,fb057,3,2,3,0.265217
deepseek32b,false_belief,fb057,3,3,4,0.076775
deepseek32b,false_belief,fb057,3,4,5,0.136624
deepseek32b,false_belief,fb058,1,1,2,0.275388
deepseek32b,false_belief,fb058,1,2,3,0.118467
deepseek32b,false_belief,fb058,1,3,4,0.045734
deepseek32b,false_belief,fb058,1,4,5,0.107241
deepseek32b,false_belief,fb058,2,1,2,0.08413
deepseek32b,false_belief,fb058,2,2,3,0.162806
deepseek32b,false_belief,fb058,2,3,4,0.067669
deepseek32b,false_belief,fb058,2,4,5,0.070767
deepseek32b,false_belief,fb058,3,1,2,0.185355
deepseek32b,false_belief,fb058,3,2,3,0.178762
deepseek32b,false_belief,fb058,3,3,4,0.052656
deepseek32b,false_belief,fb058,3,4,5,0.061006
deepseek32b,false_belief,fb059,1,1,2,0.155494
deepseek32b,false_belief,fb059,1,2,3,0.149249
deepseek32b,false_belief,fb059,1,3,4,0.036
deepseek32b,false_belief,fb059,1,4,5,0.08273
deepseek32b,false_belief,fb059,2,1,2,0.170718
deepseek32b,false_belief,fb059,2,2,3,0.155874
deepseek32b,false_belief,fb059,2,3,4,0.050671
deepseek32b,false_belief,fb059,2,4,5,0.041848
deepseek32b,false_belief,fb059,3,1,2,0.151425
deepseek32b,false_belief,fb059,3,2,3,0.116291
deepseek32b,false_belief,fb059,3,3,4,0.066435
deepseek32b,false_belief,fb059,3,4,5,0.080066
deepseek32b,false_belief,fb060,1,1,2,0.238379
deepseek32b,false_belief,fb060,1,2,3,0.145001
deepseek32b,false_belief,fb060,1,3,4,0.074319
deepseek32b,false_belief,fb060,1,4,5,0.126227
deepseek32b,false_belief,fb060,2,1,2,0.118695
deepseek32b,false_belief,fb060,2,2,3,0.228422
deepseek32b,false_belief,fb060,2,3,4,0.090055
deepseek32b,false_belief,fb060,2,4,5,0.136092
deepseek32b,false_belief,fb060,3,1,2,0.115711
deepseek32b,false_belief,fb060,3,2,3,0.12763
deepseek32b,false_belief,fb060,3,3,4,0.056843
deepseek32b,false_belief,fb060,3,4,5,0.123141
deepseek32b,false_belief,sfp011,1,1,2,0.347921
deepseek32b,false_belief,sfp011,1,2,3,0.112207
deepseek32b,false_belief,sfp011,1,3,4,0.069563
deepseek32b,false_belief,sfp011,1,4,5,0.051669
deepseek32b,false_belief,sfp011,2,1,2,0.171097
deepseek32b,false_belief,sfp011,2,2,3,0.087947
deepseek32b,false_belief,sfp011,2,3,4,0.052408
deepseek32b,false_belief,sfp011,2,4,5,0.0553
deepseek32b,false_belief,sfp011,3,1,2,0.108067
deepseek32b,false_belief,sfp011,3,2,3,0.140638
deepseek32b,false_belief,sfp011,3,3,4,0.074444
deepseek32b,false_belief,sfp011,3,4,5,0.075722
deepseek32b,false_belief,sfp012,1,1,2,0.125309
deepseek32b,false_belief,sfp012,1,2,3,0.188038
deepseek32b,false_belief,sfp012,1,3,4,0.068995
deepseek32b,false_belief,sfp012,1,4,5,0.0814
deepseek32b,false_belief,sfp012,2,1,2,0.123169
deepseek32b,false_belief,sfp012,2,2,3,0.069279
deepseek32b,false_belief,sfp012,2,3,4,0.067465
deepseek32b,false_belief,sfp012,2,4,5,0.092664
deepseek32b,false_belief,sfp012,3,1,2,0.066325
deepseek32b,false_belief,sfp012,3,2,3,0.080082
deepseek32b,false_belief,sfp012,3,3,4,0.069571
deepseek32b,false_belief,sfp012,3,4,5,0.055124
deepseek32b,false_belief,sfp013,1,1,2,0.070339
deepseek32b,false_belief,sfp013,1,2,3,0.053199
deepseek32b,false_belief,sfp013,1,3,4,0.085504
deepseek32b,false_belief,sfp013,1,4,5,0.067489
deepseek32b,false_belief,sfp013,2,1,2,0.057108
deepseek32b,false_belief,sfp013,2,2,3,0.09986
deepseek32b,false_belief,sfp013,2,3,4,0.055227
deepseek32b,false_belief,sfp013,2,4,5,0.122457
deepseek32b,false_belief,sfp013,3,1,2,0.175073
deepseek32b,false_belief,sfp013,3,2,3,0.079418
deepseek32b,false_belief,sfp013,3,3,4,0.034545
deepseek32b,false_belief,sfp013,3,4,5,0.046054
deepseek32b,false_belief,sfp014,1,1,2,0.167704
deepseek32b,false_belief,sfp014,1,2,3,0.159471
deepseek32b,false_belief,sfp014,1,3,4,0.153329
deepseek32b,false_belief,sfp014,2,1,2,0.131327
deepseek32b,false_belief,sfp014,2,2,3,0.0983
deepseek32b,false_belief,sfp014,2,3,4,0.038958
deepseek32b,false_belief,sfp014,3,1,2,0.102492
deepseek32b,false_belief,sfp014,3,2,3,0.077455
deepseek32b,false_belief,sfp014,3,3,4,0.090758
deepseek32b,false_belief,sfp015,1,1,2,0.114371
deepseek32b,false_belief,sfp015,1,2,3,0.055619
deepseek32b,false_belief,sfp015,1,3,4,0.045365
deepseek32b,false_belief,sfp015,1,4,5,0.036417
deepseek32b,false_belief,sfp015,1,5,6,0.138292
deepseek32b,false_belief,sfp015,2,1,2,0.067417
deepseek32b,false_belief,sfp015,2,2,3,0.036916
deepseek32b,false_belief,sfp015,2,3,4,0.016354
deepseek32b,false_belief,sfp015,2,4,5,0.050861
deepseek32b,false_belief,sfp015,2,5,6,0.09487
deepseek32b,false_belief,sfp015,3,1,2,0.131274
deepseek32b,false_belief,sfp015,3,2,3,0.061474
deepseek32b,false_belief,sfp015,3,3,4,0.133008
deepseek32b,false_belief,sfp015,3,4,5,0.128085
deepseek32b,false_belief,sfp015,3,5,6,0.122405
deepseek32b,false_belief,sfp016,1,1,2,0.187056
deepseek32b,false_belief,sfp016,1,2,3,0.10633
deepseek32b,false_belief,sfp016,1,3,4,0.108306
deepseek32b,false_belief,sfp016,1,4,5,0.078402
deepseek32b,false_belief,sfp016,1,5,6,0.065155
deepseek32b,false_belief,sfp016,2,1,2,0.091568
deepseek32b,false_belief,sfp016,2,2,3,0.08272
deepseek32b,false_belief,sfp016,2,3,4,0.064213
deepseek32b,false_belief,sfp016,2,4,5,0.081062
deepseek32b,false_belief,sfp016,2,5,6,0.077774
deepseek32b,false_belief,sfp016,3,1,2,0.054513
deepseek32b,false_belief,sfp016,3,2,3,0.091986
deepseek32b,false_belief,sfp016,3,3,4,0.103295
deepseek32b,false_belief,sfp016,3,4,5,0.161135
deepseek32b,false_belief,sfp016,3,5,6,0.085596
deepseek32b,false_belief,sfp017,1,1,2,0.21563
deepseek32b,false_belief,sfp017,1,2,3,0.194653
deepseek32b,false_belief,sfp017,1,3,4,0.091755
deepseek32b,false_belief,sfp017,1,4,5,0.08455
deepseek32b,false_belief,sfp017,2,1,2,0.178585
deepseek32b,false_belief,sfp017,2,2,3,0.139561
deepseek32b,false_belief,sfp017,2,3,4,0.162802
deepseek32b,false_belief,sfp017,2,4,5,0.181483
deepseek32b,false_belief,sfp017,3,1,2,0.186865
deepseek32b,false_belief,sfp017,3,2,3,0.160595
deepseek32b,false_belief,sfp017,3,3,4,0.063209
deepseek32b,false_belief,sfp017,3,4,5,0.115141
deepseek32b,false_belief,sfp018,1,1,2,0.210357
deepseek32b,false_belief,sfp018,1,2,3,0.143395
deepseek32b,false_belief,sfp018,1,3,4,0.148832
deepseek32b,false_belief,sfp018,1,4,5,0.268869
deepseek32b,false_belief,sfp018,2,1,2,0.101052
deepseek32b,false_belief,sfp018,2,2,3,0.056219
deepseek32b,false_belief,sfp018,2,3,4,0.124761
deepseek32b,false_belief,sfp018,2,4,5,0.112979
deepseek32b,false_belief,sfp018,3,1,2,0.310912
deepseek32b,false_belief,sfp018,3,2,3,0.169356
deepseek32b,false_belief,sfp018,3,3,4,0.095464
deepseek32b,false_belief,sfp018,3,4,5,0.194883
deepseek32b,false_belief,sfp019,1,1,2,0.198655
deepseek32b,false_belief,sfp019,1,2,3,0.163075
deepseek32b,false_belief,sfp019,1,3,4,0.107259
deepseek32b,false_belief,sfp019,1,4,5,0.07671
deepseek32b,false_belief,sfp019,2,1,2,0.259574
deepseek32b,false_belief,sfp019,2,2,3,0.177387
deepseek32b,false_belief,sfp019,2,3,4,0.199277
deepseek32b,false_belief,sfp019,2,4,5,0.120606
deepseek32b,false_belief,sfp019,3,1,2,0.110773
deepseek32b,false_belief,sfp019,3,2,3,0.075964
deepseek32b,false_belief,sfp019,3,3,4,0.276727
deepseek32b,false_belief,sfp019,3,4,5,0.255751
deepseek32b,false_belief,sfp020,1,1,2,0.180911
deepseek32b,false_belief,sfp020,1,2,3,0.0431
deepseek32b,false_belief,sfp020,1,3,4,0.080849
deepseek32b,false_belief,sfp020,1,4,5,0.05315
deepseek32b,false_belief,sfp020,2,1,2,0.064623
deepseek32b,false_belief,sfp020,2,2,3,0.034639
deepseek32b,false_belief,sfp020,2,3,4,0.118455
deepseek32b,false_belief,sfp020,2,4,5,0.158984
deepseek32b,false_belief,sfp020,3,1,2,0.092647
deepseek32b,false_belief,sfp020,3,2,3,0.094576
deepseek32b,false_belief,sfp020,3,3,4,0.092461
deepseek32b,false_belief,sfp020,3,4,5,0.042045
deepseek32b,faux_pas,sfp001,1,1,2,0.275562
deepseek32b,faux_pas,sfp001,1,2,3,0.202623
deepseek32b,faux_pas,sfp001,1,3,4,0.240664
deepseek32b,faux_pas,sfp001,1,4,5,0.082458
deepseek32b,faux_pas,sfp001,1,5,6,0.072182
deepseek32b,faux_pas,sfp001,2,1,2,0.423449
deepseek32b,faux_pas,sfp001,2,2,3,0.404198
deepseek32b,faux_pas,sfp001,2,3,4,0.274715
deepseek32b,faux_pas,sfp001,2,4,5,0.238294
deepseek32b,faux_pas,sfp001,2,5,6,0.132518
deepseek32b,faux_pas,sfp001,3,1,2,0.349805
deepseek32b,faux_pas,sfp001,3,2,3,0.186481
deepseek32b,faux_pas,sfp001,3,3,4,0.176143
deepseek32b,faux_pas,sfp001,3,4,5,0.08077
deepseek32b,faux_pas,sfp001,3,5,6,0.142744
deepseek32b,faux_pas,sfp002,1,1,2,0.530593
deepseek32b,faux_pas,sfp002,1,2,3,0.233746
deepseek32b,faux_pas,sfp002,1,3,4,0.633147
deepseek32b,faux_pas,sfp002,1,4,5,0.358125
deepseek32b,faux_pas,sfp002,2,1,2,0.462557
deepseek32b,faux_pas,sfp002,2,2,3,0.390848
deepseek32b,faux_pas,sfp002,2,3,4,0.485032
deepseek32b,faux_pas,sfp002,2,4,5,0.40006
deepseek32b,faux_pas,sfp002,3,1,2,0.37324
deepseek32b,faux_pas,sfp002,3,2,3,0.0
deepseek32b,faux_pas,sfp002,3,3,4,0.580943
deepseek32b,faux_pas,sfp002,3,4,5,0.328221
deepseek32b,faux_pas,sfp003,1,1,2,0.433913
deepseek32b,faux_pas,sfp003,1,2,3,0.418585
deepseek32b,faux_pas,sfp003,1,3,4,0.7713
deepseek32b,faux_pas,sfp003,1,4,5,0.614322
deepseek32b,faux_pas,sfp003,2,1,2,0.285196
deepseek32b,faux_pas,sfp003,2,2,3,0.567669
deepseek32b,faux_pas,sfp003,2,3,4,0.131693
deepseek32b,faux_pas,sfp003,2,4,5,0.485428
deepseek32b,faux_pas,sfp003,3,1,2,0.313136
deepseek32b,faux_pas,sfp003,3,2,3,0.314383
deepseek32b,faux_pas,sfp003,3,3,4,0.643178
deepseek32b,faux_pas,sfp003,3,4,5,0.394922
deepseek32b,faux_pas,sfp004,1,1,2,0.304189
deepseek32b,faux_pas,sfp004,1,2,3,0.29988
deepseek32b,faux_pas,sfp004,1,3,4,0.467173
deepseek32b,faux_pas,sfp004,1,4,5,0.141109
deepseek32b,faux_pas,sfp004,2,1,2,0.369056
deepseek32b,faux_pas,sfp004,2,2,3,0.132493
deepseek32b,faux_pas,sfp004,2,3,4,0.617023
deepseek32b,faux_pas,sfp004,2,4,5,0.072625
deepseek32b,faux_pas,sfp004,3,1,2,0.499608
deepseek32b,faux_pas,sfp004,3,2,3,0.273317
deepseek32b,faux_pas,sfp004,3,3,4,0.657084
deepseek32b,faux_pas,sfp004,3,4,5,0.103024
deepseek32b,faux_pas,sfp005,1,1,2,0.643774
deepseek32b,faux_pas,sfp005,1,2,3,0.787149
deepseek32b,faux_pas,sfp005,1,3,4,0.113607
deepseek32b,faux_pas,sfp005,1,4,5,0.136426
deepseek32b,faux_pas,sfp005,2,1,2,0.435301
deepseek32b,faux_pas,sfp005,2,2,3,0.775373
deepseek32b,faux_pas,sfp005,2,3,4,0.01262
deepseek32b,faux_pas,sfp005,2,4,5,0.087225
deepseek32b,faux_pas,sfp005,3,1,2,0.259299
deepseek32b,faux_pas,sfp005,3,2,3,0.444312
deepseek32b,faux_pas,sfp005,3,3,4,0.192304
deepseek32b,faux_pas,sfp005,3,4,5,0.038789
deepseek32b,faux_pas,sfp006,1,1,2,0.56805
deepseek32b,faux_pas,sfp006,1,2,3,0.177055
deepseek32b,faux_pas,sfp006,2,1,2,0.658505
deepseek32b,faux_pas,sfp006,2,2,3,0.159549
deepseek32b,faux_pas,sfp006,3,1,2,0.261129
deepseek32b,faux_pas,sfp006,3,2,3,0.176207
deepseek32b,faux_pas,sfp007,1,1,2,0.329615
deepseek32b,faux_pas,sfp007,1,2,3,0.317192
deepseek32b,faux_pas,sfp007,1,3,4,0.575182
deepseek32b,faux_pas,sfp007,1,4,5,0.479112
deepseek32b,faux_pas,sfp007,2,1,2,0.267512
deepseek32b,faux_pas,sfp007,2,2,3,0.189242
deepseek32b,faux_pas,sfp007,2,3,4,0.681332
deepseek32b,faux_pas,sfp007,2,4,5,0.274129
deepseek32b,faux_pas,sfp007,3,1,2,0.242246
deepseek32b,faux_pas,sfp007,3,2,3,0.233205
deepseek32b,faux_pas,sfp007,3,3,4,0.61777
deepseek32b,faux_pas,sfp007,3,4,5,0.445619
deepseek32b,faux_pas,sfp008,1,1,2,0.141982
deepseek32b,faux_pas,sfp008,1,2,3,0.253421
deepseek32b,faux_pas,sfp008,1,3,4,0.026827
deepseek32b,faux_pas,sfp008,1,4,5,0.438646
deepseek32b,faux_pas,sfp008,1,5,6,0.038379
deepseek32b,faux_pas,sfp008,2,1,2,0.285506
deepseek32b,faux_pas,sfp008,2,2,3,0.326605
deepseek32b,faux_pas,sfp008,2,3,4,0.240385
deepseek32b,faux_pas,sfp008,2,4,5,0.365574
deepseek32b,faux_pas,sfp008,2,5,6,0.022078
deepseek32b,faux_pas,sfp008,3,1,2,0.33877
deepseek32b,faux_pas,sfp008,3,2,3,0.267215
deepseek32b,faux_pas,sfp008,3,3,4,0.305884
deepseek32b,faux_pas,sfp008,3,4,5,0.524896
deepseek32b,faux_pas,sfp008,3,5,6,0.032566
deepseek32b,faux_pas,sfp009,1,1,2,0.244696
deepseek32b,faux_pas,sfp009,1,2,3,0.186706
deepseek32b,faux_pas,sfp009,1,3,4,0.567713
deepseek32b,faux_pas,sfp009,2,1,2,0.615885
deepseek32b,faux_pas,sfp009,2,2,3,0.211035
deepseek32b,faux_pas,sfp009,2,3,4,0.211537
deepseek32b,faux_pas,sfp009,3,1,2,0.606859
deepseek32b,faux_pas,sfp009,3,2,3,0.179802
deepseek32b,faux_pas,sfp009,3,3,4,0.397463
deepseek32b,faux_pas,sfp010,1,1,2,0.388254
deepseek32b,faux_pas,sfp010,1,2,3,0.453861
deepseek32b,faux_pas,sfp010,1,3,4,0.04128
deepseek32b,faux_pas,sfp010,2,1,2,0.810326
deepseek32b,faux_pas,sfp010,2,2,3,0.423012
deepseek32b,faux_pas,sfp010,2,3,4,0.048241
deepseek32b,faux_pas,sfp010,3,1,2,0.73104
deepseek32b,faux_pas,sfp010,3,2,3,0.447689
deepseek32b,faux_pas,sfp010,3,3,4,0.198563
deepseek32b,implicature,swmimp001,1,1,2,0.280182
deepseek32b,implicature,swmimp001,1,2,3,0.071649
deepseek32b,implicature,swmimp001,1,3,4,0.161026
deepseek32b,implicature,swmimp001,1,4,5,0.160333
deepseek32b,implicature,swmimp001,1,5,6,0.134931
deepseek32b,implicature,swmimp001,1,6,7,0.149828
deepseek32b,implicature,swmimp001,1,7,8,0.191897
deepseek32b,implicature,swmimp001,2,1,2,0.181199
deepseek32b,implicature,swmimp001,2,2,3,0.379693
deepseek32b,implicature,swmimp001,2,3,4,0.239749
deepseek32b,implicature,swmimp001,2,4,5,0.306265
deepseek32b,implicature,swmimp001,2,5,6,0.269777
deepseek32b,implicature,swmimp001,2,6,7,0.15157
deepseek32b,implicature,swmimp001,2,7,8,0.18916
deepseek32b,implicature,swmimp001,3,1,2,0.344924
deepseek32b,implicature,swmimp001,3,2,3,0.078998
deepseek32b,implicature,swmimp001,3,3,4,0.242801
deepseek32b,implicature,swmimp001,3,4,5,0.248487
deepseek32b,implicature,swmimp001,3,5,6,0.307109
deepseek32b,implicature,swmimp001,3,6,7,0.280168
deepseek32b,implicature,swmimp001,3,7,8,0.16866
deepseek32b,implicature,swmimp002,1,1,2,0.387532
deepseek32b,implicature,swmimp002,1,2,3,0.261935
deepseek32b,implicature,swmimp002,1,3,4,0.381017
deepseek32b,implicature,swmimp002,1,4,5,0.392976
deepseek32b,implicature,swmimp002,1,5,6,0.494501
deepseek32b,implicature,swmimp002,2,1,2,0.326345
deepseek32b,implicature,swmimp002,2,2,3,0.312434
deepseek32b,implicature,swmimp002,2,3,4,0.328128
deepseek32b,implicature,swmimp002,2,4,5,0.399644
deepseek32b,implicature,swmimp002,2,5,6,0.48948
deepseek32b,implicature,swmimp002,3,1,2,0.129282
deepseek32b,implicature,swmimp002,3,2,3,0.258598
deepseek32b,implicature,swmimp002,3,3,4,0.298072
deepseek32b,implicature,swmimp002,3,4,5,0.321503
deepseek32b,implicature,swmimp002,3,5,6,0.464834
deepseek32b,implicature,swmimp003,1,1,2,0.14968
deepseek32b,implicature,swmimp003,1,2,3,0.443086
deepseek32b,implicature,swmimp003,1,3,4,0.157574
deepseek32b,implicature,swmimp003,2,1,2,0.317374
deepseek32b,implicature,swmimp003,2,2,3,0.256509
deepseek32b,implicature,swmimp003,2,3,4,0.333831
deepseek32b,implicature,swmimp003,3,1,2,0.384838
deepseek32b,implicature,swmimp003,3,2,3,0.303581
deepseek32b,implicature,swmimp003,3,3,4,0.37054
deepseek32b,implicature,swmimp004,1,1,2,0.209279
deepseek32b,implicature,swmimp004,1,2,3,0.486578
deepseek32b,implicature,swmimp004,1,3,4,0.382659
deepseek32b,implicature,swmimp004,1,4,5,0.144036
deepseek32b,implicature,swmimp004,2,1,2,0.039552
deepseek32b,implicature,swmimp004,2,2,3,0.388646
deepseek32b,implicature,swmimp004,2,3,4,0.424369
deepseek32b,implicature,swmimp004,2,4,5,0.160903
deepseek32b,implicature,swmimp004,3,1,2,0.358507
deepseek32b,implicature,swmimp004,3,2,3,0.110268
deepseek32b,implicature,swmimp004,3,3,4,0.437244
deepseek32b,implicature,swmimp004,3,4,5,0.502104
deepseek32b,implicature,swmimp005,1,1,2,0.224674
deepseek32b,implicature,swmimp005,1,2,3,0.265428
deepseek32b,implicature,swmimp005,1,3,4,0.347754
deepseek32b,implicature,swmimp005,1,4,5,0.267782
deepseek32b,implicature,swmimp005,1,5,6,0.172339
deepseek32b,implicature,swmimp005,1,6,7,0.137887
deepseek32b,implicature,swmimp005,2,1,2,0.080376
deepseek32b,implicature,swmimp005,2,2,3,0.204217
deepseek32b,implicature,swmimp005,2,3,4,0.392186
deepseek32b,implicature,swmimp005,2,4,5,0.345097
deepseek32b,implicature,swmimp005,2,5,6,0.225805
deepseek32b,implicature,swmimp005,2,6,7,0.185375
deepseek32b,implicature,swmimp005,3,1,2,0.059265
deepseek32b,implicature,swmimp005,3,2,3,0.343878
deepseek32b,implicature,swmimp005,3,3,4,0.181325
deepseek32b,implicature,swmimp005,3,4,5,0.246451
deepseek32b,implicature,swmimp005,3,5,6,0.044797
deepseek32b,implicature,swmimp005,3,6,7,0.143503
deepseek32b,implicature,swmimp006,1,1,2,0.42866
deepseek32b,implicature,swmimp006,1,2,3,0.289737
deepseek32b,implicature,swmimp006,1,3,4,0.048819
deepseek32b,implicature,swmimp006,2,1,2,0.281727
deepseek32b,implicature,swmimp006,2,2,3,0.236871
deepseek32b,implicature,swmimp006,2,3,4,0.051324
deepseek32b,implicature,swmimp006,3,1,2,0.340575
deepseek32b,implicature,swmimp006,3,2,3,0.264214
deepseek32b,implicature,swmimp006,3,3,4,0.044901
deepseek32b,implicature,swmimp007,1,1,2,0.24188
deepseek32b,implicature,swmimp007,1,2,3,0.339871
deepseek32b,implicature,swmimp007,1,3,4,0.172613
deepseek32b,implicature,swmimp007,1,4,5,0.257721
deepseek32b,implicature,swmimp007,1,5,6,0.322352
deepseek32b,implicature,swmimp007,1,6,7,0.491304
deepseek32b,implicature,swmimp007,1,7,8,0.114799
deepseek32b,implicature,swmimp007,2,1,2,0.476239
deepseek32b,implicature,swmimp007,2,2,3,0.653602
deepseek32b,implicature,swmimp007,2,3,4,0.298631
deepseek32b,implicature,swmimp007,2,4,5,0.414934
deepseek32b,implicature,swmimp007,2,5,6,0.090722
deepseek32b,implicature,swmimp007,2,6,7,0.281899
deepseek32b,implicature,swmimp007,2,7,8,0.25683
deepseek32b,implicature,swmimp007,3,1,2,0.426137
deepseek32b,implicature,swmimp007,3,2,3,0.101495
deepseek32b,implicature,swmimp007,3,3,4,0.25144
deepseek32b,implicature,swmimp007,3,4,5,0.262159
deepseek32b,implicature,swmimp007,3,5,6,0.203873
deepseek32b,implicature,swmimp007,3,6,7,0.426148
deepseek32b,implicature,swmimp007,3,7,8,0.093195
deepseek32b,implicature,swmimp008,1,1,2,0.316531
deepseek32b,implicature,swmimp008,1,2,3,0.303503
deepseek32b,implicature,swmimp008,1,3,4,0.071141
deepseek32b,implicature,swmimp008,1,4,5,0.122216
deepseek32b,implicature,swmimp008,1,5,6,0.085465
deepseek32b,implicature,swmimp008,2,1,2,0.178968
deepseek32b,implicature,swmimp008,2,2,3,0.119676
deepseek32b,implicature,swmimp008,2,3,4,0.147772
deepseek32b,implicature,swmimp008,2,4,5,0.092431
deepseek32b,implicature,swmimp008,2,5,6,0.108562
deepseek32b,implicature,swmimp008,3,1,2,0.099336
deepseek32b,implicature,swmimp008,3,2,3,0.032623
deepseek32b,implicature,swmimp008,3,3,4,0.122423
deepseek32b,implicature,swmimp008,3,4,5,0.141342
deepseek32b,implicature,swmimp008,3,5,6,0.147656
deepseek32b,implicature,swmimp009,1,1,2,0.091702
deepseek32b,implicature,swmimp009,1,2,3,0.171912
deepseek32b,implicature,swmimp009,1,3,4,0.200827
deepseek32b,implicature,swmimp009,1,4,5,0.149906
deepseek32b,implicature,swmimp009,1,5,6,0.127767
deepseek32b,implicature,swmimp009,2,1,2,0.108667
deepseek32b,implicature,swmimp009,2,2,3,0.076128
deepseek32b,implicature,swmimp009,2,3,4,0.002452
deepseek32b,implicature,swmimp009,2,4,5,0.044033
deepseek32b,implicature,swmimp009,2,5,6,0.202178
deepseek32b,implicature,swmimp009,3,1,2,0.200484
deepseek32b,implicature,swmimp009,3,2,3,0.360775
deepseek32b,implicature,swmimp009,3,3,4,0.221252
deepseek32b,implicature,swmimp009,3,4,5,0.038024
deepseek32b,implicature,swmimp009,3,5,6,0.049239
deepseek32b,implicature,swmimp010,1,1,2,0.397019
deepseek32b,implicature,swmimp010,1,2,3,0.380436
deepseek32b,implicature,swmimp010,1,3,4,0.41298
deepseek32b,implicature,swmimp010,1,4,5,0.426325
deepseek32b,implicature,swmimp010,2,1,2,0.458632
deepseek32b,implicature,swmimp010,2,2,3,0.200624
deepseek32b,implicature,swmimp010,2,3,4,0.354037
deepseek32b,implicature,swmimp010,2,4,5,0.470111
deepseek32b,implicature,swmimp010,3,1,2,0.23834
deepseek32b,implicature,swmimp010,3,2,3,0.331177
deepseek32b,implicature,swmimp010,3,3,4,0.331859
deepseek32b,implicature,swmimp010,3,4,5,0.297418
deepseek32b,implicature,swmimp011,1,1,2,0.299966
deepseek32b,implicature,swmimp011,1,2,3,0.454522
deepseek32b,implicature,swmimp011,1,3,4,0.164439
deepseek32b,implicature,swmimp011,1,4,5,0.218885
deepseek32b,implicature,swmimp011,2,1,2,0.378154
deepseek32b,implicature,swmimp011,2,2,3,0.31187
deepseek32b,implicature,swmimp011,2,3,4,0.246489
deepseek32b,implicature,swmimp011,2,4,5,0.312376
deepseek32b,implicature,swmimp011,3,1,2,0.231146
deepseek32b,implicature,swmimp011,3,2,3,0.259294
deepseek32b,implicature,swmimp011,3,3,4,0.343569
deepseek32b,implicature,swmimp011,3,4,5,0.177159
deepseek32b,implicature,swmimp012,1,1,2,0.111319
deepseek32b,implicature,swmimp012,1,2,3,0.103362
deepseek32b,implicature,swmimp012,1,3,4,0.241235
deepseek32b,implicature,swmimp012,2,1,2,0.12848
deepseek32b,implicature,swmimp012,2,2,3,0.243072
deepseek32b,implicature,swmimp012,2,3,4,0.30883
deepseek32b,implicature,swmimp012,3,1,2,0.111578
deepseek32b,implicature,swmimp012,3,2,3,0.159475
deepseek32b,implicature,swmimp012,3,3,4,0.209176
deepseek32b,implicature,swmimp013,1,1,2,0.255679
deepseek32b,implicature,swmimp013,1,2,3,0.03273
deepseek32b,implicature,swmimp013,2,1,2,0.325746
deepseek32b,implicature,swmimp013,2,2,3,0.077179
deepseek32b,implicature,swmimp013,3,1,2,0.270957
deepseek32b,implicature,swmimp013,3,2,3,0.350945
deepseek32b,implicature,swmimp014,1,1,2,0.327686
deepseek32b,implicature,swmimp014,1,2,3,0.152948
deepseek32b,implicature,swmimp014,2,1,2,0.538206
deepseek32b,implicature,swmimp014,2,2,3,0.058941
deepseek32b,implicature,swmimp014,3,1,2,0.434094
deepseek32b,implicature,swmimp014,3,2,3,0.11606
deepseek32b,implicature,swmimp015,1,1,2,0.286134
deepseek32b,implicature,swmimp015,2,1,2,0.542049
deepseek32b,implicature,swmimp015,3,1,2,0.441241
deepseek32b,implicature,swmimp016,1,1,2,0.055573
deepseek32b,implicature,swmimp016,1,2,3,0.092851
deepseek32b,implicature,swmimp016,1,3,4,0.147217
deepseek32b,implicature,swmimp016,1,4,5,0.0
deepseek32b,implicature,swmimp016,1,5,6,0.0
deepseek32b,implicature,swmimp016,1,6,7,0.158722
deepseek32b,implicature,swmimp016,1,7,8,0.161137
deepseek32b,implicature,swmimp016,1,8,9,0.061031
deepseek32b,implicature,swmimp016,1,9,10,0.544065
deepseek32b,implicature,swmimp016,2,1,2,0.053856
deepseek32b,implicature,swmimp016,2,2,3,0.108553
deepseek32b,implicature,swmimp016,2,3,4,0.100007
deepseek32b,implicature,swmimp016,2,4,5,0.05547
deepseek32b,implicature,swmimp016,2,5,6,0.07589
deepseek32b,implicature,swmimp016,2,6,7,0.25045
deepseek32b,implicature,swmimp016,2,7,8,0.241133
deepseek32b,implicature,swmimp016,2,8,9,0.29065
deepseek32b,implicature,swmimp016,2,9,10,0.285132
deepseek32b,implicature,swmimp016,3,1,2,0.096908
deepseek32b,implicature,swmimp016,3,2,3,0.061029
deepseek32b,implicature,swmimp016,3,3,4,0.080271
deepseek32b,implicature,swmimp016,3,4,5,0.09878
deepseek32b,implicature,swmimp016,3,5,6,0.099132
deepseek32b,implicature,swmimp016,3,6,7,0.143413
deepseek32b,implicature,swmimp016,3,7,8,0.123529
deepseek32b,implicature,swmimp016,3,8,9,0.074167
deepseek32b,implicature,swmimp016,3,9,10,0.471624
deepseek32b,implicature,swmimp017,1,1,2,0.120324
deepseek32b,implicature,swmimp017,1,2,3,0.208973
deepseek32b,implicature,swmimp017,1,3,4,0.291934
deepseek32b,implicature,swmimp017,2,1,2,0.274949
deepseek32b,implicature,swmimp017,2,2,3,0.158515
deepseek32b,implicature,swmimp017,2,3,4,0.125479
deepseek32b,implicature,swmimp017,3,1,2,0.306479
deepseek32b,implicature,swmimp017,3,2,3,0.307817
deepseek32b,implicature,swmimp017,3,3,4,0.195754
deepseek32b,implicature,swmimp018,1,1,2,0.34828
deepseek32b,implicature,swmimp018,1,2,3,0.23045
deepseek32b,implicature,swmimp018,2,1,2,0.324642
deepseek32b,implicature,swmimp018,2,2,3,0.372762
deepseek32b,implicature,swmimp018,3,1,2,0.323828
deepseek32b,implicature,swmimp018,3,2,3,0.334591
deepseek32b,implicature,swmimp019,1,1,2,0.188923
deepseek32b,implicature,swmimp019,1,2,3,0.131574
deepseek32b,implicature,swmimp019,1,3,4,0.144632
deepseek32b,implicature,swmimp019,1,4,5,0.191035
deepseek32b,implicature,swmimp019,2,1,2,0.128831
deepseek32b,implicature,swmimp019,2,2,3,0.168818
deepseek32b,implicature,swmimp019,2,3,4,0.134165
deepseek32b,implicature,swmimp019,2,4,5,0.065316
deepseek32b,implicature,swmimp019,3,1,2,0.093738
deepseek32b,implicature,swmimp019,3,2,3,0.073448
deepseek32b,implicature,swmimp019,3,3,4,0.142832
deepseek32b,implicature,swmimp019,3,4,5,0.208535
deepseek32b,implicature,swmimp020,1,1,2,0.232048
deepseek32b,implicature,swmimp020,1,2,3,0.048578
deepseek32b,implicature,swmimp020,1,3,4,0.225981
deepseek32b,implicature,swmimp020,2,1,2,0.205385
deepseek32b,implicature,swmimp020,2,2,3,0.180118
deepseek32b,implicature,swmimp020,2,3,4,0.317427
deepseek32b,implicature,swmimp020,3,1,2,0.175969
deepseek32b,implicature,swmimp020,3,2,3,0.187491
deepseek32b,implicature,swmimp020,3,3,4,0.298047
deepseek32b,implicature,swmimp021,1,1,2,0.155982
deepseek32b,implicature,swmimp021,2,1,2,0.305359
deepseek32b,implicature,swmimp021,3,1,2,0.232059
deepseek32b,implicature,swmimp022,1,1,2,0.350337
deepseek32b,implicature,swmimp022,1,2,3,0.486655
deepseek32b,implicature,swmimp022,1,3,4,0.372742
deepseek32b,implicature,swmimp022,2,1,2,0.488119
deepseek32b,implicature,swmimp022,2,2,3,0.483398
deepseek32b,implicature,swmimp022,2,3,4,0.381395
deepseek32b,implicature,swmimp022,3,1,2,0.682038
deepseek32b,implicature,swmimp022,3,2,3,0.222616
deepseek32b,implicature,swmimp022,3,3,4,0.491758
deepseek32b,implicature,swmimp023,1,1,2,0.248384
deepseek32b,implicature,swmimp023,1,2,3,0.301497
deepseek32b,implicature,swmimp023,2,1,2,0.100147
deepseek32b,implicature,swmimp023,2,2,3,0.123694
deepseek32b,implicature,swmimp023,3,1,2,0.228736
deepseek32b,implicature,swmimp023,3,2,3,0.224608
deepseek32b,implicature,swmimp024,1,1,2,0.278345
deepseek32b,implicature,swmimp024,1,2,3,0.162018
deepseek32b,implicature,swmimp024,1,3,4,0.243729
deepseek32b,implicature,swmimp024,1,4,5,0.280396
deepseek32b,implicature,swmimp024,2,1,2,0.20916
deepseek32b,implicature,swmimp024,2,2,3,0.425465
deepseek32b,implicature,swmimp024,2,3,4,0.327539
deepseek32b,implicature,swmimp024,2,4,5,0.333238
deepseek32b,implicature,swmimp024,3,1,2,0.143944
deepseek32b,implicature,swmimp024,3,2,3,0.136988
deepseek32b,implicature,swmimp024,3,3,4,0.280716
deepseek32b,implicature,swmimp024,3,4,5,0.178448
deepseek32b,implicature,swmimp025,1,1,2,0.252622
deepseek32b,implicature,swmimp025,1,2,3,0.290163
deepseek32b,implicature,swmimp025,1,3,4,0.20085
deepseek32b,implicature,swmimp025,1,4,5,0.210327
deepseek32b,implicature,swmimp025,1,5,6,0.208633
deepseek32b,implicature,swmimp025,2,1,2,0.271276
deepseek32b,implicature,swmimp025,2,2,3,0.427581
deepseek32b,implicature,swmimp025,2,3,4,0.360255
deepseek32b,implicature,swmimp025,2,4,5,0.172368
deepseek32b,implicature,swmimp025,2,5,6,0.327235
deepseek32b,implicature,swmimp025,3,1,2,0.059042
deepseek32b,implicature,swmimp025,3,2,3,0.192265
deepseek32b,implicature,swmimp025,3,3,4,0.337656
deepseek32b,implicature,swmimp025,3,4,5,0.288156
deepseek32b,implicature,swmimp025,3,5,6,0.302211
deepseek32b,implicature,swmimp026,1,1,2,0.063883
deepseek32b,implicature,swmimp026,1,2,3,0.154262
deepseek32b,implicature,swmimp026,1,3,4,0.267111
deepseek32b,implicature,swmimp026,1,4,5,0.160485
deepseek32b,implicature,swmimp026,2,1,2,0.148955
deepseek32b,implicature,swmimp026,2,2,3,0.526819
deepseek32b,implicature,swmimp026,2,3,4,0.328968
deepseek32b,implicature,swmimp026,2,4,5,0.292683
deepseek32b,implicature,swmimp026,3,1,2,0.061268
deepseek32b,implicature,swmimp026,3,2,3,0.301913
deepseek32b,implicature,swmimp026,3,3,4,0.188324
deepseek32b,implicature,swmimp026,3,4,5,0.27181
deepseek32b,implicature,swmimp027,1,1,2,0.162468
deepseek32b,implicature,swmimp027,1,2,3,0.208175
deepseek32b,implicature,swmimp027,2,1,2,0.219223
deepseek32b,implicature,swmimp027,2,2,3,0.382618
deepseek32b,implicature,swmimp027,3,1,2,0.304667
deepseek32b,implicature,swmimp027,3,2,3,0.305621
deepseek32b,implicature,swmimp028,1,1,2,0.134643
deepseek32b,implicature,swmimp028,1,2,3,0.15736
deepseek32b,implicature,swmimp028,1,3,4,0.113171
deepseek32b,implicature,swmimp028,1,4,5,0.126335
deepseek32b,implicature,swmimp028,1,5,6,0.506615
deepseek32b,implicature,swmimp028,1,6,7,0.245869
deepseek32b,implicature,swmimp028,2,1,2,0.128772
deepseek32b,implicature,swmimp028,2,2,3,0.118414
deepseek32b,implicature,swmimp028,2,3,4,0.517301
deepseek32b,implicature,swmimp028,2,4,5,0.484492
deepseek32b,implicature,swmimp028,2,5,6,0.095451
deepseek32b,implicature,swmimp028,2,6,7,0.171325
deepseek32b,implicature,swmimp028,3,1,2,0.190947
deepseek32b,implicature,swmimp028,3,2,3,0.16079
deepseek32b,implicature,swmimp028,3,3,4,0.072665
deepseek32b,implicature,swmimp028,3,4,5,0.226665
deepseek32b,implicature,swmimp028,3,5,6,0.186632
deepseek32b,implicature,swmimp028,3,6,7,0.443378
deepseek32b,implicature,swmimp029,1,1,2,0.276193
deepseek32b,implicature,swmimp029,1,2,3,0.066608
deepseek32b,implicature,swmimp029,1,3,4,0.051797
deepseek32b,implicature,swmimp029,2,1,2,0.388894
deepseek32b,implicature,swmimp029,2,2,3,0.464602
deepseek32b,implicature,swmimp029,2,3,4,0.280842
deepseek32b,implicature,swmimp029,3,1,2,0.343559
deepseek32b,implicature,swmimp029,3,2,3,0.391469
deepseek32b,implicature,swmimp029,3,3,4,0.339956
deepseek32b,implicature,swmimp030,1,1,2,0.424093
deepseek32b,implicature,swmimp030,1,2,3,0.064439
deepseek32b,implicature,swmimp030,1,3,4,0.249055
deepseek32b,implicature,swmimp030,2,1,2,0.131496
deepseek32b,implicature,swmimp030,2,2,3,0.088058
deepseek32b,implicature,swmimp030,2,3,4,0.115476
deepseek32b,implicature,swmimp030,3,1,2,0.078087
deepseek32b,implicature,swmimp030,3,2,3,0.126855
deepseek32b,implicature,swmimp030,3,3,4,0.118782
deepseek32b,implicature,swmimp031,1,1,2,0.194783
deepseek32b,implicature,swmimp031,1,2,3,0.245223
deepseek32b,implicature,swmimp031,1,3,4,0.390572
deepseek32b,implicature,swmimp031,1,4,5,0.350625
deepseek32b,implicature,swmimp031,1,5,6,0.323938
deepseek32b,implicature,swmimp031,1,6,7,0.507497
deepseek32b,implicature,swmimp031,1,7,8,0.108862
deepseek32b,implicature,swmimp031,2,1,2,0.231252
deepseek32b,implicature,swmimp031,2,2,3,0.112441
deepseek32b,implicature,swmimp031,2,3,4,0.205398
deepseek32b,implicature,swmimp031,2,4,5,0.356766
deepseek32b,implicature,swmimp031,2,5,6,0.297839
deepseek32b,implicature,swmimp031,2,6,7,0.450929
deepseek32b,implicature,swmimp031,2,7,8,0.1983
deepseek32b,implicature,swmimp031,3,1,2,0.569625
deepseek32b,implicature,swmimp031,3,2,3,0.531411
deepseek32b,implicature,swmimp031,3,3,4,0.226483
deepseek32b,implicature,swmimp031,3,4,5,0.242127
deepseek32b,implicature,swmimp031,3,5,6,0.195062
deepseek32b,implicature,swmimp031,3,6,7,0.323869
deepseek32b,implicature,swmimp031,3,7,8,0.042654
deepseek32b,implicature,swmimp032,1,1,2,0.287935
deepseek32b,implicature,swmimp032,1,2,3,0.201141
deepseek32b,implicature,swmimp032,1,3,4,0.420449
deepseek32b,implicature,swmimp032,1,4,5,0.426929
deepseek32b,implicature,swmimp032,1,5,6,0.167854
deepseek32b,implicature,swmimp032,1,6,7,0.336523
deepseek32b,implicature,swmimp032,2,1,2,0.077991
deepseek32b,implicature,swmimp032,2,2,3,0.056529
deepseek32b,implicature,swmimp032,2,3,4,0.216845
deepseek32b,implicature,swmimp032,2,4,5,0.093277
deepseek32b,implicature,swmimp032,2,5,6,0.712469
deepseek32b,implicature,swmimp032,2,6,7,0.522022
deepseek32b,implicature,swmimp032,3,1,2,0.28976
deepseek32b,implicature,swmimp032,3,2,3,0.309308
deepseek32b,implicature,swmimp032,3,3,4,0.152409
deepseek32b,implicature,swmimp032,3,4,5,0.111787
deepseek32b,implicature,swmimp032,3,5,6,0.389834
deepseek32b,implicature,swmimp032,3,6,7,0.232669
deepseek32b,implicature,swmimp033,1,1,2,0.096468
deepseek32b,implicature,swmimp033,1,2,3,0.274795
deepseek32b,implicature,swmimp033,1,3,4,0.303508
deepseek32b,implicature,swmimp033,1,4,5,0.177959
deepseek32b,implicature,swmimp033,2,1,2,0.271642
deepseek32b,implicature,swmimp033,2,2,3,0.238877
deepseek32b,implicature,swmimp033,2,3,4,0.359224
deepseek32b,implicature,swmimp033,2,4,5,0.379109
deepseek32b,implicature,swmimp033,3,1,2,0.574629
deepseek32b,implicature,swmimp033,3,2,3,0.373465
deepseek32b,implicature,swmimp033,3,3,4,0.343836
deepseek32b,implicature,swmimp033,3,4,5,0.179637
deepseek32b,implicature,swmimp034,1,1,2,0.166966
deepseek32b,implicature,swmimp034,1,2,3,0.192446
deepseek32b,implicature,swmimp034,2,1,2,0.23029
deepseek32b,implicature,swmimp034,2,2,3,0.291996
deepseek32b,implicature,swmimp034,3,1,2,0.269679
deepseek32b,implicature,swmimp034,3,2,3,0.163538
deepseek32b,implicature,swmimp035,1,1,2,0.234891
deepseek32b,implicature,swmimp035,1,2,3,0.247164
deepseek32b,implicature,swmimp035,1,3,4,0.202659
deepseek32b,implicature,swmimp035,1,4,5,0.271346
deepseek32b,implicature,swmimp035,2,1,2,0.2514
deepseek32b,implicature,swmimp035,2,2,3,0.277115
deepseek32b,implicature,swmimp035,2,3,4,0.087319
deepseek32b,implicature,swmimp035,2,4,5,0.299313
deepseek32b,implicature,swmimp035,3,1,2,0.358193
deepseek32b,implicature,swmimp035,3,2,3,0.237166
deepseek32b,implicature,swmimp035,3,3,4,0.1722
deepseek32b,implicature,swmimp035,3,4,5,0.198408
deepseek32b,implicature,swmimp036,1,1,2,0.281705
deepseek32b,implicature,swmimp036,1,2,3,0.356974
deepseek32b,implicature,swmimp036,1,3,4,0.272507
deepseek32b,implicature,swmimp036,1,4,5,0.310984
deepseek32b,implicature,swmimp036,1,5,6,0.333474
deepseek32b,implicature,swmimp036,2,1,2,0.161772
deepseek32b,implicature,swmimp036,2,2,3,0.284992
deepseek32b,implicature,swmimp036,2,3,4,0.410295
deepseek32b,implicature,swmimp036,2,4,5,0.480442
deepseek32b,implicature,swmimp036,2,5,6,0.349015
deepseek32b,implicature,swmimp036,3,1,2,0.502692
deepseek32b,implicature,swmimp036,3,2,3,0.260858
deepseek32b,implicature,swmimp036,3,3,4,0.290867
deepseek32b,implicature,swmimp036,3,4,5,0.19883
deepseek32b,implicature,swmimp036,3,5,6,0.37952
deepseek32b,implicature,swmimp037,1,1,2,0.371076
deepseek32b,implicature,swmimp037,1,2,3,0.398515
deepseek32b,implicature,swmimp037,1,3,4,0.188723
deepseek32b,implicature,swmimp037,1,4,5,0.119823
deepseek32b,implicature,swmimp037,2,1,2,0.38232
deepseek32b,implicature,swmimp037,2,2,3,0.03439
deepseek32b,implicature,swmimp037,2,3,4,0.318045
deepseek32b,implicature,swmimp037,2,4,5,0.164216
deepseek32b,implicature,swmimp037,3,1,2,0.332197
deepseek32b,implicature,swmimp037,3,2,3,0.113742
deepseek32b,implicature,swmimp037,3,3,4,0.355722
deepseek32b,implicature,swmimp037,3,4,5,0.10157
deepseek32b,implicature,swmimp038,1,1,2,0.028619
deepseek32b,implicature,swmimp038,1,2,3,0.104448
deepseek32b,implicature,swmimp038,1,3,4,0.178215
deepseek32b,implicature,swmimp038,1,4,5,0.131469
deepseek32b,implicature,swmimp038,1,5,6,0.313874
deepseek32b,implicature,swmimp038,1,6,7,0.313718
deepseek32b,implicature,swmimp038,2,1,2,0.095906
deepseek32b,implicature,swmimp038,2,2,3,0.05245
deepseek32b,implicature,swmimp038,2,3,4,0.084886
deepseek32b,implicature,swmimp038,2,4,5,0.269781
deepseek32b,implicature,swmimp038,2,5,6,0.259321
deepseek32b,implicature,swmimp038,2,6,7,0.345794
deepseek32b,implicature,swmimp038,3,1,2,0.044118
deepseek32b,implicature,swmimp038,3,2,3,0.284505
deepseek32b,implicature,swmimp038,3,3,4,0.227147
deepseek32b,implicature,swmimp038,3,4,5,0.119681
deepseek32b,implicature,swmimp038,3,5,6,0.150519
deepseek32b,implicature,swmimp038,3,6,7,0.201789
deepseek32b,implicature,swmimp039,1,1,2,0.353279
deepseek32b,implicature,swmimp039,1,2,3,0.367708
deepseek32b,implicature,swmimp039,1,3,4,0.335229
deepseek32b,implicature,swmimp039,1,4,5,0.361389
deepseek32b,implicature,swmimp039,1,5,6,0.205301
deepseek32b,implicature,swmimp039,2,1,2,0.379556
deepseek32b,implicature,swmimp039,2,2,3,0.795235
deepseek32b,implicature,swmimp039,2,3,4,0.79286
deepseek32b,implicature,swmimp039,2,4,5,0.208442
deepseek32b,implicature,swmimp039,2,5,6,0.227117
deepseek32b,implicature,swmimp039,3,1,2,0.339645
deepseek32b,implicature,swmimp039,3,2,3,0.134822
deepseek32b,implicature,swmimp039,3,3,4,0.161926
deepseek32b,implicature,swmimp039,3,4,5,0.265126
deepseek32b,implicature,swmimp039,3,5,6,0.202062
deepseek32b,implicature,swmimp040,1,1,2,0.357393
deepseek32b,implicature,swmimp040,1,2,3,0.200713
deepseek32b,implicature,swmimp040,1,3,4,0.06251
deepseek32b,implicature,swmimp040,1,4,5,0.202074
deepseek32b,implicature,swmimp040,2,1,2,0.450858
deepseek32b,implicature,swmimp040,2,2,3,0.331929
deepseek32b,implicature,swmimp040,2,3,4,0.383728
deepseek32b,implicature,swmimp040,2,4,5,0.190093
deepseek32b,implicature,swmimp040,3,1,2,0.392157
deepseek32b,implicature,swmimp040,3,2,3,0.442466
deepseek32b,implicature,swmimp040,3,3,4,0.406211
deepseek32b,implicature,swmimp040,3,4,5,0.230748
deepseek32b,implicature,swmimp041,1,1,2,0.251976
deepseek32b,implicature,swmimp041,1,2,3,0.273402
deepseek32b,implicature,swmimp041,1,3,4,0.517863
deepseek32b,implicature,swmimp041,1,4,5,0.432949
deepseek32b,implicature,swmimp041,2,1,2,0.181639
deepseek32b,implicature,swmimp041,2,2,3,0.248372
deepseek32b,implicature,swmimp041,2,3,4,0.219727
deepseek32b,implicature,swmimp041,2,4,5,0.268628
deepseek32b,implicature,swmimp041,3,1,2,0.107975
deepseek32b,implicature,swmimp041,3,2,3,0.218286
deepseek32b,implicature,swmimp041,3,3,4,0.196376
deepseek32b,implicature,swmimp041,3,4,5,0.380297
deepseek32b,implicature,swmimp042,1,1,2,0.271451
deepseek32b,implicature,swmimp042,1,2,3,0.277519
deepseek32b,implicature,swmimp042,1,3,4,0.36217
deepseek32b,implicature,swmimp042,2,1,2,0.341007
deepseek32b,implicature,swmimp042,2,2,3,0.48899
deepseek32b,implicature,swmimp042,2,3,4,0.507587
deepseek32b,implicature,swmimp042,3,1,2,0.367694
deepseek32b,implicature,swmimp042,3,2,3,0.463795
deepseek32b,implicature,swmimp042,3,3,4,0.332827
deepseek32b,implicature,swmimp043,1,1,2,0.22415
deepseek32b,implicature,swmimp043,1,2,3,0.195098
deepseek32b,implicature,swmimp043,2,1,2,0.283699
deepseek32b,implicature,swmimp043,2,2,3,0.239014
deepseek32b,implicature,swmimp043,3,1,2,0.429619
deepseek32b,implicature,swmimp043,3,2,3,0.179183
deepseek32b,implicature,swmimp044,1,1,2,0.216291
deepseek32b,implicature,swmimp044,1,2,3,0.288287
deepseek32b,implicature,swmimp044,1,3,4,0.177025
deepseek32b,implicature,swmimp044,1,4,5,0.147967
deepseek32b,implicature,swmimp044,1,5,6,0.124374
deepseek32b,implicature,swmimp044,2,1,2,0.133866
deepseek32b,implicature,swmimp044,2,2,3,0.304123
deepseek32b,implicature,swmimp044,2,3,4,0.353296
deepseek32b,implicature,swmimp044,2,4,5,0.149573
deepseek32b,implicature,swmimp044,2,5,6,0.237169
deepseek32b,implicature,swmimp044,3,1,2,0.357156
deepseek32b,implicature,swmimp044,3,2,3,0.186827
deepseek32b,implicature,swmimp044,3,3,4,0.333668
deepseek32b,implicature,swmimp044,3,4,5,0.156734
deepseek32b,implicature,swmimp044,3,5,6,0.113451
deepseek32b,implicature,swmimp045,1,1,2,0.20071
deepseek32b,implicature,swmimp045,1,2,3,0.022349
deepseek32b,implicature,swmimp045,1,3,4,0.210821
deepseek32b,implicature,swmimp045,1,4,5,0.384644
deepseek32b,implicature,swmimp045,2,1,2,0.022054
deepseek32b,implicature,swmimp045,2,2,3,0.342975
deepseek32b,implicature,swmimp045,2,3,4,0.387975
deepseek32b,implicature,swmimp045,2,4,5,0.389667
deepseek32b,implicature,swmimp045,3,1,2,0.122704
deepseek32b,implicature,swmimp045,3,2,3,0.317938
deepseek32b,implicature,swmimp045,3,3,4,0.425954
deepseek32b,implicature,swmimp045,3,4,5,0.361829
deepseek32b,implicature,swmimp046,1,1,2,0.354997
deepseek32b,implicature,swmimp046,1,2,3,0.099333
deepseek32b,implicature,swmimp046,1,3,4,0.210627
deepseek32b,implicature,swmimp046,1,4,5,0.193719
deepseek32b,implicature,swmimp046,1,5,6,0.245156
deepseek32b,implicature,swmimp046,2,1,2,0.466989
deepseek32b,implicature,swmimp046,2,2,3,0.104482
deepseek32b,implicature,swmimp046,2,3,4,0.163086
deepseek32b,implicature,swmimp046,2,4,5,0.382201
deepseek32b,implicature,swmimp046,2,5,6,0.232532
deepseek32b,implicature,swmimp046,3,1,2,0.363235
deepseek32b,implicature,swmimp046,3,2,3,0.377858
deepseek32b,implicature,swmimp046,3,3,4,0.045265
deepseek32b,implicature,swmimp046,3,4,5,0.211969
deepseek32b,implicature,swmimp046,3,5,6,0.257417
deepseek32b,implicature,swmimp047,1,1,2,0.142496
deepseek32b,implicature,swmimp047,1,2,3,0.201935
deepseek32b,implicature,swmimp047,1,3,4,0.110119
deepseek32b,implicature,swmimp047,2,1,2,0.144303
deepseek32b,implicature,swmimp047,2,2,3,0.26904
deepseek32b,implicature,swmimp047,2,3,4,0.174007
deepseek32b,implicature,swmimp047,3,1,2,0.33327
deepseek32b,implicature,swmimp047,3,2,3,0.301246
deepseek32b,implicature,swmimp047,3,3,4,0.301853
deepseek32b,implicature,swmimp048,1,1,2,0.289398
deepseek32b,implicature,swmimp048,1,2,3,0.306715
deepseek32b,implicature,swmimp048,1,3,4,0.315993
deepseek32b,implicature,swmimp048,1,4,5,0.291769
deepseek32b,implicature,swmimp048,2,1,2,0.113165
deepseek32b,implicature,swmimp048,2,2,3,0.26786
deepseek32b,implicature,swmimp048,2,3,4,0.222669
deepseek32b,implicature,swmimp048,2,4,5,0.215967
deepseek32b,implicature,swmimp048,3,1,2,0.214557
deepseek32b,implicature,swmimp048,3,2,3,0.237783
deepseek32b,implicature,swmimp048,3,3,4,0.100835
deepseek32b,implicature,swmimp048,3,4,5,0.34219
deepseek32b,implicature,swmimp049,1,1,2,0.231986
deepseek32b,implicature,swmimp049,1,2,3,0.1139
deepseek32b,implicature,swmimp049,1,3,4,0.353367
deepseek32b,implicature,swmimp049,1,4,5,0.25512
deepseek32b,implicature,swmimp049,2,1,2,0.391666
deepseek32b,implicature,swmimp049,2,2,3,0.386912
deepseek32b,implicature,swmimp049,2,3,4,0.282849
deepseek32b,implicature,swmimp049,2,4,5,0.292031
deepseek32b,implicature,swmimp049,3,1,2,0.080818
deepseek32b,implicature,swmimp049,3,2,3,0.091466
deepseek32b,implicature,swmimp049,3,3,4,0.238975
deepseek32b,implicature,swmimp049,3,4,5,0.158231
deepseek32b,implicature,swmimp050,1,1,2,0.366402
deepseek32b,implicature,swmimp050,1,2,3,0.250144
deepseek32b,implicature,swmimp050,1,3,4,0.49265
deepseek32b,implicature,swmimp050,1,4,5,0.344009
deepseek32b,implicature,swmimp050,1,5,6,0.212515
deepseek32b,implicature,swmimp050,2,1,2,0.229661
deepseek32b,implicature,swmimp050,2,2,3,0.349294
deepseek32b,implicature,swmimp050,2,3,4,0.22298
deepseek32b,implicature,swmimp050,2,4,5,0.162676
deepseek32b,implicature,swmimp050,2,5,6,0.299856
deepseek32b,implicature,swmimp050,3,1,2,0.116298
deepseek32b,implicature,swmimp050,3,2,3,0.334131
deepseek32b,implicature,swmimp050,3,3,4,0.101182
deepseek32b,implicature,swmimp050,3,4,5,0.172896
deepseek32b,implicature,swmimp050,3,5,6,0.163712
deepseek32b,implicature,swmimp051,1,1,2,0.167473
deepseek32b,implicature,swmimp051,1,2,3,0.21918
deepseek32b,implicature,swmimp051,1,3,4,0.131086
deepseek32b,implicature,swmimp051,1,4,5,0.116734
deepseek32b,implicature,swmimp051,1,5,6,0.147832
deepseek32b,implicature,swmimp051,2,1,2,0.199746
deepseek32b,implicature,swmimp051,2,2,3,0.326446
deepseek32b,implicature,swmimp051,2,3,4,0.348412
deepseek32b,implicature,swmimp051,2,4,5,0.404509
deepseek32b,implicature,swmimp051,2,5,6,0.141072
deepseek32b,implicature,swmimp051,3,1,2,0.193814
deepseek32b,implicature,swmimp051,3,2,3,0.075893
deepseek32b,implicature,swmimp051,3,3,4,0.287125
deepseek32b,implicature,swmimp051,3,4,5,0.445015
deepseek32b,implicature,swmimp051,3,5,6,0.252566
deepseek32b,implicature,swmimp052,1,1,2,0.258732
deepseek32b,implicature,swmimp052,1,2,3,0.200794
deepseek32b,implicature,swmimp052,1,3,4,0.262689
deepseek32b,implicature,swmimp052,1,4,5,0.23897
deepseek32b,implicature,swmimp052,2,1,2,0.215063
deepseek32b,implicature,swmimp052,2,2,3,0.363896
deepseek32b,implicature,swmimp052,2,3,4,0.234255
deepseek32b,implicature,swmimp052,2,4,5,0.21597
deepseek32b,implicature,swmimp052,3,1,2,0.388586
deepseek32b,implicature,swmimp052,3,2,3,0.251648
deepseek32b,implicature,swmimp052,3,3,4,0.179141
deepseek32b,implicature,swmimp052,3,4,5,0.329814
deepseek32b,implicature,swmimp053,1,1,2,0.353117
deepseek32b,implicature,swmimp053,1,2,3,0.309161
deepseek32b,implicature,swmimp053,1,3,4,0.224229
deepseek32b,implicature,swmimp053,1,4,5,0.32986
deepseek32b,implicature,swmimp053,1,5,6,0.146582
deepseek32b,implicature,swmimp053,1,6,7,0.206515
deepseek32b,implicature,swmimp053,2,1,2,0.421409
deepseek32b,implicature,swmimp053,2,2,3,0.437297
deepseek32b,implicature,swmimp053,2,3,4,0.217367
deepseek32b,implicature,swmimp053,2,4,5,0.297873
deepseek32b,implicature,swmimp053,2,5,6,0.290328
deepseek32b,implicature,swmimp053,2,6,7,0.20335
deepseek32b,implicature,swmimp053,3,1,2,0.195849
deepseek32b,implicature,swmimp053,3,2,3,0.119432
deepseek32b,implicature,swmimp053,3,3,4,0.316202
deepseek32b,implicature,swmimp053,3,4,5,0.252839
deepseek32b,implicature,swmimp053,3,5,6,0.081566
deepseek32b,implicature,swmimp053,3,6,7,0.26391
deepseek32b,implicature,swmimp054,1,1,2,0.176295
deepseek32b,implicature,swmimp054,2,1,2,0.275144
deepseek32b,implicature,swmimp054,3,1,2,0.368175
deepseek32b,implicature,swmimp055,1,1,2,0.395268
deepseek32b,implicature,swmimp055,1,2,3,0.343833
deepseek32b,implicature,swmimp055,1,3,4,0.403637
deepseek32b,implicature,swmimp055,1,4,5,0.427474
deepseek32b,implicature,swmimp055,1,5,6,0.601864
deepseek32b,implicature,swmimp055,2,1,2,0.189033
deepseek32b,implicature,swmimp055,2,2,3,0.319788
deepseek32b,implicature,swmimp055,2,3,4,0.290785
deepseek32b,implicature,swmimp055,2,4,5,0.495956
deepseek32b,implicature,swmimp055,2,5,6,0.549653
deepseek32b,implicature,swmimp055,3,1,2,0.304228
deepseek32b,implicature,swmimp055,3,2,3,0.320343
deepseek32b,implicature,swmimp055,3,3,4,0.357275
deepseek32b,implicature,swmimp055,3,4,5,0.337889
deepseek32b,implicature,swmimp055,3,5,6,0.410308
deepseek32b,implicature,swmimp056,1,1,2,0.372653
deepseek32b,implicature,swmimp056,1,2,3,0.241171
deepseek32b,implicature,swmimp056,1,3,4,0.381559
deepseek32b,implicature,swmimp056,1,4,5,0.319788
deepseek32b,implicature,swmimp056,1,5,6,0.198867
deepseek32b,implicature,swmimp056,1,6,7,0.189213
deepseek32b,implicature,swmimp056,2,1,2,0.294975
deepseek32b,implicature,swmimp056,2,2,3,0.271926
deepseek32b,implicature,swmimp056,2,3,4,0.423518
deepseek32b,implicature,swmimp056,2,4,5,0.217543
deepseek32b,implicature,swmimp056,2,5,6,0.208098
deepseek32b,implicature,swmimp056,2,6,7,0.233617
deepseek32b,implicature,swmimp056,3,1,2,0.34479
deepseek32b,implicature,swmimp056,3,2,3,0.429011
deepseek32b,implicature,swmimp056,3,3,4,0.30657
deepseek32b,implicature,swmimp056,3,4,5,0.111874
deepseek32b,implicature,swmimp056,3,5,6,0.21477
deepseek32b,implicature,swmimp056,3,6,7,0.26697
deepseek32b,implicature,swmimp057,1,1,2,0.66258
deepseek32b,implicature,swmimp057,1,2,3,0.336962
deepseek32b,implicature,swmimp057,1,3,4,0.080943
deepseek32b,implicature,swmimp057,2,1,2,0.367238
deepseek32b,implicature,swmimp057,2,2,3,0.299438
deepseek32b,implicature,swmimp057,2,3,4,0.24422
deepseek32b,implicature,swmimp057,3,1,2,0.286706
deepseek32b,implicature,swmimp057,3,2,3,0.310842
deepseek32b,implicature,swmimp057,3,3,4,0.204172
deepseek32b,implicature,swmimp058,1,1,2,0.114541
deepseek32b,implicature,swmimp058,1,2,3,0.163489
deepseek32b,implicature,swmimp058,1,3,4,0.274079
deepseek32b,implicature,swmimp058,2,1,2,0.120823
deepseek32b,implicature,swmimp058,2,2,3,0.10161
deepseek32b,implicature,swmimp058,2,3,4,0.101094
deepseek32b,implicature,swmimp058,3,1,2,0.090778
deepseek32b,implicature,swmimp058,3,2,3,0.224606
deepseek32b,implicature,swmimp058,3,3,4,0.220365
deepseek32b,implicature,swmimp059,1,1,2,0.23724
deepseek32b,implicature,swmimp059,1,2,3,0.299019
deepseek32b,implicature,swmimp059,1,3,4,0.217143
deepseek32b,implicature,swmimp059,1,4,5,0.202786
deepseek32b,implicature,swmimp059,2,1,2,0.197103
deepseek32b,implicature,swmimp059,2,2,3,0.159336
deepseek32b,implicature,swmimp059,2,3,4,0.159709
deepseek32b,implicature,swmimp059,2,4,5,0.192751
deepseek32b,implicature,swmimp059,3,1,2,0.277733
deepseek32b,implicature,swmimp059,3,2,3,0.289352
deepseek32b,implicature,swmimp059,3,3,4,0.199657
deepseek32b,implicature,swmimp059,3,4,5,0.25962
deepseek32b,implicature,swmimp060,1,1,2,0.187424
deepseek32b,implicature,swmimp060,1,2,3,0.225792
deepseek32b,implicature,swmimp060,1,3,4,0.075168
deepseek32b,implicature,swmimp060,2,1,2,0.289693
deepseek32b,implicature,swmimp060,2,2,3,0.197518
deepseek32b,implicature,swmimp060,2,3,4,0.077367
deepseek32b,implicature,swmimp060,3,1,2,0.219462
deepseek32b,implicature,swmimp060,3,2,3,0.336061
deepseek32b,implicature,swmimp060,3,3,4,0.264426
deepseek32b,implicature,swmimp061,1,1,2,0.349518
deepseek32b,implicature,swmimp061,1,2,3,0.253584
deepseek32b,implicature,swmimp061,2,1,2,0.171318
deepseek32b,implicature,swmimp061,2,2,3,0.223621
deepseek32b,implicature,swmimp061,3,1,2,0.626201
deepseek32b,implicature,swmimp061,3,2,3,0.69086
deepseek32b,implicature,swmimp062,1,1,2,0.3642
deepseek32b,implicature,swmimp062,1,2,3,0.160531
deepseek32b,implicature,swmimp062,1,3,4,0.146442
deepseek32b,implicature,swmimp062,2,1,2,0.164635
deepseek32b,implicature,swmimp062,2,2,3,0.229505
deepseek32b,implicature,swmimp062,2,3,4,0.076495
deepseek32b,implicature,swmimp062,3,1,2,0.428048
deepseek32b,implicature,swmimp062,3,2,3,0.376983
deepseek32b,implicature,swmimp062,3,3,4,0.280173
deepseek32b,implicature,swmimp063,1,1,2,0.458783
deepseek32b,implicature,swmimp063,1,2,3,0.495639
deepseek32b,implicature,swmimp063,1,3,4,0.187295
deepseek32b,implicature,swmimp063,1,4,5,0.219303
deepseek32b,implicature,swmimp063,2,1,2,0.265527
deepseek32b,implicature,swmimp063,2,2,3,0.101085
deepseek32b,implicature,swmimp063,2,3,4,0.260814
deepseek32b,implicature,swmimp063,2,4,5,0.102021
deepseek32b,implicature,swmimp063,3,1,2,0.084769
deepseek32b,implicature,swmimp063,3,2,3,0.334831
deepseek32b,implicature,swmimp063,3,3,4,0.385776
deepseek32b,implicature,swmimp063,3,4,5,0.329762
deepseek32b,implicature,swmimp064,1,1,2,0.393219
deepseek32b,implicature,swmimp064,1,2,3,0.40281
deepseek32b,implicature,swmimp064,1,3,4,0.395569
deepseek32b,implicature,swmimp064,1,4,5,0.376697
deepseek32b,implicature,swmimp064,2,1,2,0.27119
deepseek32b,implicature,swmimp064,2,2,3,0.235164
deepseek32b,implicature,swmimp064,2,3,4,0.235357
deepseek32b,implicature,swmimp064,2,4,5,0.185009
deepseek32b,implicature,swmimp064,3,1,2,0.034758
deepseek32b,implicature,swmimp064,3,2,3,0.171986
deepseek32b,implicature,swmimp064,3,3,4,0.255619
deepseek32b,implicature,swmimp064,3,4,5,0.423607
deepseek32b,implicature,swmimp065,1,1,2,0.476318
deepseek32b,implicature,swmimp065,1,2,3,0.440042
deepseek32b,implicature,swmimp065,1,3,4,0.171029
deepseek32b,implicature,swmimp065,1,4,5,0.163458
deepseek32b,implicature,swmimp065,1,5,6,0.310891
deepseek32b,implicature,swmimp065,1,6,7,0.333961
deepseek32b,implicature,swmimp065,2,1,2,0.381702
deepseek32b,implicature,swmimp065,2,2,3,0.304457
deepseek32b,implicature,swmimp065,2,3,4,0.3135
deepseek32b,implicature,swmimp065,2,4,5,0.15147
deepseek32b,implicature,swmimp065,2,5,6,0.192162
deepseek32b,implicature,swmimp065,2,6,7,0.455878
deepseek32b,implicature,swmimp065,3,1,2,0.169758
deepseek32b,implicature,swmimp065,3,2,3,0.532408
deepseek32b,implicature,swmimp065,3,3,4,0.579465
deepseek32b,implicature,swmimp065,3,4,5,0.326643
deepseek32b,implicature,swmimp065,3,5,6,0.314557
deepseek32b,implicature,swmimp065,3,6,7,0.390368
deepseek32b,implicature,swmimp066,1,1,2,0.228649
deepseek32b,implicature,swmimp066,1,2,3,0.13874
deepseek32b,implicature,swmimp066,1,3,4,0.307598
deepseek32b,implicature,swmimp066,2,1,2,0.096281
deepseek32b,implicature,swmimp066,2,2,3,0.188504
deepseek32b,implicature,swmimp066,2,3,4,0.205234
deepseek32b,implicature,swmimp066,3,1,2,0.369681
deepseek32b,implicature,swmimp066,3,2,3,0.353282
deepseek32b,implicature,swmimp066,3,3,4,0.393843
deepseek32b,implicature,swmimp067,1,1,2,0.079797
deepseek32b,implicature,swmimp067,1,2,3,0.156774
deepseek32b,implicature,swmimp067,1,3,4,0.097955
deepseek32b,implicature,swmimp067,1,4,5,0.252969
deepseek32b,implicature,swmimp067,1,5,6,0.240093
deepseek32b,implicature,swmimp067,2,1,2,0.241938
deepseek32b,implicature,swmimp067,2,2,3,0.249299
deepseek32b,implicature,swmimp067,2,3,4,0.265142
deepseek32b,implicature,swmimp067,2,4,5,0.334051
deepseek32b,implicature,swmimp067,2,5,6,0.399966
deepseek32b,implicature,swmimp067,3,1,2,0.249644
deepseek32b,implicature,swmimp067,3,2,3,0.213541
deepseek32b,implicature,swmimp067,3,3,4,0.201827
deepseek32b,implicature,swmimp067,3,4,5,0.176219
deepseek32b,implicature,swmimp067,3,5,6,0.28889
deepseek32b,implicature,swmimp068,1,1,2,0.345226
deepseek32b,implicature,swmimp068,1,2,3,0.263428
deepseek32b,implicature,swmimp068,1,3,4,0.202048
deepseek32b,implicature,swmimp068,1,4,5,0.067919
deepseek32b,implicature,swmimp068,1,5,6,0.070959
deepseek32b,implicature,swmimp068,1,6,7,0.053631
deepseek32b,implicature,swmimp068,2,1,2,0.177599
deepseek32b,implicature,swmimp068,2,2,3,0.081351
deepseek32b,implicature,swmimp068,2,3,4,0.095367
deepseek32b,implicature,swmimp068,2,4,5,0.259387
deepseek32b,implicature,swmimp068,2,5,6,0.361544
deepseek32b,implicature,swmimp068,2,6,7,0.366362
deepseek32b,implicature,swmimp068,3,1,2,0.119161
deepseek32b,implicature,swmimp068,3,2,3,0.131072
deepseek32b,implicature,swmimp068,3,3,4,0.113407
deepseek32b,implicature,swmimp068,3,4,5,0.268399
deepseek32b,implicature,swmimp068,3,5,6,0.247447
deepseek32b,implicature,swmimp068,3,6,7,0.373038
deepseek32b,implicature,swmimp069,1,1,2,0.32851
deepseek32b,implicature,swmimp069,1,2,3,0.434856
deepseek32b,implicature,swmimp069,1,3,4,0.268556
deepseek32b,implicature,swmimp069,1,4,5,0.400039
deepseek32b,implicature,swmimp069,1,5,6,0.463047
deepseek32b,implicature,swmimp069,2,1,2,0.418012
deepseek32b,implicature,swmimp069,2,2,3,0.438541
deepseek32b,implicature,swmimp069,2,3,4,0.44247
deepseek32b,implicature,swmimp069,2,4,5,0.465988
deepseek32b,implicature,swmimp069,2,5,6,0.499339
deepseek32b,implicature,swmimp069,3,1,2,0.224727
deepseek32b,implicature,swmimp069,3,2,3,0.34405
deepseek32b,implicature,swmimp069,3,3,4,0.368304
deepseek32b,implicature,swmimp069,3,4,5,0.186849
deepseek32b,implicature,swmimp069,3,5,6,0.285329
deepseek32b,implicature,swmimp070,1,1,2,0.345714
deepseek32b,implicature,swmimp070,1,2,3,0.437884
deepseek32b,implicature,swmimp070,1,3,4,0.440159
deepseek32b,implicature,swmimp070,1,4,5,0.476303
deepseek32b,implicature,swmimp070,2,1,2,0.374592
deepseek32b,implicature,swmimp070,2,2,3,0.289211
deepseek32b,implicature,swmimp070,2,3,4,0.517329
deepseek32b,implicature,swmimp070,2,4,5,0.162189
deepseek32b,implicature,swmimp070,3,1,2,0.355336
deepseek32b,implicature,swmimp070,3,2,3,0.36296
deepseek32b,implicature,swmimp070,3,3,4,0.452774
deepseek32b,implicature,swmimp070,3,4,5,0.112577
deepseek32b,implicature,swmimp071,1,1,2,0.184135
deepseek32b,implicature,swmimp071,1,2,3,0.210685
deepseek32b,implicature,swmimp071,1,3,4,0.253523
deepseek32b,implicature,swmimp071,1,4,5,0.406399
deepseek32b,implicature,swmimp071,2,1,2,0.24406
deepseek32b,implicature,swmimp071,2,2,3,0.266864
deepseek32b,implicature,swmimp071,2,3,4,0.366598
deepseek32b,implicature,swmimp071,2,4,5,0.346714
deepseek32b,implicature,swmimp071,3,1,2,0.304462
deepseek32b,implicature,swmimp071,3,2,3,0.302593
deepseek32b,implicature,swmimp071,3,3,4,0.159742
deepseek32b,implicature,swmimp071,3,4,5,0.36235
deepseek32b,implicature,swmimp072,1,1,2,0.148338
deepseek32b,implicature,swmimp072,1,2,3,0.453028
deepseek32b,implicature,swmimp072,1,3,4,0.359652
deepseek32b,implicature,swmimp072,2,1,2,0.259991
deepseek32b,implicature,swmimp072,2,2,3,0.281119
deepseek32b,implicature,swmimp072,2,3,4,0.152744
deepseek32b,implicature,swmimp072,3,1,2,0.306199
deepseek32b,implicature,swmimp072,3,2,3,0.310299
deepseek32b,implicature,swmimp072,3,3,4,0.256384
deepseek32b,implicature,swmimp073,1,1,2,0.051336
deepseek32b,implicature,swmimp073,1,2,3,0.184402
deepseek32b,implicature,swmimp073,1,3,4,0.163692
deepseek32b,implicature,swmimp073,1,4,5,0.211748
deepseek32b,implicature,swmimp073,1,5,6,0.265057
deepseek32b,implicature,swmimp073,1,6,7,0.406289
deepseek32b,implicature,swmimp073,2,1,2,0.113559
deepseek32b,implicature,swmimp073,2,2,3,0.198284
deepseek32b,implicature,swmimp073,2,3,4,0.296883
deepseek32b,implicature,swmimp073,2,4,5,0.348019
deepseek32b,implicature,swmimp073,2,5,6,0.551727
deepseek32b,implicature,swmimp073,2,6,7,0.606276
deepseek32b,implicature,swmimp073,3,1,2,0.297876
deepseek32b,implicature,swmimp073,3,2,3,0.096987
deepseek32b,implicature,swmimp073,3,3,4,0.096987
deepseek32b,implicature,swmimp073,3,4,5,0.22271
deepseek32b,implicature,swmimp073,3,5,6,0.35647
deepseek32b,implicature,swmimp073,3,6,7,0.253092
deepseek32b,implicature,swmimp074,1,1,2,0.161338
deepseek32b,implicature,swmimp074,1,2,3,0.199846
deepseek32b,implicature,swmimp074,1,3,4,0.069491
deepseek32b,implicature,swmimp074,1,4,5,0.136769
deepseek32b,implicature,swmimp074,1,5,6,0.173674
deepseek32b,implicature,swmimp074,1,6,7,0.418539
deepseek32b,implicature,swmimp074,2,1,2,0.100208
deepseek32b,implicature,swmimp074,2,2,3,0.13505
deepseek32b,implicature,swmimp074,2,3,4,0.257291
deepseek32b,implicature,swmimp074,2,4,5,0.291056
deepseek32b,implicature,swmimp074,2,5,6,0.197303
deepseek32b,implicature,swmimp074,2,6,7,0.240241
deepseek32b,implicature,swmimp074,3,1,2,0.387593
deepseek32b,implicature,swmimp074,3,2,3,0.079818
deepseek32b,implicature,swmimp074,3,3,4,0.006196
deepseek32b,implicature,swmimp074,3,4,5,0.088812
deepseek32b,implicature,swmimp074,3,5,6,0.100732
deepseek32b,implicature,swmimp074,3,6,7,0.396987
deepseek32b,implicature,swmimp075,1,1,2,0.100191
deepseek32b,implicature,swmimp075,1,2,3,0.17881
deepseek32b,implicature,swmimp075,1,3,4,0.198009
deepseek32b,implicature,swmimp075,1,4,5,0.165591
deepseek32b,implicature,swmimp075,1,5,6,0.109571
deepseek32b,implicature,swmimp075,1,6,7,0.113543
deepseek32b,implicature,swmimp075,1,7,8,0.21726
deepseek32b,implicature,swmimp075,2,1,2,0.198578
deepseek32b,implicature,swmimp075,2,2,3,0.161451
deepseek32b,implicature,swmimp075,2,3,4,0.09431
deepseek32b,implicature,swmimp075,2,4,5,0.105412
deepseek32b,implicature,swmimp075,2,5,6,0.103555
deepseek32b,implicature,swmimp075,2,6,7,0.047274
deepseek32b,implicature,swmimp075,2,7,8,0.225324
deepseek32b,implicature,swmimp075,3,1,2,0.178574
deepseek32b,implicature,swmimp075,3,2,3,0.218109
deepseek32b,implicature,swmimp075,3,3,4,0.00155
deepseek32b,implicature,swmimp075,3,4,5,0.101997
deepseek32b,implicature,swmimp075,3,5,6,0.148838
deepseek32b,implicature,swmimp075,3,6,7,0.172339
deepseek32b,implicature,swmimp075,3,7,8,0.029309
deepseek32b,implicature,swmimp076,1,1,2,0.336398
deepseek32b,implicature,swmimp076,1,2,3,0.318682
deepseek32b,implicature,swmimp076,1,3,4,0.235315
deepseek32b,implicature,swmimp076,1,4,5,0.146777
deepseek32b,implicature,swmimp076,2,1,2,0.271492
deepseek32b,implicature,swmimp076,2,2,3,0.227107
deepseek32b,implicature,swmimp076,2,3,4,0.291787
deepseek32b,implicature,swmimp076,2,4,5,0.141312
deepseek32b,implicature,swmimp076,3,1,2,0.225544
deepseek32b,implicature,swmimp076,3,2,3,0.387844
deepseek32b,implicature,swmimp076,3,3,4,0.221242
deepseek32b,implicature,swmimp076,3,4,5,0.221481
deepseek32b,implicature,swmimp077,1,1,2,0.322109
deepseek32b,implicature,swmimp077,1,2,3,0.522024
deepseek32b,implicature,swmimp077,1,3,4,0.493289
deepseek32b,implicature,swmimp077,1,4,5,0.282516
deepseek32b,implicature,swmimp077,1,5,6,0.301367
deepseek32b,implicature,swmimp077,2,1,2,0.242476
deepseek32b,implicature,swmimp077,2,2,3,0.27825
deepseek32b,implicature,swmimp077,2,3,4,0.106957
deepseek32b,implicature,swmimp077,2,4,5,0.179025
deepseek32b,implicature,swmimp077,2,5,6,0.319676
deepseek32b,implicature,swmimp077,3,1,2,0.374712
deepseek32b,implicature,swmimp077,3,2,3,0.185361
deepseek32b,implicature,swmimp077,3,3,4,0.274931
deepseek32b,implicature,swmimp077,3,4,5,0.20381
deepseek32b,implicature,swmimp077,3,5,6,0.255786
deepseek32b,implicature,swmimp078,1,1,2,0.131278
deepseek32b,implicature,swmimp078,1,2,3,0.174098
deepseek32b,implicature,swmimp078,1,3,4,0.21814
deepseek32b,implicature,swmimp078,1,4,5,0.133558
deepseek32b,implicature,swmimp078,1,5,6,0.111703
deepseek32b,implicature,swmimp078,1,6,7,0.469359
deepseek32b,implicature,swmimp078,2,1,2,0.23311
deepseek32b,implicature,swmimp078,2,2,3,0.253665
deepseek32b,implicature,swmimp078,2,3,4,0.161222
deepseek32b,implicature,swmimp078,2,4,5,0.237593
deepseek32b,implicature,swmimp078,2,5,6,0.24631
deepseek32b,implicature,swmimp078,2,6,7,0.352769
deepseek32b,implicature,swmimp078,3,1,2,0.198807
deepseek32b,implicature,swmimp078,3,2,3,0.219129
deepseek32b,implicature,swmimp078,3,3,4,0.222585
deepseek32b,implicature,swmimp078,3,4,5,0.228024
deepseek32b,implicature,swmimp078,3,5,6,0.259645
deepseek32b,implicature,swmimp078,3,6,7,0.298393
deepseek32b,implicature,swmimp079,1,1,2,0.147848
deepseek32b,implicature,swmimp079,1,2,3,0.250274
deepseek32b,implicature,swmimp079,1,3,4,0.279291
deepseek32b,implicature,swmimp079,1,4,5,0.172756
deepseek32b,implicature,swmimp079,1,5,6,0.351472
deepseek32b,implicature,swmimp079,1,6,7,0.116423
deepseek32b,implicature,swmimp079,1,7,8,0.145727
deepseek32b,implicature,swmimp079,2,1,2,0.203218
deepseek32b,implicature,swmimp079,2,2,3,0.327524
deepseek32b,implicature,swmimp079,2,3,4,0.384218
deepseek32b,implicature,swmimp079,2,4,5,0.288425
deepseek32b,implicature,swmimp079,2,5,6,0.246934
deepseek32b,implicature,swmimp079,2,6,7,0.154391
deepseek32b,implicature,swmimp079,2,7,8,0.130217
deepseek32b,implicature,swmimp079,3,1,2,0.19464
deepseek32b,implicature,swmimp079,3,2,3,0.20853
deepseek32b,implicature,swmimp079,3,3,4,0.222685
deepseek32b,implicature,swmimp079,3,4,5,0.178663
deepseek32b,implicature,swmimp079,3,5,6,0.286471
deepseek32b,implicature,swmimp079,3,6,7,0.223324
deepseek32b,implicature,swmimp079,3,7,8,0.319094
deepseek32b,implicature,swmimp080,1,1,2,0.402197
deepseek32b,implicature,swmimp080,1,2,3,0.165682
deepseek32b,implicature,swmimp080,1,3,4,0.109936
deepseek32b,implicature,swmimp080,1,4,5,0.042213
deepseek32b,implicature,swmimp080,1,5,6,0.126208
deepseek32b,implicature,swmimp080,2,1,2,0.408139
deepseek32b,implicature,swmimp080,2,2,3,0.141664
deepseek32b,implicature,swmimp080,2,3,4,0.034901
deepseek32b,implicature,swmimp080,2,4,5,0.145555
deepseek32b,implicature,swmimp080,2,5,6,0.110881
deepseek32b,implicature,swmimp080,3,1,2,0.465668
deepseek32b,implicature,swmimp080,3,2,3,0.250346
deepseek32b,implicature,swmimp080,3,3,4,0.056764
deepseek32b,implicature,swmimp080,3,4,5,0.072653
deepseek32b,implicature,swmimp080,3,5,6,0.017648
deepseek32b,implicature,swmimp081,1,1,2,0.201881
deepseek32b,implicature,swmimp081,1,2,3,0.166081
deepseek32b,implicature,swmimp081,1,3,4,0.033054
deepseek32b,implicature,swmimp081,1,4,5,0.158375
deepseek32b,implicature,swmimp081,1,5,6,0.228023
deepseek32b,implicature,swmimp081,2,1,2,0.299537
deepseek32b,implicature,swmimp081,2,2,3,0.30131
deepseek32b,implicature,swmimp081,2,3,4,0.264782
deepseek32b,implicature,swmimp081,2,4,5,0.315873
deepseek32b,implicature,swmimp081,2,5,6,0.362401
deepseek32b,implicature,swmimp081,3,1,2,0.01458
deepseek32b,implicature,swmimp081,3,2,3,0.210802
deepseek32b,implicature,swmimp081,3,3,4,0.108276
deepseek32b,implicature,swmimp081,3,4,5,0.092108
deepseek32b,implicature,swmimp081,3,5,6,0.298788
deepseek32b,implicature,swmimp082,1,1,2,0.313238
deepseek32b,implicature,swmimp082,1,2,3,0.378234
deepseek32b,implicature,swmimp082,1,3,4,0.311855
deepseek32b,implicature,swmimp082,1,4,5,0.277234
deepseek32b,implicature,swmimp082,2,1,2,0.348903
deepseek32b,implicature,swmimp082,2,2,3,0.092359
deepseek32b,implicature,swmimp082,2,3,4,0.123572
deepseek32b,implicature,swmimp082,2,4,5,0.051669
deepseek32b,implicature,swmimp082,3,1,2,0.218549
deepseek32b,implicature,swmimp082,3,2,3,0.304235
deepseek32b,implicature,swmimp082,3,3,4,0.314529
deepseek32b,implicature,swmimp082,3,4,5,0.135297
deepseek32b,implicature,swmimp083,1,1,2,0.157653
deepseek32b,implicature,swmimp083,1,2,3,0.186196
deepseek32b,implicature,swmimp083,1,3,4,0.301052
deepseek32b,implicature,swmimp083,1,4,5,0.027848
deepseek32b,implicature,swmimp083,1,5,6,0.349517
deepseek32b,implicature,swmimp083,1,6,7,0.461192
deepseek32b,implicature,swmimp083,2,1,2,0.291181
deepseek32b,implicature,swmimp083,2,2,3,0.12907
deepseek32b,implicature,swmimp083,2,3,4,0.162034
deepseek32b,implicature,swmimp083,2,4,5,0.132052
deepseek32b,implicature,swmimp083,2,5,6,0.355198
deepseek32b,implicature,swmimp083,2,6,7,0.107588
deepseek32b,implicature,swmimp083,3,1,2,0.306278
deepseek32b,implicature,swmimp083,3,2,3,0.315024
deepseek32b,implicature,swmimp083,3,3,4,0.175546
deepseek32b,implicature,swmimp083,3,4,5,0.138229
deepseek32b,implicature,swmimp083,3,5,6,0.438906
deepseek32b,implicature,swmimp083,3,6,7,0.403187
deepseek32b,implicature,swmimp084,1,1,2,0.284214
deepseek32b,implicature,swmimp084,1,2,3,0.250571
deepseek32b,implicature,swmimp084,1,3,4,0.307483
deepseek32b,implicature,swmimp084,1,4,5,0.345279
deepseek32b,implicature,swmimp084,1,5,6,0.032454
deepseek32b,implicature,swmimp084,2,1,2,0.246291
deepseek32b,implicature,swmimp084,2,2,3,0.46749
deepseek32b,implicature,swmimp084,2,3,4,0.234046
deepseek32b,implicature,swmimp084,2,4,5,0.389622
deepseek32b,implicature,swmimp084,2,5,6,0.155251
deepseek32b,implicature,swmimp084,3,1,2,0.071995
deepseek32b,implicature,swmimp084,3,2,3,0.12834
deepseek32b,implicature,swmimp084,3,3,4,0.172103
deepseek32b,implicature,swmimp084,3,4,5,0.459403
deepseek32b,implicature,swmimp084,3,5,6,0.415752
deepseek32b,implicature,swmimp085,1,1,2,0.349294
deepseek32b,implicature,swmimp085,1,2,3,0.206169
deepseek32b,implicature,swmimp085,1,3,4,0.246491
deepseek32b,implicature,swmimp085,1,4,5,0.192752
deepseek32b,implicature,swmimp085,1,5,6,0.203353
deepseek32b,implicature,swmimp085,1,6,7,0.154365
deepseek32b,implicature,swmimp085,1,7,8,0.23451
deepseek32b,implicature,swmimp085,1,8,9,0.145285
deepseek32b,implicature,swmimp085,2,1,2,0.207495
deepseek32b,implicature,swmimp085,2,2,3,0.177458
deepseek32b,implicature,swmimp085,2,3,4,0.258067
deepseek32b,implicature,swmimp085,2,4,5,0.231595
deepseek32b,implicature,swmimp085,2,5,6,0.178475
deepseek32b,implicature,swmimp085,2,6,7,0.291089
deepseek32b,implicature,swmimp085,2,7,8,0.183144
deepseek32b,implicature,swmimp085,2,8,9,0.36806
deepseek32b,implicature,swmimp085,3,1,2,0.273045
deepseek32b,implicature,swmimp085,3,2,3,0.207908
deepseek32b,implicature,swmimp085,3,3,4,0.144842
deepseek32b,implicature,swmimp085,3,4,5,0.243196
deepseek32b,implicature,swmimp085,3,5,6,0.186238
deepseek32b,implicature,swmimp085,3,6,7,0.245058
deepseek32b,implicature,swmimp085,3,7,8,0.272171
deepseek32b,implicature,swmimp085,3,8,9,0.261044
deepseek32b,implicature,swmimp086,1,1,2,0.039704
deepseek32b,implicature,swmimp086,1,2,3,0.056292
deepseek32b,implicature,swmimp086,1,3,4,0.128146
deepseek32b,implicature,swmimp086,1,4,5,0.216888
deepseek32b,implicature,swmimp086,1,5,6,0.234569
deepseek32b,implicature,swmimp086,2,1,2,0.15799
deepseek32b,implicature,swmimp086,2,2,3,0.14048
deepseek32b,implicature,swmimp086,2,3,4,0.123591
deepseek32b,implicature,swmimp086,2,4,5,0.281286
deepseek32b,implicature,swmimp086,2,5,6,0.39691
deepseek32b,implicature,swmimp086,3,1,2,0.112055
deepseek32b,implicature,swmimp086,3,2,3,0.205547
deepseek32b,implicature,swmimp086,3,3,4,0.2713
deepseek32b,implicature,swmimp086,3,4,5,0.12492
deepseek32b,implicature,swmimp086,3,5,6,0.15687
deepseek32b,implicature,swmimp087,1,1,2,0.4965
deepseek32b,implicature,swmimp087,1,2,3,0.433922
deepseek32b,implicature,swmimp087,1,3,4,0.373064
deepseek32b,implicature,swmimp087,1,4,5,0.1412
deepseek32b,implicature,swmimp087,2,1,2,0.466911
deepseek32b,implicature,swmimp087,2,2,3,0.48158
deepseek32b,implicature,swmimp087,2,3,4,0.243852
deepseek32b,implicature,swmimp087,2,4,5,0.378308
deepseek32b,implicature,swmimp087,3,1,2,0.431163
deepseek32b,implicature,swmimp087,3,2,3,0.254674
deepseek32b,implicature,swmimp087,3,3,4,0.383839
deepseek32b,implicature,swmimp087,3,4,5,0.276888
deepseek32b,implicature,swmimp088,1,1,2,0.145505
deepseek32b,implicature,swmimp088,1,2,3,0.698372
deepseek32b,implicature,swmimp088,1,3,4,0.751123
deepseek32b,implicature,swmimp088,1,4,5,0.170788
deepseek32b,implicature,swmimp088,2,1,2,0.159022
deepseek32b,implicature,swmimp088,2,2,3,0.475556
deepseek32b,implicature,swmimp088,2,3,4,0.529633
deepseek32b,implicature,swmimp088,2,4,5,0.123935
deepseek32b,implicature,swmimp088,3,1,2,0.165279
deepseek32b,implicature,swmimp088,3,2,3,0.118855
deepseek32b,implicature,swmimp088,3,3,4,0.398807
deepseek32b,implicature,swmimp088,3,4,5,0.16254
deepseek32b,implicature,swmimp089,1,1,2,0.373283
deepseek32b,implicature,swmimp089,1,2,3,0.389447
deepseek32b,implicature,swmimp089,1,3,4,0.373674
deepseek32b,implicature,swmimp089,2,1,2,0.439391
deepseek32b,implicature,swmimp089,2,2,3,0.077783
deepseek32b,implicature,swmimp089,2,3,4,0.208927
deepseek32b,implicature,swmimp089,3,1,2,0.201784
deepseek32b,implicature,swmimp089,3,2,3,0.217634
deepseek32b,implicature,swmimp089,3,3,4,0.336088
deepseek32b,implicature,swmimp090,1,1,2,0.187486
deepseek32b,implicature,swmimp090,1,2,3,0.140168
deepseek32b,implicature,swmimp090,1,3,4,0.170893
deepseek32b,implicature,swmimp090,2,1,2,0.08546
deepseek32b,implicature,swmimp090,2,2,3,0.172454
deepseek32b,implicature,swmimp090,2,3,4,0.145827
deepseek32b,implicature,swmimp090,3,1,2,0.191968
deepseek32b,implicature,swmimp090,3,2,3,0.166711
deepseek32b,implicature,swmimp090,3,3,4,0.153885
deepseek32b,implicature,swmimp091,1,1,2,0.379374
deepseek32b,implicature,swmimp091,1,2,3,0.289326
deepseek32b,implicature,swmimp091,1,3,4,0.414704
deepseek32b,implicature,swmimp091,1,4,5,0.295939
deepseek32b,implicature,swmimp091,1,5,6,0.132095
deepseek32b,implicature,swmimp091,2,1,2,0.104201
deepseek32b,implicature,swmimp091,2,2,3,0.291723
deepseek32b,implicature,swmimp091,2,3,4,0.178554
deepseek32b,implicature,swmimp091,2,4,5,0.142316
deepseek32b,implicature,swmimp091,2,5,6,0.077329
deepseek32b,implicature,swmimp091,3,1,2,0.361013
deepseek32b,implicature,swmimp091,3,2,3,0.170396
deepseek32b,implicature,swmimp091,3,3,4,0.091108
deepseek32b,implicature,swmimp091,3,4,5,0.170098
deepseek32b,implicature,swmimp091,3,5,6,0.551149
deepseek32b,implicature,swmimp092,1,1,2,0.427733
deepseek32b,implicature,swmimp092,1,2,3,0.038428
deepseek32b,implicature,swmimp092,1,3,4,0.246129
deepseek32b,implicature,swmimp092,1,4,5,0.201033
deepseek32b,implicature,swmimp092,1,5,6,0.284507
deepseek32b,implicature,swmimp092,1,6,7,0.354815
deepseek32b,implicature,swmimp092,1,7,8,0.240076
deepseek32b,implicature,swmimp092,1,8,9,0.229824
deepseek32b,implicature,swmimp092,2,1,2,0.371581
deepseek32b,implicature,swmimp092,2,2,3,0.337202
deepseek32b,implicature,swmimp092,2,3,4,0.276724
deepseek32b,implicature,swmimp092,2,4,5,0.306761
deepseek32b,implicature,swmimp092,2,5,6,0.251295
deepseek32b,implicature,swmimp092,2,6,7,0.427993
deepseek32b,implicature,swmimp092,2,7,8,0.32875
deepseek32b,implicature,swmimp092,2,8,9,0.411532
deepseek32b,implicature,swmimp092,3,1,2,0.328788
deepseek32b,implicature,swmimp092,3,2,3,0.089434
deepseek32b,implicature,swmimp092,3,3,4,0.312741
deepseek32b,implicature,swmimp092,3,4,5,0.285475
deepseek32b,implicature,swmimp092,3,5,6,0.252771
deepseek32b,implicature,swmimp092,3,6,7,0.233822
deepseek32b,implicature,swmimp092,3,7,8,0.27569
deepseek32b,implicature,swmimp092,3,8,9,0.448468
deepseek32b,implicature,swmimp093,1,1,2,0.110876
deepseek32b,implicature,swmimp093,1,2,3,0.324731
deepseek32b,implicature,swmimp093,1,3,4,0.216
deepseek32b,implicature,swmimp093,1,4,5,0.187974
deepseek32b,implicature,swmimp093,2,1,2,0.381806
deepseek32b,implicature,swmimp093,2,2,3,0.215463
deepseek32b,implicature,swmimp093,2,3,4,0.283707
deepseek32b,implicature,swmimp093,2,4,5,0.180741
deepseek32b,implicature,swmimp093,3,1,2,0.242359
deepseek32b,implicature,swmimp093,3,2,3,0.228628
deepseek32b,implicature,swmimp093,3,3,4,0.267962
deepseek32b,implicature,swmimp093,3,4,5,0.048993
deepseek32b,implicature,swmimp094,1,1,2,0.119863
deepseek32b,implicature,swmimp094,1,2,3,0.156267
deepseek32b,implicature,swmimp094,1,3,4,0.261202
deepseek32b,implicature,swmimp094,1,4,5,0.119779
deepseek32b,implicature,swmimp094,1,5,6,0.216552
deepseek32b,implicature,swmimp094,1,6,7,0.369473
deepseek32b,implicature,swmimp094,2,1,2,0.090732
deepseek32b,implicature,swmimp094,2,2,3,0.159776
deepseek32b,implicature,swmimp094,2,3,4,0.208968
deepseek32b,implicature,swmimp094,2,4,5,0.242172
deepseek32b,implicature,swmimp094,2,5,6,0.06441
deepseek32b,implicature,swmimp094,2,6,7,0.08105
deepseek32b,implicature,swmimp094,3,1,2,0.383475
deepseek32b,implicature,swmimp094,3,2,3,0.288203
deepseek32b,implicature,swmimp094,3,3,4,0.211877
deepseek32b,implicature,swmimp094,3,4,5,0.151132
deepseek32b,implicature,swmimp094,3,5,6,0.068227
deepseek32b,implicature,swmimp094,3,6,7,0.252392
deepseek32b,implicature,swmimp095,1,1,2,0.060464
deepseek32b,implicature,swmimp095,1,2,3,0.088037
deepseek32b,implicature,swmimp095,1,3,4,0.080602
deepseek32b,implicature,swmimp095,1,4,5,0.184113
deepseek32b,implicature,swmimp095,2,1,2,0.130346
deepseek32b,implicature,swmimp095,2,2,3,0.09326
deepseek32b,implicature,swmimp095,2,3,4,0.061188
deepseek32b,implicature,swmimp095,2,4,5,0.117316
deepseek32b,implicature,swmimp095,3,1,2,0.065016
deepseek32b,implicature,swmimp095,3,2,3,0.096904
deepseek32b,implicature,swmimp095,3,3,4,0.147012
deepseek32b,implicature,swmimp095,3,4,5,0.083137
deepseek32b,implicature,swmimp096,1,1,2,0.291492
deepseek32b,implicature,swmimp096,1,2,3,0.205289
deepseek32b,implicature,swmimp096,1,3,4,0.188264
deepseek32b,implicature,swmimp096,1,4,5,0.195243
deepseek32b,implicature,swmimp096,1,5,6,0.189557
deepseek32b,implicature,swmimp096,2,1,2,0.280915
deepseek32b,implicature,swmimp096,2,2,3,0.154902
deepseek32b,implicature,swmimp096,2,3,4,0.162689
deepseek32b,implicature,swmimp096,2,4,5,0.129273
deepseek32b,implicature,swmimp096,2,5,6,0.259757
deepseek32b,implicature,swmimp096,3,1,2,0.197417
deepseek32b,implicature,swmimp096,3,2,3,0.400665
deepseek32b,implicature,swmimp096,3,3,4,0.395636
deepseek32b,implicature,swmimp096,3,4,5,0.356851
deepseek32b,implicature,swmimp096,3,5,6,0.231151
deepseek32b,implicature,swmimp097,1,1,2,0.265897
deepseek32b,implicature,swmimp097,1,2,3,0.225102
deepseek32b,implicature,swmimp097,1,3,4,0.152259
deepseek32b,implicature,swmimp097,1,4,5,0.06852
deepseek32b,implicature,swmimp097,1,5,6,0.240517
deepseek32b,implicature,swmimp097,1,6,7,0.452214
deepseek32b,implicature,swmimp097,2,1,2,0.062194
deepseek32b,implicature,swmimp097,2,2,3,0.257885
deepseek32b,implicature,swmimp097,2,3,4,0.239456
deepseek32b,implicature,swmimp097,2,4,5,0.259797
deepseek32b,implicature,swmimp097,2,5,6,0.187727
deepseek32b,implicature,swmimp097,2,6,7,0.269716
deepseek32b,implicature,swmimp097,3,1,2,0.328279
deepseek32b,implicature,swmimp097,3,2,3,0.323964
deepseek32b,implicature,swmimp097,3,3,4,0.266909
deepseek32b,implicature,swmimp097,3,4,5,0.098572
deepseek32b,implicature,swmimp097,3,5,6,0.062575
deepseek32b,implicature,swmimp097,3,6,7,0.335951
deepseek32b,implicature,swmimp098,1,1,2,0.170237
deepseek32b,implicature,swmimp098,1,2,3,0.562517
deepseek32b,implicature,swmimp098,1,3,4,0.155737
deepseek32b,implicature,swmimp098,1,4,5,0.356388
deepseek32b,implicature,swmimp098,1,5,6,0.10879
deepseek32b,implicature,swmimp098,1,6,7,0.500137
deepseek32b,implicature,swmimp098,2,1,2,0.365971
deepseek32b,implicature,swmimp098,2,2,3,0.309202
deepseek32b,implicature,swmimp098,2,3,4,0.517974
deepseek32b,implicature,swmimp098,2,4,5,0.607117
deepseek32b,implicature,swmimp098,2,5,6,0.105587
deepseek32b,implicature,swmimp098,2,6,7,0.395956
deepseek32b,implicature,swmimp098,3,1,2,0.272437
deepseek32b,implicature,swmimp098,3,2,3,0.303856
deepseek32b,implicature,swmimp098,3,3,4,0.25794
deepseek32b,implicature,swmimp098,3,4,5,0.225876
deepseek32b,implicature,swmimp098,3,5,6,0.310113
deepseek32b,implicature,swmimp098,3,6,7,0.240403
deepseek32b,implicature,swmimp099,1,1,2,0.240661
deepseek32b,implicature,swmimp099,1,2,3,0.371967
deepseek32b,implicature,swmimp099,1,3,4,0.241003
deepseek32b,implicature,swmimp099,1,4,5,0.318926
deepseek32b,implicature,swmimp099,2,1,2,0.27542
deepseek32b,implicature,swmimp099,2,2,3,0.373073
deepseek32b,implicature,swmimp099,2,3,4,0.277221
deepseek32b,implicature,swmimp099,2,4,5,0.313595
deepseek32b,implicature,swmimp099,3,1,2,0.432705
deepseek32b,implicature,swmimp099,3,2,3,0.231962
deepseek32b,implicature,swmimp099,3,3,4,0.292162
deepseek32b,implicature,swmimp099,3,4,5,0.242506
deepseek32b,implicature,swmimp100,1,1,2,0.470278
deepseek32b,implicature,swmimp100,1,2,3,0.434367
deepseek32b,implicature,swmimp100,1,3,4,0.483889
deepseek32b,implicature,swmimp100,1,4,5,0.168983
deepseek32b,implicature,swmimp100,1,5,6,0.148423
deepseek32b,implicature,swmimp100,2,1,2,0.123376
deepseek32b,implicature,swmimp100,2,2,3,0.463963
deepseek32b,implicature,swmimp100,2,3,4,0.298395
deepseek32b,implicature,swmimp100,2,4,5,0.208517
deepseek32b,implicature,swmimp100,2,5,6,0.051882
deepseek32b,implicature,swmimp100,3,1,2,0.453934
deepseek32b,implicature,swmimp100,3,2,3,0.403225
deepseek32b,implicature,swmimp100,3,3,4,0.226411
deepseek32b,implicature,swmimp100,3,4,5,0.397393
deepseek32b,implicature,swmimp100,3,5,6,0.314316
deepseek32b,implicature,swmimp101,1,1,2,0.288936
deepseek32b,implicature,swmimp101,1,2,3,0.476189
deepseek32b,implicature,swmimp101,1,3,4,0.663374
deepseek32b,implicature,swmimp101,1,4,5,0.460798
deepseek32b,implicature,swmimp101,1,5,6,0.287184
deepseek32b,implicature,swmimp101,1,6,7,0.50646
deepseek32b,implicature,swmimp101,1,7,8,0.462186
deepseek32b,implicature,swmimp101,1,8,9,0.276571
deepseek32b,implicature,swmimp101,1,9,10,0.179176
deepseek32b,implicature,swmimp101,1,10,11,0.222573
deepseek32b,implicature,swmimp101,1,11,12,0.093824
deepseek32b,implicature,swmimp101,2,1,2,0.602073
deepseek32b,implicature,swmimp101,2,2,3,0.397852
deepseek32b,implicature,swmimp101,2,3,4,0.132469
deepseek32b,implicature,swmimp101,2,4,5,0.272378
deepseek32b,implicature,swmimp101,2,5,6,0.263294
deepseek32b,implicature,swmimp101,2,6,7,0.261909
deepseek32b,implicature,swmimp101,2,7,8,0.248587
deepseek32b,implicature,swmimp101,2,8,9,0.313168
deepseek32b,implicature,swmimp101,2,9,10,0.219567
deepseek32b,implicature,swmimp101,2,10,11,0.164188
deepseek32b,implicature,swmimp101,2,11,12,0.150497
deepseek32b,implicature,swmimp101,3,1,2,0.374871
deepseek32b,implicature,swmimp101,3,2,3,0.272593
deepseek32b,implicature,swmimp101,3,3,4,0.345557
deepseek32b,implicature,swmimp101,3,4,5,0.229677
deepseek32b,implicature,swmimp101,3,5,6,0.12031
deepseek32b,implicature,swmimp101,3,6,7,0.127002
deepseek32b,implicature,swmimp101,3,7,8,0.422476
deepseek32b,implicature,swmimp101,3,8,9,0.495364
deepseek32b,implicature,swmimp101,3,9,10,0.386557
deepseek32b,implicature,swmimp101,3,10,11,0.147887
deepseek32b,implicature,swmimp101,3,11,12,0.076276
deepseek32b,implicature,swmimp102,1,1,2,0.334712
deepseek32b,implicature,swmimp102,1,2,3,0.287742
deepseek32b,implicature,swmimp102,1,3,4,0.108078
deepseek32b,implicature,swmimp102,1,4,5,0.12899
deepseek32b,implicature,swmimp102,1,5,6,0.267729
deepseek32b,implicature,swmimp102,1,6,7,0.287364
deepseek32b,implicature,swmimp102,1,7,8,0.357547
deepseek32b,implicature,swmimp102,1,8,9,0.178363
deepseek32b,implicature,swmimp102,1,9,10,0.191874
deepseek32b,implicature,swmimp102,1,10,11,0.177377
deepseek32b,implicature,swmimp102,1,11,12,0.321801
deepseek32b,implicature,swmimp102,2,1,2,0.26944
deepseek32b,implicature,swmimp102,2,2,3,0.111809
deepseek32b,implicature,swmimp102,2,3,4,0.209995
deepseek32b,implicature,swmimp102,2,4,5,0.274145
deepseek32b,implicature,swmimp102,2,5,6,0.119867
deepseek32b,implicature,swmimp102,2,6,7,0.315388
deepseek32b,implicature,swmimp102,2,7,8,0.357606
deepseek32b,implicature,swmimp102,2,8,9,0.681371
deepseek32b,implicature,swmimp102,2,9,10,0.799628
deepseek32b,implicature,swmimp102,2,10,11,0.256804
deepseek32b,implicature,swmimp102,2,11,12,0.30907
deepseek32b,implicature,swmimp102,3,1,2,0.065652
deepseek32b,implicature,swmimp102,3,2,3,0.213136
deepseek32b,implicature,swmimp102,3,3,4,0.197916
deepseek32b,implicature,swmimp102,3,4,5,0.108815
deepseek32b,implicature,swmimp102,3,5,6,0.3219
deepseek32b,implicature,swmimp102,3,6,7,0.315268
deepseek32b,implicature,swmimp102,3,7,8,0.179913
deepseek32b,implicature,swmimp102,3,8,9,0.131965
deepseek32b,implicature,swmimp102,3,9,10,0.160717
deepseek32b,implicature,swmimp102,3,10,11,0.227116
deepseek32b,implicature,swmimp102,3,11,12,0.348141
deepseek32b,implicature,swmimp104,1,1,2,0.295341
deepseek32b,implicature,swmimp104,1,2,3,0.362632
deepseek32b,implicature,swmimp104,1,3,4,0.07702
deepseek32b,implicature,swmimp104,1,4,5,0.12271
deepseek32b,implicature,swmimp104,1,5,6,0.160701
deepseek32b,implicature,swmimp104,1,6,7,0.224416
deepseek32b,implicature,swmimp104,1,7,8,0.145377
deepseek32b,implicature,swmimp104,1,8,9,0.305409
deepseek32b,implicature,swmimp104,1,9,10,0.380359
deepseek32b,implicature,swmimp104,1,10,11,0.191486
deepseek32b,implicature,swmimp104,1,11,12,0.245953
deepseek32b,implicature,swmimp104,2,1,2,0.271065
deepseek32b,implicature,swmimp104,2,2,3,0.431321
deepseek32b,implicature,swmimp104,2,3,4,0.346945
deepseek32b,implicature,swmimp104,2,4,5,0.237383
deepseek32b,implicature,swmimp104,2,5,6,0.259274
deepseek32b,implicature,swmimp104,2,6,7,0.222958
deepseek32b,implicature,swmimp104,2,7,8,0.276567
deepseek32b,implicature,swmimp104,2,8,9,0.251913
deepseek32b,implicature,swmimp104,2,9,10,0.042359
deepseek32b,implicature,swmimp104,2,10,11,0.180112
deepseek32b,implicature,swmimp104,2,11,12,0.047399
deepseek32b,implicature,swmimp104,3,1,2,0.430159
deepseek32b,implicature,swmimp104,3,2,3,0.411531
deepseek32b,implicature,swmimp104,3,3,4,0.222216
deepseek32b,implicature,swmimp104,3,4,5,0.343382
deepseek32b,implicature,swmimp104,3,5,6,0.370076
deepseek32b,implicature,swmimp104,3,6,7,0.247557
deepseek32b,implicature,swmimp104,3,7,8,0.163376
deepseek32b,implicature,swmimp104,3,8,9,0.217384
deepseek32b,implicature,swmimp104,3,9,10,0.312322
deepseek32b,implicature,swmimp104,3,10,11,0.11747
deepseek32b,implicature,swmimp104,3,11,12,0.192576
deepseek32b,implicature,swmimp110,1,1,2,0.32291
deepseek32b,implicature,swmimp110,1,2,3,0.14812
deepseek32b,implicature,swmimp110,2,1,2,0.391162
deepseek32b,implicature,swmimp110,2,2,3,0.361681
deepseek32b,implicature,swmimp110,3,1,2,0.456274
deepseek32b,implicature,swmimp110,3,2,3,0.162787
deepseek32b,implicature,swmimp111,1,1,2,0.239943
deepseek32b,implicature,swmimp111,1,2,3,0.313954
deepseek32b,implicature,swmimp111,1,3,4,0.367038
deepseek32b,implicature,swmimp111,1,4,5,0.318842
deepseek32b,implicature,swmimp111,1,5,6,0.175812
deepseek32b,implicature,swmimp111,1,6,7,0.171229
deepseek32b,implicature,swmimp111,1,7,8,0.124982
deepseek32b,implicature,swmimp111,1,8,9,0.173841
deepseek32b,implicature,swmimp111,1,9,10,0.179885
deepseek32b,implicature,swmimp111,1,10,11,0.466797
deepseek32b,implicature,swmimp111,1,11,12,0.364912
deepseek32b,implicature,swmimp111,1,12,13,0.119538
deepseek32b,implicature,swmimp111,1,13,14,0.147825
deepseek32b,implicature,swmimp111,1,14,15,0.092933
deepseek32b,implicature,swmimp111,1,15,16,0.139671
deepseek32b,implicature,swmimp111,1,16,17,0.115745
deepseek32b,implicature,swmimp111,1,17,18,0.249729
deepseek32b,implicature,swmimp111,2,1,2,0.26977
deepseek32b,implicature,swmimp111,2,2,3,0.048318
deepseek32b,implicature,swmimp111,2,3,4,0.185613
deepseek32b,implicature,swmimp111,2,4,5,0.349588
deepseek32b,implicature,swmimp111,2,5,6,0.409691
deepseek32b,implicature,swmimp111,2,6,7,0.124708
deepseek32b,implicature,swmimp111,2,7,8,0.430855
deepseek32b,implicature,swmimp111,2,8,9,0.345053
deepseek32b,implicature,swmimp111,2,9,10,0.168262
deepseek32b,implicature,swmimp111,2,10,11,0.267187
deepseek32b,implicature,swmimp111,2,11,12,0.288013
deepseek32b,implicature,swmimp111,2,12,13,0.266155
deepseek32b,implicature,swmimp111,2,13,14,0.456136
deepseek32b,implicature,swmimp111,2,14,15,0.478859
deepseek32b,implicature,swmimp111,2,15,16,0.146723
deepseek32b,implicature,swmimp111,2,16,17,0.256351
deepseek32b,implicature,swmimp111,2,17,18,0.115176
deepseek32b,implicature,swmimp111,3,1,2,0.259603
deepseek32b,implicature,swmimp111,3,2,3,0.258832
deepseek32b,implicature,swmimp111,3,3,4,0.220918
deepseek32b,implicature,swmimp111,3,4,5,0.290302
deepseek32b,implicature,swmimp111,3,5,6,0.201185
deepseek32b,implicature,swmimp111,3,6,7,0.157568
deepseek32b,implicature,swmimp111,3,7,8,0.296688
deepseek32b,implicature,swmimp111,3,8,9,0.322985
deepseek32b,implicature,swmimp111,3,9,10,0.205198
deepseek32b,implicature,swmimp111,3,10,11,0.118022
deepseek32b,implicature,swmimp111,3,11,12,0.376391
deepseek32b,implicature,swmimp111,3,12,13,0.420563
deepseek32b,implicature,swmimp111,3,13,14,0.204818
deepseek32b,implicature,swmimp111,3,14,15,0.18347
deepseek32b,implicature,swmimp111,3,15,16,0.103701
deepseek32b,implicature,swmimp111,3,16,17,0.123036
deepseek32b,implicature,swmimp111,3,17,18,0.263739
deepseek32b,implicature,swmimp112,1,1,2,0.107995
deepseek32b,implicature,swmimp112,1,2,3,0.161085
deepseek32b,implicature,swmimp112,1,3,4,0.41901
deepseek32b,implicature,swmimp112,1,4,5,0.043542
deepseek32b,implicature,swmimp112,1,5,6,0.169965
deepseek32b,implicature,swmimp112,2,1,2,0.304456
deepseek32b,implicature,swmimp112,2,2,3,0.299684
deepseek32b,implicature,swmimp112,2,3,4,0.289911
deepseek32b,implicature,swmimp112,2,4,5,0.164034
deepseek32b,implicature,swmimp112,2,5,6,0.137563
deepseek32b,implicature,swmimp112,3,1,2,0.232724
deepseek32b,implicature,swmimp112,3,2,3,0.205809
deepseek32b,implicature,swmimp112,3,3,4,0.20092
deepseek32b,implicature,swmimp112,3,4,5,0.21709
deepseek32b,implicature,swmimp112,3,5,6,0.347219
deepseek32b,implicature,swmimp113,1,1,2,0.187162
deepseek32b,implicature,swmimp113,1,2,3,0.148824
deepseek32b,implicature,swmimp113,1,3,4,0.077569
deepseek32b,implicature,swmimp113,1,4,5,0.01612
deepseek32b,implicature,swmimp113,1,5,6,0.389956
deepseek32b,implicature,swmimp113,1,6,7,0.298481
deepseek32b,implicature,swmimp113,1,7,8,0.269404
deepseek32b,implicature,swmimp113,2,1,2,0.38621
deepseek32b,implicature,swmimp113,2,2,3,0.280577
deepseek32b,implicature,swmimp113,2,3,4,0.34282
deepseek32b,implicature,swmimp113,2,4,5,0.285186
deepseek32b,implicature,swmimp113,2,5,6,0.357143
deepseek32b,implicature,swmimp113,2,6,7,0.204501
deepseek32b,implicature,swmimp113,2,7,8,0.347565
deepseek32b,implicature,swmimp113,3,1,2,0.100839
deepseek32b,implicature,swmimp113,3,2,3,0.164458
deepseek32b,implicature,swmimp113,3,3,4,0.170557
deepseek32b,implicature,swmimp113,3,4,5,0.2151
deepseek32b,implicature,swmimp113,3,5,6,0.263122
deepseek32b,implicature,swmimp113,3,6,7,0.312419
deepseek32b,implicature,swmimp113,3,7,8,0.2406
deepseek32b,implicature,swmimp114,1,1,2,0.138134
deepseek32b,implicature,swmimp114,1,2,3,0.044302
deepseek32b,implicature,swmimp114,1,3,4,0.067011
deepseek32b,implicature,swmimp114,1,4,5,0.390618
deepseek32b,implicature,swmimp114,1,5,6,0.40235
deepseek32b,implicature,swmimp114,1,6,7,0.307767
deepseek32b,implicature,swmimp114,1,7,8,0.268371
deepseek32b,implicature,swmimp114,1,8,9,0.335355
deepseek32b,implicature,swmimp114,1,9,10,0.269651
deepseek32b,implicature,swmimp114,2,1,2,0.162404
deepseek32b,implicature,swmimp114,2,2,3,0.031864
deepseek32b,implicature,swmimp114,2,3,4,0.074313
deepseek32b,implicature,swmimp114,2,4,5,0.177072
deepseek32b,implicature,swmimp114,2,5,6,0.396582
deepseek32b,implicature,swmimp114,2,6,7,0.429234
deepseek32b,implicature,swmimp114,2,7,8,0.342543
deepseek32b,implicature,swmimp114,2,8,9,0.469518
deepseek32b,implicature,swmimp114,2,9,10,0.365556
deepseek32b,implicature,swmimp114,3,1,2,0.188367
deepseek32b,implicature,swmimp114,3,2,3,0.16944
deepseek32b,implicature,swmimp114,3,3,4,0.523293
deepseek32b,implicature,swmimp114,3,4,5,0.433825
deepseek32b,implicature,swmimp114,3,5,6,0.073209
deepseek32b,implicature,swmimp114,3,6,7,0.212861
deepseek32b,implicature,swmimp114,3,7,8,0.249596
deepseek32b,implicature,swmimp114,3,8,9,0.335002
deepseek32b,implicature,swmimp114,3,9,10,0.320361
deepseek32b,implicature,swmimp115,1,1,2,0.290272
deepseek32b,implicature,swmimp115,1,2,3,0.44997
deepseek32b,implicature,swmimp115,1,3,4,0.217591
deepseek32b,implicature,swmimp115,1,4,5,0.376774
deepseek32b,implicature,swmimp115,2,1,2,0.30976
deepseek32b,implicature,swmimp115,2,2,3,0.210684
deepseek32b,implicature,swmimp115,2,3,4,0.270754
deepseek32b,implicature,swmimp115,2,4,5,0.335197
deepseek32b,implicature,swmimp115,3,1,2,0.284934
deepseek32b,implicature,swmimp115,3,2,3,0.199099
deepseek32b,implicature,swmimp115,3,3,4,0.382064
deepseek32b,implicature,swmimp115,3,4,5,0.299768
deepseek32b,implicature,swmimp116,1,1,2,0.365457
deepseek32b,implicature,swmimp116,1,2,3,0.251956
deepseek32b,implicature,swmimp116,1,3,4,0.094604
deepseek32b,implicature,swmimp116,1,4,5,0.275491
deepseek32b,implicature,swmimp116,1,5,6,0.294956
deepseek32b,implicature,swmimp116,1,6,7,0.265518
deepseek32b,implicature,swmimp116,2,1,2,0.221189
deepseek32b,implicature,swmimp116,2,2,3,0.035643
deepseek32b,implicature,swmimp116,2,3,4,0.19671
deepseek32b,implicature,swmimp116,2,4,5,0.192322
deepseek32b,implicature,swmimp116,2,5,6,0.112459
deepseek32b,implicature,swmimp116,2,6,7,0.192534
deepseek32b,implicature,swmimp116,3,1,2,0.178307
deepseek32b,implicature,swmimp116,3,2,3,0.421984
deepseek32b,implicature,swmimp116,3,3,4,0.405786
deepseek32b,implicature,swmimp116,3,4,5,0.072977
deepseek32b,implicature,swmimp116,3,5,6,0.138329
deepseek32b,implicature,swmimp116,3,6,7,0.128734
deepseek32b,implicature,swmimp117,1,1,2,0.091476
deepseek32b,implicature,swmimp117,1,2,3,0.254979
deepseek32b,implicature,swmimp117,1,3,4,0.132477
deepseek32b,implicature,swmimp117,1,4,5,0.149234
deepseek32b,implicature,swmimp117,2,1,2,0.254882
deepseek32b,implicature,swmimp117,2,2,3,0.247052
deepseek32b,implicature,swmimp117,2,3,4,0.233898
deepseek32b,implicature,swmimp117,2,4,5,0.297904
deepseek32b,implicature,swmimp117,3,1,2,0.4668
deepseek32b,implicature,swmimp117,3,2,3,0.1993
deepseek32b,implicature,swmimp117,3,3,4,0.136644
deepseek32b,implicature,swmimp117,3,4,5,0.442745
deepseek32b,implicature,swmimp118,1,1,2,0.462987
deepseek32b,implicature,swmimp118,1,2,3,0.303742
deepseek32b,implicature,swmimp118,1,3,4,0.055585
deepseek32b,implicature,swmimp118,2,1,2,0.151406
deepseek32b,implicature,swmimp118,2,2,3,0.261863
deepseek32b,implicature,swmimp118,2,3,4,0.190443
deepseek32b,implicature,swmimp118,3,1,2,0.400635
deepseek32b,implicature,swmimp118,3,2,3,0.487682
deepseek32b,implicature,swmimp118,3,3,4,0.274785
deepseek32b,implicature,swmimp119,1,1,2,0.110249
deepseek32b,implicature,swmimp119,1,2,3,0.150114
deepseek32b,implicature,swmimp119,1,3,4,0.294104
deepseek32b,implicature,swmimp119,1,4,5,0.109424
deepseek32b,implicature,swmimp119,1,5,6,0.061731
deepseek32b,implicature,swmimp119,1,6,7,0.120031
deepseek32b,implicature,swmimp119,1,7,8,0.134394
deepseek32b,implicature,swmimp119,1,8,9,0.208312
deepseek32b,implicature,swmimp119,1,9,10,0.15215
deepseek32b,implicature,swmimp119,1,10,11,0.117917
deepseek32b,implicature,swmimp119,1,11,12,0.065552
deepseek32b,implicature,swmimp119,1,12,13,0.099925
deepseek32b,implicature,swmimp119,1,13,14,0.184557
deepseek32b,implicature,swmimp119,1,14,15,0.180448
deepseek32b,implicature,swmimp119,1,15,16,0.123286
deepseek32b,implicature,swmimp119,1,16,17,0.168797
deepseek32b,implicature,swmimp119,1,17,18,0.149625
deepseek32b,implicature,swmimp119,1,18,19,0.09266
deepseek32b,implicature,swmimp119,1,19,20,0.211813
deepseek32b,implicature,swmimp119,1,20,21,0.201585
deepseek32b,implicature,swmimp119,2,1,2,0.124115
deepseek32b,implicature,swmimp119,2,2,3,0.105572
deepseek32b,implicature,swmimp119,2,3,4,0.194331
deepseek32b,implicature,swmimp119,2,4,5,0.094763
deepseek32b,implicature,swmimp119,2,5,6,0.191859
deepseek32b,implicature,swmimp119,2,6,7,0.240714
deepseek32b,implicature,swmimp119,2,7,8,0.031702
deepseek32b,implicature,swmimp119,2,8,9,0.170597
deepseek32b,implicature,swmimp119,2,9,10,0.126158
deepseek32b,implicature,swmimp119,2,10,11,0.14735
deepseek32b,implicature,swmimp119,2,11,12,0.137077
deepseek32b,implicature,swmimp119,2,12,13,0.11868
deepseek32b,implicature,swmimp119,2,13,14,0.189874
deepseek32b,implicature,swmimp119,2,14,15,0.096039
deepseek32b,implicature,swmimp119,2,15,16,0.220059
deepseek32b,implicature,swmimp119,2,16,17,0.183866
deepseek32b,implicature,swmimp119,2,17,18,0.065039
deepseek32b,implicature,swmimp119,2,18,19,0.061778
deepseek32b,implicature,swmimp119,2,19,20,0.084637
deepseek32b,implicature,swmimp119,2,20,21,0.085225
deepseek32b,implicature,swmimp119,3,1,2,0.093144
deepseek32b,implicature,swmimp119,3,2,3,0.030845
deepseek32b,implicature,swmimp119,3,3,4,0.0772
deepseek32b,implicature,swmimp119,3,4,5,0.187856
deepseek32b,implicature,swmimp119,3,5,6,0.224338
deepseek32b,implicature,swmimp119,3,6,7,0.102272
deepseek32b,implicature,swmimp119,3,7,8,0.188927
deepseek32b,implicature,swmimp119,3,8,9,0.175607
deepseek32b,implicature,swmimp119,3,9,10,0.233372
deepseek32b,implicature,swmimp119,3,10,11,0.120251
deepseek32b,implicature,swmimp119,3,11,12,0.065328
deepseek32b,implicature,swmimp119,3,12,13,0.239972
deepseek32b,implicature,swmimp119,3,13,14,0.164705
deepseek32b,implicature,swmimp119,3,14,15,0.196594
deepseek32b,implicature,swmimp119,3,15,16,0.172116
deepseek32b,implicature,swmimp119,3,16,17,0.117211
deepseek32b,implicature,swmimp119,3,17,18,0.085226
deepseek32b,implicature,swmimp119,3,18,19,0.103623
deepseek32b,implicature,swmimp119,3,19,20,0.090143
deepseek32b,implicature,swmimp119,3,20,21,0.117048
deepseek32b,implicature,swmimp120,1,1,2,0.111577
deepseek32b,implicature,swmimp120,1,2,3,0.230627
deepseek32b,implicature,swmimp120,1,3,4,0.295545
deepseek32b,implicature,swmimp120,1,4,5,0.352317
deepseek32b,implicature,swmimp120,1,5,6,0.367173
deepseek32b,implicature,swmimp120,1,6,7,0.141633
deepseek32b,implicature,swmimp120,2,1,2,0.478801
deepseek32b,implicature,swmimp120,2,2,3,0.478787
deepseek32b,implicature,swmimp120,2,3,4,0.44305
deepseek32b,implicature,swmimp120,2,4,5,0.200638
deepseek32b,implicature,swmimp120,2,5,6,0.380335
deepseek32b,implicature,swmimp120,2,6,7,0.46304
deepseek32b,implicature,swmimp120,3,1,2,0.197844
deepseek32b,implicature,swmimp120,3,2,3,0.299103
deepseek32b,implicature,swmimp120,3,3,4,0.348947
deepseek32b,implicature,swmimp120,3,4,5,0.341766
deepseek32b,implicature,swmimp120,3,5,6,0.481292
deepseek32b,implicature,swmimp120,3,6,7,0.269451
deepseek32b,implicature,swmimp121,1,1,2,0.308177
deepseek32b,implicature,swmimp121,1,2,3,0.276191
deepseek32b,implicature,swmimp121,1,3,4,0.050418
deepseek32b,implicature,swmimp121,1,4,5,0.381105
deepseek32b,implicature,swmimp121,1,5,6,0.288013
deepseek32b,implicature,swmimp121,1,6,7,0.198897
deepseek32b,implicature,swmimp121,1,7,8,0.421203
deepseek32b,implicature,swmimp121,1,8,9,0.120259
deepseek32b,implicature,swmimp121,2,1,2,0.254747
deepseek32b,implicature,swmimp121,2,2,3,0.225612
deepseek32b,implicature,swmimp121,2,3,4,0.318348
deepseek32b,implicature,swmimp121,2,4,5,0.221828
deepseek32b,implicature,swmimp121,2,5,6,0.099122
deepseek32b,implicature,swmimp121,2,6,7,0.334782
deepseek32b,implicature,swmimp121,2,7,8,0.42914
deepseek32b,implicature,swmimp121,2,8,9,0.172208
deepseek32b,implicature,swmimp121,3,1,2,0.381414
deepseek32b,implicature,swmimp121,3,2,3,0.302646
deepseek32b,implicature,swmimp121,3,3,4,0.454637
deepseek32b,implicature,swmimp121,3,4,5,0.208888
deepseek32b,implicature,swmimp121,3,5,6,0.269648
deepseek32b,implicature,swmimp121,3,6,7,0.35753
deepseek32b,implicature,swmimp121,3,7,8,0.360873
deepseek32b,implicature,swmimp121,3,8,9,0.076656
deepseek32b,implicature,swmimp122,1,1,2,0.327511
deepseek32b,implicature,swmimp122,1,2,3,0.227051
deepseek32b,implicature,swmimp122,2,1,2,0.221168
deepseek32b,implicature,swmimp122,2,2,3,0.253618
deepseek32b,implicature,swmimp122,3,1,2,0.224489
deepseek32b,implicature,swmimp122,3,2,3,0.326111
deepseek32b,implicature,swmimp123,1,1,2,0.395659
deepseek32b,implicature,swmimp123,1,2,3,0.196433
deepseek32b,implicature,swmimp123,1,3,4,0.284753
deepseek32b,implicature,swmimp123,1,4,5,0.217564
deepseek32b,implicature,swmimp123,1,5,6,0.29944
deepseek32b,implicature,swmimp123,1,6,7,0.274401
deepseek32b,implicature,swmimp123,2,1,2,0.15061
deepseek32b,implicature,swmimp123,2,2,3,0.261641
deepseek32b,implicature,swmimp123,2,3,4,0.391741
deepseek32b,implicature,swmimp123,2,4,5,0.294148
deepseek32b,implicature,swmimp123,2,5,6,0.283357
deepseek32b,implicature,swmimp123,2,6,7,0.430954
deepseek32b,implicature,swmimp123,3,1,2,0.26662
deepseek32b,implicature,swmimp123,3,2,3,0.272716
deepseek32b,implicature,swmimp123,3,3,4,0.458539
deepseek32b,implicature,swmimp123,3,4,5,0.34438
deepseek32b,implicature,swmimp123,3,5,6,0.339164
deepseek32b,implicature,swmimp123,3,6,7,0.213399
deepseek32b,implicature,swmimp124,1,1,2,0.296485
deepseek32b,implicature,swmimp124,1,2,3,0.244592
deepseek32b,implicature,swmimp124,1,3,4,0.249544
deepseek32b,implicature,swmimp124,1,4,5,0.417625
deepseek32b,implicature,swmimp124,1,5,6,0.275575
deepseek32b,implicature,swmimp124,1,6,7,0.598057
deepseek32b,implicature,swmimp124,1,7,8,0.35662
deepseek32b,implicature,swmimp124,1,8,9,0.327177
deepseek32b,implicature,swmimp124,1,9,10,0.271646
deepseek32b,implicature,swmimp124,1,10,11,0.174531
deepseek32b,implicature,swmimp124,1,11,12,0.286718
deepseek32b,implicature,swmimp124,1,12,13,0.326035
deepseek32b,implicature,swmimp124,1,13,14,0.405752
deepseek32b,implicature,swmimp124,1,14,15,0.402041
deepseek32b,implicature,swmimp124,2,1,2,0.067462
deepseek32b,implicature,swmimp124,2,2,3,0.326636
deepseek32b,implicature,swmimp124,2,3,4,0.293952
deepseek32b,implicature,swmimp124,2,4,5,0.105273
deepseek32b,implicature,swmimp124,2,5,6,0.593067
deepseek32b,implicature,swmimp124,2,6,7,0.561354
deepseek32b,implicature,swmimp124,2,7,8,0.029473
deepseek32b,implicature,swmimp124,2,8,9,0.489072
deepseek32b,implicature,swmimp124,2,9,10,0.09144
deepseek32b,implicature,swmimp124,2,10,11,0.189358
deepseek32b,implicature,swmimp124,2,11,12,0.486263
deepseek32b,implicature,swmimp124,2,12,13,0.338341
deepseek32b,implicature,swmimp124,2,13,14,0.17295
deepseek32b,implicature,swmimp124,2,14,15,0.213659
deepseek32b,implicature,swmimp124,3,1,2,0.492916
deepseek32b,implicature,swmimp124,3,2,3,0.431328
deepseek32b,implicature,swmimp124,3,3,4,0.124411
deepseek32b,implicature,swmimp124,3,4,5,0.170162
deepseek32b,implicature,swmimp124,3,5,6,0.151989
deepseek32b,implicature,swmimp124,3,6,7,0.439221
deepseek32b,implicature,swmimp124,3,7,8,0.232303
deepseek32b,implicature,swmimp124,3,8,9,0.206004
deepseek32b,implicature,swmimp124,3,9,10,0.280697
deepseek32b,implicature,swmimp124,3,10,11,0.252455
deepseek32b,implicature,swmimp124,3,11,12,0.27561
deepseek32b,implicature,swmimp124,3,12,13,0.149408
deepseek32b,implicature,swmimp124,3,13,14,0.147212
deepseek32b,implicature,swmimp124,3,14,15,0.272583
deepseek32b,implicature,swmimp125,1,1,2,0.199961
deepseek32b,implicature,swmimp125,1,2,3,0.169312
deepseek32b,implicature,swmimp125,1,3,4,0.144543
deepseek32b,implicature,swmimp125,1,4,5,0.177457
deepseek32b,implicature,swmimp125,1,5,6,0.133228
deepseek32b,implicature,swmimp125,1,6,7,0.175201
deepseek32b,implicature,swmimp125,1,7,8,0.215662
deepseek32b,implicature,swmimp125,1,8,9,0.229137
deepseek32b,implicature,swmimp125,1,9,10,0.217757
deepseek32b,implicature,swmimp125,1,10,11,0.174297
deepseek32b,implicature,swmimp125,1,11,12,0.11184
deepseek32b,implicature,swmimp125,1,12,13,0.102866
deepseek32b,implicature,swmimp125,1,13,14,0.243017
deepseek32b,implicature,swmimp125,1,14,15,0.335333
deepseek32b,implicature,swmimp125,2,1,2,0.097941
deepseek32b,implicature,swmimp125,2,2,3,0.123082
deepseek32b,implicature,swmimp125,2,3,4,0.156582
deepseek32b,implicature,swmimp125,2,4,5,0.177269
deepseek32b,implicature,swmimp125,2,5,6,0.113777
deepseek32b,implicature,swmimp125,2,6,7,0.104535
deepseek32b,implicature,swmimp125,2,7,8,0.133227
deepseek32b,implicature,swmimp125,2,8,9,0.188575
deepseek32b,implicature,swmimp125,2,9,10,0.207243
deepseek32b,implicature,swmimp125,2,10,11,0.102314
deepseek32b,implicature,swmimp125,2,11,12,0.183887
deepseek32b,implicature,swmimp125,2,12,13,0.151174
deepseek32b,implicature,swmimp125,2,13,14,0.113457
deepseek32b,implicature,swmimp125,2,14,15,0.247324
deepseek32b,implicature,swmimp125,3,1,2,0.084093
deepseek32b,implicature,swmimp125,3,2,3,0.086092
deepseek32b,implicature,swmimp125,3,3,4,0.11342
deepseek32b,implicature,swmimp125,3,4,5,0.112897
deepseek32b,implicature,swmimp125,3,5,6,0.062729
deepseek32b,implicature,swmimp125,3,6,7,0.066623
deepseek32b,implicature,swmimp125,3,7,8,0.047643
deepseek32b,implicature,swmimp125,3,8,9,0.107584
deepseek32b,implicature,swmimp125,3,9,10,0.157742
deepseek32b,implicature,swmimp125,3,10,11,0.176493
deepseek32b,implicature,swmimp125,3,11,12,0.187939
deepseek32b,implicature,swmimp125,3,12,13,0.202878
deepseek32b,implicature,swmimp125,3,13,14,0.195166
deepseek32b,implicature,swmimp125,3,14,15,0.13645
deepseek32b,implicature,swmimp126,1,1,2,0.313114
deepseek32b,implicature,swmimp126,1,2,3,0.239558
deepseek32b,implicature,swmimp126,1,3,4,0.138192
deepseek32b,implicature,swmimp126,1,4,5,0.198859
deepseek32b,implicature,swmimp126,1,5,6,0.19161
deepseek32b,implicature,swmimp126,1,6,7,0.441995
deepseek32b,implicature,swmimp126,1,7,8,0.647719
deepseek32b,implicature,swmimp126,1,8,9,0.394898
deepseek32b,implicature,swmimp126,2,1,2,0.231871
deepseek32b,implicature,swmimp126,2,2,3,0.241322
deepseek32b,implicature,swmimp126,2,3,4,0.114743
deepseek32b,implicature,swmimp126,2,4,5,0.266886
deepseek32b,implicature,swmimp126,2,5,6,0.255985
deepseek32b,implicature,swmimp126,2,6,7,0.092522
deepseek32b,implicature,swmimp126,2,7,8,0.500317
deepseek32b,implicature,swmimp126,2,8,9,0.580661
deepseek32b,implicature,swmimp126,3,1,2,0.30154
deepseek32b,implicature,swmimp126,3,2,3,0.097139
deepseek32b,implicature,swmimp126,3,3,4,0.270081
deepseek32b,implicature,swmimp126,3,4,5,0.170032
deepseek32b,implicature,swmimp126,3,5,6,0.067651
deepseek32b,implicature,swmimp126,3,6,7,0.156086
deepseek32b,implicature,swmimp126,3,7,8,0.112249
deepseek32b,implicature,swmimp126,3,8,9,0.141195
deepseek32b,implicature,swmimp127,1,1,2,0.177503
deepseek32b,implicature,swmimp127,1,2,3,0.305107
deepseek32b,implicature,swmimp127,1,3,4,0.443595
deepseek32b,implicature,swmimp127,1,4,5,0.380232
deepseek32b,implicature,swmimp127,1,5,6,0.087418
deepseek32b,implicature,swmimp127,1,6,7,0.119998
deepseek32b,implicature,swmimp127,1,7,8,0.157216
deepseek32b,implicature,swmimp127,1,8,9,0.438633
deepseek32b,implicature,swmimp127,1,9,10,0.191866
deepseek32b,implicature,swmimp127,2,1,2,0.195176
deepseek32b,implicature,swmimp127,2,2,3,0.105236
deepseek32b,implicature,swmimp127,2,3,4,0.077246
deepseek32b,implicature,swmimp127,2,4,5,0.119747
deepseek32b,implicature,swmimp127,2,5,6,0.164312
deepseek32b,implicature,swmimp127,2,6,7,0.12475
deepseek32b,implicature,swmimp127,2,7,8,0.208479
deepseek32b,implicature,swmimp127,2,8,9,0.101688
deepseek32b,implicature,swmimp127,2,9,10,0.204839
deepseek32b,implicature,swmimp127,3,1,2,0.315334
deepseek32b,implicature,swmimp127,3,2,3,0.316959
deepseek32b,implicature,swmimp127,3,3,4,0.176326
deepseek32b,implicature,swmimp127,3,4,5,0.108352
deepseek32b,implicature,swmimp127,3,5,6,0.211672
deepseek32b,implicature,swmimp127,3,6,7,0.136446
deepseek32b,implicature,swmimp127,3,7,8,0.086863
deepseek32b,implicature,swmimp127,3,8,9,0.140294
deepseek32b,implicature,swmimp127,3,9,10,0.312974
deepseek32b,implicature,swmimp128,1,1,2,0.206634
deepseek32b,implicature,swmimp128,1,2,3,0.161168
deepseek32b,implicature,swmimp128,1,3,4,0.163621
deepseek32b,implicature,swmimp128,1,4,5,0.315238
deepseek32b,implicature,swmimp128,1,5,6,0.41386
deepseek32b,implicature,swmimp128,1,6,7,0.401758
deepseek32b,implicature,swmimp128,1,7,8,0.283798
deepseek32b,implicature,swmimp128,1,8,9,0.286259
deepseek32b,implicature,swmimp128,1,9,10,0.300173
deepseek32b,implicature,swmimp128,1,10,11,0.115523
deepseek32b,implicature,swmimp128,1,11,12,0.158686
deepseek32b,implicature,swmimp128,1,12,13,0.140805
deepseek32b,implicature,swmimp128,1,13,14,0.191693
deepseek32b,implicature,swmimp128,1,14,15,0.027485
deepseek32b,implicature,swmimp128,1,15,16,0.117721
deepseek32b,implicature,swmimp128,2,1,2,0.259305
deepseek32b,implicature,swmimp128,2,2,3,0.349924
deepseek32b,implicature,swmimp128,2,3,4,0.246705
deepseek32b,implicature,swmimp128,2,4,5,0.135848
deepseek32b,implicature,swmimp128,2,5,6,0.476529
deepseek32b,implicature,swmimp128,2,6,7,0.413938
deepseek32b,implicature,swmimp128,2,7,8,0.13811
deepseek32b,implicature,swmimp128,2,8,9,0.465874
deepseek32b,implicature,swmimp128,2,9,10,0.306782
deepseek32b,implicature,swmimp128,2,10,11,0.244996
deepseek32b,implicature,swmimp128,2,11,12,0.390322
deepseek32b,implicature,swmimp128,2,12,13,0.33627
deepseek32b,implicature,swmimp128,2,13,14,0.379874
deepseek32b,implicature,swmimp128,2,14,15,0.240403
deepseek32b,implicature,swmimp128,2,15,16,0.11521
deepseek32b,implicature,swmimp128,3,1,2,0.135253
deepseek32b,implicature,swmimp128,3,2,3,0.36056
deepseek32b,implicature,swmimp128,3,3,4,0.445313
deepseek32b,implicature,swmimp128,3,4,5,0.168962
deepseek32b,implicature,swmimp128,3,5,6,0.241293
deepseek32b,implicature,swmimp128,3,6,7,0.446837
deepseek32b,implicature,swmimp128,3,7,8,0.279534
deepseek32b,implicature,swmimp128,3,8,9,0.430664
deepseek32b,implicature,swmimp128,3,9,10,0.583222
deepseek32b,implicature,swmimp128,3,10,11,0.097052
deepseek32b,implicature,swmimp128,3,11,12,0.107716
deepseek32b,implicature,swmimp128,3,12,13,0.064473
deepseek32b,implicature,swmimp128,3,13,14,0.097031
deepseek32b,implicature,swmimp128,3,14,15,0.047636
deepseek32b,implicature,swmimp128,3,15,16,0.12114
deepseek32b,implicature,swmimp129,1,1,2,0.243405
deepseek32b,implicature,swmimp129,1,2,3,0.311173
deepseek32b,implicature,swmimp129,1,3,4,0.092703
deepseek32b,implicature,swmimp129,1,4,5,0.170506
deepseek32b,implicature,swmimp129,1,5,6,0.241814
deepseek32b,implicature,swmimp129,1,6,7,0.251417
deepseek32b,implicature,swmimp129,1,7,8,0.271739
deepseek32b,implicature,swmimp129,1,8,9,0.232375
deepseek32b,implicature,swmimp129,1,9,10,0.21504
deepseek32b,implicature,swmimp129,1,10,11,0.203984
deepseek32b,implicature,swmimp129,1,11,12,0.160487
deepseek32b,implicature,swmimp129,1,12,13,0.15783
deepseek32b,implicature,swmimp129,2,1,2,0.145659
deepseek32b,implicature,swmimp129,2,2,3,0.292888
deepseek32b,implicature,swmimp129,2,3,4,0.290019
deepseek32b,implicature,swmimp129,2,4,5,0.09335
deepseek32b,implicature,swmimp129,2,5,6,0.295746
deepseek32b,implicature,swmimp129,2,6,7,0.245251
deepseek32b,implicature,swmimp129,2,7,8,0.062102
deepseek32b,implicature,swmimp129,2,8,9,0.231108
deepseek32b,implicature,swmimp129,2,9,10,0.407983
deepseek32b,implicature,swmimp129,2,10,11,0.372402
deepseek32b,implicature,swmimp129,2,11,12,0.434217
deepseek32b,implicature,swmimp129,2,12,13,0.320548
deepseek32b,implicature,swmimp129,3,1,2,0.127448
deepseek32b,implicature,swmimp129,3,2,3,0.013595
deepseek32b,implicature,swmimp129,3,3,4,0.236623
deepseek32b,implicature,swmimp129,3,4,5,0.244615
deepseek32b,implicature,swmimp129,3,5,6,0.213074
deepseek32b,implicature,swmimp129,3,6,7,0.145873
deepseek32b,implicature,swmimp129,3,7,8,0.409056
deepseek32b,implicature,swmimp129,3,8,9,0.613607
deepseek32b,implicature,swmimp129,3,9,10,0.371259
deepseek32b,implicature,swmimp129,3,10,11,0.146173
deepseek32b,implicature,swmimp129,3,11,12,0.227373
deepseek32b,implicature,swmimp129,3,12,13,0.055151
deepseek32b,implicature,swmimp130,1,1,2,0.361695
deepseek32b,implicature,swmimp130,1,2,3,0.330679
deepseek32b,implicature,swmimp130,1,3,4,0.071987
deepseek32b,implicature,swmimp130,1,4,5,0.169886
deepseek32b,implicature,swmimp130,1,5,6,0.034977
deepseek32b,implicature,swmimp130,1,6,7,0.088521
deepseek32b,implicature,swmimp130,1,7,8,0.408632
deepseek32b,implicature,swmimp130,1,8,9,0.33018
deepseek32b,implicature,swmimp130,1,9,10,0.027695
deepseek32b,implicature,swmimp130,2,1,2,0.298728
deepseek32b,implicature,swmimp130,2,2,3,0.328122
deepseek32b,implicature,swmimp130,2,3,4,0.174396
deepseek32b,implicature,swmimp130,2,4,5,0.144742
deepseek32b,implicature,swmimp130,2,5,6,0.203721
deepseek32b,implicature,swmimp130,2,6,7,0.19219
deepseek32b,implicature,swmimp130,2,7,8,0.182039
deepseek32b,implicature,swmimp130,2,8,9,0.171991
deepseek32b,implicature,swmimp130,2,9,10,0.105338
deepseek32b,implicature,swmimp130,3,1,2,0.164657
deepseek32b,implicature,swmimp130,3,2,3,0.087837
deepseek32b,implicature,swmimp130,3,3,4,0.091894
deepseek32b,implicature,swmimp130,3,4,5,0.114665
deepseek32b,implicature,swmimp130,3,5,6,0.148895
deepseek32b,implicature,swmimp130,3,6,7,0.055785
deepseek32b,implicature,swmimp130,3,7,8,0.19933
deepseek32b,implicature,swmimp130,3,8,9,0.183332
deepseek32b,implicature,swmimp130,3,9,10,0.1693
deepseek32b,implicature,swmimp131,1,1,2,0.135318
deepseek32b,implicature,swmimp131,1,2,3,0.14665
deepseek32b,implicature,swmimp131,1,3,4,0.374362
deepseek32b,implicature,swmimp131,1,4,5,0.366918
deepseek32b,implicature,swmimp131,1,5,6,0.311966
deepseek32b,implicature,swmimp131,1,6,7,0.233109
deepseek32b,implicature,swmimp131,2,1,2,0.188105
deepseek32b,implicature,swmimp131,2,2,3,0.356192
deepseek32b,implicature,swmimp131,2,3,4,0.397483
deepseek32b,implicature,swmimp131,2,4,5,0.393858
deepseek32b,implicature,swmimp131,2,5,6,0.25313
deepseek32b,implicature,swmimp131,2,6,7,0.387017
deepseek32b,implicature,swmimp131,3,1,2,0.206102
deepseek32b,implicature,swmimp131,3,2,3,0.239521
deepseek32b,implicature,swmimp131,3,3,4,0.280182
deepseek32b,implicature,swmimp131,3,4,5,0.323868
deepseek32b,implicature,swmimp131,3,5,6,0.471679
deepseek32b,implicature,swmimp131,3,6,7,0.427517
deepseek32b,implicature,swmimp132,1,1,2,0.370165
deepseek32b,implicature,swmimp132,1,2,3,0.156057
deepseek32b,implicature,swmimp132,1,3,4,0.204616
deepseek32b,implicature,swmimp132,1,4,5,0.043475
deepseek32b,implicature,swmimp132,1,5,6,0.043475
deepseek32b,implicature,swmimp132,1,6,7,0.182226
deepseek32b,implicature,swmimp132,1,7,8,0.226041
deepseek32b,implicature,swmimp132,1,8,9,0.238842
deepseek32b,implicature,swmimp132,1,9,10,0.105575
deepseek32b,implicature,swmimp132,1,10,11,0.254389
deepseek32b,implicature,swmimp132,2,1,2,0.190339
deepseek32b,implicature,swmimp132,2,2,3,0.151625
deepseek32b,implicature,swmimp132,2,3,4,0.350892
deepseek32b,implicature,swmimp132,2,4,5,0.446118
deepseek32b,implicature,swmimp132,2,5,6,0.33392
deepseek32b,implicature,swmimp132,2,6,7,0.201235
deepseek32b,implicature,swmimp132,2,7,8,0.235856
deepseek32b,implicature,swmimp132,2,8,9,0.301519
deepseek32b,implicature,swmimp132,2,9,10,0.267906
deepseek32b,implicature,swmimp132,2,10,11,0.373509
deepseek32b,implicature,swmimp132,3,1,2,0.166667
deepseek32b,implicature,swmimp132,3,2,3,0.187382
deepseek32b,implicature,swmimp132,3,3,4,0.098002
deepseek32b,implicature,swmimp132,3,4,5,0.17864
deepseek32b,implicature,swmimp132,3,5,6,0.220478
deepseek32b,implicature,swmimp132,3,6,7,0.239515
deepseek32b,implicature,swmimp132,3,7,8,0.089448
deepseek32b,implicature,swmimp132,3,8,9,0.125321
deepseek32b,implicature,swmimp132,3,9,10,0.084574
deepseek32b,implicature,swmimp132,3,10,11,0.340112
deepseek32b,implicature,swmimp133,1,1,2,0.168279
deepseek32b,implicature,swmimp133,1,2,3,0.213834
deepseek32b,implicature,swmimp133,1,3,4,0.053663
deepseek32b,implicature,swmimp133,1,4,5,0.181977
deepseek32b,implicature,swmimp133,1,5,6,0.08573
deepseek32b,implicature,swmimp133,2,1,2,0.174849
deepseek32b,implicature,swmimp133,2,2,3,0.136992
deepseek32b,implicature,swmimp133,2,3,4,0.091576
deepseek32b,implicature,swmimp133,2,4,5,0.089252
deepseek32b,implicature,swmimp133,2,5,6,0.122478
deepseek32b,implicature,swmimp133,3,1,2,0.588287
deepseek32b,implicature,swmimp133,3,2,3,0.210426
deepseek32b,implicature,swmimp133,3,3,4,0.374612
deepseek32b,implicature,swmimp133,3,4,5,0.353429
deepseek32b,implicature,swmimp133,3,5,6,0.182717
deepseek32b,implicature,swmimp134,1,1,2,0.311801
deepseek32b,implicature,swmimp134,1,2,3,0.148838
deepseek32b,implicature,swmimp134,1,3,4,0.064263
deepseek32b,implicature,swmimp134,1,4,5,0.323432
deepseek32b,implicature,swmimp134,1,5,6,0.372996
deepseek32b,implicature,swmimp134,1,6,7,0.413426
deepseek32b,implicature,swmimp134,2,1,2,0.236717
deepseek32b,implicature,swmimp134,2,2,3,0.249541
deepseek32b,implicature,swmimp134,2,3,4,0.279575
deepseek32b,implicature,swmimp134,2,4,5,0.298352
deepseek32b,implicature,swmimp134,2,5,6,0.373282
deepseek32b,implicature,swmimp134,2,6,7,0.366638
deepseek32b,implicature,swmimp134,3,1,2,0.215275
deepseek32b,implicature,swmimp134,3,2,3,0.267848
deepseek32b,implicature,swmimp134,3,3,4,0.362232
deepseek32b,implicature,swmimp134,3,4,5,0.292939
deepseek32b,implicature,swmimp134,3,5,6,0.107094
deepseek32b,implicature,swmimp134,3,6,7,0.2861
deepseek32b,implicature,swmimp135,1,1,2,0.136566
deepseek32b,implicature,swmimp135,1,2,3,0.360726
deepseek32b,implicature,swmimp135,1,3,4,0.264252
deepseek32b,implicature,swmimp135,1,4,5,0.204958
deepseek32b,implicature,swmimp135,1,5,6,0.168056
deepseek32b,implicature,swmimp135,1,6,7,0.169833
deepseek32b,implicature,swmimp135,1,7,8,0.333583
deepseek32b,implicature,swmimp135,1,8,9,0.303843
deepseek32b,implicature,swmimp135,2,1,2,0.234054
deepseek32b,implicature,swmimp135,2,2,3,0.128468
deepseek32b,implicature,swmimp135,2,3,4,0.085876
deepseek32b,implicature,swmimp135,2,4,5,0.262364
deepseek32b,implicature,swmimp135,2,5,6,0.42688
deepseek32b,implicature,swmimp135,2,6,7,0.308295
deepseek32b,implicature,swmimp135,2,7,8,0.219373
deepseek32b,implicature,swmimp135,2,8,9,0.144503
deepseek32b,implicature,swmimp135,3,1,2,0.416271
deepseek32b,implicature,swmimp135,3,2,3,0.086959
deepseek32b,implicature,swmimp135,3,3,4,0.448175
deepseek32b,implicature,swmimp135,3,4,5,0.193519
deepseek32b,implicature,swmimp135,3,5,6,0.312155
deepseek32b,implicature,swmimp135,3,6,7,0.380493
deepseek32b,implicature,swmimp135,3,7,8,0.42065
deepseek32b,implicature,swmimp135,3,8,9,0.03936
deepseek32b,implicature,swmimp136,1,1,2,0.319681
deepseek32b,implicature,swmimp136,1,2,3,0.184596
deepseek32b,implicature,swmimp136,1,3,4,0.281695
deepseek32b,implicature,swmimp136,1,4,5,0.394166
deepseek32b,implicature,swmimp136,1,5,6,0.270033
deepseek32b,implicature,swmimp136,2,1,2,0.307438
deepseek32b,implicature,swmimp136,2,2,3,0.118555
deepseek32b,implicature,swmimp136,2,3,4,0.512984
deepseek32b,implicature,swmimp136,2,4,5,0.295922
deepseek32b,implicature,swmimp136,2,5,6,0.105678
deepseek32b,implicature,swmimp136,3,1,2,0.210248
deepseek32b,implicature,swmimp136,3,2,3,0.270704
deepseek32b,implicature,swmimp136,3,3,4,0.263115
deepseek32b,implicature,swmimp136,3,4,5,0.21406
deepseek32b,implicature,swmimp136,3,5,6,0.250608
deepseek32b,implicature,swmimp137,1,1,2,0.528946
deepseek32b,implicature,swmimp137,1,2,3,0.138508
deepseek32b,implicature,swmimp137,1,3,4,0.261305
deepseek32b,implicature,swmimp137,2,1,2,0.430748
deepseek32b,implicature,swmimp137,2,2,3,0.155579
deepseek32b,implicature,swmimp137,2,3,4,0.328757
deepseek32b,implicature,swmimp137,3,1,2,0.442759
deepseek32b,implicature,swmimp137,3,2,3,0.38272
deepseek32b,implicature,swmimp137,3,3,4,0.449609
deepseek32b,implicature,swmimp138,1,1,2,0.301743
deepseek32b,implicature,swmimp138,1,2,3,0.270998
deepseek32b,implicature,swmimp138,1,3,4,0.332144
deepseek32b,implicature,swmimp138,1,4,5,0.520564
deepseek32b,implicature,swmimp138,1,5,6,0.561971
deepseek32b,implicature,swmimp138,2,1,2,0.267165
deepseek32b,implicature,swmimp138,2,2,3,0.356022
deepseek32b,implicature,swmimp138,2,3,4,0.374784
deepseek32b,implicature,swmimp138,2,4,5,0.285345
deepseek32b,implicature,swmimp138,2,5,6,0.209619
deepseek32b,implicature,swmimp138,3,1,2,0.415066
deepseek32b,implicature,swmimp138,3,2,3,0.24912
deepseek32b,implicature,swmimp138,3,3,4,0.151274
deepseek32b,implicature,swmimp138,3,4,5,0.275803
deepseek32b,implicature,swmimp138,3,5,6,0.372472
deepseek32b,implicature,swmimp139,1,1,2,0.089861
deepseek32b,implicature,swmimp139,1,2,3,0.395535
deepseek32b,implicature,swmimp139,1,3,4,0.312865
deepseek32b,implicature,swmimp139,1,4,5,0.254896
deepseek32b,implicature,swmimp139,1,5,6,0.222979
deepseek32b,implicature,swmimp139,1,6,7,0.186188
deepseek32b,implicature,swmimp139,1,7,8,0.172992
deepseek32b,implicature,swmimp139,2,1,2,0.141492
deepseek32b,implicature,swmimp139,2,2,3,0.518726
deepseek32b,implicature,swmimp139,2,3,4,0.409096
deepseek32b,implicature,swmimp139,2,4,5,0.376713
deepseek32b,implicature,swmimp139,2,5,6,0.28644
deepseek32b,implicature,swmimp139,2,6,7,0.263133
deepseek32b,implicature,swmimp139,2,7,8,0.279049
deepseek32b,implicature,swmimp139,3,1,2,0.2064
deepseek32b,implicature,swmimp139,3,2,3,0.046176
deepseek32b,implicature,swmimp139,3,3,4,0.26182
deepseek32b,implicature,swmimp139,3,4,5,0.290161
deepseek32b,implicature,swmimp139,3,5,6,0.046459
deepseek32b,implicature,swmimp139,3,6,7,0.23353
deepseek32b,implicature,swmimp139,3,7,8,0.192127
deepseek32b,implicature,swmimp140,1,1,2,0.287804
deepseek32b,implicature,swmimp140,1,2,3,0.237386
deepseek32b,implicature,swmimp140,1,3,4,0.320776
deepseek32b,implicature,swmimp140,1,4,5,0.438012
deepseek32b,implicature,swmimp140,1,5,6,0.359716
deepseek32b,implicature,swmimp140,1,6,7,0.199217
deepseek32b,implicature,swmimp140,1,7,8,0.127814
deepseek32b,implicature,swmimp140,1,8,9,0.231893
deepseek32b,implicature,swmimp140,1,9,10,0.098586
deepseek32b,implicature,swmimp140,1,10,11,0.111926
deepseek32b,implicature,swmimp140,1,11,12,0.275425
deepseek32b,implicature,swmimp140,1,12,13,0.09119
deepseek32b,implicature,swmimp140,1,13,14,0.174446
deepseek32b,implicature,swmimp140,1,14,15,0.278159
deepseek32b,implicature,swmimp140,1,15,16,0.228698
deepseek32b,implicature,swmimp140,1,16,17,0.208002
deepseek32b,implicature,swmimp140,1,17,18,0.240399
deepseek32b,implicature,swmimp140,1,18,19,0.134982
deepseek32b,implicature,swmimp140,1,19,20,0.249884
deepseek32b,implicature,swmimp140,1,20,21,0.246721
deepseek32b,implicature,swmimp140,1,21,22,0.133154
deepseek32b,implicature,swmimp140,1,22,23,0.203477
deepseek32b,implicature,swmimp140,1,23,24,0.369669
deepseek32b,implicature,swmimp140,1,24,25,0.308611
deepseek32b,implicature,swmimp140,1,25,26,0.212259
deepseek32b,implicature,swmimp140,1,26,27,0.209914
deepseek32b,implicature,swmimp140,1,27,28,0.257858
deepseek32b,implicature,swmimp140,1,28,29,0.367926
deepseek32b,implicature,swmimp140,1,29,30,0.305631
deepseek32b,implicature,swmimp140,1,30,31,0.154331
deepseek32b,implicature,swmimp140,1,31,32,0.262699
deepseek32b,implicature,swmimp140,1,32,33,0.374337
deepseek32b,implicature,swmimp140,1,33,34,0.293946
deepseek32b,implicature,swmimp140,1,34,35,0.210808
deepseek32b,implicature,swmimp140,1,35,36,0.284977
deepseek32b,implicature,swmimp140,1,36,37,0.269887
deepseek32b,implicature,swmimp140,2,1,2,0.071327
deepseek32b,implicature,swmimp140,2,2,3,0.276855
deepseek32b,implicature,swmimp140,2,3,4,0.206964
deepseek32b,implicature,swmimp140,2,4,5,0.155492
deepseek32b,implicature,swmimp140,2,5,6,0.170097
deepseek32b,implicature,swmimp140,2,6,7,0.323953
deepseek32b,implicature,swmimp140,2,7,8,0.281047
deepseek32b,implicature,swmimp140,2,8,9,0.286309
deepseek32b,implicature,swmimp140,2,9,10,0.204729
deepseek32b,implicature,swmimp140,2,10,11,0.306786
deepseek32b,implicature,swmimp140,2,11,12,0.299522
deepseek32b,implicature,swmimp140,2,12,13,0.239399
deepseek32b,implicature,swmimp140,2,13,14,0.207654
deepseek32b,implicature,swmimp140,2,14,15,0.165669
deepseek32b,implicature,swmimp140,2,15,16,0.182141
deepseek32b,implicature,swmimp140,2,16,17,0.123157
deepseek32b,implicature,swmimp140,2,17,18,0.268126
deepseek32b,implicature,swmimp140,2,18,19,0.085007
deepseek32b,implicature,swmimp140,2,19,20,0.30318
deepseek32b,implicature,swmimp140,2,20,21,0.290902
deepseek32b,implicature,swmimp140,2,21,22,0.200061
deepseek32b,implicature,swmimp140,2,22,23,0.334378
deepseek32b,implicature,swmimp140,2,23,24,0.389706
deepseek32b,implicature,swmimp140,2,24,25,0.362528
deepseek32b,implicature,swmimp140,2,25,26,0.162219
deepseek32b,implicature,swmimp140,2,26,27,0.199959
deepseek32b,implicature,swmimp140,2,27,28,0.222087
deepseek32b,implicature,swmimp140,2,28,29,0.34384
deepseek32b,implicature,swmimp140,2,29,30,0.286792
deepseek32b,implicature,swmimp140,2,30,31,0.227494
deepseek32b,implicature,swmimp140,2,31,32,0.189899
deepseek32b,implicature,swmimp140,2,32,33,0.294456
deepseek32b,implicature,swmimp140,2,33,34,0.194456
deepseek32b,implicature,swmimp140,2,34,35,0.050289
deepseek32b,implicature,swmimp140,2,35,36,0.230351
deepseek32b,implicature,swmimp140,2,36,37,0.176543
deepseek32b,implicature,swmimp140,3,1,2,0.281073
deepseek32b,implicature,swmimp140,3,2,3,0.199449
deepseek32b,implicature,swmimp140,3,3,4,0.169539
deepseek32b,implicature,swmimp140,3,4,5,0.012745
deepseek32b,implicature,swmimp140,3,5,6,0.223547
deepseek32b,implicature,swmimp140,3,6,7,0.158668
deepseek32b,implicature,swmimp140,3,7,8,0.420571
deepseek32b,implicature,swmimp140,3,8,9,0.269338
deepseek32b,implicature,swmimp140,3,9,10,0.354665
deepseek32b,implicature,swmimp140,3,10,11,0.420515
deepseek32b,implicature,swmimp140,3,11,12,0.24162
deepseek32b,implicature,swmimp140,3,12,13,0.155548
deepseek32b,implicature,swmimp140,3,13,14,0.26667
deepseek32b,implicature,swmimp140,3,14,15,0.348795
deepseek32b,implicature,swmimp140,3,15,16,0.342399
deepseek32b,implicature,swmimp140,3,16,17,0.14719
deepseek32b,implicature,swmimp140,3,17,18,0.176159
deepseek32b,implicature,swmimp140,3,18,19,0.240984
deepseek32b,implicature,swmimp140,3,19,20,0.384298
deepseek32b,implicature,swmimp140,3,20,21,0.310959
deepseek32b,implicature,swmimp140,3,21,22,0.282807
deepseek32b,implicature,swmimp140,3,22,23,0.406235
deepseek32b,implicature,swmimp140,3,23,24,0.314625
deepseek32b,implicature,swmimp140,3,24,25,0.236286
deepseek32b,implicature,swmimp140,3,25,26,0.142018
deepseek32b,implicature,swmimp140,3,26,27,0.118276
deepseek32b,implicature,swmimp140,3,27,28,0.171751
deepseek32b,implicature,swmimp140,3,28,29,0.190037
deepseek32b,implicature,swmimp140,3,29,30,0.218245
deepseek32b,implicature,swmimp140,3,30,31,0.130394
deepseek32b,implicature,swmimp140,3,31,32,0.259927
deepseek32b,implicature,swmimp140,3,32,33,0.076395
deepseek32b,implicature,swmimp140,3,33,34,0.178439
deepseek32b,implicature,swmimp140,3,34,35,0.278552
deepseek32b,implicature,swmimp140,3,35,36,0.148942
deepseek32b,implicature,swmimp140,3,36,37,0.193044
deepseek32b,implicature,swmimp141,1,1,2,0.045474
deepseek32b,implicature,swmimp141,1,2,3,0.038085
deepseek32b,implicature,swmimp141,1,3,4,0.197872
deepseek32b,implicature,swmimp141,1,4,5,0.194403
deepseek32b,implicature,swmimp141,1,5,6,0.243207
deepseek32b,implicature,swmimp141,1,6,7,0.174854
deepseek32b,implicature,swmimp141,1,7,8,0.144682
deepseek32b,implicature,swmimp141,1,8,9,0.115309
deepseek32b,implicature,swmimp141,1,9,10,0.076897
deepseek32b,implicature,swmimp141,1,10,11,0.019126
deepseek32b,implicature,swmimp141,2,1,2,0.039785
deepseek32b,implicature,swmimp141,2,2,3,0.039218
deepseek32b,implicature,swmimp141,2,3,4,0.056076
deepseek32b,implicature,swmimp141,2,4,5,0.150089
deepseek32b,implicature,swmimp141,2,5,6,0.114268
deepseek32b,implicature,swmimp141,2,6,7,0.15757
deepseek32b,implicature,swmimp141,2,7,8,0.119268
deepseek32b,implicature,swmimp141,2,8,9,0.194817
deepseek32b,implicature,swmimp141,2,9,10,0.14319
deepseek32b,implicature,swmimp141,2,10,11,0.10073
deepseek32b,implicature,swmimp141,3,1,2,0.159686
deepseek32b,implicature,swmimp141,3,2,3,0.034199
deepseek32b,implicature,swmimp141,3,3,4,0.12661
deepseek32b,implicature,swmimp141,3,4,5,0.120749
deepseek32b,implicature,swmimp141,3,5,6,0.217264
deepseek32b,implicature,swmimp141,3,6,7,0.12329
deepseek32b,implicature,swmimp141,3,7,8,0.081445
deepseek32b,implicature,swmimp141,3,8,9,0.136076
deepseek32b,implicature,swmimp141,3,9,10,0.133403
deepseek32b,implicature,swmimp141,3,10,11,0.189341
deepseek32b,implicature,swmimp142,1,1,2,0.216315
deepseek32b,implicature,swmimp142,1,2,3,0.224271
deepseek32b,implicature,swmimp142,1,3,4,0.353471
deepseek32b,implicature,swmimp142,1,4,5,0.231573
deepseek32b,implicature,swmimp142,1,5,6,0.155766
deepseek32b,implicature,swmimp142,1,6,7,0.316756
deepseek32b,implicature,swmimp142,1,7,8,0.21085
deepseek32b,implicature,swmimp142,1,8,9,0.069544
deepseek32b,implicature,swmimp142,1,9,10,0.129331
deepseek32b,implicature,swmimp142,2,1,2,0.288806
deepseek32b,implicature,swmimp142,2,2,3,0.28139
deepseek32b,implicature,swmimp142,2,3,4,0.275421
deepseek32b,implicature,swmimp142,2,4,5,0.378192
deepseek32b,implicature,swmimp142,2,5,6,0.429069
deepseek32b,implicature,swmimp142,2,6,7,0.065411
deepseek32b,implicature,swmimp142,2,7,8,0.099537
deepseek32b,implicature,swmimp142,2,8,9,0.262482
deepseek32b,implicature,swmimp142,2,9,10,0.238765
deepseek32b,implicature,swmimp142,3,1,2,0.355624
deepseek32b,implicature,swmimp142,3,2,3,0.359834
deepseek32b,implicature,swmimp142,3,3,4,0.314681
deepseek32b,implicature,swmimp142,3,4,5,0.406847
deepseek32b,implicature,swmimp142,3,5,6,0.399946
deepseek32b,implicature,swmimp142,3,6,7,0.128345
deepseek32b,implicature,swmimp142,3,7,8,0.207487
deepseek32b,implicature,swmimp142,3,8,9,0.220343
deepseek32b,implicature,swmimp142,3,9,10,0.286246
deepseek32b,implicature,swmimp143,1,1,2,0.430151
deepseek32b,implicature,swmimp143,1,2,3,0.275403
deepseek32b,implicature,swmimp143,1,3,4,0.201016
deepseek32b,implicature,swmimp143,1,4,5,0.00106
deepseek32b,implicature,swmimp143,1,5,6,0.041446
deepseek32b,implicature,swmimp143,1,6,7,0.038774
deepseek32b,implicature,swmimp143,1,7,8,0.171912
deepseek32b,implicature,swmimp143,1,8,9,0.171912
deepseek32b,implicature,swmimp143,1,9,10,0.156281
deepseek32b,implicature,swmimp143,1,10,11,0.156281
deepseek32b,implicature,swmimp143,1,11,12,0.338215
deepseek32b,implicature,swmimp143,1,12,13,0.340714
deepseek32b,implicature,swmimp143,1,13,14,0.041446
deepseek32b,implicature,swmimp143,1,14,15,0.038774
deepseek32b,implicature,swmimp143,1,15,16,0.000742
deepseek32b,implicature,swmimp143,1,16,17,0.0
deepseek32b,implicature,swmimp143,1,17,18,0.273325
deepseek32b,implicature,swmimp143,2,1,2,0.395327
deepseek32b,implicature,swmimp143,2,2,3,0.252348
deepseek32b,implicature,swmimp143,2,3,4,0.232552
deepseek32b,implicature,swmimp143,2,4,5,0.352206
deepseek32b,implicature,swmimp143,2,5,6,0.00106
deepseek32b,implicature,swmimp143,2,6,7,0.045196
deepseek32b,implicature,swmimp143,2,7,8,0.165563
deepseek32b,implicature,swmimp143,2,8,9,0.159034
deepseek32b,implicature,swmimp143,2,9,10,0.355877
deepseek32b,implicature,swmimp143,2,10,11,0.354342
deepseek32b,implicature,swmimp143,2,11,12,0.0
deepseek32b,implicature,swmimp143,2,12,13,0.001726
deepseek32b,implicature,swmimp143,2,13,14,0.107321
deepseek32b,implicature,swmimp143,2,14,15,0.154412
deepseek32b,implicature,swmimp143,2,15,16,0.228639
deepseek32b,implicature,swmimp143,2,16,17,0.216865
deepseek32b,implicature,swmimp143,2,17,18,0.330322
deepseek32b,implicature,swmimp143,3,1,2,0.354203
deepseek32b,implicature,swmimp143,3,2,3,0.108397
deepseek32b,implicature,swmimp143,3,3,4,0.35832
deepseek32b,implicature,swmimp143,3,4,5,0.035768
deepseek32b,implicature,swmimp143,3,5,6,0.363779
deepseek32b,implicature,swmimp143,3,6,7,0.249518
deepseek32b,implicature,swmimp143,3,7,8,0.339926
deepseek32b,implicature,swmimp143,3,8,9,0.221501
deepseek32b,implicature,swmimp143,3,9,10,0.166921
deepseek32b,implicature,swmimp143,3,10,11,0.209724
deepseek32b,implicature,swmimp143,3,11,12,0.241587
deepseek32b,implicature,swmimp143,3,12,13,0.241209
deepseek32b,implicature,swmimp143,3,13,14,0.140439
deepseek32b,implicature,swmimp143,3,14,15,0.070041
deepseek32b,implicature,swmimp143,3,15,16,0.168571
deepseek32b,implicature,swmimp143,3,16,17,0.261829
deepseek32b,implicature,swmimp143,3,17,18,0.402944
deepseek32b,implicature,swmimp144,1,1,2,0.318371
deepseek32b,implicature,swmimp144,1,2,3,0.345608
deepseek32b,implicature,swmimp144,1,3,4,0.368032
deepseek32b,implicature,swmimp144,1,4,5,0.333995
deepseek32b,implicature,swmimp144,1,5,6,0.148407
deepseek32b,implicature,swmimp144,1,6,7,0.162975
deepseek32b,implicature,swmimp144,1,7,8,0.161275
deepseek32b,implicature,swmimp144,1,8,9,0.225035
deepseek32b,implicature,swmimp144,1,9,10,0.348183
deepseek32b,implicature,swmimp144,1,10,11,0.167604
deepseek32b,implicature,swmimp144,1,11,12,0.321758
deepseek32b,implicature,swmimp144,1,12,13,0.286252
deepseek32b,implicature,swmimp144,1,13,14,0.379621
deepseek32b,implicature,swmimp144,1,14,15,0.182216
deepseek32b,implicature,swmimp144,1,15,16,0.51177
deepseek32b,implicature,swmimp144,1,16,17,0.409511
deepseek32b,implicature,swmimp144,1,17,18,0.26766
deepseek32b,implicature,swmimp144,1,18,19,0.319022
deepseek32b,implicature,swmimp144,1,19,20,0.319865
deepseek32b,implicature,swmimp144,1,20,21,0.42969
deepseek32b,implicature,swmimp144,1,21,22,0.122246
deepseek32b,implicature,swmimp144,1,22,23,0.318642
deepseek32b,implicature,swmimp144,2,1,2,0.128731
deepseek32b,implicature,swmimp144,2,2,3,0.127954
deepseek32b,implicature,swmimp144,2,3,4,0.239585
deepseek32b,implicature,swmimp144,2,4,5,0.32641
deepseek32b,implicature,swmimp144,2,5,6,0.295379
deepseek32b,implicature,swmimp144,2,6,7,0.45764
deepseek32b,implicature,swmimp144,2,7,8,0.463316
deepseek32b,implicature,swmimp144,2,8,9,0.143534
deepseek32b,implicature,swmimp144,2,9,10,0.145616
deepseek32b,implicature,swmimp144,2,10,11,0.294905
deepseek32b,implicature,swmimp144,2,11,12,0.525366
deepseek32b,implicature,swmimp144,2,12,13,0.550194
deepseek32b,implicature,swmimp144,2,13,14,0.344854
deepseek32b,implicature,swmimp144,2,14,15,0.319234
deepseek32b,implicature,swmimp144,2,15,16,0.347726
deepseek32b,implicature,swmimp144,2,16,17,0.415974
deepseek32b,implicature,swmimp144,2,17,18,0.246189
deepseek32b,implicature,swmimp144,2,18,19,0.453132
deepseek32b,implicature,swmimp144,2,19,20,0.165094
deepseek32b,implicature,swmimp144,2,20,21,0.439011
deepseek32b,implicature,swmimp144,2,21,22,0.388408
deepseek32b,implicature,swmimp144,2,22,23,0.377103
deepseek32b,implicature,swmimp144,3,1,2,0.257903
deepseek32b,implicature,swmimp144,3,2,3,0.314066
deepseek32b,implicature,swmimp144,3,3,4,0.168567
deepseek32b,implicature,swmimp144,3,4,5,0.176434
deepseek32b,implicature,swmimp144,3,5,6,0.374121
deepseek32b,implicature,swmimp144,3,6,7,0.183634
deepseek32b,implicature,swmimp144,3,7,8,0.290414
deepseek32b,implicature,swmimp144,3,8,9,0.303642
deepseek32b,implicature,swmimp144,3,9,10,0.208206
deepseek32b,implicature,swmimp144,3,10,11,0.249631
deepseek32b,implicature,swmimp144,3,11,12,0.352141
deepseek32b,implicature,swmimp144,3,12,13,0.352338
deepseek32b,implicature,swmimp144,3,13,14,0.299044
deepseek32b,implicature,swmimp144,3,14,15,0.23371
deepseek32b,implicature,swmimp144,3,15,16,0.325184
deepseek32b,implicature,swmimp144,3,16,17,0.133534
deepseek32b,implicature,swmimp144,3,17,18,0.299199
deepseek32b,implicature,swmimp144,3,18,19,0.163253
deepseek32b,implicature,swmimp144,3,19,20,0.155244
deepseek32b,implicature,swmimp144,3,20,21,0.054525
deepseek32b,implicature,swmimp144,3,21,22,0.375566
deepseek32b,implicature,swmimp144,3,22,23,0.401871
deepseek32b,implicature,swmimp145,1,1,2,0.302442
deepseek32b,implicature,swmimp145,1,2,3,0.385461
deepseek32b,implicature,swmimp145,1,3,4,0.131173
deepseek32b,implicature,swmimp145,2,1,2,0.198736
deepseek32b,implicature,swmimp145,2,2,3,0.181219
deepseek32b,implicature,swmimp145,2,3,4,0.163014
deepseek32b,implicature,swmimp145,3,1,2,0.211053
deepseek32b,implicature,swmimp145,3,2,3,0.377593
deepseek32b,implicature,swmimp145,3,3,4,0.463103
deepseek32b,implicature,swmimp146,1,1,2,0.231251
deepseek32b,implicature,swmimp146,1,2,3,0.188833
deepseek32b,implicature,swmimp146,1,3,4,0.296821
deepseek32b,implicature,swmimp146,1,4,5,0.240361
deepseek32b,implicature,swmimp146,1,5,6,0.283165
deepseek32b,implicature,swmimp146,1,6,7,0.17744
deepseek32b,implicature,swmimp146,1,7,8,0.166359
deepseek32b,implicature,swmimp146,1,8,9,0.195456
deepseek32b,implicature,swmimp146,1,9,10,0.200271
deepseek32b,implicature,swmimp146,1,10,11,0.196209
deepseek32b,implicature,swmimp146,1,11,12,0.109613
deepseek32b,implicature,swmimp146,1,12,13,0.111348
deepseek32b,implicature,swmimp146,1,13,14,0.103188
deepseek32b,implicature,swmimp146,1,14,15,0.147666
deepseek32b,implicature,swmimp146,1,15,16,0.143883
deepseek32b,implicature,swmimp146,1,16,17,0.215031
deepseek32b,implicature,swmimp146,1,17,18,0.098926
deepseek32b,implicature,swmimp146,1,18,19,0.043185
deepseek32b,implicature,swmimp146,1,19,20,0.006943
deepseek32b,implicature,swmimp146,1,20,21,0.04875
deepseek32b,implicature,swmimp146,1,21,22,0.067543
deepseek32b,implicature,swmimp146,1,22,23,0.176509
deepseek32b,implicature,swmimp146,1,23,24,0.589547
deepseek32b,implicature,swmimp146,1,24,25,0.6003
deepseek32b,implicature,swmimp146,1,25,26,0.079712
deepseek32b,implicature,swmimp146,1,26,27,0.113872
deepseek32b,implicature,swmimp146,1,27,28,0.203687
deepseek32b,implicature,swmimp146,1,28,29,0.14858
deepseek32b,implicature,swmimp146,1,29,30,0.029036
deepseek32b,implicature,swmimp146,2,1,2,0.530658
deepseek32b,implicature,swmimp146,2,2,3,0.409555
deepseek32b,implicature,swmimp146,2,3,4,0.196132
deepseek32b,implicature,swmimp146,2,4,5,0.086614
deepseek32b,implicature,swmimp146,2,5,6,0.447698
deepseek32b,implicature,swmimp146,2,6,7,0.503599
deepseek32b,implicature,swmimp146,2,7,8,0.059916
deepseek32b,implicature,swmimp146,2,8,9,0.136227
deepseek32b,implicature,swmimp146,2,9,10,0.172637
deepseek32b,implicature,swmimp146,2,10,11,0.090339
deepseek32b,implicature,swmimp146,2,11,12,0.131137
deepseek32b,implicature,swmimp146,2,12,13,0.088996
deepseek32b,implicature,swmimp146,2,13,14,0.134031
deepseek32b,implicature,swmimp146,2,14,15,0.246423
deepseek32b,implicature,swmimp146,2,15,16,0.077781
deepseek32b,implicature,swmimp146,2,16,17,0.101337
deepseek32b,implicature,swmimp146,2,17,18,0.154825
deepseek32b,implicature,swmimp146,2,18,19,0.214943
deepseek32b,implicature,swmimp146,2,19,20,0.155396
deepseek32b,implicature,swmimp146,2,20,21,0.052616
deepseek32b,implicature,swmimp146,2,21,22,0.223241
deepseek32b,implicature,swmimp146,2,22,23,0.163216
deepseek32b,implicature,swmimp146,2,23,24,0.162276
deepseek32b,implicature,swmimp146,2,24,25,0.113524
deepseek32b,implicature,swmimp146,2,25,26,0.172196
deepseek32b,implicature,swmimp146,2,26,27,0.120355
deepseek32b,implicature,swmimp146,2,27,28,0.06881
deepseek32b,implicature,swmimp146,2,28,29,0.190701
deepseek32b,implicature,swmimp146,2,29,30,0.217855
deepseek32b,implicature,swmimp146,3,1,2,0.202436
deepseek32b,implicature,swmimp146,3,2,3,0.190044
deepseek32b,implicature,swmimp146,3,3,4,0.084128
deepseek32b,implicature,swmimp146,3,4,5,0.040819
deepseek32b,implicature,swmimp146,3,5,6,0.388845
deepseek32b,implicature,swmimp146,3,6,7,0.323991
deepseek32b,implicature,swmimp146,3,7,8,0.23257
deepseek32b,implicature,swmimp146,3,8,9,0.194574
deepseek32b,implicature,swmimp146,3,9,10,0.158042
deepseek32b,implicature,swmimp146,3,10,11,0.087523
deepseek32b,implicature,swmimp146,3,11,12,0.060226
deepseek32b,implicature,swmimp146,3,12,13,0.388823
deepseek32b,implicature,swmimp146,3,13,14,0.398822
deepseek32b,implicature,swmimp146,3,14,15,0.070646
deepseek32b,implicature,swmimp146,3,15,16,0.248099
deepseek32b,implicature,swmimp146,3,16,17,0.09756
deepseek32b,implicature,swmimp146,3,17,18,0.168063
deepseek32b,implicature,swmimp146,3,18,19,0.115668
deepseek32b,implicature,swmimp146,3,19,20,0.162048
deepseek32b,implicature,swmimp146,3,20,21,0.118901
deepseek32b,implicature,swmimp146,3,21,22,0.176209
deepseek32b,implicature,swmimp146,3,22,23,0.162977
deepseek32b,implicature,swmimp146,3,23,24,0.213304
deepseek32b,implicature,swmimp146,3,24,25,0.049869
deepseek32b,implicature,swmimp146,3,25,26,0.105321
deepseek32b,implicature,swmimp146,3,26,27,0.062074
deepseek32b,implicature,swmimp146,3,27,28,0.204258
deepseek32b,implicature,swmimp146,3,28,29,0.185939
deepseek32b,implicature,swmimp146,3,29,30,0.118685
deepseek32b,implicature,swmimp147,1,1,2,0.311864
deepseek32b,implicature,swmimp147,1,2,3,0.213066
deepseek32b,implicature,swmimp147,1,3,4,0.213486
deepseek32b,implicature,swmimp147,1,4,5,0.237878
deepseek32b,implicature,swmimp147,1,5,6,0.137392
deepseek32b,implicature,swmimp147,1,6,7,0.205032
deepseek32b,implicature,swmimp147,1,7,8,0.319834
deepseek32b,implicature,swmimp147,1,8,9,0.173832
deepseek32b,implicature,swmimp147,1,9,10,0.22869
deepseek32b,implicature,swmimp147,2,1,2,0.376132
deepseek32b,implicature,swmimp147,2,2,3,0.336645
deepseek32b,implicature,swmimp147,2,3,4,0.239883
deepseek32b,implicature,swmimp147,2,4,5,0.200601
deepseek32b,implicature,swmimp147,2,5,6,0.338411
deepseek32b,implicature,swmimp147,2,6,7,0.076638
deepseek32b,implicature,swmimp147,2,7,8,0.374101
deepseek32b,implicature,swmimp147,2,8,9,0.108672
deepseek32b,implicature,swmimp147,2,9,10,0.318733
deepseek32b,implicature,swmimp147,3,1,2,0.163645
deepseek32b,implicature,swmimp147,3,2,3,0.26475
deepseek32b,implicature,swmimp147,3,3,4,0.423015
deepseek32b,implicature,swmimp147,3,4,5,0.355949
deepseek32b,implicature,swmimp147,3,5,6,0.37646
deepseek32b,implicature,swmimp147,3,6,7,0.27895
deepseek32b,implicature,swmimp147,3,7,8,0.228193
deepseek32b,implicature,swmimp147,3,8,9,0.334594
deepseek32b,implicature,swmimp147,3,9,10,0.322745
deepseek32b,implicature,swmimp148,1,1,2,0.212226
deepseek32b,implicature,swmimp148,1,2,3,0.271502
deepseek32b,implicature,swmimp148,1,3,4,0.359207
deepseek32b,implicature,swmimp148,1,4,5,0.431902
deepseek32b,implicature,swmimp148,1,5,6,0.303084
deepseek32b,implicature,swmimp148,1,6,7,0.383673
deepseek32b,implicature,swmimp148,1,7,8,0.249879
deepseek32b,implicature,swmimp148,1,8,9,0.302685
deepseek32b,implicature,swmimp148,1,9,10,0.173687
deepseek32b,implicature,swmimp148,1,10,11,0.299855
deepseek32b,implicature,swmimp148,1,11,12,0.163729
deepseek32b,implicature,swmimp148,1,12,13,0.361431
deepseek32b,implicature,swmimp148,1,13,14,0.246075
deepseek32b,implicature,swmimp148,2,1,2,0.272285
deepseek32b,implicature,swmimp148,2,2,3,0.341258
deepseek32b,implicature,swmimp148,2,3,4,0.354281
deepseek32b,implicature,swmimp148,2,4,5,0.390363
deepseek32b,implicature,swmimp148,2,5,6,0.149525
deepseek32b,implicature,swmimp148,2,6,7,0.399345
deepseek32b,implicature,swmimp148,2,7,8,0.378459
deepseek32b,implicature,swmimp148,2,8,9,0.255983
deepseek32b,implicature,swmimp148,2,9,10,0.194888
deepseek32b,implicature,swmimp148,2,10,11,0.123179
deepseek32b,implicature,swmimp148,2,11,12,0.118492
deepseek32b,implicature,swmimp148,2,12,13,0.300873
deepseek32b,implicature,swmimp148,2,13,14,0.304509
deepseek32b,implicature,swmimp148,3,1,2,0.124823
deepseek32b,implicature,swmimp148,3,2,3,0.26759
deepseek32b,implicature,swmimp148,3,3,4,0.179479
deepseek32b,implicature,swmimp148,3,4,5,0.146741
deepseek32b,implicature,swmimp148,3,5,6,0.292436
deepseek32b,implicature,swmimp148,3,6,7,0.294904
deepseek32b,implicature,swmimp148,3,7,8,0.060169
deepseek32b,implicature,swmimp148,3,8,9,0.155447
deepseek32b,implicature,swmimp148,3,9,10,0.339599
deepseek32b,implicature,swmimp148,3,10,11,0.411589
deepseek32b,implicature,swmimp148,3,11,12,0.164678
deepseek32b,implicature,swmimp148,3,12,13,0.183857
deepseek32b,implicature,swmimp148,3,13,14,0.264814
deepseek32b,implicature,swmimp149,1,1,2,0.243306
deepseek32b,implicature,swmimp149,1,2,3,0.216423
deepseek32b,implicature,swmimp149,1,3,4,0.241689
deepseek32b,implicature,swmimp149,1,4,5,0.150297
deepseek32b,implicature,swmimp149,1,5,6,0.265649
deepseek32b,implicature,swmimp149,1,6,7,0.321123
deepseek32b,implicature,swmimp149,1,7,8,0.162272
deepseek32b,implicature,swmimp149,1,8,9,0.341967
deepseek32b,implicature,swmimp149,1,9,10,0.321127
deepseek32b,implicature,swmimp149,1,10,11,0.302084
deepseek32b,implicature,swmimp149,2,1,2,0.42471
deepseek32b,implicature,swmimp149,2,2,3,0.050359
deepseek32b,implicature,swmimp149,2,3,4,0.430157
deepseek32b,implicature,swmimp149,2,4,5,0.384403
deepseek32b,implicature,swmimp149,2,5,6,0.111044
deepseek32b,implicature,swmimp149,2,6,7,0.086982
deepseek32b,implicature,swmimp149,2,7,8,0.254164
deepseek32b,implicature,swmimp149,2,8,9,0.162363
deepseek32b,implicature,swmimp149,2,9,10,0.06966
deepseek32b,implicature,swmimp149,2,10,11,0.226906
deepseek32b,implicature,swmimp149,3,1,2,0.198836
deepseek32b,implicature,swmimp149,3,2,3,0.287905
deepseek32b,implicature,swmimp149,3,3,4,0.210046
deepseek32b,implicature,swmimp149,3,4,5,0.135753
deepseek32b,implicature,swmimp149,3,5,6,0.065672
deepseek32b,implicature,swmimp149,3,6,7,0.061207
deepseek32b,implicature,swmimp149,3,7,8,0.453936
deepseek32b,implicature,swmimp149,3,8,9,0.419395
deepseek32b,implicature,swmimp149,3,9,10,0.214665
deepseek32b,implicature,swmimp149,3,10,11,0.10526
deepseek32b,implicature,swmimp150,1,1,2,0.271659
deepseek32b,implicature,swmimp150,1,2,3,0.432349
deepseek32b,implicature,swmimp150,1,3,4,0.192364
deepseek32b,implicature,swmimp150,1,4,5,0.295314
deepseek32b,implicature,swmimp150,1,5,6,0.179347
deepseek32b,implicature,swmimp150,2,1,2,0.299392
deepseek32b,implicature,swmimp150,2,2,3,0.287543
deepseek32b,implicature,swmimp150,2,3,4,0.306914
deepseek32b,implicature,swmimp150,2,4,5,0.281574
deepseek32b,implicature,swmimp150,2,5,6,0.270969
deepseek32b,implicature,swmimp150,3,1,2,0.264266
deepseek32b,implicature,swmimp150,3,2,3,0.174856
deepseek32b,implicature,swmimp150,3,3,4,0.356407
deepseek32b,implicature,swmimp150,3,4,5,0.337255
deepseek32b,implicature,swmimp150,3,5,6,0.28254
deepseek32b,implicature,swmimp151,1,1,2,0.3136
deepseek32b,implicature,swmimp151,1,2,3,0.149002
deepseek32b,implicature,swmimp151,1,3,4,0.251405
deepseek32b,implicature,swmimp151,1,4,5,0.292066
deepseek32b,implicature,swmimp151,1,5,6,0.258072
deepseek32b,implicature,swmimp151,1,6,7,0.132393
deepseek32b,implicature,swmimp151,1,7,8,0.100417
deepseek32b,implicature,swmimp151,2,1,2,0.145548
deepseek32b,implicature,swmimp151,2,2,3,0.109596
deepseek32b,implicature,swmimp151,2,3,4,0.060501
deepseek32b,implicature,swmimp151,2,4,5,0.116395
deepseek32b,implicature,swmimp151,2,5,6,0.103273
deepseek32b,implicature,swmimp151,2,6,7,0.132592
deepseek32b,implicature,swmimp151,2,7,8,0.162383
deepseek32b,implicature,swmimp151,3,1,2,0.328761
deepseek32b,implicature,swmimp151,3,2,3,0.345683
deepseek32b,implicature,swmimp151,3,3,4,0.187258
deepseek32b,implicature,swmimp151,3,4,5,0.253962
deepseek32b,implicature,swmimp151,3,5,6,0.278307
deepseek32b,implicature,swmimp151,3,6,7,0.188742
deepseek32b,implicature,swmimp151,3,7,8,0.187863
deepseek32b,implicature,swmimp152,1,1,2,0.469521
deepseek32b,implicature,swmimp152,1,2,3,0.277996
deepseek32b,implicature,swmimp152,1,3,4,0.313108
deepseek32b,implicature,swmimp152,1,4,5,0.132836
deepseek32b,implicature,swmimp152,1,5,6,0.157563
deepseek32b,implicature,swmimp152,1,6,7,0.134377
deepseek32b,implicature,swmimp152,1,7,8,0.124682
deepseek32b,implicature,swmimp152,1,8,9,0.053803
deepseek32b,implicature,swmimp152,1,9,10,0.09934
deepseek32b,implicature,swmimp152,2,1,2,0.241089
deepseek32b,implicature,swmimp152,2,2,3,0.039594
deepseek32b,implicature,swmimp152,2,3,4,0.235015
deepseek32b,implicature,swmimp152,2,4,5,0.020668
deepseek32b,implicature,swmimp152,2,5,6,0.218336
deepseek32b,implicature,swmimp152,2,6,7,0.187567
deepseek32b,implicature,swmimp152,2,7,8,0.119308
deepseek32b,implicature,swmimp152,2,8,9,0.166357
deepseek32b,implicature,swmimp152,2,9,10,0.189325
deepseek32b,implicature,swmimp152,3,1,2,0.044205
deepseek32b,implicature,swmimp152,3,2,3,0.077633
deepseek32b,implicature,swmimp152,3,3,4,0.157886
deepseek32b,implicature,swmimp152,3,4,5,0.11825
deepseek32b,implicature,swmimp152,3,5,6,0.267704
deepseek32b,implicature,swmimp152,3,6,7,0.144209
deepseek32b,implicature,swmimp152,3,7,8,0.074238
deepseek32b,implicature,swmimp152,3,8,9,0.077823
deepseek32b,implicature,swmimp152,3,9,10,0.082159
deepseek32b,implicature,swmimp153,1,1,2,0.40401
deepseek32b,implicature,swmimp153,1,2,3,0.527486
deepseek32b,implicature,swmimp153,1,3,4,0.530101
deepseek32b,implicature,swmimp153,1,4,5,0.278059
deepseek32b,implicature,swmimp153,1,5,6,0.254072
deepseek32b,implicature,swmimp153,1,6,7,0.268098
deepseek32b,implicature,swmimp153,1,7,8,0.1034
deepseek32b,implicature,swmimp153,1,8,9,0.101888
deepseek32b,implicature,swmimp153,1,9,10,0.299702
deepseek32b,implicature,swmimp153,2,1,2,0.465176
deepseek32b,implicature,swmimp153,2,2,3,0.42837
deepseek32b,implicature,swmimp153,2,3,4,0.304689
deepseek32b,implicature,swmimp153,2,4,5,0.484099
deepseek32b,implicature,swmimp153,2,5,6,0.423226
deepseek32b,implicature,swmimp153,2,6,7,0.228905
deepseek32b,implicature,swmimp153,2,7,8,0.247242
deepseek32b,implicature,swmimp153,2,8,9,0.225853
deepseek32b,implicature,swmimp153,2,9,10,0.160976
deepseek32b,implicature,swmimp153,3,1,2,0.554807
deepseek32b,implicature,swmimp153,3,2,3,0.160329
deepseek32b,implicature,swmimp153,3,3,4,0.480676
deepseek32b,implicature,swmimp153,3,4,5,0.277914
deepseek32b,implicature,swmimp153,3,5,6,0.111697
deepseek32b,implicature,swmimp153,3,6,7,0.36456
deepseek32b,implicature,swmimp153,3,7,8,0.109469
deepseek32b,implicature,swmimp153,3,8,9,0.254713
deepseek32b,implicature,swmimp153,3,9,10,0.210937
deepseek32b,implicature,swmimp154,1,1,2,0.190101
deepseek32b,implicature,swmimp154,1,2,3,0.540847
deepseek32b,implicature,swmimp154,1,3,4,0.17745
deepseek32b,implicature,swmimp154,1,4,5,0.246899
deepseek32b,implicature,swmimp154,1,5,6,0.089724
deepseek32b,implicature,swmimp154,1,6,7,0.093845
deepseek32b,implicature,swmimp154,1,7,8,0.178663
deepseek32b,implicature,swmimp154,1,8,9,0.189222
deepseek32b,implicature,swmimp154,1,9,10,0.260654
deepseek32b,implicature,swmimp154,1,10,11,0.18684
deepseek32b,implicature,swmimp154,1,11,12,0.155681
deepseek32b,implicature,swmimp154,1,12,13,0.291028
deepseek32b,implicature,swmimp154,1,13,14,0.335994
deepseek32b,implicature,swmimp154,1,14,15,0.084874
deepseek32b,implicature,swmimp154,1,15,16,0.03016
deepseek32b,implicature,swmimp154,1,16,17,0.070777
deepseek32b,implicature,swmimp154,1,17,18,0.105833
deepseek32b,implicature,swmimp154,1,18,19,0.073381
deepseek32b,implicature,swmimp154,2,1,2,0.280689
deepseek32b,implicature,swmimp154,2,2,3,0.431435
deepseek32b,implicature,swmimp154,2,3,4,0.171712
deepseek32b,implicature,swmimp154,2,4,5,0.21869
deepseek32b,implicature,swmimp154,2,5,6,0.092541
deepseek32b,implicature,swmimp154,2,6,7,0.190012
deepseek32b,implicature,swmimp154,2,7,8,0.388675
deepseek32b,implicature,swmimp154,2,8,9,0.429652
deepseek32b,implicature,swmimp154,2,9,10,0.171378
deepseek32b,implicature,swmimp154,2,10,11,0.124828
deepseek32b,implicature,swmimp154,2,11,12,0.166023
deepseek32b,implicature,swmimp154,2,12,13,0.194438
deepseek32b,implicature,swmimp154,2,13,14,0.064662
deepseek32b,implicature,swmimp154,2,14,15,0.009903
deepseek32b,implicature,swmimp154,2,15,16,0.01078
deepseek32b,implicature,swmimp154,2,16,17,0.002049
deepseek32b,implicature,swmimp154,2,17,18,0.042156
deepseek32b,implicature,swmimp154,2,18,19,0.225505
deepseek32b,implicature,swmimp154,3,1,2,0.146587
deepseek32b,implicature,swmimp154,3,2,3,0.341877
deepseek32b,implicature,swmimp154,3,3,4,0.188674
deepseek32b,implicature,swmimp154,3,4,5,0.094271
deepseek32b,implicature,swmimp154,3,5,6,0.126276
deepseek32b,implicature,swmimp154,3,6,7,0.311949
deepseek32b,implicature,swmimp154,3,7,8,0.425798
deepseek32b,implicature,swmimp154,3,8,9,0.109449
deepseek32b,implicature,swmimp154,3,9,10,0.267039
deepseek32b,implicature,swmimp154,3,10,11,0.181229
deepseek32b,implicature,swmimp154,3,11,12,0.11828
deepseek32b,implicature,swmimp154,3,12,13,0.121925
deepseek32b,implicature,swmimp154,3,13,14,0.103634
deepseek32b,implicature,swmimp154,3,14,15,0.19952
deepseek32b,implicature,swmimp154,3,15,16,0.088891
deepseek32b,implicature,swmimp154,3,16,17,0.187126
deepseek32b,implicature,swmimp154,3,17,18,0.054164
deepseek32b,implicature,swmimp154,3,18,19,0.150463
deepseek32b,implicature,swmimp155,1,1,2,0.23107
deepseek32b,implicature,swmimp155,2,1,2,0.378777
deepseek32b,implicature,swmimp155,3,1,2,0.296859
deepseek32b,implicature,swmimp156,1,1,2,0.237836
deepseek32b,implicature,swmimp156,1,2,3,0.374596
deepseek32b,implicature,swmimp156,1,3,4,0.227254
deepseek32b,implicature,swmimp156,1,4,5,0.118952
deepseek32b,implicature,swmimp156,1,5,6,0.25493
deepseek32b,implicature,swmimp156,1,6,7,0.187896
deepseek32b,implicature,swmimp156,1,7,8,0.311614
deepseek32b,implicature,swmimp156,1,8,9,0.187249
deepseek32b,implicature,swmimp156,1,9,10,0.133674
deepseek32b,implicature,swmimp156,1,10,11,0.320422
deepseek32b,implicature,swmimp156,1,11,12,0.265933
deepseek32b,implicature,swmimp156,1,12,13,0.269268
deepseek32b,implicature,swmimp156,1,13,14,0.14061
deepseek32b,implicature,swmimp156,2,1,2,0.186541
deepseek32b,implicature,swmimp156,2,2,3,0.382316
deepseek32b,implicature,swmimp156,2,3,4,0.131734
deepseek32b,implicature,swmimp156,2,4,5,0.381764
deepseek32b,implicature,swmimp156,2,5,6,0.423014
deepseek32b,implicature,swmimp156,2,6,7,0.269445
deepseek32b,implicature,swmimp156,2,7,8,0.207064
deepseek32b,implicature,swmimp156,2,8,9,0.319659
deepseek32b,implicature,swmimp156,2,9,10,0.014216
deepseek32b,implicature,swmimp156,2,10,11,0.321747
deepseek32b,implicature,swmimp156,2,11,12,0.178398
deepseek32b,implicature,swmimp156,2,12,13,0.262969
deepseek32b,implicature,swmimp156,2,13,14,0.334776
deepseek32b,implicature,swmimp156,3,1,2,0.189658
deepseek32b,implicature,swmimp156,3,2,3,0.160008
deepseek32b,implicature,swmimp156,3,3,4,0.241173
deepseek32b,implicature,swmimp156,3,4,5,0.058824
deepseek32b,implicature,swmimp156,3,5,6,0.23493
deepseek32b,implicature,swmimp156,3,6,7,0.152289
deepseek32b,implicature,swmimp156,3,7,8,0.273664
deepseek32b,implicature,swmimp156,3,8,9,0.357718
deepseek32b,implicature,swmimp156,3,9,10,0.1763
deepseek32b,implicature,swmimp156,3,10,11,0.249168
deepseek32b,implicature,swmimp156,3,11,12,0.359333
deepseek32b,implicature,swmimp156,3,12,13,0.330212
deepseek32b,implicature,swmimp156,3,13,14,0.126023
deepseek32b,implicature,swmimp157,1,1,2,0.258429
deepseek32b,implicature,swmimp157,1,2,3,0.507646
deepseek32b,implicature,swmimp157,1,3,4,0.432778
deepseek32b,implicature,swmimp157,2,1,2,0.238814
deepseek32b,implicature,swmimp157,2,2,3,0.319297
deepseek32b,implicature,swmimp157,2,3,4,0.51552
deepseek32b,implicature,swmimp157,3,1,2,0.264792
deepseek32b,implicature,swmimp157,3,2,3,0.254353
deepseek32b,implicature,swmimp157,3,3,4,0.440122
deepseek32b,implicature,swmimp158,1,1,2,0.401029
deepseek32b,implicature,swmimp158,1,2,3,0.268009
deepseek32b,implicature,swmimp158,1,3,4,0.29124
deepseek32b,implicature,swmimp158,1,4,5,0.313397
deepseek32b,implicature,swmimp158,2,1,2,0.265406
deepseek32b,implicature,swmimp158,2,2,3,0.30088
deepseek32b,implicature,swmimp158,2,3,4,0.204394
deepseek32b,implicature,swmimp158,2,4,5,0.188068
deepseek32b,implicature,swmimp158,3,1,2,0.299476
deepseek32b,implicature,swmimp158,3,2,3,0.236496
deepseek32b,implicature,swmimp158,3,3,4,0.254606
deepseek32b,implicature,swmimp158,3,4,5,0.173436
deepseek32b,implicature,swmimp159,1,1,2,0.410126
deepseek32b,implicature,swmimp159,1,2,3,0.289085
deepseek32b,implicature,swmimp159,1,3,4,0.430588
deepseek32b,implicature,swmimp159,1,4,5,0.433205
deepseek32b,implicature,swmimp159,1,5,6,0.219701
deepseek32b,implicature,swmimp159,1,6,7,0.089976
deepseek32b,implicature,swmimp159,1,7,8,0.195633
deepseek32b,implicature,swmimp159,2,1,2,0.383301
deepseek32b,implicature,swmimp159,2,2,3,0.114963
deepseek32b,implicature,swmimp159,2,3,4,0.345195
deepseek32b,implicature,swmimp159,2,4,5,0.33249
deepseek32b,implicature,swmimp159,2,5,6,0.277474
deepseek32b,implicature,swmimp159,2,6,7,0.264762
deepseek32b,implicature,swmimp159,2,7,8,0.159498
deepseek32b,implicature,swmimp159,3,1,2,0.216953
deepseek32b,implicature,swmimp159,3,2,3,0.324671
deepseek32b,implicature,swmimp159,3,3,4,0.213621
deepseek32b,implicature,swmimp159,3,4,5,0.113238
deepseek32b,implicature,swmimp159,3,5,6,0.575211
deepseek32b,implicature,swmimp159,3,6,7,0.429444
deepseek32b,implicature,swmimp159,3,7,8,0.166001
deepseek32b,implicature,swmimp160,1,1,2,0.099245
deepseek32b,implicature,swmimp160,1,2,3,0.25081
deepseek32b,implicature,swmimp160,1,3,4,0.232994
deepseek32b,implicature,swmimp160,1,4,5,0.35656
deepseek32b,implicature,swmimp160,1,5,6,0.26873
deepseek32b,implicature,swmimp160,1,6,7,0.290121
deepseek32b,implicature,swmimp160,1,7,8,0.289035
deepseek32b,implicature,swmimp160,2,1,2,0.272858
deepseek32b,implicature,swmimp160,2,2,3,0.341231
deepseek32b,implicature,swmimp160,2,3,4,0.354954
deepseek32b,implicature,swmimp160,2,4,5,0.25019
deepseek32b,implicature,swmimp160,2,5,6,0.595293
deepseek32b,implicature,swmimp160,2,6,7,0.271443
deepseek32b,implicature,swmimp160,2,7,8,0.19355
deepseek32b,implicature,swmimp160,3,1,2,0.342817
deepseek32b,implicature,swmimp160,3,2,3,0.326888
deepseek32b,implicature,swmimp160,3,3,4,0.229699
deepseek32b,implicature,swmimp160,3,4,5,0.092668
deepseek32b,implicature,swmimp160,3,5,6,0.33628
deepseek32b,implicature,swmimp160,3,6,7,0.157383
deepseek32b,implicature,swmimp160,3,7,8,0.280118
deepseek32b,implicature,swmimp161,1,1,2,0.335315
deepseek32b,implicature,swmimp161,1,2,3,0.638837
deepseek32b,implicature,swmimp161,1,3,4,0.603813
deepseek32b,implicature,swmimp161,1,4,5,0.363812
deepseek32b,implicature,swmimp161,1,5,6,0.294599
deepseek32b,implicature,swmimp161,1,6,7,0.312774
deepseek32b,implicature,swmimp161,1,7,8,0.443776
deepseek32b,implicature,swmimp161,2,1,2,0.355728
deepseek32b,implicature,swmimp161,2,2,3,0.565458
deepseek32b,implicature,swmimp161,2,3,4,0.384781
deepseek32b,implicature,swmimp161,2,4,5,0.392575
deepseek32b,implicature,swmimp161,2,5,6,0.402534
deepseek32b,implicature,swmimp161,2,6,7,0.342845
deepseek32b,implicature,swmimp161,2,7,8,0.334929
deepseek32b,implicature,swmimp161,3,1,2,0.442818
deepseek32b,implicature,swmimp161,3,2,3,0.328244
deepseek32b,implicature,swmimp161,3,3,4,0.255357
deepseek32b,implicature,swmimp161,3,4,5,0.37885
deepseek32b,implicature,swmimp161,3,5,6,0.265917
deepseek32b,implicature,swmimp161,3,6,7,0.297449
deepseek32b,implicature,swmimp161,3,7,8,0.601562
deepseek32b,implicature,swmimp162,1,1,2,0.299749
deepseek32b,implicature,swmimp162,1,2,3,0.328114
deepseek32b,implicature,swmimp162,1,3,4,0.434522
deepseek32b,implicature,swmimp162,1,4,5,0.266526
deepseek32b,implicature,swmimp162,1,5,6,0.273711
deepseek32b,implicature,swmimp162,1,6,7,0.062537
deepseek32b,implicature,swmimp162,2,1,2,0.234959
deepseek32b,implicature,swmimp162,2,2,3,0.370821
deepseek32b,implicature,swmimp162,2,3,4,0.464154
deepseek32b,implicature,swmimp162,2,4,5,0.185009
deepseek32b,implicature,swmimp162,2,5,6,0.133916
deepseek32b,implicature,swmimp162,2,6,7,0.165155
deepseek32b,implicature,swmimp162,3,1,2,0.489813
deepseek32b,implicature,swmimp162,3,2,3,0.394078
deepseek32b,implicature,swmimp162,3,3,4,0.197542
deepseek32b,implicature,swmimp162,3,4,5,0.2095
deepseek32b,implicature,swmimp162,3,5,6,0.172473
deepseek32b,implicature,swmimp162,3,6,7,0.163126
deepseek32b,implicature,swmimp163,1,1,2,0.029693
deepseek32b,implicature,swmimp163,1,2,3,0.345273
deepseek32b,implicature,swmimp163,1,3,4,0.276286
deepseek32b,implicature,swmimp163,1,4,5,0.314807
deepseek32b,implicature,swmimp163,1,5,6,0.359433
deepseek32b,implicature,swmimp163,1,6,7,0.286378
deepseek32b,implicature,swmimp163,1,7,8,0.144649
deepseek32b,implicature,swmimp163,1,8,9,0.267032
deepseek32b,implicature,swmimp163,1,9,10,0.173652
deepseek32b,implicature,swmimp163,2,1,2,0.1186
deepseek32b,implicature,swmimp163,2,2,3,0.100209
deepseek32b,implicature,swmimp163,2,3,4,0.073416
deepseek32b,implicature,swmimp163,2,4,5,0.173118
deepseek32b,implicature,swmimp163,2,5,6,0.236437
deepseek32b,implicature,swmimp163,2,6,7,0.223437
deepseek32b,implicature,swmimp163,2,7,8,0.189066
deepseek32b,implicature,swmimp163,2,8,9,0.215367
deepseek32b,implicature,swmimp163,2,9,10,0.333684
deepseek32b,implicature,swmimp163,3,1,2,0.570347
deepseek32b,implicature,swmimp163,3,2,3,0.065091
deepseek32b,implicature,swmimp163,3,3,4,0.025652
deepseek32b,implicature,swmimp163,3,4,5,0.091192
deepseek32b,implicature,swmimp163,3,5,6,0.321174
deepseek32b,implicature,swmimp163,3,6,7,0.088759
deepseek32b,implicature,swmimp163,3,7,8,0.189127
deepseek32b,implicature,swmimp163,3,8,9,0.220446
deepseek32b,implicature,swmimp163,3,9,10,0.184334
deepseek32b,implicature,swmimp164,1,1,2,0.109096
deepseek32b,implicature,swmimp164,1,2,3,0.469681
deepseek32b,implicature,swmimp164,1,3,4,0.517441
deepseek32b,implicature,swmimp164,1,4,5,0.127074
deepseek32b,implicature,swmimp164,2,1,2,0.089868
deepseek32b,implicature,swmimp164,2,2,3,0.123157
deepseek32b,implicature,swmimp164,2,3,4,0.164045
deepseek32b,implicature,swmimp164,2,4,5,0.158465
deepseek32b,implicature,swmimp164,3,1,2,0.169708
deepseek32b,implicature,swmimp164,3,2,3,0.203638
deepseek32b,implicature,swmimp164,3,3,4,0.220554
deepseek32b,implicature,swmimp164,3,4,5,0.134344
deepseek32b,implicature,swmimp165,1,1,2,0.244718
deepseek32b,implicature,swmimp165,1,2,3,0.398967
deepseek32b,implicature,swmimp165,1,3,4,0.349901
deepseek32b,implicature,swmimp165,2,1,2,0.623914
deepseek32b,implicature,swmimp165,2,2,3,0.681156
deepseek32b,implicature,swmimp165,2,3,4,0.375771
deepseek32b,implicature,swmimp165,3,1,2,0.309483
deepseek32b,implicature,swmimp165,3,2,3,0.342484
deepseek32b,implicature,swmimp165,3,3,4,0.286406
deepseek32b,implicature,swmimp166,1,1,2,0.213104
deepseek32b,implicature,swmimp166,1,2,3,0.389199
deepseek32b,implicature,swmimp166,2,1,2,0.214625
deepseek32b,implicature,swmimp166,2,2,3,0.36272
deepseek32b,implicature,swmimp166,3,1,2,0.202055
deepseek32b,implicature,swmimp166,3,2,3,0.356368
deepseek32b,implicature,swmimp167,1,1,2,0.297242
deepseek32b,implicature,swmimp167,1,2,3,0.299875
deepseek32b,implicature,swmimp167,1,3,4,0.209582
deepseek32b,implicature,swmimp167,1,4,5,0.289028
deepseek32b,implicature,swmimp167,1,5,6,0.448915
deepseek32b,implicature,swmimp167,2,1,2,0.181571
deepseek32b,implicature,swmimp167,2,2,3,0.170632
deepseek32b,implicature,swmimp167,2,3,4,0.204366
deepseek32b,implicature,swmimp167,2,4,5,0.279819
deepseek32b,implicature,swmimp167,2,5,6,0.213028
deepseek32b,implicature,swmimp167,3,1,2,0.272502
deepseek32b,implicature,swmimp167,3,2,3,0.370347
deepseek32b,implicature,swmimp167,3,3,4,0.42176
deepseek32b,implicature,swmimp167,3,4,5,0.448801
deepseek32b,implicature,swmimp167,3,5,6,0.17542
deepseek32b,implicature,swmimp168,1,1,2,0.435311
deepseek32b,implicature,swmimp168,1,2,3,0.345798
deepseek32b,implicature,swmimp168,1,3,4,0.24924
deepseek32b,implicature,swmimp168,1,4,5,0.257669
deepseek32b,implicature,swmimp168,1,5,6,0.343526
deepseek32b,implicature,swmimp168,1,6,7,0.289316
deepseek32b,implicature,swmimp168,2,1,2,0.22253
deepseek32b,implicature,swmimp168,2,2,3,0.320722
deepseek32b,implicature,swmimp168,2,3,4,0.150305
deepseek32b,implicature,swmimp168,2,4,5,0.364677
deepseek32b,implicature,swmimp168,2,5,6,0.308923
deepseek32b,implicature,swmimp168,2,6,7,0.176662
deepseek32b,implicature,swmimp168,3,1,2,0.182618
deepseek32b,implicature,swmimp168,3,2,3,0.408843
deepseek32b,implicature,swmimp168,3,3,4,0.213738
deepseek32b,implicature,swmimp168,3,4,5,0.183991
deepseek32b,implicature,swmimp168,3,5,6,0.167735
deepseek32b,implicature,swmimp168,3,6,7,0.158873
deepseek32b,implicature,swmimp169,1,1,2,0.281183
deepseek32b,implicature,swmimp169,1,2,3,0.141855
deepseek32b,implicature,swmimp169,1,3,4,0.163559
deepseek32b,implicature,swmimp169,1,4,5,0.216068
deepseek32b,implicature,swmimp169,1,5,6,0.315983
deepseek32b,implicature,swmimp169,1,6,7,0.401645
deepseek32b,implicature,swmimp169,2,1,2,0.230946
deepseek32b,implicature,swmimp169,2,2,3,0.116978
deepseek32b,implicature,swmimp169,2,3,4,0.055959
deepseek32b,implicature,swmimp169,2,4,5,0.376055
deepseek32b,implicature,swmimp169,2,5,6,0.324961
deepseek32b,implicature,swmimp169,2,6,7,0.153604
deepseek32b,implicature,swmimp169,3,1,2,0.252084
deepseek32b,implicature,swmimp169,3,2,3,0.240825
deepseek32b,implicature,swmimp169,3,3,4,0.221527
deepseek32b,implicature,swmimp169,3,4,5,0.317716
deepseek32b,implicature,swmimp169,3,5,6,0.369622
deepseek32b,implicature,swmimp169,3,6,7,0.104608
deepseek32b,implicature,swmimp170,1,1,2,0.092183
deepseek32b,implicature,swmimp170,1,2,3,0.300607
deepseek32b,implicature,swmimp170,1,3,4,0.302547
deepseek32b,implicature,swmimp170,1,4,5,0.247247
deepseek32b,implicature,swmimp170,2,1,2,0.293878
deepseek32b,implicature,swmimp170,2,2,3,0.26177
deepseek32b,implicature,swmimp170,2,3,4,0.107459
deepseek32b,implicature,swmimp170,2,4,5,0.101573
deepseek32b,implicature,swmimp170,3,1,2,0.296708
deepseek32b,implicature,swmimp170,3,2,3,0.293857
deepseek32b,implicature,swmimp170,3,3,4,0.173007
deepseek32b,implicature,swmimp170,3,4,5,0.18238
deepseek32b,implicature,swmimp171,1,1,2,0.334931
deepseek32b,implicature,swmimp171,1,2,3,0.21625
deepseek32b,implicature,swmimp171,1,3,4,0.145282
deepseek32b,implicature,swmimp171,1,4,5,0.258172
deepseek32b,implicature,swmimp171,1,5,6,0.188115
deepseek32b,implicature,swmimp171,1,6,7,0.301091
deepseek32b,implicature,swmimp171,1,7,8,0.194523
deepseek32b,implicature,swmimp171,1,8,9,0.079644
deepseek32b,implicature,swmimp171,1,9,10,0.1335
deepseek32b,implicature,swmimp171,1,10,11,0.158125
deepseek32b,implicature,swmimp171,1,11,12,0.296019
deepseek32b,implicature,swmimp171,2,1,2,0.25702
deepseek32b,implicature,swmimp171,2,2,3,0.058288
deepseek32b,implicature,swmimp171,2,3,4,0.067016
deepseek32b,implicature,swmimp171,2,4,5,0.134528
deepseek32b,implicature,swmimp171,2,5,6,0.403973
deepseek32b,implicature,swmimp171,2,6,7,0.197893
deepseek32b,implicature,swmimp171,2,7,8,0.170436
deepseek32b,implicature,swmimp171,2,8,9,0.251504
deepseek32b,implicature,swmimp171,2,9,10,0.255077
deepseek32b,implicature,swmimp171,2,10,11,0.216333
deepseek32b,implicature,swmimp171,2,11,12,0.09645
deepseek32b,implicature,swmimp171,3,1,2,0.345427
deepseek32b,implicature,swmimp171,3,2,3,0.101014
deepseek32b,implicature,swmimp171,3,3,4,0.165233
deepseek32b,implicature,swmimp171,3,4,5,0.190156
deepseek32b,implicature,swmimp171,3,5,6,0.464733
deepseek32b,implicature,swmimp171,3,6,7,0.098166
deepseek32b,implicature,swmimp171,3,7,8,0.123352
deepseek32b,implicature,swmimp171,3,8,9,0.172534
deepseek32b,implicature,swmimp171,3,9,10,0.10008
deepseek32b,implicature,swmimp171,3,10,11,0.566841
deepseek32b,implicature,swmimp171,3,11,12,0.435497
deepseek32b,implicature,swmimp172,1,1,2,0.320488
deepseek32b,implicature,swmimp172,1,2,3,0.173713
deepseek32b,implicature,swmimp172,1,3,4,0.245754
deepseek32b,implicature,swmimp172,2,1,2,0.566074
deepseek32b,implicature,swmimp172,2,2,3,0.548407
deepseek32b,implicature,swmimp172,2,3,4,0.233455
deepseek32b,implicature,swmimp172,3,1,2,0.244218
deepseek32b,implicature,swmimp172,3,2,3,0.308182
deepseek32b,implicature,swmimp172,3,3,4,0.302078
deepseek32b,implicature,swmimp173,1,1,2,0.062544
deepseek32b,implicature,swmimp173,1,2,3,0.233155
deepseek32b,implicature,swmimp173,1,3,4,0.29256
deepseek32b,implicature,swmimp173,1,4,5,0.316495
deepseek32b,implicature,swmimp173,2,1,2,0.207059
deepseek32b,implicature,swmimp173,2,2,3,0.304767
deepseek32b,implicature,swmimp173,2,3,4,0.500506
deepseek32b,implicature,swmimp173,2,4,5,0.142877
deepseek32b,implicature,swmimp173,3,1,2,0.477816
deepseek32b,implicature,swmimp173,3,2,3,0.260694
deepseek32b,implicature,swmimp173,3,3,4,0.217756
deepseek32b,implicature,swmimp173,3,4,5,0.286624
deepseek32b,implicature,swmimp174,1,1,2,0.319699
deepseek32b,implicature,swmimp174,1,2,3,0.344232
deepseek32b,implicature,swmimp174,1,3,4,0.277934
deepseek32b,implicature,swmimp174,1,4,5,0.311364
deepseek32b,implicature,swmimp174,1,5,6,0.468368
deepseek32b,implicature,swmimp174,2,1,2,0.447981
deepseek32b,implicature,swmimp174,2,2,3,0.62376
deepseek32b,implicature,swmimp174,2,3,4,0.282357
deepseek32b,implicature,swmimp174,2,4,5,0.354634
deepseek32b,implicature,swmimp174,2,5,6,0.452552
deepseek32b,implicature,swmimp174,3,1,2,0.407228
deepseek32b,implicature,swmimp174,3,2,3,0.341201
deepseek32b,implicature,swmimp174,3,3,4,0.402315
deepseek32b,implicature,swmimp174,3,4,5,0.283664
deepseek32b,implicature,swmimp174,3,5,6,0.439612
deepseek32b,implicature,swmimp175,1,1,2,0.381271
deepseek32b,implicature,swmimp175,1,2,3,0.148617
deepseek32b,implicature,swmimp175,1,3,4,0.189244
deepseek32b,implicature,swmimp175,1,4,5,0.298021
deepseek32b,implicature,swmimp175,1,5,6,0.299652
deepseek32b,implicature,swmimp175,2,1,2,0.439447
deepseek32b,implicature,swmimp175,2,2,3,0.138771
deepseek32b,implicature,swmimp175,2,3,4,0.11123
deepseek32b,implicature,swmimp175,2,4,5,0.21029
deepseek32b,implicature,swmimp175,2,5,6,0.198271
deepseek32b,implicature,swmimp175,3,1,2,0.454412
deepseek32b,implicature,swmimp175,3,2,3,0.303972
deepseek32b,implicature,swmimp175,3,3,4,0.193701
deepseek32b,implicature,swmimp175,3,4,5,0.217163
deepseek32b,implicature,swmimp175,3,5,6,0.363887
deepseek32b,implicature,swmimp176,1,1,2,0.365781
deepseek32b,implicature,swmimp176,1,2,3,0.573305
deepseek32b,implicature,swmimp176,1,3,4,0.66517
deepseek32b,implicature,swmimp176,1,4,5,0.211124
deepseek32b,implicature,swmimp176,1,5,6,0.229859
deepseek32b,implicature,swmimp176,2,1,2,0.300549
deepseek32b,implicature,swmimp176,2,2,3,0.097928
deepseek32b,implicature,swmimp176,2,3,4,0.430591
deepseek32b,implicature,swmimp176,2,4,5,0.385085
deepseek32b,implicature,swmimp176,2,5,6,0.281507
deepseek32b,implicature,swmimp176,3,1,2,0.300406
deepseek32b,implicature,swmimp176,3,2,3,0.317231
deepseek32b,implicature,swmimp176,3,3,4,0.411258
deepseek32b,implicature,swmimp176,3,4,5,0.129477
deepseek32b,implicature,swmimp176,3,5,6,0.273732
deepseek32b,implicature,swmimp177,1,1,2,0.555906
deepseek32b,implicature,swmimp177,1,2,3,0.369726
deepseek32b,implicature,swmimp177,1,3,4,0.31972
deepseek32b,implicature,swmimp177,1,4,5,0.107022
deepseek32b,implicature,swmimp177,1,5,6,0.271238
deepseek32b,implicature,swmimp177,1,6,7,0.307834
deepseek32b,implicature,swmimp177,1,7,8,0.111212
deepseek32b,implicature,swmimp177,2,1,2,0.548514
deepseek32b,implicature,swmimp177,2,2,3,0.18038
deepseek32b,implicature,swmimp177,2,3,4,0.122521
deepseek32b,implicature,swmimp177,2,4,5,0.059546
deepseek32b,implicature,swmimp177,2,5,6,0.085528
deepseek32b,implicature,swmimp177,2,6,7,0.173121
deepseek32b,implicature,swmimp177,2,7,8,0.192843
deepseek32b,implicature,swmimp177,3,1,2,0.485051
deepseek32b,implicature,swmimp177,3,2,3,0.507053
deepseek32b,implicature,swmimp177,3,3,4,0.194217
deepseek32b,implicature,swmimp177,3,4,5,0.382676
deepseek32b,implicature,swmimp177,3,5,6,0.310933
deepseek32b,implicature,swmimp177,3,6,7,0.121402
deepseek32b,implicature,swmimp177,3,7,8,0.101822
deepseek32b,implicature,swmimp178,1,1,2,0.125096
deepseek32b,implicature,swmimp178,1,2,3,0.263421
deepseek32b,implicature,swmimp178,1,3,4,0.482492
deepseek32b,implicature,swmimp178,1,4,5,0.412295
deepseek32b,implicature,swmimp178,1,5,6,0.348223
deepseek32b,implicature,swmimp178,1,6,7,0.480755
deepseek32b,implicature,swmimp178,1,7,8,0.150814
deepseek32b,implicature,swmimp178,1,8,9,0.166588
deepseek32b,implicature,swmimp178,1,9,10,0.088196
deepseek32b,implicature,swmimp178,1,10,11,0.096398
deepseek32b,implicature,swmimp178,1,11,12,0.149488
deepseek32b,implicature,swmimp178,1,12,13,0.188247
deepseek32b,implicature,swmimp178,1,13,14,0.300729
deepseek32b,implicature,swmimp178,1,14,15,0.208699
deepseek32b,implicature,swmimp178,1,15,16,0.154468
deepseek32b,implicature,swmimp178,1,16,17,0.090038
deepseek32b,implicature,swmimp178,1,17,18,0.410568
deepseek32b,implicature,swmimp178,2,1,2,0.451775
deepseek32b,implicature,swmimp178,2,2,3,0.188772
deepseek32b,implicature,swmimp178,2,3,4,0.259787
deepseek32b,implicature,swmimp178,2,4,5,0.284492
deepseek32b,implicature,swmimp178,2,5,6,0.408359
deepseek32b,implicature,swmimp178,2,6,7,0.479098
deepseek32b,implicature,swmimp178,2,7,8,0.420693
deepseek32b,implicature,swmimp178,2,8,9,0.22318
deepseek32b,implicature,swmimp178,2,9,10,0.170528
deepseek32b,implicature,swmimp178,2,10,11,0.255983
deepseek32b,implicature,swmimp178,2,11,12,0.245013
deepseek32b,implicature,swmimp178,2,12,13,0.236989
deepseek32b,implicature,swmimp178,2,13,14,0.228411
deepseek32b,implicature,swmimp178,2,14,15,0.156538
deepseek32b,implicature,swmimp178,2,15,16,0.159899
deepseek32b,implicature,swmimp178,2,16,17,0.079848
deepseek32b,implicature,swmimp178,2,17,18,0.187868
deepseek32b,implicature,swmimp178,3,1,2,0.256
deepseek32b,implicature,swmimp178,3,2,3,0.295084
deepseek32b,implicature,swmimp178,3,3,4,0.290849
deepseek32b,implicature,swmimp178,3,4,5,0.271617
deepseek32b,implicature,swmimp178,3,5,6,0.247976
deepseek32b,implicature,swmimp178,3,6,7,0.424074
deepseek32b,implicature,swmimp178,3,7,8,0.544525
deepseek32b,implicature,swmimp178,3,8,9,0.551296
deepseek32b,implicature,swmimp178,3,9,10,0.482007
deepseek32b,implicature,swmimp178,3,10,11,0.216201
deepseek32b,implicature,swmimp178,3,11,12,0.256079
deepseek32b,implicature,swmimp178,3,12,13,0.113203
deepseek32b,implicature,swmimp178,3,13,14,0.198125
deepseek32b,implicature,swmimp178,3,14,15,0.269149
deepseek32b,implicature,swmimp178,3,15,16,0.502217
deepseek32b,implicature,swmimp178,3,16,17,0.277064
deepseek32b,implicature,swmimp178,3,17,18,0.146331
deepseek32b,implicature,swmimp179,1,1,2,0.392422
deepseek32b,implicature,swmimp179,1,2,3,0.410267
deepseek32b,implicature,swmimp179,1,3,4,0.395365
deepseek32b,implicature,swmimp179,1,4,5,0.416162
deepseek32b,implicature,swmimp179,1,5,6,0.179665
deepseek32b,implicature,swmimp179,1,6,7,0.075155
deepseek32b,implicature,swmimp179,1,7,8,0.14536
deepseek32b,implicature,swmimp179,1,8,9,0.029191
deepseek32b,implicature,swmimp179,2,1,2,0.502772
deepseek32b,implicature,swmimp179,2,2,3,0.37108
deepseek32b,implicature,swmimp179,2,3,4,0.483817
deepseek32b,implicature,swmimp179,2,4,5,0.4934
deepseek32b,implicature,swmimp179,2,5,6,0.448073
deepseek32b,implicature,swmimp179,2,6,7,0.435142
deepseek32b,implicature,swmimp179,2,7,8,0.394202
deepseek32b,implicature,swmimp179,2,8,9,0.425903
deepseek32b,implicature,swmimp179,3,1,2,0.336641
deepseek32b,implicature,swmimp179,3,2,3,0.417567
deepseek32b,implicature,swmimp179,3,3,4,0.251081
deepseek32b,implicature,swmimp179,3,4,5,0.428999
deepseek32b,implicature,swmimp179,3,5,6,0.317587
deepseek32b,implicature,swmimp179,3,6,7,0.329292
deepseek32b,implicature,swmimp179,3,7,8,0.124939
deepseek32b,implicature,swmimp179,3,8,9,0.139457
deepseek32b,implicature,swmimp180,1,1,2,0.122054
deepseek32b,implicature,swmimp180,1,2,3,0.241879
deepseek32b,implicature,swmimp180,1,3,4,0.24183
deepseek32b,implicature,swmimp180,1,4,5,0.436997
deepseek32b,implicature,swmimp180,1,5,6,0.089933
deepseek32b,implicature,swmimp180,2,1,2,0.390509
deepseek32b,implicature,swmimp180,2,2,3,0.131557
deepseek32b,implicature,swmimp180,2,3,4,0.184457
deepseek32b,implicature,swmimp180,2,4,5,0.385599
deepseek32b,implicature,swmimp180,2,5,6,0.213988
deepseek32b,implicature,swmimp180,3,1,2,0.275307
deepseek32b,implicature,swmimp180,3,2,3,0.293077
deepseek32b,implicature,swmimp180,3,3,4,0.326205
deepseek32b,implicature,swmimp180,3,4,5,0.172472
deepseek32b,implicature,swmimp180,3,5,6,0.443224
deepseek32b,implicature,swmimp181,1,1,2,0.316241
deepseek32b,implicature,swmimp181,1,2,3,0.117879
deepseek32b,implicature,swmimp181,1,3,4,0.113212
deepseek32b,implicature,swmimp181,1,4,5,0.126275
deepseek32b,implicature,swmimp181,1,5,6,0.093697
deepseek32b,implicature,swmimp181,1,6,7,0.254468
deepseek32b,implicature,swmimp181,1,7,8,0.219358
deepseek32b,implicature,swmimp181,2,1,2,0.216586
deepseek32b,implicature,swmimp181,2,2,3,0.226876
deepseek32b,implicature,swmimp181,2,3,4,0.185406
deepseek32b,implicature,swmimp181,2,4,5,0.148789
deepseek32b,implicature,swmimp181,2,5,6,0.089969
deepseek32b,implicature,swmimp181,2,6,7,0.106614
deepseek32b,implicature,swmimp181,2,7,8,0.199595
deepseek32b,implicature,swmimp181,3,1,2,0.149197
deepseek32b,implicature,swmimp181,3,2,3,0.216473
deepseek32b,implicature,swmimp181,3,3,4,0.290073
deepseek32b,implicature,swmimp181,3,4,5,0.343284
deepseek32b,implicature,swmimp181,3,5,6,0.340522
deepseek32b,implicature,swmimp181,3,6,7,0.101916
deepseek32b,implicature,swmimp181,3,7,8,0.149515
deepseek32b,implicature,swmimp182,1,1,2,0.485973
deepseek32b,implicature,swmimp182,2,1,2,0.343609
deepseek32b,implicature,swmimp182,3,1,2,0.404153
deepseek32b,implicature,swmimp183,1,1,2,0.42528
deepseek32b,implicature,swmimp183,1,2,3,0.532552
deepseek32b,implicature,swmimp183,1,3,4,0.186275
deepseek32b,implicature,swmimp183,2,1,2,0.434569
deepseek32b,implicature,swmimp183,2,2,3,0.275279
deepseek32b,implicature,swmimp183,2,3,4,0.246529
deepseek32b,implicature,swmimp183,3,1,2,0.454803
deepseek32b,implicature,swmimp183,3,2,3,0.492384
deepseek32b,implicature,swmimp183,3,3,4,0.317163
deepseek32b,implicature,swmimp184,1,1,2,0.321819
deepseek32b,implicature,swmimp184,1,2,3,-0.0
deepseek32b,implicature,swmimp184,1,3,4,0.239183
deepseek32b,implicature,swmimp184,1,4,5,0.338336
deepseek32b,implicature,swmimp184,2,1,2,0.455107
deepseek32b,implicature,swmimp184,2,2,3,0.299641
deepseek32b,implicature,swmimp184,2,3,4,0.134882
deepseek32b,implicature,swmimp184,2,4,5,0.26064
deepseek32b,implicature,swmimp184,3,1,2,0.338845
deepseek32b,implicature,swmimp184,3,2,3,0.2727
deepseek32b,implicature,swmimp184,3,3,4,0.313416
deepseek32b,implicature,swmimp184,3,4,5,0.372032
deepseek32b,implicature,swmimp185,1,1,2,0.267894
deepseek32b,implicature,swmimp185,1,2,3,0.396817
deepseek32b,implicature,swmimp185,1,3,4,0.284423
deepseek32b,implicature,swmimp185,1,4,5,0.37081
deepseek32b,implicature,swmimp185,2,1,2,0.29317
deepseek32b,implicature,swmimp185,2,2,3,0.399018
deepseek32b,implicature,swmimp185,2,3,4,0.336185
deepseek32b,implicature,swmimp185,2,4,5,0.252073
deepseek32b,implicature,swmimp185,3,1,2,0.286875
deepseek32b,implicature,swmimp185,3,2,3,0.362793
deepseek32b,implicature,swmimp185,3,3,4,0.268283
deepseek32b,implicature,swmimp185,3,4,5,0.237122
deepseek32b,implicature,swmimp186,1,1,2,0.290335
deepseek32b,implicature,swmimp186,2,1,2,0.214325
deepseek32b,implicature,swmimp186,3,1,2,0.132572
deepseek32b,implicature,swmimp187,1,1,2,0.066674
deepseek32b,implicature,swmimp187,1,2,3,0.304213
deepseek32b,implicature,swmimp187,2,1,2,0.11101
deepseek32b,implicature,swmimp187,2,2,3,0.383387
deepseek32b,implicature,swmimp187,3,1,2,0.06602
deepseek32b,implicature,swmimp187,3,2,3,0.140524
deepseek32b,implicature,swmimp188,1,1,2,0.270758
deepseek32b,implicature,swmimp188,1,2,3,0.2445
deepseek32b,implicature,swmimp188,1,3,4,0.045434
deepseek32b,implicature,swmimp188,1,4,5,0.28567
deepseek32b,implicature,swmimp188,2,1,2,0.230044
deepseek32b,implicature,swmimp188,2,2,3,0.259829
deepseek32b,implicature,swmimp188,2,3,4,0.456608
deepseek32b,implicature,swmimp188,2,4,5,0.432863
deepseek32b,implicature,swmimp188,3,1,2,0.285027
deepseek32b,implicature,swmimp188,3,2,3,0.11318
deepseek32b,implicature,swmimp188,3,3,4,0.327184
deepseek32b,implicature,swmimp188,3,4,5,0.076295
deepseek32b,implicature,swmimp189,1,1,2,0.19978
deepseek32b,implicature,swmimp189,1,2,3,0.070997
deepseek32b,implicature,swmimp189,1,3,4,0.435421
deepseek32b,implicature,swmimp189,2,1,2,0.113546
deepseek32b,implicature,swmimp189,2,2,3,0.084553
deepseek32b,implicature,swmimp189,2,3,4,0.11016
deepseek32b,implicature,swmimp189,3,1,2,0.151052
deepseek32b,implicature,swmimp189,3,2,3,0.148844
deepseek32b,implicature,swmimp189,3,3,4,0.141792
deepseek32b,implicature,swmimp190,1,1,2,0.088924
deepseek32b,implicature,swmimp190,1,2,3,0.15221
deepseek32b,implicature,swmimp190,1,3,4,0.27086
deepseek32b,implicature,swmimp190,2,1,2,0.22658
deepseek32b,implicature,swmimp190,2,2,3,0.273692
deepseek32b,implicature,swmimp190,2,3,4,0.076747
deepseek32b,implicature,swmimp190,3,1,2,0.258996
deepseek32b,implicature,swmimp190,3,2,3,0.279088
deepseek32b,implicature,swmimp190,3,3,4,0.339698
deepseek32b,implicature,swmimp191,1,1,2,0.203364
deepseek32b,implicature,swmimp191,1,2,3,0.222905
deepseek32b,implicature,swmimp191,1,3,4,0.242764
deepseek32b,implicature,swmimp191,1,4,5,0.300648
deepseek32b,implicature,swmimp191,2,1,2,0.226752
deepseek32b,implicature,swmimp191,2,2,3,0.218717
deepseek32b,implicature,swmimp191,2,3,4,0.129735
deepseek32b,implicature,swmimp191,2,4,5,0.146137
deepseek32b,implicature,swmimp191,3,1,2,0.069206
deepseek32b,implicature,swmimp191,3,2,3,0.275711
deepseek32b,implicature,swmimp191,3,3,4,0.302755
deepseek32b,implicature,swmimp191,3,4,5,0.335206
deepseek32b,implicature,swmimp192,1,1,2,0.373437
deepseek32b,implicature,swmimp192,1,2,3,0.423906
deepseek32b,implicature,swmimp192,1,3,4,0.485302
deepseek32b,implicature,swmimp192,1,4,5,0.352323
deepseek32b,implicature,swmimp192,2,1,2,0.33803
deepseek32b,implicature,swmimp192,2,2,3,0.317356
deepseek32b,implicature,swmimp192,2,3,4,0.453265
deepseek32b,implicature,swmimp192,2,4,5,0.242777
deepseek32b,implicature,swmimp192,3,1,2,0.415319
deepseek32b,implicature,swmimp192,3,2,3,0.412251
deepseek32b,implicature,swmimp192,3,3,4,0.468417
deepseek32b,implicature,swmimp192,3,4,5,0.468063
deepseek32b,implicature,swmimp193,1,1,2,0.344905
deepseek32b,implicature,swmimp193,1,2,3,0.315028
deepseek32b,implicature,swmimp193,1,3,4,0.143883
deepseek32b,implicature,swmimp193,2,1,2,0.470391
deepseek32b,implicature,swmimp193,2,2,3,0.174319
deepseek32b,implicature,swmimp193,2,3,4,0.3523
deepseek32b,implicature,swmimp193,3,1,2,0.298644
deepseek32b,implicature,swmimp193,3,2,3,0.34608
deepseek32b,implicature,swmimp193,3,3,4,0.499256
deepseek32b,implicature,swmimp194,1,1,2,0.202199
deepseek32b,implicature,swmimp194,1,2,3,0.201788
deepseek32b,implicature,swmimp194,1,3,4,0.115551
deepseek32b,implicature,swmimp194,1,4,5,0.001646
deepseek32b,implicature,swmimp194,1,5,6,0.289223
deepseek32b,implicature,swmimp194,2,1,2,0.522863
deepseek32b,implicature,swmimp194,2,2,3,0.210516
deepseek32b,implicature,swmimp194,2,3,4,0.347439
deepseek32b,implicature,swmimp194,2,4,5,0.283464
deepseek32b,implicature,swmimp194,2,5,6,0.298734
deepseek32b,implicature,swmimp194,3,1,2,0.271504
deepseek32b,implicature,swmimp194,3,2,3,0.342309
deepseek32b,implicature,swmimp194,3,3,4,0.52954
deepseek32b,implicature,swmimp194,3,4,5,0.43376
deepseek32b,implicature,swmimp194,3,5,6,0.363742
deepseek32b,implicature,swmimp195,1,1,2,0.205402
deepseek32b,implicature,swmimp195,1,2,3,0.51463
deepseek32b,implicature,swmimp195,1,3,4,0.555008
deepseek32b,implicature,swmimp195,1,4,5,0.070762
deepseek32b,implicature,swmimp195,1,5,6,0.043219
deepseek32b,implicature,swmimp195,1,6,7,0.108258
deepseek32b,implicature,swmimp195,1,7,8,0.094047
deepseek32b,implicature,swmimp195,1,8,9,0.363222
deepseek32b,implicature,swmimp195,1,9,10,0.264476
deepseek32b,implicature,swmimp195,2,1,2,0.101814
deepseek32b,implicature,swmimp195,2,2,3,0.051103
deepseek32b,implicature,swmimp195,2,3,4,0.247211
deepseek32b,implicature,swmimp195,2,4,5,0.408074
deepseek32b,implicature,swmimp195,2,5,6,0.022787
deepseek32b,implicature,swmimp195,2,6,7,0.08988
deepseek32b,implicature,swmimp195,2,7,8,0.174935
deepseek32b,implicature,swmimp195,2,8,9,0.087375
deepseek32b,implicature,swmimp195,2,9,10,0.103741
deepseek32b,implicature,swmimp195,3,1,2,0.278908
deepseek32b,implicature,swmimp195,3,2,3,0.2369
deepseek32b,implicature,swmimp195,3,3,4,0.298993
deepseek32b,implicature,swmimp195,3,4,5,0.224031
deepseek32b,implicature,swmimp195,3,5,6,0.044699
deepseek32b,implicature,swmimp195,3,6,7,0.19394
deepseek32b,implicature,swmimp195,3,7,8,0.120564
deepseek32b,implicature,swmimp195,3,8,9,0.085003
deepseek32b,implicature,swmimp195,3,9,10,0.063386
deepseek32b,implicature,swmimp196,1,1,2,0.154567
deepseek32b,implicature,swmimp196,1,2,3,0.143605
deepseek32b,implicature,swmimp196,1,3,4,0.311189
deepseek32b,implicature,swmimp196,1,4,5,0.316539
deepseek32b,implicature,swmimp196,1,5,6,0.31977
deepseek32b,implicature,swmimp196,1,6,7,0.221361
deepseek32b,implicature,swmimp196,2,1,2,0.262385
deepseek32b,implicature,swmimp196,2,2,3,0.180365
deepseek32b,implicature,swmimp196,2,3,4,0.2019
deepseek32b,implicature,swmimp196,2,4,5,0.417519
deepseek32b,implicature,swmimp196,2,5,6,0.284777
deepseek32b,implicature,swmimp196,2,6,7,0.347639
deepseek32b,implicature,swmimp196,3,1,2,0.432426
deepseek32b,implicature,swmimp196,3,2,3,0.200114
deepseek32b,implicature,swmimp196,3,3,4,0.196226
deepseek32b,implicature,swmimp196,3,4,5,0.212273
deepseek32b,implicature,swmimp196,3,5,6,0.145663
deepseek32b,implicature,swmimp196,3,6,7,0.307859
deepseek32b,implicature,swmimp197,1,1,2,0.27677
deepseek32b,implicature,swmimp197,1,2,3,0.264658
deepseek32b,implicature,swmimp197,2,1,2,0.323906
deepseek32b,implicature,swmimp197,2,2,3,0.212726
deepseek32b,implicature,swmimp197,3,1,2,0.274249
deepseek32b,implicature,swmimp197,3,2,3,0.226206
deepseek32b,implicature,swmimp198,1,1,2,0.163053
deepseek32b,implicature,swmimp198,1,2,3,0.128449
deepseek32b,implicature,swmimp198,1,3,4,0.103542
deepseek32b,implicature,swmimp198,2,1,2,0.267612
deepseek32b,implicature,swmimp198,2,2,3,0.296171
deepseek32b,implicature,swmimp198,2,3,4,0.241482
deepseek32b,implicature,swmimp198,3,1,2,0.316233
deepseek32b,implicature,swmimp198,3,2,3,0.250382
deepseek32b,implicature,swmimp198,3,3,4,0.23215
deepseek32b,implicature,swmimp199,1,1,2,0.178733
deepseek32b,implicature,swmimp199,1,2,3,0.208817
deepseek32b,implicature,swmimp199,1,3,4,0.257188
deepseek32b,implicature,swmimp199,1,4,5,0.264163
deepseek32b,implicature,swmimp199,2,1,2,0.214582
deepseek32b,implicature,swmimp199,2,2,3,0.047972
deepseek32b,implicature,swmimp199,2,3,4,0.489851
deepseek32b,implicature,swmimp199,2,4,5,0.37654
deepseek32b,implicature,swmimp199,3,1,2,0.193461
deepseek32b,implicature,swmimp199,3,2,3,0.001484
deepseek32b,implicature,swmimp199,3,3,4,0.138994
deepseek32b,implicature,swmimp199,3,4,5,0.245269
deepseek32b,implicature,swmimp200,1,1,2,0.199141
deepseek32b,implicature,swmimp200,1,2,3,0.233901
deepseek32b,implicature,swmimp200,1,3,4,0.246981
deepseek32b,implicature,swmimp200,2,1,2,0.362363
deepseek32b,implicature,swmimp200,2,2,3,0.290254
deepseek32b,implicature,swmimp200,2,3,4,0.137446
deepseek32b,implicature,swmimp200,3,1,2,0.270171
deepseek32b,implicature,swmimp200,3,2,3,0.344017
deepseek32b,implicature,swmimp200,3,3,4,0.300914
deepseek7b,false_belief,fb001,1,1,2,0.122912
deepseek7b,false_belief,fb001,1,2,3,0.204149
deepseek7b,false_belief,fb001,1,3,4,0.062423
deepseek7b,false_belief,fb001,1,4,5,0.278893
deepseek7b,false_belief,fb001,2,1,2,0.133397
deepseek7b,false_belief,fb001,2,2,3,0.19954
deepseek7b,false_belief,fb001,2,3,4,0.161089
deepseek7b,false_belief,fb001,2,4,5,0.284712
deepseek7b,false_belief,fb001,3,1,2,0.127954
deepseek7b,false_belief,fb001,3,2,3,0.168161
deepseek7b,false_belief,fb001,3,3,4,0.079709
deepseek7b,false_belief,fb001,3,4,5,0.268936
deepseek7b,false_belief,fb002,1,1,2,0.243046
deepseek7b,false_belief,fb002,1,2,3,0.138493
deepseek7b,false_belief,fb002,1,3,4,0.245826
deepseek7b,false_belief,fb002,1,4,5,0.048446
deepseek7b,false_belief,fb002,1,5,6,0.127658
deepseek7b,false_belief,fb002,2,1,2,0.158514
deepseek7b,false_belief,fb002,2,2,3,0.123129
deepseek7b,false_belief,fb002,2,3,4,0.160674
deepseek7b,false_belief,fb002,2,4,5,0.145636
deepseek7b,false_belief,fb002,2,5,6,0.232426
deepseek7b,false_belief,fb002,3,1,2,0.152438
deepseek7b,false_belief,fb002,3,2,3,0.197484
deepseek7b,false_belief,fb002,3,3,4,0.060036
deepseek7b,false_belief,fb002,3,4,5,0.157114
deepseek7b,false_belief,fb002,3,5,6,0.287002
deepseek7b,false_belief,fb003,1,1,2,0.188593
deepseek7b,false_belief,fb003,1,2,3,0.079422
deepseek7b,false_belief,fb003,1,3,4,0.0952
deepseek7b,false_belief,fb003,1,4,5,0.169952
deepseek7b,false_belief,fb003,2,1,2,0.186448
deepseek7b,false_belief,fb003,2,2,3,0.061162
deepseek7b,false_belief,fb003,2,3,4,0.123506
deepseek7b,false_belief,fb003,2,4,5,0.071823
deepseek7b,false_belief,fb003,3,1,2,0.072366
deepseek7b,false_belief,fb003,3,2,3,0.178397
deepseek7b,false_belief,fb003,3,3,4,0.092869
deepseek7b,false_belief,fb003,3,4,5,0.269163
deepseek7b,false_belief,fb004,1,1,2,0.210422
deepseek7b,false_belief,fb004,1,2,3,0.138799
deepseek7b,false_belief,fb004,1,3,4,0.099107
deepseek7b,false_belief,fb004,1,4,5,0.181406
deepseek7b,false_belief,fb004,2,1,2,0.254538
deepseek7b,false_belief,fb004,2,2,3,0.213398
deepseek7b,false_belief,fb004,2,3,4,0.03341
deepseek7b,false_belief,fb004,2,4,5,0.196464
deepseek7b,false_belief,fb004,3,1,2,0.176019
deepseek7b,false_belief,fb004,3,2,3,0.214522
deepseek7b,false_belief,fb004,3,3,4,0.129363
deepseek7b,false_belief,fb004,3,4,5,0.151772
deepseek7b,false_belief,fb005,1,1,2,0.966525
deepseek7b,false_belief,fb005,1,2,3,0.650013
deepseek7b,false_belief,fb005,1,3,4,0.315247
deepseek7b,false_belief,fb005,1,4,5,0.377646
deepseek7b,false_belief,fb005,2,1,2,0.282692
deepseek7b,false_belief,fb005,2,2,3,0.252728
deepseek7b,false_belief,fb005,2,3,4,0.106388
deepseek7b,false_belief,fb005,2,4,5,0.350008
deepseek7b,false_belief,fb005,3,1,2,0.332744
deepseek7b,false_belief,fb005,3,2,3,0.195444
deepseek7b,false_belief,fb005,3,3,4,0.175143
deepseek7b,false_belief,fb005,3,4,5,0.356203
deepseek7b,false_belief,fb006,1,1,2,0.239654
deepseek7b,false_belief,fb006,1,2,3,0.328909
deepseek7b,false_belief,fb006,1,3,4,0.216222
deepseek7b,false_belief,fb006,1,4,5,0.1518
deepseek7b,false_belief,fb006,2,1,2,0.167803
deepseek7b,false_belief,fb006,2,2,3,0.299958
deepseek7b,false_belief,fb006,2,3,4,0.277218
deepseek7b,false_belief,fb006,2,4,5,0.21343
deepseek7b,false_belief,fb006,3,1,2,0.213513
deepseek7b,false_belief,fb006,3,2,3,0.17481
deepseek7b,false_belief,fb006,3,3,4,0.174361
deepseek7b,false_belief,fb006,3,4,5,0.210431
deepseek7b,false_belief,fb007,1,1,2,0.198209
deepseek7b,false_belief,fb007,1,2,3,0.15601
deepseek7b,false_belief,fb007,1,3,4,0.098555
deepseek7b,false_belief,fb007,1,4,5,0.224234
deepseek7b,false_belief,fb007,2,1,2,0.103818
deepseek7b,false_belief,fb007,2,2,3,0.260409
deepseek7b,false_belief,fb007,2,3,4,0.121313
deepseek7b,false_belief,fb007,2,4,5,0.177655
deepseek7b,false_belief,fb007,3,1,2,0.178809
deepseek7b,false_belief,fb007,3,2,3,0.450465
deepseek7b,false_belief,fb007,3,3,4,0.337084
deepseek7b,false_belief,fb007,3,4,5,0.200893
deepseek7b,false_belief,fb008,1,1,2,0.060962
deepseek7b,false_belief,fb008,1,2,3,0.096941
deepseek7b,false_belief,fb008,1,3,4,0.054305
deepseek7b,false_belief,fb008,1,4,5,0.1235
deepseek7b,false_belief,fb008,2,1,2,0.2284
deepseek7b,false_belief,fb008,2,2,3,0.068988
deepseek7b,false_belief,fb008,2,3,4,0.132257
deepseek7b,false_belief,fb008,2,4,5,0.175871
deepseek7b,false_belief,fb008,3,1,2,0.231371
deepseek7b,false_belief,fb008,3,2,3,0.126553
deepseek7b,false_belief,fb008,3,3,4,0.062346
deepseek7b,false_belief,fb008,3,4,5,0.135473
deepseek7b,false_belief,fb009,1,1,2,0.287158
deepseek7b,false_belief,fb009,1,2,3,0.18484
deepseek7b,false_belief,fb009,1,3,4,0.145448
deepseek7b,false_belief,fb009,2,1,2,0.221082
deepseek7b,false_belief,fb009,2,2,3,0.111081
deepseek7b,false_belief,fb009,2,3,4,0.201013
deepseek7b,false_belief,fb009,3,1,2,0.25972
deepseek7b,false_belief,fb009,3,2,3,0.348011
deepseek7b,false_belief,fb009,3,3,4,0.168372
deepseek7b,false_belief,fb010,1,1,2,0.109021
deepseek7b,false_belief,fb010,1,2,3,0.216029
deepseek7b,false_belief,fb010,1,3,4,0.139435
deepseek7b,false_belief,fb010,1,4,5,0.165631
deepseek7b,false_belief,fb010,2,1,2,0.358225
deepseek7b,false_belief,fb010,2,2,3,0.188269
deepseek7b,false_belief,fb010,2,3,4,0.150442
deepseek7b,false_belief,fb010,2,4,5,0.25104
deepseek7b,false_belief,fb010,3,1,2,0.21755
deepseek7b,false_belief,fb010,3,2,3,0.278818
deepseek7b,false_belief,fb010,3,3,4,0.203532
deepseek7b,false_belief,fb010,3,4,5,0.14054
deepseek7b,false_belief,fb011,1,1,2,0.096252
deepseek7b,false_belief,fb011,1,2,3,0.140858
deepseek7b,false_belief,fb011,1,3,4,0.136366
deepseek7b,false_belief,fb011,1,4,5,0.181742
deepseek7b,false_belief,fb011,2,1,2,0.106691
deepseek7b,false_belief,fb011,2,2,3,0.097044
deepseek7b,false_belief,fb011,2,3,4,0.116486
deepseek7b,false_belief,fb011,2,4,5,0.199676
deepseek7b,false_belief,fb011,3,1,2,0.199002
deepseek7b,false_belief,fb011,3,2,3,0.224387
deepseek7b,false_belief,fb011,3,3,4,0.141191
deepseek7b,false_belief,fb011,3,4,5,0.221599
deepseek7b,false_belief,fb012,1,1,2,0.30519
deepseek7b,false_belief,fb012,1,2,3,0.251524
deepseek7b,false_belief,fb012,1,3,4,0.210818
deepseek7b,false_belief,fb012,1,4,5,0.278942
deepseek7b,false_belief,fb012,2,1,2,0.255827
deepseek7b,false_belief,fb012,2,2,3,0.166646
deepseek7b,false_belief,fb012,2,3,4,0.12882
deepseek7b,false_belief,fb012,2,4,5,0.211284
deepseek7b,false_belief,fb012,3,1,2,0.273582
deepseek7b,false_belief,fb012,3,2,3,0.21983
deepseek7b,false_belief,fb012,3,3,4,0.133901
deepseek7b,false_belief,fb012,3,4,5,0.340465
deepseek7b,false_belief,fb013,1,1,2,0.189017
deepseek7b,false_belief,fb013,1,2,3,0.128395
deepseek7b,false_belief,fb013,1,3,4,0.120757
deepseek7b,false_belief,fb013,1,4,5,0.400568
deepseek7b,false_belief,fb013,2,1,2,0.232581
deepseek7b,false_belief,fb013,2,2,3,0.144759
deepseek7b,false_belief,fb013,2,3,4,0.116908
deepseek7b,false_belief,fb013,2,4,5,0.205363
deepseek7b,false_belief,fb013,3,1,2,0.287387
deepseek7b,false_belief,fb013,3,2,3,0.277795
deepseek7b,false_belief,fb013,3,3,4,0.193454
deepseek7b,false_belief,fb013,3,4,5,0.34758
deepseek7b,false_belief,fb014,1,1,2,0.143457
deepseek7b,false_belief,fb014,2,1,2,0.254967
deepseek7b,false_belief,fb014,3,1,2,0.276651
deepseek7b,false_belief,fb015,1,1,2,0.492008
deepseek7b,false_belief,fb015,1,2,3,0.325954
deepseek7b,false_belief,fb015,1,3,4,0.187149
deepseek7b,false_belief,fb015,1,4,5,0.168201
deepseek7b,false_belief,fb015,2,1,2,0.265302
deepseek7b,false_belief,fb015,2,2,3,0.219916
deepseek7b,false_belief,fb015,2,3,4,0.14799
deepseek7b,false_belief,fb015,2,4,5,0.343978
deepseek7b,false_belief,fb015,3,1,2,0.250803
deepseek7b,false_belief,fb015,3,2,3,0.228679
deepseek7b,false_belief,fb015,3,3,4,0.2256
deepseek7b,false_belief,fb015,3,4,5,0.138123
deepseek7b,false_belief,fb016,1,1,2,0.121572
deepseek7b,false_belief,fb016,1,2,3,0.220369
deepseek7b,false_belief,fb016,1,3,4,0.112577
deepseek7b,false_belief,fb016,1,4,5,0.174406
deepseek7b,false_belief,fb016,2,1,2,0.113714
deepseek7b,false_belief,fb016,2,2,3,0.132505
deepseek7b,false_belief,fb016,2,3,4,0.142345
deepseek7b,false_belief,fb016,2,4,5,0.16801
deepseek7b,false_belief,fb016,3,1,2,0.052904
deepseek7b,false_belief,fb016,3,2,3,0.187869
deepseek7b,false_belief,fb016,3,3,4,0.13738
deepseek7b,false_belief,fb016,3,4,5,0.208945
deepseek7b,false_belief,fb017,1,1,2,0.159697
deepseek7b,false_belief,fb017,1,2,3,0.139325
deepseek7b,false_belief,fb017,1,3,4,0.142251
deepseek7b,false_belief,fb017,1,4,5,0.208571
deepseek7b,false_belief,fb017,2,1,2,0.421846
deepseek7b,false_belief,fb017,2,2,3,0.293062
deepseek7b,false_belief,fb017,2,3,4,0.104487
deepseek7b,false_belief,fb017,2,4,5,0.314627
deepseek7b,false_belief,fb017,3,1,2,0.190083
deepseek7b,false_belief,fb017,3,2,3,0.06847
deepseek7b,false_belief,fb017,3,3,4,0.080225
deepseek7b,false_belief,fb017,3,4,5,0.170894
deepseek7b,false_belief,fb018,1,1,2,0.230842
deepseek7b,false_belief,fb018,1,2,3,0.267475
deepseek7b,false_belief,fb018,1,3,4,0.13996
deepseek7b,false_belief,fb018,1,4,5,0.263835
deepseek7b,false_belief,fb018,2,1,2,0.489317
deepseek7b,false_belief,fb018,2,2,3,0.277763
deepseek7b,false_belief,fb018,2,3,4,0.064612
deepseek7b,false_belief,fb018,2,4,5,0.198466
deepseek7b,false_belief,fb018,3,1,2,0.199762
deepseek7b,false_belief,fb018,3,2,3,0.30946
deepseek7b,false_belief,fb018,3,3,4,0.194337
deepseek7b,false_belief,fb018,3,4,5,0.281065
deepseek7b,false_belief,fb019,1,1,2,0.177852
deepseek7b,false_belief,fb019,1,2,3,0.166237
deepseek7b,false_belief,fb019,1,3,4,0.095416
deepseek7b,false_belief,fb019,1,4,5,0.09005
deepseek7b,false_belief,fb019,2,1,2,0.063555
deepseek7b,false_belief,fb019,2,2,3,0.115068
deepseek7b,false_belief,fb019,2,3,4,0.07284
deepseek7b,false_belief,fb019,2,4,5,0.137307
deepseek7b,false_belief,fb019,3,1,2,0.164639
deepseek7b,false_belief,fb019,3,2,3,0.288205
deepseek7b,false_belief,fb019,3,3,4,0.230418
deepseek7b,false_belief,fb019,3,4,5,0.227878
deepseek7b,false_belief,fb020,1,1,2,0.347431
deepseek7b,false_belief,fb020,1,2,3,0.206583
deepseek7b,false_belief,fb020,1,3,4,0.139202
deepseek7b,false_belief,fb020,1,4,5,0.146203
deepseek7b,false_belief,fb020,2,1,2,0.283606
deepseek7b,false_belief,fb020,2,2,3,0.361282
deepseek7b,false_belief,fb020,2,3,4,0.215817
deepseek7b,false_belief,fb020,2,4,5,0.254596
deepseek7b,false_belief,fb020,3,1,2,0.334495
deepseek7b,false_belief,fb020,3,2,3,0.260043
deepseek7b,false_belief,fb020,3,3,4,0.136764
deepseek7b,false_belief,fb020,3,4,5,0.335306
deepseek7b,false_belief,fb021,1,1,2,0.173689
deepseek7b,false_belief,fb021,1,2,3,0.222183
deepseek7b,false_belief,fb021,1,3,4,0.039368
deepseek7b,false_belief,fb021,1,4,5,0.106412
deepseek7b,false_belief,fb021,1,5,6,0.095234
deepseek7b,false_belief,fb021,2,1,2,0.262258
deepseek7b,false_belief,fb021,2,2,3,0.313771
deepseek7b,false_belief,fb021,2,3,4,0.082389
deepseek7b,false_belief,fb021,2,4,5,0.145182
deepseek7b,false_belief,fb021,2,5,6,0.147219
deepseek7b,false_belief,fb021,3,1,2,0.140673
deepseek7b,false_belief,fb021,3,2,3,0.163959
deepseek7b,false_belief,fb021,3,3,4,0.121999
deepseek7b,false_belief,fb021,3,4,5,0.103096
deepseek7b,false_belief,fb021,3,5,6,0.067618
deepseek7b,false_belief,fb022,1,1,2,0.418969
deepseek7b,false_belief,fb022,1,2,3,0.338788
deepseek7b,false_belief,fb022,1,3,4,0.211293
deepseek7b,false_belief,fb022,1,4,5,0.298992
deepseek7b,false_belief,fb022,2,1,2,0.362743
deepseek7b,false_belief,fb022,2,2,3,0.326869
deepseek7b,false_belief,fb022,2,3,4,0.071058
deepseek7b,false_belief,fb022,2,4,5,0.220535
deepseek7b,false_belief,fb022,3,1,2,0.297518
deepseek7b,false_belief,fb022,3,2,3,0.359757
deepseek7b,false_belief,fb022,3,3,4,0.249472
deepseek7b,false_belief,fb022,3,4,5,0.220158
deepseek7b,false_belief,fb023,1,1,2,0.280247
deepseek7b,false_belief,fb023,1,2,3,0.228233
deepseek7b,false_belief,fb023,1,3,4,0.282121
deepseek7b,false_belief,fb023,1,4,5,0.269172
deepseek7b,false_belief,fb023,1,5,6,0.141429
deepseek7b,false_belief,fb023,2,1,2,0.178524
deepseek7b,false_belief,fb023,2,2,3,0.275561
deepseek7b,false_belief,fb023,2,3,4,0.218796
deepseek7b,false_belief,fb023,2,4,5,0.198819
deepseek7b,false_belief,fb023,2,5,6,0.214346
deepseek7b,false_belief,fb023,3,1,2,0.142505
deepseek7b,false_belief,fb023,3,2,3,0.120731
deepseek7b,false_belief,fb023,3,3,4,0.104096
deepseek7b,false_belief,fb023,3,4,5,0.309285
deepseek7b,false_belief,fb023,3,5,6,0.261232
deepseek7b,false_belief,fb024,1,1,2,0.20467
deepseek7b,false_belief,fb024,1,2,3,0.286437
deepseek7b,false_belief,fb024,1,3,4,0.276165
deepseek7b,false_belief,fb024,2,1,2,0.066676
deepseek7b,false_belief,fb024,2,2,3,0.280413
deepseek7b,false_belief,fb024,2,3,4,0.258222
deepseek7b,false_belief,fb024,3,1,2,0.092026
deepseek7b,false_belief,fb024,3,2,3,0.168542
deepseek7b,false_belief,fb024,3,3,4,0.186574
deepseek7b,false_belief,fb025,1,1,2,0.312143
deepseek7b,false_belief,fb025,1,2,3,0.170986
deepseek7b,false_belief,fb025,1,3,4,0.060239
deepseek7b,false_belief,fb025,1,4,5,0.370205
deepseek7b,false_belief,fb025,2,1,2,0.204225
deepseek7b,false_belief,fb025,2,2,3,0.277929
deepseek7b,false_belief,fb025,2,3,4,0.087215
deepseek7b,false_belief,fb025,2,4,5,0.263919
deepseek7b,false_belief,fb025,3,1,2,0.288166
deepseek7b,false_belief,fb025,3,2,3,0.251925
deepseek7b,false_belief,fb025,3,3,4,0.119302
deepseek7b,false_belief,fb025,3,4,5,0.247713
deepseek7b,false_belief,fb026,1,1,2,0.173765
deepseek7b,false_belief,fb026,1,2,3,0.121909
deepseek7b,false_belief,fb026,1,3,4,0.260495
deepseek7b,false_belief,fb026,2,1,2,0.241324
deepseek7b,false_belief,fb026,2,2,3,0.198803
deepseek7b,false_belief,fb026,2,3,4,0.161435
deepseek7b,false_belief,fb026,3,1,2,0.238727
deepseek7b,false_belief,fb026,3,2,3,0.296643
deepseek7b,false_belief,fb026,3,3,4,0.174227
deepseek7b,false_belief,fb027,1,1,2,0.130509
deepseek7b,false_belief,fb027,1,2,3,0.164375
deepseek7b,false_belief,fb027,1,3,4,0.064844
deepseek7b,false_belief,fb027,2,1,2,0.145645
deepseek7b,false_belief,fb027,2,2,3,0.144811
deepseek7b,false_belief,fb027,2,3,4,0.236153
deepseek7b,false_belief,fb027,3,1,2,0.18114
deepseek7b,false_belief,fb027,3,2,3,0.17891
deepseek7b,false_belief,fb027,3,3,4,0.278531
deepseek7b,false_belief,fb028,1,1,2,0.262315
deepseek7b,false_belief,fb028,1,2,3,0.169468
deepseek7b,false_belief,fb028,1,3,4,0.159792
deepseek7b,false_belief,fb028,1,4,5,0.222044
deepseek7b,false_belief,fb028,2,1,2,0.736404
deepseek7b,false_belief,fb028,2,2,3,0.830933
deepseek7b,false_belief,fb028,2,3,4,0.082826
deepseek7b,false_belief,fb028,2,4,5,0.163527
deepseek7b,false_belief,fb028,3,1,2,0.316491
deepseek7b,false_belief,fb028,3,2,3,0.22401
deepseek7b,false_belief,fb028,3,3,4,0.110755
deepseek7b,false_belief,fb028,3,4,5,0.206698
deepseek7b,false_belief,fb029,1,1,2,0.174679
deepseek7b,false_belief,fb029,1,2,3,0.229551
deepseek7b,false_belief,fb029,1,3,4,0.18388
deepseek7b,false_belief,fb029,1,4,5,0.175602
deepseek7b,false_belief,fb029,2,1,2,0.104564
deepseek7b,false_belief,fb029,2,2,3,0.156043
deepseek7b,false_belief,fb029,2,3,4,0.116176
deepseek7b,false_belief,fb029,2,4,5,0.089474
deepseek7b,false_belief,fb029,3,1,2,0.234305
deepseek7b,false_belief,fb029,3,2,3,0.183879
deepseek7b,false_belief,fb029,3,3,4,0.104444
deepseek7b,false_belief,fb029,3,4,5,0.158788
deepseek7b,false_belief,fb030,1,1,2,0.078511
deepseek7b,false_belief,fb030,1,2,3,0.189101
deepseek7b,false_belief,fb030,1,3,4,0.133501
deepseek7b,false_belief,fb030,1,4,5,0.17375
deepseek7b,false_belief,fb030,2,1,2,0.241399
deepseek7b,false_belief,fb030,2,2,3,0.192356
deepseek7b,false_belief,fb030,2,3,4,0.162128
deepseek7b,false_belief,fb030,2,4,5,0.274361
deepseek7b,false_belief,fb030,3,1,2,0.193818
deepseek7b,false_belief,fb030,3,2,3,0.276763
deepseek7b,false_belief,fb030,3,3,4,0.078836
deepseek7b,false_belief,fb030,3,4,5,0.187055
deepseek7b,false_belief,fb031,1,1,2,0.269598
deepseek7b,false_belief,fb031,1,2,3,0.188801
deepseek7b,false_belief,fb031,1,3,4,0.117592
deepseek7b,false_belief,fb031,1,4,5,0.217653
deepseek7b,false_belief,fb031,2,1,2,0.448006
deepseek7b,false_belief,fb031,2,2,3,0.402366
deepseek7b,false_belief,fb031,2,3,4,0.076165
deepseek7b,false_belief,fb031,2,4,5,0.13188
deepseek7b,false_belief,fb031,3,1,2,0.172697
deepseek7b,false_belief,fb031,3,2,3,0.058978
deepseek7b,false_belief,fb031,3,3,4,0.057478
deepseek7b,false_belief,fb031,3,4,5,0.113325
deepseek7b,false_belief,fb032,1,1,2,0.290571
deepseek7b,false_belief,fb032,1,2,3,0.12401
deepseek7b,false_belief,fb032,1,3,4,0.134872
deepseek7b,false_belief,fb032,1,4,5,0.11796
deepseek7b,false_belief,fb032,2,1,2,0.281105
deepseek7b,false_belief,fb032,2,2,3,0.366606
deepseek7b,false_belief,fb032,2,3,4,0.129368
deepseek7b,false_belief,fb032,2,4,5,0.223216
deepseek7b,false_belief,fb032,3,1,2,0.177427
deepseek7b,false_belief,fb032,3,2,3,0.262745
deepseek7b,false_belief,fb032,3,3,4,0.045578
deepseek7b,false_belief,fb032,3,4,5,0.266222
deepseek7b,false_belief,fb033,1,1,2,0.112054
deepseek7b,false_belief,fb033,1,2,3,0.142936
deepseek7b,false_belief,fb033,1,3,4,0.128384
deepseek7b,false_belief,fb033,1,4,5,0.249441
deepseek7b,false_belief,fb033,2,1,2,0.137353
deepseek7b,false_belief,fb033,2,2,3,0.069015
deepseek7b,false_belief,fb033,2,3,4,0.127692
deepseek7b,false_belief,fb033,2,4,5,0.168264
deepseek7b,false_belief,fb033,3,1,2,0.123299
deepseek7b,false_belief,fb033,3,2,3,0.281405
deepseek7b,false_belief,fb033,3,3,4,0.093322
deepseek7b,false_belief,fb033,3,4,5,0.052641
deepseek7b,false_belief,fb034,1,1,2,0.126895
deepseek7b,false_belief,fb034,1,2,3,0.110325
deepseek7b,false_belief,fb034,1,3,4,0.099947
deepseek7b,false_belief,fb034,1,4,5,0.230514
deepseek7b,false_belief,fb034,2,1,2,0.189313
deepseek7b,false_belief,fb034,2,2,3,0.092455
deepseek7b,false_belief,fb034,2,3,4,0.293229
deepseek7b,false_belief,fb034,2,4,5,0.166003
deepseek7b,false_belief,fb034,3,1,2,0.270976
deepseek7b,false_belief,fb034,3,2,3,0.220341
deepseek7b,false_belief,fb034,3,3,4,0.079851
deepseek7b,false_belief,fb034,3,4,5,0.223868
deepseek7b,false_belief,fb035,1,1,2,0.121921
deepseek7b,false_belief,fb035,1,2,3,0.190311
deepseek7b,false_belief,fb035,1,3,4,0.161739
deepseek7b,false_belief,fb035,1,4,5,0.13732
deepseek7b,false_belief,fb035,2,1,2,0.193124
deepseek7b,false_belief,fb035,2,2,3,0.297217
deepseek7b,false_belief,fb035,2,3,4,0.256352
deepseek7b,false_belief,fb035,2,4,5,0.199675
deepseek7b,false_belief,fb035,3,1,2,0.108239
deepseek7b,false_belief,fb035,3,2,3,0.087488
deepseek7b,false_belief,fb035,3,3,4,0.091966
deepseek7b,false_belief,fb035,3,4,5,0.203126
deepseek7b,false_belief,fb036,1,1,2,0.256783
deepseek7b,false_belief,fb036,1,2,3,0.235287
deepseek7b,false_belief,fb036,1,3,4,0.154814
deepseek7b,false_belief,fb036,1,4,5,0.342825
deepseek7b,false_belief,fb036,1,5,6,0.442281
deepseek7b,false_belief,fb036,2,1,2,0.2017
deepseek7b,false_belief,fb036,2,2,3,0.07929
deepseek7b,false_belief,fb036,2,3,4,0.14531
deepseek7b,false_belief,fb036,2,4,5,0.22643
deepseek7b,false_belief,fb036,2,5,6,0.303967
deepseek7b,false_belief,fb036,3,1,2,0.182068
deepseek7b,false_belief,fb036,3,2,3,0.239823
deepseek7b,false_belief,fb036,3,3,4,0.176854
deepseek7b,false_belief,fb036,3,4,5,0.191674
deepseek7b,false_belief,fb036,3,5,6,0.196862
deepseek7b,false_belief,fb037,1,1,2,0.212634
deepseek7b,false_belief,fb037,1,2,3,0.1793
deepseek7b,false_belief,fb037,1,3,4,0.124457
deepseek7b,false_belief,fb037,1,4,5,0.098978
deepseek7b,false_belief,fb037,2,1,2,0.349491
deepseek7b,false_belief,fb037,2,2,3,0.378214
deepseek7b,false_belief,fb037,2,3,4,0.030834
deepseek7b,false_belief,fb037,2,4,5,0.348244
deepseek7b,false_belief,fb037,3,1,2,0.102096
deepseek7b,false_belief,fb037,3,2,3,0.188937
deepseek7b,false_belief,fb037,3,3,4,0.12446
deepseek7b,false_belief,fb037,3,4,5,0.19572
deepseek7b,false_belief,fb038,1,1,2,0.171131
deepseek7b,false_belief,fb038,1,2,3,0.313401
deepseek7b,false_belief,fb038,1,3,4,0.181822
deepseek7b,false_belief,fb038,1,4,5,0.341475
deepseek7b,false_belief,fb038,2,1,2,0.281558
deepseek7b,false_belief,fb038,2,2,3,0.227354
deepseek7b,false_belief,fb038,2,3,4,0.145221
deepseek7b,false_belief,fb038,2,4,5,0.10777
deepseek7b,false_belief,fb038,3,1,2,0.187939
deepseek7b,false_belief,fb038,3,2,3,0.192388
deepseek7b,false_belief,fb038,3,3,4,0.159932
deepseek7b,false_belief,fb038,3,4,5,0.24373
deepseek7b,false_belief,fb039,1,1,2,0.148846
deepseek7b,false_belief,fb039,1,2,3,0.233421
deepseek7b,false_belief,fb039,1,3,4,0.191894
deepseek7b,false_belief,fb039,1,4,5,0.181542
deepseek7b,false_belief,fb039,2,1,2,0.275575
deepseek7b,false_belief,fb039,2,2,3,0.218302
deepseek7b,false_belief,fb039,2,3,4,0.092796
deepseek7b,false_belief,fb039,2,4,5,0.168381
deepseek7b,false_belief,fb039,3,1,2,0.225848
deepseek7b,false_belief,fb039,3,2,3,0.157974
deepseek7b,false_belief,fb039,3,3,4,0.097708
deepseek7b,false_belief,fb039,3,4,5,0.088827
deepseek7b,false_belief,fb040,1,1,2,0.120289
deepseek7b,false_belief,fb040,1,2,3,0.285141
deepseek7b,false_belief,fb040,1,3,4,0.163434
deepseek7b,false_belief,fb040,1,4,5,0.336973
deepseek7b,false_belief,fb040,2,1,2,0.080348
deepseek7b,false_belief,fb040,2,2,3,0.232831
deepseek7b,false_belief,fb040,2,3,4,0.126722
deepseek7b,false_belief,fb040,2,4,5,0.307456
deepseek7b,false_belief,fb040,3,1,2,0.255409
deepseek7b,false_belief,fb040,3,2,3,0.102539
deepseek7b,false_belief,fb040,3,3,4,0.115664
deepseek7b,false_belief,fb040,3,4,5,0.280443
deepseek7b,false_belief,fb041,1,1,2,0.263254
deepseek7b,false_belief,fb041,1,2,3,0.18868
deepseek7b,false_belief,fb041,1,3,4,0.060518
deepseek7b,false_belief,fb041,1,4,5,0.296559
deepseek7b,false_belief,fb041,2,1,2,0.276145
deepseek7b,false_belief,fb041,2,2,3,0.282688
deepseek7b,false_belief,fb041,2,3,4,0.159183
deepseek7b,false_belief,fb041,2,4,5,0.165133
deepseek7b,false_belief,fb041,3,1,2,0.320175
deepseek7b,false_belief,fb041,3,2,3,0.27073
deepseek7b,false_belief,fb041,3,3,4,0.116247
deepseek7b,false_belief,fb041,3,4,5,0.224951
deepseek7b,false_belief,fb042,1,1,2,0.271009
deepseek7b,false_belief,fb042,1,2,3,0.347855
deepseek7b,false_belief,fb042,1,3,4,0.310433
deepseek7b,false_belief,fb042,1,4,5,0.156878
deepseek7b,false_belief,fb042,2,1,2,0.244855
deepseek7b,false_belief,fb042,2,2,3,0.244936
deepseek7b,false_belief,fb042,2,3,4,0.091553
deepseek7b,false_belief,fb042,2,4,5,0.208987
deepseek7b,false_belief,fb042,3,1,2,0.106832
deepseek7b,false_belief,fb042,3,2,3,0.147002
deepseek7b,false_belief,fb042,3,3,4,0.194016
deepseek7b,false_belief,fb042,3,4,5,0.230651
deepseek7b,false_belief,fb043,1,1,2,0.295293
deepseek7b,false_belief,fb043,1,2,3,0.295134
deepseek7b,false_belief,fb043,1,3,4,0.079409
deepseek7b,false_belief,fb043,1,4,5,0.250924
deepseek7b,false_belief,fb043,2,1,2,0.139448
deepseek7b,false_belief,fb043,2,2,3,0.173867
deepseek7b,false_belief,fb043,2,3,4,0.189527
deepseek7b,false_belief,fb043,2,4,5,0.320775
deepseek7b,false_belief,fb043,3,1,2,0.188881
deepseek7b,false_belief,fb043,3,2,3,0.1687
deepseek7b,false_belief,fb043,3,3,4,0.128285
deepseek7b,false_belief,fb043,3,4,5,0.199835
deepseek7b,false_belief,fb044,1,1,2,0.138548
deepseek7b,false_belief,fb044,1,2,3,0.31104
deepseek7b,false_belief,fb044,1,3,4,0.232757
deepseek7b,false_belief,fb044,1,4,5,0.227289
deepseek7b,false_belief,fb044,2,1,2,0.244312
deepseek7b,false_belief,fb044,2,2,3,0.317258
deepseek7b,false_belief,fb044,2,3,4,0.116484
deepseek7b,false_belief,fb044,2,4,5,0.353912
deepseek7b,false_belief,fb044,3,1,2,0.194185
deepseek7b,false_belief,fb044,3,2,3,0.230705
deepseek7b,false_belief,fb044,3,3,4,0.126669
deepseek7b,false_belief,fb044,3,4,5,0.22032
deepseek7b,false_belief,fb045,1,1,2,0.359483
deepseek7b,false_belief,fb045,1,2,3,0.232696
deepseek7b,false_belief,fb045,1,3,4,0.125579
deepseek7b,false_belief,fb045,1,4,5,0.204548
deepseek7b,false_belief,fb045,1,5,6,0.429241
deepseek7b,false_belief,fb045,2,1,2,0.371722
deepseek7b,false_belief,fb045,2,2,3,0.214813
deepseek7b,false_belief,fb045,2,3,4,0.214361
deepseek7b,false_belief,fb045,2,4,5,0.126198
deepseek7b,false_belief,fb045,2,5,6,0.241957
deepseek7b,false_belief,fb045,3,1,2,0.283853
deepseek7b,false_belief,fb045,3,2,3,0.341972
deepseek7b,false_belief,fb045,3,3,4,0.317717
deepseek7b,false_belief,fb045,3,4,5,0.216356
deepseek7b,false_belief,fb045,3,5,6,0.307609
deepseek7b,false_belief,fb046,1,1,2,0.262992
deepseek7b,false_belief,fb046,1,2,3,0.205749
deepseek7b,false_belief,fb046,1,3,4,0.083619
deepseek7b,false_belief,fb046,1,4,5,0.219648
deepseek7b,false_belief,fb046,2,1,2,0.187745
deepseek7b,false_belief,fb046,2,2,3,0.149105
deepseek7b,false_belief,fb046,2,3,4,0.166625
deepseek7b,false_belief,fb046,2,4,5,0.214466
deepseek7b,false_belief,fb046,3,1,2,0.207684
deepseek7b,false_belief,fb046,3,2,3,0.198563
deepseek7b,false_belief,fb046,3,3,4,0.127088
deepseek7b,false_belief,fb046,3,4,5,0.174372
deepseek7b,false_belief,fb047,1,1,2,0.1577
deepseek7b,false_belief,fb047,1,2,3,0.121302
deepseek7b,false_belief,fb047,1,3,4,0.176477
deepseek7b,false_belief,fb047,1,4,5,0.295437
deepseek7b,false_belief,fb047,2,1,2,0.228782
deepseek7b,false_belief,fb047,2,2,3,0.194161
deepseek7b,false_belief,fb047,2,3,4,0.090833
deepseek7b,false_belief,fb047,2,4,5,0.12941
deepseek7b,false_belief,fb047,3,1,2,0.128389
deepseek7b,false_belief,fb047,3,2,3,0.253729
deepseek7b,false_belief,fb047,3,3,4,0.141624
deepseek7b,false_belief,fb047,3,4,5,0.1202
deepseek7b,false_belief,fb048,1,1,2,0.220734
deepseek7b,false_belief,fb048,1,2,3,0.26492
deepseek7b,false_belief,fb048,1,3,4,0.105547
deepseek7b,false_belief,fb048,1,4,5,0.277148
deepseek7b,false_belief,fb048,2,1,2,0.237032
deepseek7b,false_belief,fb048,2,2,3,0.332775
deepseek7b,false_belief,fb048,2,3,4,0.06947
deepseek7b,false_belief,fb048,2,4,5,0.241744
deepseek7b,false_belief,fb048,3,1,2,0.33161
deepseek7b,false_belief,fb048,3,2,3,0.272372
deepseek7b,false_belief,fb048,3,3,4,0.20263
deepseek7b,false_belief,fb048,3,4,5,0.262808
deepseek7b,false_belief,fb049,1,1,2,0.255828
deepseek7b,false_belief,fb049,1,2,3,0.210396
deepseek7b,false_belief,fb049,1,3,4,0.064067
deepseek7b,false_belief,fb049,1,4,5,0.29263
deepseek7b,false_belief,fb049,2,1,2,0.24231
deepseek7b,false_belief,fb049,2,2,3,0.240294
deepseek7b,false_belief,fb049,2,3,4,0.136374
deepseek7b,false_belief,fb049,2,4,5,0.250026
deepseek7b,false_belief,fb049,3,1,2,0.333026
deepseek7b,false_belief,fb049,3,2,3,0.280033
deepseek7b,false_belief,fb049,3,3,4,0.119498
deepseek7b,false_belief,fb049,3,4,5,0.140559
deepseek7b,false_belief,fb050,1,1,2,0.260177
deepseek7b,false_belief,fb050,1,2,3,0.314773
deepseek7b,false_belief,fb050,1,3,4,0.165507
deepseek7b,false_belief,fb050,1,4,5,0.280262
deepseek7b,false_belief,fb050,2,1,2,0.214233
deepseek7b,false_belief,fb050,2,2,3,0.310704
deepseek7b,false_belief,fb050,2,3,4,0.218021
deepseek7b,false_belief,fb050,2,4,5,0.215249
deepseek7b,false_belief,fb050,3,1,2,0.287619
deepseek7b,false_belief,fb050,3,2,3,0.291007
deepseek7b,false_belief,fb050,3,3,4,0.198249
deepseek7b,false_belief,fb050,3,4,5,0.257546
deepseek7b,false_belief,fb051,1,1,2,0.230102
deepseek7b,false_belief,fb051,1,2,3,0.105486
deepseek7b,false_belief,fb051,1,3,4,0.17572
deepseek7b,false_belief,fb051,2,1,2,0.219547
deepseek7b,false_belief,fb051,2,2,3,0.134787
deepseek7b,false_belief,fb051,2,3,4,0.173881
deepseek7b,false_belief,fb051,3,1,2,0.221493
deepseek7b,false_belief,fb051,3,2,3,0.168904
deepseek7b,false_belief,fb051,3,3,4,0.180544
deepseek7b,false_belief,fb052,1,1,2,0.086547
deepseek7b,false_belief,fb052,1,2,3,0.157806
deepseek7b,false_belief,fb052,1,3,4,0.085897
deepseek7b,false_belief,fb052,1,4,5,0.128431
deepseek7b,false_belief,fb052,2,1,2,0.153942
deepseek7b,false_belief,fb052,2,2,3,0.157401
deepseek7b,false_belief,fb052,2,3,4,0.11585
deepseek7b,false_belief,fb052,2,4,5,0.321087
deepseek7b,false_belief,fb052,3,1,2,0.375977
deepseek7b,false_belief,fb052,3,2,3,0.365759
deepseek7b,false_belief,fb052,3,3,4,0.199791
deepseek7b,false_belief,fb052,3,4,5,0.222797
deepseek7b,false_belief,fb053,1,1,2,0.152311
deepseek7b,false_belief,fb053,1,2,3,0.328513
deepseek7b,false_belief,fb053,1,3,4,0.203569
deepseek7b,false_belief,fb053,1,4,5,0.168591
deepseek7b,false_belief,fb053,2,1,2,0.233274
deepseek7b,false_belief,fb053,2,2,3,0.240577
deepseek7b,false_belief,fb053,2,3,4,0.151136
deepseek7b,false_belief,fb053,2,4,5,0.281801
deepseek7b,false_belief,fb053,3,1,2,0.129177
deepseek7b,false_belief,fb053,3,2,3,0.136925
deepseek7b,false_belief,fb053,3,3,4,0.298229
deepseek7b,false_belief,fb053,3,4,5,0.355066
deepseek7b,false_belief,fb054,1,1,2,0.256099
deepseek7b,false_belief,fb054,1,2,3,0.27075
deepseek7b,false_belief,fb054,1,3,4,0.144414
deepseek7b,false_belief,fb054,1,4,5,0.157031
deepseek7b,false_belief,fb054,2,1,2,0.136131
deepseek7b,false_belief,fb054,2,2,3,0.215398
deepseek7b,false_belief,fb054,2,3,4,0.09206
deepseek7b,false_belief,fb054,2,4,5,0.297662
deepseek7b,false_belief,fb054,3,1,2,0.292003
deepseek7b,false_belief,fb054,3,2,3,0.131143
deepseek7b,false_belief,fb054,3,3,4,0.127997
deepseek7b,false_belief,fb054,3,4,5,0.246245
deepseek7b,false_belief,fb055,1,1,2,0.163447
deepseek7b,false_belief,fb055,1,2,3,0.198734
deepseek7b,false_belief,fb055,1,3,4,0.127026
deepseek7b,false_belief,fb055,1,4,5,0.297954
deepseek7b,false_belief,fb055,2,1,2,0.27349
deepseek7b,false_belief,fb055,2,2,3,0.11878
deepseek7b,false_belief,fb055,2,3,4,0.049238
deepseek7b,false_belief,fb055,2,4,5,0.176715
deepseek7b,false_belief,fb055,3,1,2,0.089933
deepseek7b,false_belief,fb055,3,2,3,0.210131
deepseek7b,false_belief,fb055,3,3,4,0.04413
deepseek7b,false_belief,fb055,3,4,5,0.265553
deepseek7b,false_belief,fb056,1,1,2,0.193576
deepseek7b,false_belief,fb056,1,2,3,0.240589
deepseek7b,false_belief,fb056,1,3,4,0.232506
deepseek7b,false_belief,fb056,1,4,5,0.208753
deepseek7b,false_belief,fb056,2,1,2,0.179192
deepseek7b,false_belief,fb056,2,2,3,0.249815
deepseek7b,false_belief,fb056,2,3,4,0.080708
deepseek7b,false_belief,fb056,2,4,5,0.117514
deepseek7b,false_belief,fb056,3,1,2,0.307203
deepseek7b,false_belief,fb056,3,2,3,0.23382
deepseek7b,false_belief,fb056,3,3,4,0.058111
deepseek7b,false_belief,fb056,3,4,5,0.079441
deepseek7b,false_belief,fb057,1,1,2,0.372614
deepseek7b,false_belief,fb057,1,2,3,0.288363
deepseek7b,false_belief,fb057,1,3,4,0.106784
deepseek7b,false_belief,fb057,1,4,5,0.347585
deepseek7b,false_belief,fb057,2,1,2,0.207929
deepseek7b,false_belief,fb057,2,2,3,0.441933
deepseek7b,false_belief,fb057,2,3,4,0.187426
deepseek7b,false_belief,fb057,2,4,5,0.336612
deepseek7b,false_belief,fb057,3,1,2,0.30116
deepseek7b,false_belief,fb057,3,2,3,0.36962
deepseek7b,false_belief,fb057,3,3,4,0.123835
deepseek7b,false_belief,fb057,3,4,5,0.373478
deepseek7b,false_belief,fb058,1,1,2,0.205198
deepseek7b,false_belief,fb058,1,2,3,0.243749
deepseek7b,false_belief,fb058,1,3,4,0.073829
deepseek7b,false_belief,fb058,1,4,5,0.12095
deepseek7b,false_belief,fb058,2,1,2,0.263384
deepseek7b,false_belief,fb058,2,2,3,0.231754
deepseek7b,false_belief,fb058,2,3,4,0.075607
deepseek7b,false_belief,fb058,2,4,5,0.063399
deepseek7b,false_belief,fb058,3,1,2,0.259685
deepseek7b,false_belief,fb058,3,2,3,0.3087
deepseek7b,false_belief,fb058,3,3,4,0.175411
deepseek7b,false_belief,fb058,3,4,5,0.179653
deepseek7b,false_belief,fb059,1,1,2,0.261805
deepseek7b,false_belief,fb059,1,2,3,0.249793
deepseek7b,false_belief,fb059,1,3,4,0.052162
deepseek7b,false_belief,fb059,1,4,5,0.171986
deepseek7b,false_belief,fb059,2,1,2,0.184208
deepseek7b,false_belief,fb059,2,2,3,0.142907
deepseek7b,false_belief,fb059,2,3,4,0.136657
deepseek7b,false_belief,fb059,2,4,5,0.214949
deepseek7b,false_belief,fb059,3,1,2,0.180924
deepseek7b,false_belief,fb059,3,2,3,0.173917
deepseek7b,false_belief,fb059,3,3,4,0.049158
deepseek7b,false_belief,fb059,3,4,5,0.149887
deepseek7b,false_belief,fb060,1,1,2,0.237333
deepseek7b,false_belief,fb060,1,2,3,0.303422
deepseek7b,false_belief,fb060,1,3,4,0.136263
deepseek7b,false_belief,fb060,1,4,5,0.219261
deepseek7b,false_belief,fb060,2,1,2,0.294094
deepseek7b,false_belief,fb060,2,2,3,0.226189
deepseek7b,false_belief,fb060,2,3,4,0.195632
deepseek7b,false_belief,fb060,2,4,5,0.150637
deepseek7b,false_belief,fb060,3,1,2,0.288478
deepseek7b,false_belief,fb060,3,2,3,0.223723
deepseek7b,false_belief,fb060,3,3,4,0.205817
deepseek7b,false_belief,fb060,3,4,5,0.187735
deepseek7b,false_belief,sfp011,1,1,2,0.119112
deepseek7b,false_belief,sfp011,1,2,3,0.14413
deepseek7b,false_belief,sfp011,1,3,4,0.158093
deepseek7b,false_belief,sfp011,1,4,5,0.152973
deepseek7b,false_belief,sfp011,2,1,2,0.217318
deepseek7b,false_belief,sfp011,2,2,3,0.356158
deepseek7b,false_belief,sfp011,2,3,4,0.301054
deepseek7b,false_belief,sfp011,2,4,5,0.135465
deepseek7b,false_belief,sfp011,3,1,2,0.15473
deepseek7b,false_belief,sfp011,3,2,3,0.182328
deepseek7b,false_belief,sfp011,3,3,4,0.051752
deepseek7b,false_belief,sfp011,3,4,5,0.153054
deepseek7b,false_belief,sfp012,1,1,2,0.162218
deepseek7b,false_belief,sfp012,1,2,3,0.092757
deepseek7b,false_belief,sfp012,1,3,4,0.1405
deepseek7b,false_belief,sfp012,1,4,5,0.068472
deepseek7b,false_belief,sfp012,2,1,2,0.076727
deepseek7b,false_belief,sfp012,2,2,3,0.197453
deepseek7b,false_belief,sfp012,2,3,4,0.271699
deepseek7b,false_belief,sfp012,2,4,5,0.134976
deepseek7b,false_belief,sfp012,3,1,2,0.292485
deepseek7b,false_belief,sfp012,3,2,3,0.377349
deepseek7b,false_belief,sfp012,3,3,4,0.255419
deepseek7b,false_belief,sfp012,3,4,5,0.136535
deepseek7b,false_belief,sfp013,1,1,2,0.131172
deepseek7b,false_belief,sfp013,1,2,3,0.085448
deepseek7b,false_belief,sfp013,1,3,4,0.16784
deepseek7b,false_belief,sfp013,1,4,5,0.216919
deepseek7b,false_belief,sfp013,2,1,2,0.158141
deepseek7b,false_belief,sfp013,2,2,3,0.178448
deepseek7b,false_belief,sfp013,2,3,4,0.249149
deepseek7b,false_belief,sfp013,2,4,5,0.18395
deepseek7b,false_belief,sfp013,3,1,2,0.217101
deepseek7b,false_belief,sfp013,3,2,3,0.20672
deepseek7b,false_belief,sfp013,3,3,4,0.13937
deepseek7b,false_belief,sfp013,3,4,5,0.110628
deepseek7b,false_belief,sfp014,1,1,2,0.192964
deepseek7b,false_belief,sfp014,1,2,3,0.189189
deepseek7b,false_belief,sfp014,1,3,4,0.147726
deepseek7b,false_belief,sfp014,2,1,2,0.038408
deepseek7b,false_belief,sfp014,2,2,3,0.213501
deepseek7b,false_belief,sfp014,2,3,4,0.231848
deepseek7b,false_belief,sfp014,3,1,2,0.168426
deepseek7b,false_belief,sfp014,3,2,3,0.186341
deepseek7b,false_belief,sfp014,3,3,4,0.238095
deepseek7b,false_belief,sfp015,1,1,2,0.227208
deepseek7b,false_belief,sfp015,1,2,3,0.109597
deepseek7b,false_belief,sfp015,1,3,4,0.105238
deepseek7b,false_belief,sfp015,1,4,5,0.169281
deepseek7b,false_belief,sfp015,1,5,6,0.141235
deepseek7b,false_belief,sfp015,2,1,2,0.086722
deepseek7b,false_belief,sfp015,2,2,3,0.109865
deepseek7b,false_belief,sfp015,2,3,4,0.223595
deepseek7b,false_belief,sfp015,2,4,5,0.062152
deepseek7b,false_belief,sfp015,2,5,6,0.282921
deepseek7b,false_belief,sfp015,3,1,2,0.146239
deepseek7b,false_belief,sfp015,3,2,3,0.158229
deepseek7b,false_belief,sfp015,3,3,4,0.184961
deepseek7b,false_belief,sfp015,3,4,5,0.096431
deepseek7b,false_belief,sfp015,3,5,6,0.062922
deepseek7b,false_belief,sfp016,1,1,2,0.092697
deepseek7b,false_belief,sfp016,1,2,3,0.277912
deepseek7b,false_belief,sfp016,1,3,4,0.19918
deepseek7b,false_belief,sfp016,1,4,5,0.218526
deepseek7b,false_belief,sfp016,1,5,6,0.16062
deepseek7b,false_belief,sfp016,2,1,2,0.228909
deepseek7b,false_belief,sfp016,2,2,3,0.315857
deepseek7b,false_belief,sfp016,2,3,4,0.365141
deepseek7b,false_belief,sfp016,2,4,5,0.271586
deepseek7b,false_belief,sfp016,2,5,6,0.356946
deepseek7b,false_belief,sfp016,3,1,2,0.160798
deepseek7b,false_belief,sfp016,3,2,3,0.14591
deepseek7b,false_belief,sfp016,3,3,4,0.129643
deepseek7b,false_belief,sfp016,3,4,5,0.162663
deepseek7b,false_belief,sfp016,3,5,6,0.160365
deepseek7b,false_belief,sfp017,1,1,2,0.258357
deepseek7b,false_belief,sfp017,1,2,3,0.198124
deepseek7b,false_belief,sfp017,1,3,4,0.170281
deepseek7b,false_belief,sfp017,1,4,5,0.282085
deepseek7b,false_belief,sfp017,2,1,2,0.266655
deepseek7b,false_belief,sfp017,2,2,3,0.334608
deepseek7b,false_belief,sfp017,2,3,4,0.287534
deepseek7b,false_belief,sfp017,2,4,5,0.059928
deepseek7b,false_belief,sfp017,3,1,2,0.163001
deepseek7b,false_belief,sfp017,3,2,3,0.237987
deepseek7b,false_belief,sfp017,3,3,4,0.079418
deepseek7b,false_belief,sfp017,3,4,5,0.081212
deepseek7b,false_belief,sfp018,1,1,2,0.095493
deepseek7b,false_belief,sfp018,1,2,3,0.177575
deepseek7b,false_belief,sfp018,1,3,4,0.132145
deepseek7b,false_belief,sfp018,1,4,5,0.134075
deepseek7b,false_belief,sfp018,2,1,2,0.166928
deepseek7b,false_belief,sfp018,2,2,3,0.191907
deepseek7b,false_belief,sfp018,2,3,4,0.110116
deepseek7b,false_belief,sfp018,2,4,5,0.087445
deepseek7b,false_belief,sfp018,3,1,2,0.113562
deepseek7b,false_belief,sfp018,3,2,3,0.162778
deepseek7b,false_belief,sfp018,3,3,4,0.175393
deepseek7b,false_belief,sfp018,3,4,5,0.090997
deepseek7b,false_belief,sfp019,1,1,2,0.299704
deepseek7b,false_belief,sfp019,1,2,3,0.205013
deepseek7b,false_belief,sfp019,1,3,4,0.233064
deepseek7b,false_belief,sfp019,1,4,5,0.236032
deepseek7b,false_belief,sfp019,2,1,2,0.269742
deepseek7b,false_belief,sfp019,2,2,3,0.323715
deepseek7b,false_belief,sfp019,2,3,4,0.120444
deepseek7b,false_belief,sfp019,2,4,5,0.198118
deepseek7b,false_belief,sfp019,3,1,2,0.102307
deepseek7b,false_belief,sfp019,3,2,3,0.227241
deepseek7b,false_belief,sfp019,3,3,4,0.239829
deepseek7b,false_belief,sfp019,3,4,5,0.23296
deepseek7b,false_belief,sfp020,1,1,2,0.062309
deepseek7b,false_belief,sfp020,1,2,3,0.105453
deepseek7b,false_belief,sfp020,1,3,4,0.050731
deepseek7b,false_belief,sfp020,1,4,5,0.0668
deepseek7b,false_belief,sfp020,2,1,2,0.045072
deepseek7b,false_belief,sfp020,2,2,3,0.04555
deepseek7b,false_belief,sfp020,2,3,4,0.051658
deepseek7b,false_belief,sfp020,2,4,5,0.12691
deepseek7b,false_belief,sfp020,3,1,2,0.087748
deepseek7b,false_belief,sfp020,3,2,3,0.133505
deepseek7b,false_belief,sfp020,3,3,4,0.084668
deepseek7b,false_belief,sfp020,3,4,5,0.068985
deepseek7b,faux_pas,sfp001,1,1,2,0.507665
deepseek7b,faux_pas,sfp001,1,2,3,0.327915
deepseek7b,faux_pas,sfp001,1,3,4,0.170603
deepseek7b,faux_pas,sfp001,1,4,5,0.190691
deepseek7b,faux_pas,sfp001,1,5,6,0.198825
deepseek7b,faux_pas,sfp001,2,1,2,0.530897
deepseek7b,faux_pas,sfp001,2,2,3,0.185183
deepseek7b,faux_pas,sfp001,2,3,4,0.282538
deepseek7b,faux_pas,sfp001,2,4,5,0.265511
deepseek7b,faux_pas,sfp001,2,5,6,0.137154
deepseek7b,faux_pas,sfp001,3,1,2,0.289119
deepseek7b,faux_pas,sfp001,3,2,3,0.286055
deepseek7b,faux_pas,sfp001,3,3,4,0.269467
deepseek7b,faux_pas,sfp001,3,4,5,0.113467
deepseek7b,faux_pas,sfp001,3,5,6,0.384478
deepseek7b,faux_pas,sfp002,1,1,2,0.930667
deepseek7b,faux_pas,sfp002,1,2,3,1.015984
deepseek7b,faux_pas,sfp002,1,3,4,0.616872
deepseek7b,faux_pas,sfp002,1,4,5,0.609869
deepseek7b,faux_pas,sfp002,2,1,2,0.792705
deepseek7b,faux_pas,sfp002,2,2,3,-0.0
deepseek7b,faux_pas,sfp002,2,3,4,0.750106
deepseek7b,faux_pas,sfp002,2,4,5,0.750106
deepseek7b,faux_pas,sfp002,3,1,2,0.381522
deepseek7b,faux_pas,sfp002,3,2,3,0.751324
deepseek7b,faux_pas,sfp002,3,3,4,0.698659
deepseek7b,faux_pas,sfp002,3,4,5,0.595411
deepseek7b,faux_pas,sfp003,1,1,2,0.90329
deepseek7b,faux_pas,sfp003,1,2,3,0.313778
deepseek7b,faux_pas,sfp003,1,3,4,0.279849
deepseek7b,faux_pas,sfp003,1,4,5,0.196224
deepseek7b,faux_pas,sfp003,2,1,2,0.313716
deepseek7b,faux_pas,sfp003,2,2,3,0.882163
deepseek7b,faux_pas,sfp003,2,3,4,0.909252
deepseek7b,faux_pas,sfp003,2,4,5,0.38027
deepseek7b,faux_pas,sfp003,3,1,2,0.4944
deepseek7b,faux_pas,sfp003,3,2,3,0.899842
deepseek7b,faux_pas,sfp003,3,3,4,0.232095
deepseek7b,faux_pas,sfp003,3,4,5,0.354419
deepseek7b,faux_pas,sfp004,1,1,2,0.792705
deepseek7b,faux_pas,sfp004,1,2,3,0.827834
deepseek7b,faux_pas,sfp004,1,3,4,0.42182
deepseek7b,faux_pas,sfp004,1,4,5,0.080015
deepseek7b,faux_pas,sfp004,2,1,2,0.465352
deepseek7b,faux_pas,sfp004,2,2,3,0.222522
deepseek7b,faux_pas,sfp004,2,3,4,0.522357
deepseek7b,faux_pas,sfp004,2,4,5,0.097964
deepseek7b,faux_pas,sfp004,3,1,2,0.578813
deepseek7b,faux_pas,sfp004,3,2,3,0.275485
deepseek7b,faux_pas,sfp004,3,3,4,0.548586
deepseek7b,faux_pas,sfp004,3,4,5,0.147653
deepseek7b,faux_pas,sfp005,1,1,2,0.750252
deepseek7b,faux_pas,sfp005,1,2,3,0.884217
deepseek7b,faux_pas,sfp005,1,3,4,0.150962
deepseek7b,faux_pas,sfp005,1,4,5,0.243188
deepseek7b,faux_pas,sfp005,2,1,2,0.45749
deepseek7b,faux_pas,sfp005,2,2,3,0.533162
deepseek7b,faux_pas,sfp005,2,3,4,0.32513
deepseek7b,faux_pas,sfp005,2,4,5,0.361751
deepseek7b,faux_pas,sfp005,3,1,2,0.102573
deepseek7b,faux_pas,sfp005,3,2,3,0.357711
deepseek7b,faux_pas,sfp005,3,3,4,0.168518
deepseek7b,faux_pas,sfp005,3,4,5,0.201571
deepseek7b,faux_pas,sfp006,1,1,2,0.47029
deepseek7b,faux_pas,sfp006,1,2,3,0.34826
deepseek7b,faux_pas,sfp006,2,1,2,0.898956
deepseek7b,faux_pas,sfp006,2,2,3,0.483474
deepseek7b,faux_pas,sfp006,3,1,2,0.17387
deepseek7b,faux_pas,sfp006,3,2,3,0.414084
deepseek7b,faux_pas,sfp007,1,1,2,0.917258
deepseek7b,faux_pas,sfp007,1,2,3,0.949071
deepseek7b,faux_pas,sfp007,1,3,4,0.450444
deepseek7b,faux_pas,sfp007,1,4,5,0.285008
deepseek7b,faux_pas,sfp007,2,1,2,0.289059
deepseek7b,faux_pas,sfp007,2,2,3,0.395558
deepseek7b,faux_pas,sfp007,2,3,4,0.417006
deepseek7b,faux_pas,sfp007,2,4,5,0.471589
deepseek7b,faux_pas,sfp007,3,1,2,0.966367
deepseek7b,faux_pas,sfp007,3,2,3,0.946333
deepseek7b,faux_pas,sfp007,3,3,4,0.914929
deepseek7b,faux_pas,sfp007,3,4,5,0.123796
deepseek7b,faux_pas,sfp008,1,1,2,0.906304
deepseek7b,faux_pas,sfp008,1,2,3,0.467856
deepseek7b,faux_pas,sfp008,1,3,4,0.88918
deepseek7b,faux_pas,sfp008,1,4,5,0.26371
deepseek7b,faux_pas,sfp008,1,5,6,0.212302
deepseek7b,faux_pas,sfp008,2,1,2,0.014225
deepseek7b,faux_pas,sfp008,2,2,3,0.901577
deepseek7b,faux_pas,sfp008,2,3,4,0.720379
deepseek7b,faux_pas,sfp008,2,4,5,0.648064
deepseek7b,faux_pas,sfp008,2,5,6,0.214419
deepseek7b,faux_pas,sfp008,3,1,2,0.437652
deepseek7b,faux_pas,sfp008,3,2,3,0.884461
deepseek7b,faux_pas,sfp008,3,3,4,0.373264
deepseek7b,faux_pas,sfp008,3,4,5,0.241954
deepseek7b,faux_pas,sfp008,3,5,6,0.449054
deepseek7b,faux_pas,sfp009,1,1,2,0.393991
deepseek7b,faux_pas,sfp009,1,2,3,0.522561
deepseek7b,faux_pas,sfp009,1,3,4,0.453423
deepseek7b,faux_pas,sfp009,2,1,2,0.597082
deepseek7b,faux_pas,sfp009,2,2,3,0.414788
deepseek7b,faux_pas,sfp009,2,3,4,0.501605
deepseek7b,faux_pas,sfp009,3,1,2,0.183763
deepseek7b,faux_pas,sfp009,3,2,3,0.164881
deepseek7b,faux_pas,sfp009,3,3,4,0.368901
deepseek7b,faux_pas,sfp010,1,1,2,0.951713
deepseek7b,faux_pas,sfp010,1,2,3,0.529242
deepseek7b,faux_pas,sfp010,1,3,4,0.208184
deepseek7b,faux_pas,sfp010,2,1,2,0.81988
deepseek7b,faux_pas,sfp010,2,2,3,0.646733
deepseek7b,faux_pas,sfp010,2,3,4,0.262471
deepseek7b,faux_pas,sfp010,3,1,2,0.654868
deepseek7b,faux_pas,sfp010,3,2,3,0.535723
deepseek7b,faux_pas,sfp010,3,3,4,0.22866
deepseek7b,implicature,swmimp001,1,1,2,0.279456
deepseek7b,implicature,swmimp001,1,2,3,0.221859
deepseek7b,implicature,swmimp001,1,3,4,0.17506
deepseek7b,implicature,swmimp001,1,4,5,0.178245
deepseek7b,implicature,swmimp001,1,5,6,0.423549
deepseek7b,implicature,swmimp001,1,6,7,0.138311
deepseek7b,implicature,swmimp001,1,7,8,0.135499
deepseek7b,implicature,swmimp001,2,1,2,0.436108
deepseek7b,implicature,swmimp001,2,2,3,0.368438
deepseek7b,implicature,swmimp001,2,3,4,0.371327
deepseek7b,implicature,swmimp001,2,4,5,0.216472
deepseek7b,implicature,swmimp001,2,5,6,0.369716
deepseek7b,implicature,swmimp001,2,6,7,0.176218
deepseek7b,implicature,swmimp001,2,7,8,0.280695
deepseek7b,implicature,swmimp001,3,1,2,0.405647
deepseek7b,implicature,swmimp001,3,2,3,0.374229
deepseek7b,implicature,swmimp001,3,3,4,0.231035
deepseek7b,implicature,swmimp001,3,4,5,0.333438
deepseek7b,implicature,swmimp001,3,5,6,0.594691
deepseek7b,implicature,swmimp001,3,6,7,0.253208
deepseek7b,implicature,swmimp001,3,7,8,0.229442
deepseek7b,implicature,swmimp002,1,1,2,0.802825
deepseek7b,implicature,swmimp002,1,2,3,0.791068
deepseek7b,implicature,swmimp002,1,3,4,0.856026
deepseek7b,implicature,swmimp002,1,4,5,0.88464
deepseek7b,implicature,swmimp002,1,5,6,0.295173
deepseek7b,implicature,swmimp002,2,1,2,0.673156
deepseek7b,implicature,swmimp002,2,2,3,0.673156
deepseek7b,implicature,swmimp002,2,3,4,0.726821
deepseek7b,implicature,swmimp002,2,4,5,0.680037
deepseek7b,implicature,swmimp002,2,5,6,0.264655
deepseek7b,implicature,swmimp002,3,1,2,0.043503
deepseek7b,implicature,swmimp002,3,2,3,0.377176
deepseek7b,implicature,swmimp002,3,3,4,0.728442
deepseek7b,implicature,swmimp002,3,4,5,0.699306
deepseek7b,implicature,swmimp002,3,5,6,0.812027
deepseek7b,implicature,swmimp003,1,1,2,0.354101
deepseek7b,implicature,swmimp003,1,2,3,0.043901
deepseek7b,implicature,swmimp003,1,3,4,0.163674
deepseek7b,implicature,swmimp003,2,1,2,0.805716
deepseek7b,implicature,swmimp003,2,2,3,0.176216
deepseek7b,implicature,swmimp003,2,3,4,0.140643
deepseek7b,implicature,swmimp003,3,1,2,0.847054
deepseek7b,implicature,swmimp003,3,2,3,0.911701
deepseek7b,implicature,swmimp003,3,3,4,0.344036
deepseek7b,implicature,swmimp004,1,1,2,0.148222
deepseek7b,implicature,swmimp004,1,2,3,0.34123
deepseek7b,implicature,swmimp004,1,3,4,0.225634
deepseek7b,implicature,swmimp004,1,4,5,0.305576
deepseek7b,implicature,swmimp004,2,1,2,0.448922
deepseek7b,implicature,swmimp004,2,2,3,0.242167
deepseek7b,implicature,swmimp004,2,3,4,0.720035
deepseek7b,implicature,swmimp004,2,4,5,0.757689
deepseek7b,implicature,swmimp004,3,1,2,0.177259
deepseek7b,implicature,swmimp004,3,2,3,0.196412
deepseek7b,implicature,swmimp004,3,3,4,0.42193
deepseek7b,implicature,swmimp004,3,4,5,0.225975
deepseek7b,implicature,swmimp005,1,1,2,0.658842
deepseek7b,implicature,swmimp005,1,2,3,0.195218
deepseek7b,implicature,swmimp005,1,3,4,0.056409
deepseek7b,implicature,swmimp005,1,4,5,0.538166
deepseek7b,implicature,swmimp005,1,5,6,0.57915
deepseek7b,implicature,swmimp005,1,6,7,0.167495
deepseek7b,implicature,swmimp005,2,1,2,0.428934
deepseek7b,implicature,swmimp005,2,2,3,0.562149
deepseek7b,implicature,swmimp005,2,3,4,0.255074
deepseek7b,implicature,swmimp005,2,4,5,0.122964
deepseek7b,implicature,swmimp005,2,5,6,0.408013
deepseek7b,implicature,swmimp005,2,6,7,0.365468
deepseek7b,implicature,swmimp005,3,1,2,0.182849
deepseek7b,implicature,swmimp005,3,2,3,0.305052
deepseek7b,implicature,swmimp005,3,3,4,0.268687
deepseek7b,implicature,swmimp005,3,4,5,0.266694
deepseek7b,implicature,swmimp005,3,5,6,0.414188
deepseek7b,implicature,swmimp005,3,6,7,0.432499
deepseek7b,implicature,swmimp006,1,1,2,0.609131
deepseek7b,implicature,swmimp006,1,2,3,0.314839
deepseek7b,implicature,swmimp006,1,3,4,0.25869
deepseek7b,implicature,swmimp006,2,1,2,0.385106
deepseek7b,implicature,swmimp006,2,2,3,0.550033
deepseek7b,implicature,swmimp006,2,3,4,0.644273
deepseek7b,implicature,swmimp006,3,1,2,0.283574
deepseek7b,implicature,swmimp006,3,2,3,0.185146
deepseek7b,implicature,swmimp006,3,3,4,0.552206
deepseek7b,implicature,swmimp007,1,1,2,0.414378
deepseek7b,implicature,swmimp007,1,2,3,0.347076
deepseek7b,implicature,swmimp007,1,3,4,0.166716
deepseek7b,implicature,swmimp007,1,4,5,0.202101
deepseek7b,implicature,swmimp007,1,5,6,0.348119
deepseek7b,implicature,swmimp007,1,6,7,0.462942
deepseek7b,implicature,swmimp007,1,7,8,0.466848
deepseek7b,implicature,swmimp007,2,1,2,0.455528
deepseek7b,implicature,swmimp007,2,2,3,0.322317
deepseek7b,implicature,swmimp007,2,3,4,0.305848
deepseek7b,implicature,swmimp007,2,4,5,0.399892
deepseek7b,implicature,swmimp007,2,5,6,0.31397
deepseek7b,implicature,swmimp007,2,6,7,0.517369
deepseek7b,implicature,swmimp007,2,7,8,0.193248
deepseek7b,implicature,swmimp007,3,1,2,0.400112
deepseek7b,implicature,swmimp007,3,2,3,0.429657
deepseek7b,implicature,swmimp007,3,3,4,0.403085
deepseek7b,implicature,swmimp007,3,4,5,0.304729
deepseek7b,implicature,swmimp007,3,5,6,0.688928
deepseek7b,implicature,swmimp007,3,6,7,0.574881
deepseek7b,implicature,swmimp007,3,7,8,0.119239
deepseek7b,implicature,swmimp008,1,1,2,0.300124
deepseek7b,implicature,swmimp008,1,2,3,0.326197
deepseek7b,implicature,swmimp008,1,3,4,0.321818
deepseek7b,implicature,swmimp008,1,4,5,0.17893
deepseek7b,implicature,swmimp008,1,5,6,0.195507
deepseek7b,implicature,swmimp008,2,1,2,0.233612
deepseek7b,implicature,swmimp008,2,2,3,0.903243
deepseek7b,implicature,swmimp008,2,3,4,0.804733
deepseek7b,implicature,swmimp008,2,4,5,0.117203
deepseek7b,implicature,swmimp008,2,5,6,0.178853
deepseek7b,implicature,swmimp008,3,1,2,0.793197
deepseek7b,implicature,swmimp008,3,2,3,0.431322
deepseek7b,implicature,swmimp008,3,3,4,0.279858
deepseek7b,implicature,swmimp008,3,4,5,0.362511
deepseek7b,implicature,swmimp008,3,5,6,0.107551
deepseek7b,implicature,swmimp009,1,1,2,0.591021
deepseek7b,implicature,swmimp009,1,2,3,0.501796
deepseek7b,implicature,swmimp009,1,3,4,0.503181
deepseek7b,implicature,swmimp009,1,4,5,0.346907
deepseek7b,implicature,swmimp009,1,5,6,0.468771
deepseek7b,implicature,swmimp009,2,1,2,0.860457
deepseek7b,implicature,swmimp009,2,2,3,0.789331
deepseek7b,implicature,swmimp009,2,3,4,0.207227
deepseek7b,implicature,swmimp009,2,4,5,0.521504
deepseek7b,implicature,swmimp009,2,5,6,0.71795
deepseek7b,implicature,swmimp009,3,1,2,0.805562
deepseek7b,implicature,swmimp009,3,2,3,0.237499
deepseek7b,implicature,swmimp009,3,3,4,0.10584
deepseek7b,implicature,swmimp009,3,4,5,0.169423
deepseek7b,implicature,swmimp009,3,5,6,0.369442
deepseek7b,implicature,swmimp010,1,1,2,0.07855
deepseek7b,implicature,swmimp010,1,2,3,0.044573
deepseek7b,implicature,swmimp010,1,3,4,0.209268
deepseek7b,implicature,swmimp010,1,4,5,0.321963
deepseek7b,implicature,swmimp010,2,1,2,0.247675
deepseek7b,implicature,swmimp010,2,2,3,0.347293
deepseek7b,implicature,swmimp010,2,3,4,0.360141
deepseek7b,implicature,swmimp010,2,4,5,0.370664
deepseek7b,implicature,swmimp010,3,1,2,0.307675
deepseek7b,implicature,swmimp010,3,2,3,0.366446
deepseek7b,implicature,swmimp010,3,3,4,0.291074
deepseek7b,implicature,swmimp010,3,4,5,0.127979
deepseek7b,implicature,swmimp011,1,1,2,0.480605
deepseek7b,implicature,swmimp011,1,2,3,0.456802
deepseek7b,implicature,swmimp011,1,3,4,0.182703
deepseek7b,implicature,swmimp011,1,4,5,0.233058
deepseek7b,implicature,swmimp011,2,1,2,0.778528
deepseek7b,implicature,swmimp011,2,2,3,0.236926
deepseek7b,implicature,swmimp011,2,3,4,0.146383
deepseek7b,implicature,swmimp011,2,4,5,0.271726
deepseek7b,implicature,swmimp011,3,1,2,0.225595
deepseek7b,implicature,swmimp011,3,2,3,0.401861
deepseek7b,implicature,swmimp011,3,3,4,0.443697
deepseek7b,implicature,swmimp011,3,4,5,0.368196
deepseek7b,implicature,swmimp012,1,1,2,0.875851
deepseek7b,implicature,swmimp012,1,2,3,0.424436
deepseek7b,implicature,swmimp012,1,3,4,0.6551
deepseek7b,implicature,swmimp012,2,1,2,0.39802
deepseek7b,implicature,swmimp012,2,2,3,0.406412
deepseek7b,implicature,swmimp012,2,3,4,0.328367
deepseek7b,implicature,swmimp012,3,1,2,0.201301
deepseek7b,implicature,swmimp012,3,2,3,0.243778
deepseek7b,implicature,swmimp012,3,3,4,0.416322
deepseek7b,implicature,swmimp013,1,1,2,0.361681
deepseek7b,implicature,swmimp013,1,2,3,0.34807
deepseek7b,implicature,swmimp013,2,1,2,0.320938
deepseek7b,implicature,swmimp013,2,2,3,0.312978
deepseek7b,implicature,swmimp013,3,1,2,0.200826
deepseek7b,implicature,swmimp013,3,2,3,0.074901
deepseek7b,implicature,swmimp014,1,1,2,0.332227
deepseek7b,implicature,swmimp014,1,2,3,0.241279
deepseek7b,implicature,swmimp014,2,1,2,0.81062
deepseek7b,implicature,swmimp014,2,2,3,0.117978
deepseek7b,implicature,swmimp014,3,1,2,0.601321
deepseek7b,implicature,swmimp014,3,2,3,0.285363
deepseek7b,implicature,swmimp015,1,1,2,0.405988
deepseek7b,implicature,swmimp015,2,1,2,0.84527
deepseek7b,implicature,swmimp015,3,1,2,0.862191
deepseek7b,implicature,swmimp016,1,1,2,0.0556
deepseek7b,implicature,swmimp016,1,2,3,0.486687
deepseek7b,implicature,swmimp016,1,3,4,0.431108
deepseek7b,implicature,swmimp016,1,4,5,0.402357
deepseek7b,implicature,swmimp016,1,5,6,0.290012
deepseek7b,implicature,swmimp016,1,6,7,0.032908
deepseek7b,implicature,swmimp016,1,7,8,0.049268
deepseek7b,implicature,swmimp016,1,8,9,0.335198
deepseek7b,implicature,swmimp016,1,9,10,0.288933
deepseek7b,implicature,swmimp016,2,1,2,0.688142
deepseek7b,implicature,swmimp016,2,2,3,0.384668
deepseek7b,implicature,swmimp016,2,3,4,0.521991
deepseek7b,implicature,swmimp016,2,4,5,0.208305
deepseek7b,implicature,swmimp016,2,5,6,0.119096
deepseek7b,implicature,swmimp016,2,6,7,0.412509
deepseek7b,implicature,swmimp016,2,7,8,0.277853
deepseek7b,implicature,swmimp016,2,8,9,0.332078
deepseek7b,implicature,swmimp016,2,9,10,0.216135
deepseek7b,implicature,swmimp016,3,1,2,0.422706
deepseek7b,implicature,swmimp016,3,2,3,0.655818
deepseek7b,implicature,swmimp016,3,3,4,0.433141
deepseek7b,implicature,swmimp016,3,4,5,0.182016
deepseek7b,implicature,swmimp016,3,5,6,0.214069
deepseek7b,implicature,swmimp016,3,6,7,0.229915
deepseek7b,implicature,swmimp016,3,7,8,0.452197
deepseek7b,implicature,swmimp016,3,8,9,0.393818
deepseek7b,implicature,swmimp016,3,9,10,0.149848
deepseek7b,implicature,swmimp017,1,1,2,0.803881
deepseek7b,implicature,swmimp017,1,2,3,0.264268
deepseek7b,implicature,swmimp017,1,3,4,0.164588
deepseek7b,implicature,swmimp017,2,1,2,0.223979
deepseek7b,implicature,swmimp017,2,2,3,0.363431
deepseek7b,implicature,swmimp017,2,3,4,0.393493
deepseek7b,implicature,swmimp017,3,1,2,0.258652
deepseek7b,implicature,swmimp017,3,2,3,0.343304
deepseek7b,implicature,swmimp017,3,3,4,0.420686
deepseek7b,implicature,swmimp018,1,1,2,0.904075
deepseek7b,implicature,swmimp018,1,2,3,0.817744
deepseek7b,implicature,swmimp018,2,1,2,0.414451
deepseek7b,implicature,swmimp018,2,2,3,0.244004
deepseek7b,implicature,swmimp018,3,1,2,0.035207
deepseek7b,implicature,swmimp018,3,2,3,0.055646
deepseek7b,implicature,swmimp019,1,1,2,0.191002
deepseek7b,implicature,swmimp019,1,2,3,0.52811
deepseek7b,implicature,swmimp019,1,3,4,0.514435
deepseek7b,implicature,swmimp019,1,4,5,0.145017
deepseek7b,implicature,swmimp019,2,1,2,0.06996
deepseek7b,implicature,swmimp019,2,2,3,0.129722
deepseek7b,implicature,swmimp019,2,3,4,0.192661
deepseek7b,implicature,swmimp019,2,4,5,0.112233
deepseek7b,implicature,swmimp019,3,1,2,0.58583
deepseek7b,implicature,swmimp019,3,2,3,0.589125
deepseek7b,implicature,swmimp019,3,3,4,0.053866
deepseek7b,implicature,swmimp019,3,4,5,0.125385
deepseek7b,implicature,swmimp020,1,1,2,0.295198
deepseek7b,implicature,swmimp020,1,2,3,0.156724
deepseek7b,implicature,swmimp020,1,3,4,0.251537
deepseek7b,implicature,swmimp020,2,1,2,0.271204
deepseek7b,implicature,swmimp020,2,2,3,0.248746
deepseek7b,implicature,swmimp020,2,3,4,0.333126
deepseek7b,implicature,swmimp020,3,1,2,0.330976
deepseek7b,implicature,swmimp020,3,2,3,0.21714
deepseek7b,implicature,swmimp020,3,3,4,0.19828
deepseek7b,implicature,swmimp021,1,1,2,0.953564
deepseek7b,implicature,swmimp021,2,1,2,0.914395
deepseek7b,implicature,swmimp021,3,1,2,0.686328
deepseek7b,implicature,swmimp022,1,1,2,0.322104
deepseek7b,implicature,swmimp022,1,2,3,0.114084
deepseek7b,implicature,swmimp022,1,3,4,0.800737
deepseek7b,implicature,swmimp022,2,1,2,0.288979
deepseek7b,implicature,swmimp022,2,2,3,0.485802
deepseek7b,implicature,swmimp022,2,3,4,0.351221
deepseek7b,implicature,swmimp022,3,1,2,0.418325
deepseek7b,implicature,swmimp022,3,2,3,0.146682
deepseek7b,implicature,swmimp022,3,3,4,0.26193
deepseek7b,implicature,swmimp023,1,1,2,0.924808
deepseek7b,implicature,swmimp023,1,2,3,0.829258
deepseek7b,implicature,swmimp023,2,1,2,0.131894
deepseek7b,implicature,swmimp023,2,2,3,0.078531
deepseek7b,implicature,swmimp023,3,1,2,0.205362
deepseek7b,implicature,swmimp023,3,2,3,0.106509
deepseek7b,implicature,swmimp024,1,1,2,0.846493
deepseek7b,implicature,swmimp024,1,2,3,0.730231
deepseek7b,implicature,swmimp024,1,3,4,0.603152
deepseek7b,implicature,swmimp024,1,4,5,0.869399
deepseek7b,implicature,swmimp024,2,1,2,0.903278
deepseek7b,implicature,swmimp024,2,2,3,0.471202
deepseek7b,implicature,swmimp024,2,3,4,0.434694
deepseek7b,implicature,swmimp024,2,4,5,0.930941
deepseek7b,implicature,swmimp024,3,1,2,0.374692
deepseek7b,implicature,swmimp024,3,2,3,0.558714
deepseek7b,implicature,swmimp024,3,3,4,0.453807
deepseek7b,implicature,swmimp024,3,4,5,0.529543
deepseek7b,implicature,swmimp025,1,1,2,0.949477
deepseek7b,implicature,swmimp025,1,2,3,0.853862
deepseek7b,implicature,swmimp025,1,3,4,0.33818
deepseek7b,implicature,swmimp025,1,4,5,0.455598
deepseek7b,implicature,swmimp025,1,5,6,0.356714
deepseek7b,implicature,swmimp025,2,1,2,0.75765
deepseek7b,implicature,swmimp025,2,2,3,0.278106
deepseek7b,implicature,swmimp025,2,3,4,0.773201
deepseek7b,implicature,swmimp025,2,4,5,0.829825
deepseek7b,implicature,swmimp025,2,5,6,0.725961
deepseek7b,implicature,swmimp025,3,1,2,0.629617
deepseek7b,implicature,swmimp025,3,2,3,0.759267
deepseek7b,implicature,swmimp025,3,3,4,0.313806
deepseek7b,implicature,swmimp025,3,4,5,0.357756
deepseek7b,implicature,swmimp025,3,5,6,0.36278
deepseek7b,implicature,swmimp026,1,1,2,0.092286
deepseek7b,implicature,swmimp026,1,2,3,0.240759
deepseek7b,implicature,swmimp026,1,3,4,0.232247
deepseek7b,implicature,swmimp026,1,4,5,0.290914
deepseek7b,implicature,swmimp026,2,1,2,0.229664
deepseek7b,implicature,swmimp026,2,2,3,0.221202
deepseek7b,implicature,swmimp026,2,3,4,0.879688
deepseek7b,implicature,swmimp026,2,4,5,0.875056
deepseek7b,implicature,swmimp026,3,1,2,0.796013
deepseek7b,implicature,swmimp026,3,2,3,0.398035
deepseek7b,implicature,swmimp026,3,3,4,0.405971
deepseek7b,implicature,swmimp026,3,4,5,0.086121
deepseek7b,implicature,swmimp027,1,1,2,0.760722
deepseek7b,implicature,swmimp027,1,2,3,0.377203
deepseek7b,implicature,swmimp027,2,1,2,0.418766
deepseek7b,implicature,swmimp027,2,2,3,0.314469
deepseek7b,implicature,swmimp027,3,1,2,0.808254
deepseek7b,implicature,swmimp027,3,2,3,0.47089
deepseek7b,implicature,swmimp028,1,1,2,0.708024
deepseek7b,implicature,swmimp028,1,2,3,0.496193
deepseek7b,implicature,swmimp028,1,3,4,0.386001
deepseek7b,implicature,swmimp028,1,4,5,0.621171
deepseek7b,implicature,swmimp028,1,5,6,0.473699
deepseek7b,implicature,swmimp028,1,6,7,0.427385
deepseek7b,implicature,swmimp028,2,1,2,0.596294
deepseek7b,implicature,swmimp028,2,2,3,0.475893
deepseek7b,implicature,swmimp028,2,3,4,0.383736
deepseek7b,implicature,swmimp028,2,4,5,0.614967
deepseek7b,implicature,swmimp028,2,5,6,0.727706
deepseek7b,implicature,swmimp028,2,6,7,0.442551
deepseek7b,implicature,swmimp028,3,1,2,0.343117
deepseek7b,implicature,swmimp028,3,2,3,0.327553
deepseek7b,implicature,swmimp028,3,3,4,0.214315
deepseek7b,implicature,swmimp028,3,4,5,0.288493
deepseek7b,implicature,swmimp028,3,5,6,0.29602
deepseek7b,implicature,swmimp028,3,6,7,0.378288
deepseek7b,implicature,swmimp029,1,1,2,0.732805
deepseek7b,implicature,swmimp029,1,2,3,0.786182
deepseek7b,implicature,swmimp029,1,3,4,0.204193
deepseek7b,implicature,swmimp029,2,1,2,0.040736
deepseek7b,implicature,swmimp029,2,2,3,0.426097
deepseek7b,implicature,swmimp029,2,3,4,0.090732
deepseek7b,implicature,swmimp029,3,1,2,0.825099
deepseek7b,implicature,swmimp029,3,2,3,0.604336
deepseek7b,implicature,swmimp029,3,3,4,0.708747
deepseek7b,implicature,swmimp030,1,1,2,0.209736
deepseek7b,implicature,swmimp030,1,2,3,0.240127
deepseek7b,implicature,swmimp030,1,3,4,0.266831
deepseek7b,implicature,swmimp030,2,1,2,0.25361
deepseek7b,implicature,swmimp030,2,2,3,0.198071
deepseek7b,implicature,swmimp030,2,3,4,0.095517
deepseek7b,implicature,swmimp030,3,1,2,0.076194
deepseek7b,implicature,swmimp030,3,2,3,0.189022
deepseek7b,implicature,swmimp030,3,3,4,0.07597
deepseek7b,implicature,swmimp031,1,1,2,0.180011
deepseek7b,implicature,swmimp031,1,2,3,0.184107
deepseek7b,implicature,swmimp031,1,3,4,0.430727
deepseek7b,implicature,swmimp031,1,4,5,0.39499
deepseek7b,implicature,swmimp031,1,5,6,0.346561
deepseek7b,implicature,swmimp031,1,6,7,0.564494
deepseek7b,implicature,swmimp031,1,7,8,0.214863
deepseek7b,implicature,swmimp031,2,1,2,0.789354
deepseek7b,implicature,swmimp031,2,2,3,0.255556
deepseek7b,implicature,swmimp031,2,3,4,0.226947
deepseek7b,implicature,swmimp031,2,4,5,0.894182
deepseek7b,implicature,swmimp031,2,5,6,0.832644
deepseek7b,implicature,swmimp031,2,6,7,0.36937
deepseek7b,implicature,swmimp031,2,7,8,0.403184
deepseek7b,implicature,swmimp031,3,1,2,0.863063
deepseek7b,implicature,swmimp031,3,2,3,0.361201
deepseek7b,implicature,swmimp031,3,3,4,0.426251
deepseek7b,implicature,swmimp031,3,4,5,0.440176
deepseek7b,implicature,swmimp031,3,5,6,0.449998
deepseek7b,implicature,swmimp031,3,6,7,0.425483
deepseek7b,implicature,swmimp031,3,7,8,0.111443
deepseek7b,implicature,swmimp032,1,1,2,0.379889
deepseek7b,implicature,swmimp032,1,2,3,0.818723
deepseek7b,implicature,swmimp032,1,3,4,0.308366
deepseek7b,implicature,swmimp032,1,4,5,0.149237
deepseek7b,implicature,swmimp032,1,5,6,0.164048
deepseek7b,implicature,swmimp032,1,6,7,0.44672
deepseek7b,implicature,swmimp032,2,1,2,0.114659
deepseek7b,implicature,swmimp032,2,2,3,0.413598
deepseek7b,implicature,swmimp032,2,3,4,0.33183
deepseek7b,implicature,swmimp032,2,4,5,0.063868
deepseek7b,implicature,swmimp032,2,5,6,0.223941
deepseek7b,implicature,swmimp032,2,6,7,0.29498
deepseek7b,implicature,swmimp032,3,1,2,0.071361
deepseek7b,implicature,swmimp032,3,2,3,0.12155
deepseek7b,implicature,swmimp032,3,3,4,0.330025
deepseek7b,implicature,swmimp032,3,4,5,0.276717
deepseek7b,implicature,swmimp032,3,5,6,0.317522
deepseek7b,implicature,swmimp032,3,6,7,0.229895
deepseek7b,implicature,swmimp033,1,1,2,0.518961
deepseek7b,implicature,swmimp033,1,2,3,0.656085
deepseek7b,implicature,swmimp033,1,3,4,0.883765
deepseek7b,implicature,swmimp033,1,4,5,0.107334
deepseek7b,implicature,swmimp033,2,1,2,0.329637
deepseek7b,implicature,swmimp033,2,2,3,0.213238
deepseek7b,implicature,swmimp033,2,3,4,0.317569
deepseek7b,implicature,swmimp033,2,4,5,0.233758
deepseek7b,implicature,swmimp033,3,1,2,0.648005
deepseek7b,implicature,swmimp033,3,2,3,0.762551
deepseek7b,implicature,swmimp033,3,3,4,0.773509
deepseek7b,implicature,swmimp033,3,4,5,0.791963
deepseek7b,implicature,swmimp034,1,1,2,0.052823
deepseek7b,implicature,swmimp034,1,2,3,0.17802
deepseek7b,implicature,swmimp034,2,1,2,0.787004
deepseek7b,implicature,swmimp034,2,2,3,0.180622
deepseek7b,implicature,swmimp034,3,1,2,0.124057
deepseek7b,implicature,swmimp034,3,2,3,0.154549
deepseek7b,implicature,swmimp035,1,1,2,0.810552
deepseek7b,implicature,swmimp035,1,2,3,0.337084
deepseek7b,implicature,swmimp035,1,3,4,0.443659
deepseek7b,implicature,swmimp035,1,4,5,0.478328
deepseek7b,implicature,swmimp035,2,1,2,0.21765
deepseek7b,implicature,swmimp035,2,2,3,0.636558
deepseek7b,implicature,swmimp035,2,3,4,0.551408
deepseek7b,implicature,swmimp035,2,4,5,0.290426
deepseek7b,implicature,swmimp035,3,1,2,0.802486
deepseek7b,implicature,swmimp035,3,2,3,0.813792
deepseek7b,implicature,swmimp035,3,3,4,0.27519
deepseek7b,implicature,swmimp035,3,4,5,0.288974
deepseek7b,implicature,swmimp036,1,1,2,0.781715
deepseek7b,implicature,swmimp036,1,2,3,0.190159
deepseek7b,implicature,swmimp036,1,3,4,0.115178
deepseek7b,implicature,swmimp036,1,4,5,0.388019
deepseek7b,implicature,swmimp036,1,5,6,0.19668
deepseek7b,implicature,swmimp036,2,1,2,0.561119
deepseek7b,implicature,swmimp036,2,2,3,0.357613
deepseek7b,implicature,swmimp036,2,3,4,0.28024
deepseek7b,implicature,swmimp036,2,4,5,0.196098
deepseek7b,implicature,swmimp036,2,5,6,0.359565
deepseek7b,implicature,swmimp036,3,1,2,0.287374
deepseek7b,implicature,swmimp036,3,2,3,0.30151
deepseek7b,implicature,swmimp036,3,3,4,0.312128
deepseek7b,implicature,swmimp036,3,4,5,0.206533
deepseek7b,implicature,swmimp036,3,5,6,0.248678
deepseek7b,implicature,swmimp037,1,1,2,0.332115
deepseek7b,implicature,swmimp037,1,2,3,0.785687
deepseek7b,implicature,swmimp037,1,3,4,0.245458
deepseek7b,implicature,swmimp037,1,4,5,0.26622
deepseek7b,implicature,swmimp037,2,1,2,0.313923
deepseek7b,implicature,swmimp037,2,2,3,0.024607
deepseek7b,implicature,swmimp037,2,3,4,0.212358
deepseek7b,implicature,swmimp037,2,4,5,0.34477
deepseek7b,implicature,swmimp037,3,1,2,0.275192
deepseek7b,implicature,swmimp037,3,2,3,0.35037
deepseek7b,implicature,swmimp037,3,3,4,0.326263
deepseek7b,implicature,swmimp037,3,4,5,0.175826
deepseek7b,implicature,swmimp038,1,1,2,0.657312
deepseek7b,implicature,swmimp038,1,2,3,0.373151
deepseek7b,implicature,swmimp038,1,3,4,0.349398
deepseek7b,implicature,swmimp038,1,4,5,0.305101
deepseek7b,implicature,swmimp038,1,5,6,0.006389
deepseek7b,implicature,swmimp038,1,6,7,0.32231
deepseek7b,implicature,swmimp038,2,1,2,0.332538
deepseek7b,implicature,swmimp038,2,2,3,0.383742
deepseek7b,implicature,swmimp038,2,3,4,0.4228
deepseek7b,implicature,swmimp038,2,4,5,0.443593
deepseek7b,implicature,swmimp038,2,5,6,0.314837
deepseek7b,implicature,swmimp038,2,6,7,0.238722
deepseek7b,implicature,swmimp038,3,1,2,0.352524
deepseek7b,implicature,swmimp038,3,2,3,0.374145
deepseek7b,implicature,swmimp038,3,3,4,0.478694
deepseek7b,implicature,swmimp038,3,4,5,0.373565
deepseek7b,implicature,swmimp038,3,5,6,0.393992
deepseek7b,implicature,swmimp038,3,6,7,0.357413
deepseek7b,implicature,swmimp039,1,1,2,0.31602
deepseek7b,implicature,swmimp039,1,2,3,0.260714
deepseek7b,implicature,swmimp039,1,3,4,0.415097
deepseek7b,implicature,swmimp039,1,4,5,0.218456
deepseek7b,implicature,swmimp039,1,5,6,0.534001
deepseek7b,implicature,swmimp039,2,1,2,0.446007
deepseek7b,implicature,swmimp039,2,2,3,0.298571
deepseek7b,implicature,swmimp039,2,3,4,0.689058
deepseek7b,implicature,swmimp039,2,4,5,0.663056
deepseek7b,implicature,swmimp039,2,5,6,0.290315
deepseek7b,implicature,swmimp039,3,1,2,0.224014
deepseek7b,implicature,swmimp039,3,2,3,0.45743
deepseek7b,implicature,swmimp039,3,3,4,0.573152
deepseek7b,implicature,swmimp039,3,4,5,0.340144
deepseek7b,implicature,swmimp039,3,5,6,0.312624
deepseek7b,implicature,swmimp040,1,1,2,0.90172
deepseek7b,implicature,swmimp040,1,2,3,0.24976
deepseek7b,implicature,swmimp040,1,3,4,0.703639
deepseek7b,implicature,swmimp040,1,4,5,0.163213
deepseek7b,implicature,swmimp040,2,1,2,0.759881
deepseek7b,implicature,swmimp040,2,2,3,0.446703
deepseek7b,implicature,swmimp040,2,3,4,0.311858
deepseek7b,implicature,swmimp040,2,4,5,0.336323
deepseek7b,implicature,swmimp040,3,1,2,0.559789
deepseek7b,implicature,swmimp040,3,2,3,0.407581
deepseek7b,implicature,swmimp040,3,3,4,0.091157
deepseek7b,implicature,swmimp040,3,4,5,0.19836
deepseek7b,implicature,swmimp041,1,1,2,0.235133
deepseek7b,implicature,swmimp041,1,2,3,0.132501
deepseek7b,implicature,swmimp041,1,3,4,0.134531
deepseek7b,implicature,swmimp041,1,4,5,0.09015
deepseek7b,implicature,swmimp041,2,1,2,0.463921
deepseek7b,implicature,swmimp041,2,2,3,0.098413
deepseek7b,implicature,swmimp041,2,3,4,0.090712
deepseek7b,implicature,swmimp041,2,4,5,0.22392
deepseek7b,implicature,swmimp041,3,1,2,0.117915
deepseek7b,implicature,swmimp041,3,2,3,0.13129
deepseek7b,implicature,swmimp041,3,3,4,0.454878
deepseek7b,implicature,swmimp041,3,4,5,0.56513
deepseek7b,implicature,swmimp042,1,1,2,0.520777
deepseek7b,implicature,swmimp042,1,2,3,0.396109
deepseek7b,implicature,swmimp042,1,3,4,0.342761
deepseek7b,implicature,swmimp042,2,1,2,0.327237
deepseek7b,implicature,swmimp042,2,2,3,0.439069
deepseek7b,implicature,swmimp042,2,3,4,0.714059
deepseek7b,implicature,swmimp042,3,1,2,0.805226
deepseek7b,implicature,swmimp042,3,2,3,0.381742
deepseek7b,implicature,swmimp042,3,3,4,0.254576
deepseek7b,implicature,swmimp043,1,1,2,0.282788
deepseek7b,implicature,swmimp043,1,2,3,0.129222
deepseek7b,implicature,swmimp043,2,1,2,0.650177
deepseek7b,implicature,swmimp043,2,2,3,0.536667
deepseek7b,implicature,swmimp043,3,1,2,0.695277
deepseek7b,implicature,swmimp043,3,2,3,0.172663
deepseek7b,implicature,swmimp044,1,1,2,0.384667
deepseek7b,implicature,swmimp044,1,2,3,0.447017
deepseek7b,implicature,swmimp044,1,3,4,0.36961
deepseek7b,implicature,swmimp044,1,4,5,0.316524
deepseek7b,implicature,swmimp044,1,5,6,0.127481
deepseek7b,implicature,swmimp044,2,1,2,0.342734
deepseek7b,implicature,swmimp044,2,2,3,0.431283
deepseek7b,implicature,swmimp044,2,3,4,0.544099
deepseek7b,implicature,swmimp044,2,4,5,0.532256
deepseek7b,implicature,swmimp044,2,5,6,0.261511
deepseek7b,implicature,swmimp044,3,1,2,0.701061
deepseek7b,implicature,swmimp044,3,2,3,0.369723
deepseek7b,implicature,swmimp044,3,3,4,0.254662
deepseek7b,implicature,swmimp044,3,4,5,0.181425
deepseek7b,implicature,swmimp044,3,5,6,0.339612
deepseek7b,implicature,swmimp045,1,1,2,0.842864
deepseek7b,implicature,swmimp045,1,2,3,0.64759
deepseek7b,implicature,swmimp045,1,3,4,0.69807
deepseek7b,implicature,swmimp045,1,4,5,0.266947
deepseek7b,implicature,swmimp045,2,1,2,0.343616
deepseek7b,implicature,swmimp045,2,2,3,0.739714
deepseek7b,implicature,swmimp045,2,3,4,0.710254
deepseek7b,implicature,swmimp045,2,4,5,0.69488
deepseek7b,implicature,swmimp045,3,1,2,0.853114
deepseek7b,implicature,swmimp045,3,2,3,0.06603
deepseek7b,implicature,swmimp045,3,3,4,0.186546
deepseek7b,implicature,swmimp045,3,4,5,0.063728
deepseek7b,implicature,swmimp046,1,1,2,0.425364
deepseek7b,implicature,swmimp046,1,2,3,0.560687
deepseek7b,implicature,swmimp046,1,3,4,0.277199
deepseek7b,implicature,swmimp046,1,4,5,0.277106
deepseek7b,implicature,swmimp046,1,5,6,0.274919
deepseek7b,implicature,swmimp046,2,1,2,0.833304
deepseek7b,implicature,swmimp046,2,2,3,0.736734
deepseek7b,implicature,swmimp046,2,3,4,0.397711
deepseek7b,implicature,swmimp046,2,4,5,0.256784
deepseek7b,implicature,swmimp046,2,5,6,0.264428
deepseek7b,implicature,swmimp046,3,1,2,0.175312
deepseek7b,implicature,swmimp046,3,2,3,0.186369
deepseek7b,implicature,swmimp046,3,3,4,0.225535
deepseek7b,implicature,swmimp046,3,4,5,0.276155
deepseek7b,implicature,swmimp046,3,5,6,0.129767
deepseek7b,implicature,swmimp047,1,1,2,0.245013
deepseek7b,implicature,swmimp047,1,2,3,0.262006
deepseek7b,implicature,swmimp047,1,3,4,0.232921
deepseek7b,implicature,swmimp047,2,1,2,0.288639
deepseek7b,implicature,swmimp047,2,2,3,0.532094
deepseek7b,implicature,swmimp047,2,3,4,0.092707
deepseek7b,implicature,swmimp047,3,1,2,0.53236
deepseek7b,implicature,swmimp047,3,2,3,0.412483
deepseek7b,implicature,swmimp047,3,3,4,0.103996
deepseek7b,implicature,swmimp048,1,1,2,0.252133
deepseek7b,implicature,swmimp048,1,2,3,0.352693
deepseek7b,implicature,swmimp048,1,3,4,0.412451
deepseek7b,implicature,swmimp048,1,4,5,0.13008
deepseek7b,implicature,swmimp048,2,1,2,0.322552
deepseek7b,implicature,swmimp048,2,2,3,0.299612
deepseek7b,implicature,swmimp048,2,3,4,0.196477
deepseek7b,implicature,swmimp048,2,4,5,0.367279
deepseek7b,implicature,swmimp048,3,1,2,0.301266
deepseek7b,implicature,swmimp048,3,2,3,0.12904
deepseek7b,implicature,swmimp048,3,3,4,0.112662
deepseek7b,implicature,swmimp048,3,4,5,0.182721
deepseek7b,implicature,swmimp049,1,1,2,0.748261
deepseek7b,implicature,swmimp049,1,2,3,0.206848
deepseek7b,implicature,swmimp049,1,3,4,0.250147
deepseek7b,implicature,swmimp049,1,4,5,0.450383
deepseek7b,implicature,swmimp049,2,1,2,0.256257
deepseek7b,implicature,swmimp049,2,2,3,0.172763
deepseek7b,implicature,swmimp049,2,3,4,0.363691
deepseek7b,implicature,swmimp049,2,4,5,0.217927
deepseek7b,implicature,swmimp049,3,1,2,0.249563
deepseek7b,implicature,swmimp049,3,2,3,0.368207
deepseek7b,implicature,swmimp049,3,3,4,0.329871
deepseek7b,implicature,swmimp049,3,4,5,0.279934
deepseek7b,implicature,swmimp050,1,1,2,0.38505
deepseek7b,implicature,swmimp050,1,2,3,0.407994
deepseek7b,implicature,swmimp050,1,3,4,0.196056
deepseek7b,implicature,swmimp050,1,4,5,0.294611
deepseek7b,implicature,swmimp050,1,5,6,0.210227
deepseek7b,implicature,swmimp050,2,1,2,0.075227
deepseek7b,implicature,swmimp050,2,2,3,0.070726
deepseek7b,implicature,swmimp050,2,3,4,0.321213
deepseek7b,implicature,swmimp050,2,4,5,0.250132
deepseek7b,implicature,swmimp050,2,5,6,0.246441
deepseek7b,implicature,swmimp050,3,1,2,0.205382
deepseek7b,implicature,swmimp050,3,2,3,0.223953
deepseek7b,implicature,swmimp050,3,3,4,0.081125
deepseek7b,implicature,swmimp050,3,4,5,0.117845
deepseek7b,implicature,swmimp050,3,5,6,0.126564
deepseek7b,implicature,swmimp051,1,1,2,0.327039
deepseek7b,implicature,swmimp051,1,2,3,0.384357
deepseek7b,implicature,swmimp051,1,3,4,0.506119
deepseek7b,implicature,swmimp051,1,4,5,0.355399
deepseek7b,implicature,swmimp051,1,5,6,0.422817
deepseek7b,implicature,swmimp051,2,1,2,0.260611
deepseek7b,implicature,swmimp051,2,2,3,0.327617
deepseek7b,implicature,swmimp051,2,3,4,0.325856
deepseek7b,implicature,swmimp051,2,4,5,0.349903
deepseek7b,implicature,swmimp051,2,5,6,0.503989
deepseek7b,implicature,swmimp051,3,1,2,0.360156
deepseek7b,implicature,swmimp051,3,2,3,0.332951
deepseek7b,implicature,swmimp051,3,3,4,0.182433
deepseek7b,implicature,swmimp051,3,4,5,0.089307
deepseek7b,implicature,swmimp051,3,5,6,0.288599
deepseek7b,implicature,swmimp052,1,1,2,0.842762
deepseek7b,implicature,swmimp052,1,2,3,0.885497
deepseek7b,implicature,swmimp052,1,3,4,0.314696
deepseek7b,implicature,swmimp052,1,4,5,0.201279
deepseek7b,implicature,swmimp052,2,1,2,0.217903
deepseek7b,implicature,swmimp052,2,2,3,0.500681
deepseek7b,implicature,swmimp052,2,3,4,0.654876
deepseek7b,implicature,swmimp052,2,4,5,0.525444
deepseek7b,implicature,swmimp052,3,1,2,0.374498
deepseek7b,implicature,swmimp052,3,2,3,0.26636
deepseek7b,implicature,swmimp052,3,3,4,0.225245
deepseek7b,implicature,swmimp052,3,4,5,0.378633
deepseek7b,implicature,swmimp053,1,1,2,0.351866
deepseek7b,implicature,swmimp053,1,2,3,0.349083
deepseek7b,implicature,swmimp053,1,3,4,0.423818
deepseek7b,implicature,swmimp053,1,4,5,0.415479
deepseek7b,implicature,swmimp053,1,5,6,0.330026
deepseek7b,implicature,swmimp053,1,6,7,0.329277
deepseek7b,implicature,swmimp053,2,1,2,0.171954
deepseek7b,implicature,swmimp053,2,2,3,0.162284
deepseek7b,implicature,swmimp053,2,3,4,0.195696
deepseek7b,implicature,swmimp053,2,4,5,0.167894
deepseek7b,implicature,swmimp053,2,5,6,0.390768
deepseek7b,implicature,swmimp053,2,6,7,0.153404
deepseek7b,implicature,swmimp053,3,1,2,0.863893
deepseek7b,implicature,swmimp053,3,2,3,0.464747
deepseek7b,implicature,swmimp053,3,3,4,0.24739
deepseek7b,implicature,swmimp053,3,4,5,0.200196
deepseek7b,implicature,swmimp053,3,5,6,0.268943
deepseek7b,implicature,swmimp053,3,6,7,0.381679
deepseek7b,implicature,swmimp054,1,1,2,0.240146
deepseek7b,implicature,swmimp054,2,1,2,0.292191
deepseek7b,implicature,swmimp054,3,1,2,0.325295
deepseek7b,implicature,swmimp055,1,1,2,0.684523
deepseek7b,implicature,swmimp055,1,2,3,0.595841
deepseek7b,implicature,swmimp055,1,3,4,0.44749
deepseek7b,implicature,swmimp055,1,4,5,0.229699
deepseek7b,implicature,swmimp055,1,5,6,0.143082
deepseek7b,implicature,swmimp055,2,1,2,0.120005
deepseek7b,implicature,swmimp055,2,2,3,0.410577
deepseek7b,implicature,swmimp055,2,3,4,0.711077
deepseek7b,implicature,swmimp055,2,4,5,0.451876
deepseek7b,implicature,swmimp055,2,5,6,0.345423
deepseek7b,implicature,swmimp055,3,1,2,0.580421
deepseek7b,implicature,swmimp055,3,2,3,0.548072
deepseek7b,implicature,swmimp055,3,3,4,0.274357
deepseek7b,implicature,swmimp055,3,4,5,0.270125
deepseek7b,implicature,swmimp055,3,5,6,0.20895
deepseek7b,implicature,swmimp056,1,1,2,0.865977
deepseek7b,implicature,swmimp056,1,2,3,0.173002
deepseek7b,implicature,swmimp056,1,3,4,0.230033
deepseek7b,implicature,swmimp056,1,4,5,0.383646
deepseek7b,implicature,swmimp056,1,5,6,0.375592
deepseek7b,implicature,swmimp056,1,6,7,0.426636
deepseek7b,implicature,swmimp056,2,1,2,0.387354
deepseek7b,implicature,swmimp056,2,2,3,0.29478
deepseek7b,implicature,swmimp056,2,3,4,0.240988
deepseek7b,implicature,swmimp056,2,4,5,0.294318
deepseek7b,implicature,swmimp056,2,5,6,0.391177
deepseek7b,implicature,swmimp056,2,6,7,0.085911
deepseek7b,implicature,swmimp056,3,1,2,0.376713
deepseek7b,implicature,swmimp056,3,2,3,0.289021
deepseek7b,implicature,swmimp056,3,3,4,0.417696
deepseek7b,implicature,swmimp056,3,4,5,0.344111
deepseek7b,implicature,swmimp056,3,5,6,0.359581
deepseek7b,implicature,swmimp056,3,6,7,0.23558
deepseek7b,implicature,swmimp057,1,1,2,0.500459
deepseek7b,implicature,swmimp057,1,2,3,0.482512
deepseek7b,implicature,swmimp057,1,3,4,0.190077
deepseek7b,implicature,swmimp057,2,1,2,0.354326
deepseek7b,implicature,swmimp057,2,2,3,0.336349
deepseek7b,implicature,swmimp057,2,3,4,0.39842
deepseek7b,implicature,swmimp057,3,1,2,0.782765
deepseek7b,implicature,swmimp057,3,2,3,0.844581
deepseek7b,implicature,swmimp057,3,3,4,0.536358
deepseek7b,implicature,swmimp058,1,1,2,0.34569
deepseek7b,implicature,swmimp058,1,2,3,0.304669
deepseek7b,implicature,swmimp058,1,3,4,0.094599
deepseek7b,implicature,swmimp058,2,1,2,0.58794
deepseek7b,implicature,swmimp058,2,2,3,0.072494
deepseek7b,implicature,swmimp058,2,3,4,0.19371
deepseek7b,implicature,swmimp058,3,1,2,0.343963
deepseek7b,implicature,swmimp058,3,2,3,0.172117
deepseek7b,implicature,swmimp058,3,3,4,0.063654
deepseek7b,implicature,swmimp059,1,1,2,0.812312
deepseek7b,implicature,swmimp059,1,2,3,0.052026
deepseek7b,implicature,swmimp059,1,3,4,0.090424
deepseek7b,implicature,swmimp059,1,4,5,0.182775
deepseek7b,implicature,swmimp059,2,1,2,0.211601
deepseek7b,implicature,swmimp059,2,2,3,0.382647
deepseek7b,implicature,swmimp059,2,3,4,0.308865
deepseek7b,implicature,swmimp059,2,4,5,0.296868
deepseek7b,implicature,swmimp059,3,1,2,0.282528
deepseek7b,implicature,swmimp059,3,2,3,0.222537
deepseek7b,implicature,swmimp059,3,3,4,0.372892
deepseek7b,implicature,swmimp059,3,4,5,0.289063
deepseek7b,implicature,swmimp060,1,1,2,0.50102
deepseek7b,implicature,swmimp060,1,2,3,0.436442
deepseek7b,implicature,swmimp060,1,3,4,0.401821
deepseek7b,implicature,swmimp060,2,1,2,0.303921
deepseek7b,implicature,swmimp060,2,2,3,0.343298
deepseek7b,implicature,swmimp060,2,3,4,0.58918
deepseek7b,implicature,swmimp060,3,1,2,0.389266
deepseek7b,implicature,swmimp060,3,2,3,0.321243
deepseek7b,implicature,swmimp060,3,3,4,0.858677
deepseek7b,implicature,swmimp061,1,1,2,0.156143
deepseek7b,implicature,swmimp061,1,2,3,0.528944
deepseek7b,implicature,swmimp061,2,1,2,0.414789
deepseek7b,implicature,swmimp061,2,2,3,0.17853
deepseek7b,implicature,swmimp061,3,1,2,0.384404
deepseek7b,implicature,swmimp061,3,2,3,0.448165
deepseek7b,implicature,swmimp062,1,1,2,0.031147
deepseek7b,implicature,swmimp062,1,2,3,0.153072
deepseek7b,implicature,swmimp062,1,3,4,0.109401
deepseek7b,implicature,swmimp062,2,1,2,0.125756
deepseek7b,implicature,swmimp062,2,2,3,0.15609
deepseek7b,implicature,swmimp062,2,3,4,0.16028
deepseek7b,implicature,swmimp062,3,1,2,0.135095
deepseek7b,implicature,swmimp062,3,2,3,0.598604
deepseek7b,implicature,swmimp062,3,3,4,0.6877
deepseek7b,implicature,swmimp063,1,1,2,0.390296
deepseek7b,implicature,swmimp063,1,2,3,0.872907
deepseek7b,implicature,swmimp063,1,3,4,0.777401
deepseek7b,implicature,swmimp063,1,4,5,0.0888
deepseek7b,implicature,swmimp063,2,1,2,0.796187
deepseek7b,implicature,swmimp063,2,2,3,0.793402
deepseek7b,implicature,swmimp063,2,3,4,0.841693
deepseek7b,implicature,swmimp063,2,4,5,0.059228
deepseek7b,implicature,swmimp063,3,1,2,0.418992
deepseek7b,implicature,swmimp063,3,2,3,0.846427
deepseek7b,implicature,swmimp063,3,3,4,0.892085
deepseek7b,implicature,swmimp063,3,4,5,0.225974
deepseek7b,implicature,swmimp064,1,1,2,0.246175
deepseek7b,implicature,swmimp064,1,2,3,0.329349
deepseek7b,implicature,swmimp064,1,3,4,0.393053
deepseek7b,implicature,swmimp064,1,4,5,0.175016
deepseek7b,implicature,swmimp064,2,1,2,0.788706
deepseek7b,implicature,swmimp064,2,2,3,0.25494
deepseek7b,implicature,swmimp064,2,3,4,0.742438
deepseek7b,implicature,swmimp064,2,4,5,0.112992
deepseek7b,implicature,swmimp064,3,1,2,0.413596
deepseek7b,implicature,swmimp064,3,2,3,0.371271
deepseek7b,implicature,swmimp064,3,3,4,0.310543
deepseek7b,implicature,swmimp064,3,4,5,0.310311
deepseek7b,implicature,swmimp065,1,1,2,0.856365
deepseek7b,implicature,swmimp065,1,2,3,0.434754
deepseek7b,implicature,swmimp065,1,3,4,0.237785
deepseek7b,implicature,swmimp065,1,4,5,0.209899
deepseek7b,implicature,swmimp065,1,5,6,0.243258
deepseek7b,implicature,swmimp065,1,6,7,0.228635
deepseek7b,implicature,swmimp065,2,1,2,0.853339
deepseek7b,implicature,swmimp065,2,2,3,0.200794
deepseek7b,implicature,swmimp065,2,3,4,0.408578
deepseek7b,implicature,swmimp065,2,4,5,0.279107
deepseek7b,implicature,swmimp065,2,5,6,0.225526
deepseek7b,implicature,swmimp065,2,6,7,0.123532
deepseek7b,implicature,swmimp065,3,1,2,0.801863
deepseek7b,implicature,swmimp065,3,2,3,0.298483
deepseek7b,implicature,swmimp065,3,3,4,0.067519
deepseek7b,implicature,swmimp065,3,4,5,0.126389
deepseek7b,implicature,swmimp065,3,5,6,0.112388
deepseek7b,implicature,swmimp065,3,6,7,0.284455
deepseek7b,implicature,swmimp066,1,1,2,0.757812
deepseek7b,implicature,swmimp066,1,2,3,0.829473
deepseek7b,implicature,swmimp066,1,3,4,0.758917
deepseek7b,implicature,swmimp066,2,1,2,0.34674
deepseek7b,implicature,swmimp066,2,2,3,0.132773
deepseek7b,implicature,swmimp066,2,3,4,0.400455
deepseek7b,implicature,swmimp066,3,1,2,0.33168
deepseek7b,implicature,swmimp066,3,2,3,0.270373
deepseek7b,implicature,swmimp066,3,3,4,0.470837
deepseek7b,implicature,swmimp067,1,1,2,0.660383
deepseek7b,implicature,swmimp067,1,2,3,0.301926
deepseek7b,implicature,swmimp067,1,3,4,0.327456
deepseek7b,implicature,swmimp067,1,4,5,0.28981
deepseek7b,implicature,swmimp067,1,5,6,0.234014
deepseek7b,implicature,swmimp067,2,1,2,0.221818
deepseek7b,implicature,swmimp067,2,2,3,0.335746
deepseek7b,implicature,swmimp067,2,3,4,0.275289
deepseek7b,implicature,swmimp067,2,4,5,0.209466
deepseek7b,implicature,swmimp067,2,5,6,0.045013
deepseek7b,implicature,swmimp067,3,1,2,0.387622
deepseek7b,implicature,swmimp067,3,2,3,0.402803
deepseek7b,implicature,swmimp067,3,3,4,0.322087
deepseek7b,implicature,swmimp067,3,4,5,0.153195
deepseek7b,implicature,swmimp067,3,5,6,0.04992
deepseek7b,implicature,swmimp068,1,1,2,0.694715
deepseek7b,implicature,swmimp068,1,2,3,0.874254
deepseek7b,implicature,swmimp068,1,3,4,0.130679
deepseek7b,implicature,swmimp068,1,4,5,0.288796
deepseek7b,implicature,swmimp068,1,5,6,0.276822
deepseek7b,implicature,swmimp068,1,6,7,0.2716
deepseek7b,implicature,swmimp068,2,1,2,0.861702
deepseek7b,implicature,swmimp068,2,2,3,0.887142
deepseek7b,implicature,swmimp068,2,3,4,0.440996
deepseek7b,implicature,swmimp068,2,4,5,0.507553
deepseek7b,implicature,swmimp068,2,5,6,0.411214
deepseek7b,implicature,swmimp068,2,6,7,0.309257
deepseek7b,implicature,swmimp068,3,1,2,0.851245
deepseek7b,implicature,swmimp068,3,2,3,0.199437
deepseek7b,implicature,swmimp068,3,3,4,0.218718
deepseek7b,implicature,swmimp068,3,4,5,0.081641
deepseek7b,implicature,swmimp068,3,5,6,0.291919
deepseek7b,implicature,swmimp068,3,6,7,0.389164
deepseek7b,implicature,swmimp069,1,1,2,0.741145
deepseek7b,implicature,swmimp069,1,2,3,0.771994
deepseek7b,implicature,swmimp069,1,3,4,0.194383
deepseek7b,implicature,swmimp069,1,4,5,0.167461
deepseek7b,implicature,swmimp069,1,5,6,0.24125
deepseek7b,implicature,swmimp069,2,1,2,0.305872
deepseek7b,implicature,swmimp069,2,2,3,0.054641
deepseek7b,implicature,swmimp069,2,3,4,0.622185
deepseek7b,implicature,swmimp069,2,4,5,0.62647
deepseek7b,implicature,swmimp069,2,5,6,0.171668
deepseek7b,implicature,swmimp069,3,1,2,0.316045
deepseek7b,implicature,swmimp069,3,2,3,0.20681
deepseek7b,implicature,swmimp069,3,3,4,0.33405
deepseek7b,implicature,swmimp069,3,4,5,0.188022
deepseek7b,implicature,swmimp069,3,5,6,0.339038
deepseek7b,implicature,swmimp070,1,1,2,0.202708
deepseek7b,implicature,swmimp070,1,2,3,0.163062
deepseek7b,implicature,swmimp070,1,3,4,0.182086
deepseek7b,implicature,swmimp070,1,4,5,0.112891
deepseek7b,implicature,swmimp070,2,1,2,0.739507
deepseek7b,implicature,swmimp070,2,2,3,0.65581
deepseek7b,implicature,swmimp070,2,3,4,0.389629
deepseek7b,implicature,swmimp070,2,4,5,0.250839
deepseek7b,implicature,swmimp070,3,1,2,0.24207
deepseek7b,implicature,swmimp070,3,2,3,0.229054
deepseek7b,implicature,swmimp070,3,3,4,0.175792
deepseek7b,implicature,swmimp070,3,4,5,0.300072
deepseek7b,implicature,swmimp071,1,1,2,0.848833
deepseek7b,implicature,swmimp071,1,2,3,0.777973
deepseek7b,implicature,swmimp071,1,3,4,0.758543
deepseek7b,implicature,swmimp071,1,4,5,0.244006
deepseek7b,implicature,swmimp071,2,1,2,0.261782
deepseek7b,implicature,swmimp071,2,2,3,0.220764
deepseek7b,implicature,swmimp071,2,3,4,0.023172
deepseek7b,implicature,swmimp071,2,4,5,0.303762
deepseek7b,implicature,swmimp071,3,1,2,0.730678
deepseek7b,implicature,swmimp071,3,2,3,0.770435
deepseek7b,implicature,swmimp071,3,3,4,0.217683
deepseek7b,implicature,swmimp071,3,4,5,0.289176
deepseek7b,implicature,swmimp072,1,1,2,0.299142
deepseek7b,implicature,swmimp072,1,2,3,0.442865
deepseek7b,implicature,swmimp072,1,3,4,0.501795
deepseek7b,implicature,swmimp072,2,1,2,0.003522
deepseek7b,implicature,swmimp072,2,2,3,0.306931
deepseek7b,implicature,swmimp072,2,3,4,0.349507
deepseek7b,implicature,swmimp072,3,1,2,0.483432
deepseek7b,implicature,swmimp072,3,2,3,0.180516
deepseek7b,implicature,swmimp072,3,3,4,0.206047
deepseek7b,implicature,swmimp073,1,1,2,0.328293
deepseek7b,implicature,swmimp073,1,2,3,0.78139
deepseek7b,implicature,swmimp073,1,3,4,0.876691
deepseek7b,implicature,swmimp073,1,4,5,0.668645
deepseek7b,implicature,swmimp073,1,5,6,0.285579
deepseek7b,implicature,swmimp073,1,6,7,0.372128
deepseek7b,implicature,swmimp073,2,1,2,0.728626
deepseek7b,implicature,swmimp073,2,2,3,0.770423
deepseek7b,implicature,swmimp073,2,3,4,0.396629
deepseek7b,implicature,swmimp073,2,4,5,0.422538
deepseek7b,implicature,swmimp073,2,5,6,0.276798
deepseek7b,implicature,swmimp073,2,6,7,0.32497
deepseek7b,implicature,swmimp073,3,1,2,0.700923
deepseek7b,implicature,swmimp073,3,2,3,0.632143
deepseek7b,implicature,swmimp073,3,3,4,0.774677
deepseek7b,implicature,swmimp073,3,4,5,0.451008
deepseek7b,implicature,swmimp073,3,5,6,0.774576
deepseek7b,implicature,swmimp073,3,6,7,0.671332
deepseek7b,implicature,swmimp074,1,1,2,0.510881
deepseek7b,implicature,swmimp074,1,2,3,0.278377
deepseek7b,implicature,swmimp074,1,3,4,0.219133
deepseek7b,implicature,swmimp074,1,4,5,0.204984
deepseek7b,implicature,swmimp074,1,5,6,0.26552
deepseek7b,implicature,swmimp074,1,6,7,0.28992
deepseek7b,implicature,swmimp074,2,1,2,0.398934
deepseek7b,implicature,swmimp074,2,2,3,0.149063
deepseek7b,implicature,swmimp074,2,3,4,0.792679
deepseek7b,implicature,swmimp074,2,4,5,0.853798
deepseek7b,implicature,swmimp074,2,5,6,0.351783
deepseek7b,implicature,swmimp074,2,6,7,0.470705
deepseek7b,implicature,swmimp074,3,1,2,0.295533
deepseek7b,implicature,swmimp074,3,2,3,0.180764
deepseek7b,implicature,swmimp074,3,3,4,0.156696
deepseek7b,implicature,swmimp074,3,4,5,0.241291
deepseek7b,implicature,swmimp074,3,5,6,0.159592
deepseek7b,implicature,swmimp074,3,6,7,0.309504
deepseek7b,implicature,swmimp075,1,1,2,0.366888
deepseek7b,implicature,swmimp075,1,2,3,0.781988
deepseek7b,implicature,swmimp075,1,3,4,0.759335
deepseek7b,implicature,swmimp075,1,4,5,0.31272
deepseek7b,implicature,swmimp075,1,5,6,0.31832
deepseek7b,implicature,swmimp075,1,6,7,0.087432
deepseek7b,implicature,swmimp075,1,7,8,0.851753
deepseek7b,implicature,swmimp075,2,1,2,0.778614
deepseek7b,implicature,swmimp075,2,2,3,0.191446
deepseek7b,implicature,swmimp075,2,3,4,0.395501
deepseek7b,implicature,swmimp075,2,4,5,0.408109
deepseek7b,implicature,swmimp075,2,5,6,0.292609
deepseek7b,implicature,swmimp075,2,6,7,0.288173
deepseek7b,implicature,swmimp075,2,7,8,0.128544
deepseek7b,implicature,swmimp075,3,1,2,0.829544
deepseek7b,implicature,swmimp075,3,2,3,0.181669
deepseek7b,implicature,swmimp075,3,3,4,0.444143
deepseek7b,implicature,swmimp075,3,4,5,0.359128
deepseek7b,implicature,swmimp075,3,5,6,0.327502
deepseek7b,implicature,swmimp075,3,6,7,0.372546
deepseek7b,implicature,swmimp075,3,7,8,0.228437
deepseek7b,implicature,swmimp076,1,1,2,0.444382
deepseek7b,implicature,swmimp076,1,2,3,0.333793
deepseek7b,implicature,swmimp076,1,3,4,0.069064
deepseek7b,implicature,swmimp076,1,4,5,0.405771
deepseek7b,implicature,swmimp076,2,1,2,0.617558
deepseek7b,implicature,swmimp076,2,2,3,0.410092
deepseek7b,implicature,swmimp076,2,3,4,0.493962
deepseek7b,implicature,swmimp076,2,4,5,0.206887
deepseek7b,implicature,swmimp076,3,1,2,0.315348
deepseek7b,implicature,swmimp076,3,2,3,0.629419
deepseek7b,implicature,swmimp076,3,3,4,0.796786
deepseek7b,implicature,swmimp076,3,4,5,0.605205
deepseek7b,implicature,swmimp077,1,1,2,0.744888
deepseek7b,implicature,swmimp077,1,2,3,0.474578
deepseek7b,implicature,swmimp077,1,3,4,0.259483
deepseek7b,implicature,swmimp077,1,4,5,0.329667
deepseek7b,implicature,swmimp077,1,5,6,0.351243
deepseek7b,implicature,swmimp077,2,1,2,0.816665
deepseek7b,implicature,swmimp077,2,2,3,0.420248
deepseek7b,implicature,swmimp077,2,3,4,0.171812
deepseek7b,implicature,swmimp077,2,4,5,0.212274
deepseek7b,implicature,swmimp077,2,5,6,0.404846
deepseek7b,implicature,swmimp077,3,1,2,0.291589
deepseek7b,implicature,swmimp077,3,2,3,0.306559
deepseek7b,implicature,swmimp077,3,3,4,0.296682
deepseek7b,implicature,swmimp077,3,4,5,0.483112
deepseek7b,implicature,swmimp077,3,5,6,0.721423
deepseek7b,implicature,swmimp078,1,1,2,0.429026
deepseek7b,implicature,swmimp078,1,2,3,0.254475
deepseek7b,implicature,swmimp078,1,3,4,0.329424
deepseek7b,implicature,swmimp078,1,4,5,0.160625
deepseek7b,implicature,swmimp078,1,5,6,0.205613
deepseek7b,implicature,swmimp078,1,6,7,0.323341
deepseek7b,implicature,swmimp078,2,1,2,0.565723
deepseek7b,implicature,swmimp078,2,2,3,0.502113
deepseek7b,implicature,swmimp078,2,3,4,0.545646
deepseek7b,implicature,swmimp078,2,4,5,0.552611
deepseek7b,implicature,swmimp078,2,5,6,0.303425
deepseek7b,implicature,swmimp078,2,6,7,0.269722
deepseek7b,implicature,swmimp078,3,1,2,0.535689
deepseek7b,implicature,swmimp078,3,2,3,0.350043
deepseek7b,implicature,swmimp078,3,3,4,0.294497
deepseek7b,implicature,swmimp078,3,4,5,0.364392
deepseek7b,implicature,swmimp078,3,5,6,0.410278
deepseek7b,implicature,swmimp078,3,6,7,0.413775
deepseek7b,implicature,swmimp079,1,1,2,0.388125
deepseek7b,implicature,swmimp079,1,2,3,0.703622
deepseek7b,implicature,swmimp079,1,3,4,0.265002
deepseek7b,implicature,swmimp079,1,4,5,0.421569
deepseek7b,implicature,swmimp079,1,5,6,0.389049
deepseek7b,implicature,swmimp079,1,6,7,0.816012
deepseek7b,implicature,swmimp079,1,7,8,0.821447
deepseek7b,implicature,swmimp079,2,1,2,0.556575
deepseek7b,implicature,swmimp079,2,2,3,0.523911
deepseek7b,implicature,swmimp079,2,3,4,0.682884
deepseek7b,implicature,swmimp079,2,4,5,0.497297
deepseek7b,implicature,swmimp079,2,5,6,0.189625
deepseek7b,implicature,swmimp079,2,6,7,0.319171
deepseek7b,implicature,swmimp079,2,7,8,0.519145
deepseek7b,implicature,swmimp079,3,1,2,0.803192
deepseek7b,implicature,swmimp079,3,2,3,0.289293
deepseek7b,implicature,swmimp079,3,3,4,0.393476
deepseek7b,implicature,swmimp079,3,4,5,0.234475
deepseek7b,implicature,swmimp079,3,5,6,0.375096
deepseek7b,implicature,swmimp079,3,6,7,0.297208
deepseek7b,implicature,swmimp079,3,7,8,0.230807
deepseek7b,implicature,swmimp080,1,1,2,0.236168
deepseek7b,implicature,swmimp080,1,2,3,0.095465
deepseek7b,implicature,swmimp080,1,3,4,0.458543
deepseek7b,implicature,swmimp080,1,4,5,0.390827
deepseek7b,implicature,swmimp080,1,5,6,0.319993
deepseek7b,implicature,swmimp080,2,1,2,0.197246
deepseek7b,implicature,swmimp080,2,2,3,0.099317
deepseek7b,implicature,swmimp080,2,3,4,0.221428
deepseek7b,implicature,swmimp080,2,4,5,0.205008
deepseek7b,implicature,swmimp080,2,5,6,0.168048
deepseek7b,implicature,swmimp080,3,1,2,0.255788
deepseek7b,implicature,swmimp080,3,2,3,0.296007
deepseek7b,implicature,swmimp080,3,3,4,0.289116
deepseek7b,implicature,swmimp080,3,4,5,0.176522
deepseek7b,implicature,swmimp080,3,5,6,0.225147
deepseek7b,implicature,swmimp081,1,1,2,0.679308
deepseek7b,implicature,swmimp081,1,2,3,0.0
deepseek7b,implicature,swmimp081,1,3,4,0.690903
deepseek7b,implicature,swmimp081,1,4,5,0.425673
deepseek7b,implicature,swmimp081,1,5,6,0.563591
deepseek7b,implicature,swmimp081,2,1,2,0.774462
deepseek7b,implicature,swmimp081,2,2,3,0.181869
deepseek7b,implicature,swmimp081,2,3,4,0.777754
deepseek7b,implicature,swmimp081,2,4,5,0.349847
deepseek7b,implicature,swmimp081,2,5,6,0.254647
deepseek7b,implicature,swmimp081,3,1,2,0.298901
deepseek7b,implicature,swmimp081,3,2,3,0.174441
deepseek7b,implicature,swmimp081,3,3,4,0.292228
deepseek7b,implicature,swmimp081,3,4,5,0.680881
deepseek7b,implicature,swmimp081,3,5,6,0.729541
deepseek7b,implicature,swmimp082,1,1,2,0.897807
deepseek7b,implicature,swmimp082,1,2,3,0.828986
deepseek7b,implicature,swmimp082,1,3,4,0.205055
deepseek7b,implicature,swmimp082,1,4,5,0.282513
deepseek7b,implicature,swmimp082,2,1,2,0.322812
deepseek7b,implicature,swmimp082,2,2,3,0.844957
deepseek7b,implicature,swmimp082,2,3,4,0.890482
deepseek7b,implicature,swmimp082,2,4,5,0.27482
deepseek7b,implicature,swmimp082,3,1,2,0.75518
deepseek7b,implicature,swmimp082,3,2,3,0.336139
deepseek7b,implicature,swmimp082,3,3,4,0.2772
deepseek7b,implicature,swmimp082,3,4,5,0.213989
deepseek7b,implicature,swmimp083,1,1,2,0.207428
deepseek7b,implicature,swmimp083,1,2,3,0.236355
deepseek7b,implicature,swmimp083,1,3,4,0.281766
deepseek7b,implicature,swmimp083,1,4,5,0.303922
deepseek7b,implicature,swmimp083,1,5,6,0.290173
deepseek7b,implicature,swmimp083,1,6,7,0.222231
deepseek7b,implicature,swmimp083,2,1,2,0.404749
deepseek7b,implicature,swmimp083,2,2,3,0.359235
deepseek7b,implicature,swmimp083,2,3,4,0.014202
deepseek7b,implicature,swmimp083,2,4,5,0.446268
deepseek7b,implicature,swmimp083,2,5,6,0.43014
deepseek7b,implicature,swmimp083,2,6,7,0.172907
deepseek7b,implicature,swmimp083,3,1,2,0.382778
deepseek7b,implicature,swmimp083,3,2,3,0.31389
deepseek7b,implicature,swmimp083,3,3,4,0.253191
deepseek7b,implicature,swmimp083,3,4,5,0.132129
deepseek7b,implicature,swmimp083,3,5,6,0.210114
deepseek7b,implicature,swmimp083,3,6,7,0.099521
deepseek7b,implicature,swmimp084,1,1,2,0.375911
deepseek7b,implicature,swmimp084,1,2,3,0.289879
deepseek7b,implicature,swmimp084,1,3,4,0.301642
deepseek7b,implicature,swmimp084,1,4,5,0.154014
deepseek7b,implicature,swmimp084,1,5,6,0.165754
deepseek7b,implicature,swmimp084,2,1,2,0.85438
deepseek7b,implicature,swmimp084,2,2,3,0.932849
deepseek7b,implicature,swmimp084,2,3,4,0.745548
deepseek7b,implicature,swmimp084,2,4,5,0.204817
deepseek7b,implicature,swmimp084,2,5,6,0.247048
deepseek7b,implicature,swmimp084,3,1,2,0.267738
deepseek7b,implicature,swmimp084,3,2,3,0.321769
deepseek7b,implicature,swmimp084,3,3,4,0.324493
deepseek7b,implicature,swmimp084,3,4,5,0.306907
deepseek7b,implicature,swmimp084,3,5,6,0.180299
deepseek7b,implicature,swmimp085,1,1,2,0.283447
deepseek7b,implicature,swmimp085,1,2,3,0.294318
deepseek7b,implicature,swmimp085,1,3,4,0.199769
deepseek7b,implicature,swmimp085,1,4,5,0.288357
deepseek7b,implicature,swmimp085,1,5,6,0.284505
deepseek7b,implicature,swmimp085,1,6,7,0.251793
deepseek7b,implicature,swmimp085,1,7,8,0.895114
deepseek7b,implicature,swmimp085,1,8,9,0.905744
deepseek7b,implicature,swmimp085,2,1,2,0.502517
deepseek7b,implicature,swmimp085,2,2,3,0.775205
deepseek7b,implicature,swmimp085,2,3,4,0.560103
deepseek7b,implicature,swmimp085,2,4,5,0.712239
deepseek7b,implicature,swmimp085,2,5,6,0.909825
deepseek7b,implicature,swmimp085,2,6,7,0.273013
deepseek7b,implicature,swmimp085,2,7,8,0.347699
deepseek7b,implicature,swmimp085,2,8,9,0.31192
deepseek7b,implicature,swmimp085,3,1,2,0.259444
deepseek7b,implicature,swmimp085,3,2,3,0.459314
deepseek7b,implicature,swmimp085,3,3,4,0.286888
deepseek7b,implicature,swmimp085,3,4,5,0.302576
deepseek7b,implicature,swmimp085,3,5,6,0.580225
deepseek7b,implicature,swmimp085,3,6,7,0.565203
deepseek7b,implicature,swmimp085,3,7,8,0.16392
deepseek7b,implicature,swmimp085,3,8,9,0.170485
deepseek7b,implicature,swmimp086,1,1,2,0.272546
deepseek7b,implicature,swmimp086,1,2,3,0.296992
deepseek7b,implicature,swmimp086,1,3,4,0.60375
deepseek7b,implicature,swmimp086,1,4,5,0.501737
deepseek7b,implicature,swmimp086,1,5,6,0.199676
deepseek7b,implicature,swmimp086,2,1,2,0.874899
deepseek7b,implicature,swmimp086,2,2,3,0.208959
deepseek7b,implicature,swmimp086,2,3,4,0.239653
deepseek7b,implicature,swmimp086,2,4,5,0.307113
deepseek7b,implicature,swmimp086,2,5,6,0.290612
deepseek7b,implicature,swmimp086,3,1,2,0.885309
deepseek7b,implicature,swmimp086,3,2,3,0.111937
deepseek7b,implicature,swmimp086,3,3,4,0.10632
deepseek7b,implicature,swmimp086,3,4,5,0.24029
deepseek7b,implicature,swmimp086,3,5,6,0.460901
deepseek7b,implicature,swmimp087,1,1,2,0.829065
deepseek7b,implicature,swmimp087,1,2,3,0.731789
deepseek7b,implicature,swmimp087,1,3,4,0.810359
deepseek7b,implicature,swmimp087,1,4,5,0.194557
deepseek7b,implicature,swmimp087,2,1,2,0.225335
deepseek7b,implicature,swmimp087,2,2,3,0.855369
deepseek7b,implicature,swmimp087,2,3,4,0.867224
deepseek7b,implicature,swmimp087,2,4,5,0.190615
deepseek7b,implicature,swmimp087,3,1,2,0.108189
deepseek7b,implicature,swmimp087,3,2,3,0.772577
deepseek7b,implicature,swmimp087,3,3,4,0.870366
deepseek7b,implicature,swmimp087,3,4,5,0.480135
deepseek7b,implicature,swmimp088,1,1,2,0.413749
deepseek7b,implicature,swmimp088,1,2,3,0.187198
deepseek7b,implicature,swmimp088,1,3,4,0.541828
deepseek7b,implicature,swmimp088,1,4,5,0.588694
deepseek7b,implicature,swmimp088,2,1,2,0.374945
deepseek7b,implicature,swmimp088,2,2,3,0.812893
deepseek7b,implicature,swmimp088,2,3,4,0.750261
deepseek7b,implicature,swmimp088,2,4,5,0.291947
deepseek7b,implicature,swmimp088,3,1,2,0.284243
deepseek7b,implicature,swmimp088,3,2,3,0.789645
deepseek7b,implicature,swmimp088,3,3,4,0.769643
deepseek7b,implicature,swmimp088,3,4,5,0.147234
deepseek7b,implicature,swmimp089,1,1,2,0.361037
deepseek7b,implicature,swmimp089,1,2,3,0.433696
deepseek7b,implicature,swmimp089,1,3,4,0.27545
deepseek7b,implicature,swmimp089,2,1,2,0.494209
deepseek7b,implicature,swmimp089,2,2,3,0.42022
deepseek7b,implicature,swmimp089,2,3,4,0.322926
deepseek7b,implicature,swmimp089,3,1,2,0.345092
deepseek7b,implicature,swmimp089,3,2,3,0.220996
deepseek7b,implicature,swmimp089,3,3,4,0.871034
deepseek7b,implicature,swmimp090,1,1,2,0.489577
deepseek7b,implicature,swmimp090,1,2,3,0.516426
deepseek7b,implicature,swmimp090,1,3,4,0.285804
deepseek7b,implicature,swmimp090,2,1,2,0.747381
deepseek7b,implicature,swmimp090,2,2,3,0.752524
deepseek7b,implicature,swmimp090,2,3,4,0.105386
deepseek7b,implicature,swmimp090,3,1,2,0.194597
deepseek7b,implicature,swmimp090,3,2,3,0.101512
deepseek7b,implicature,swmimp090,3,3,4,0.168381
deepseek7b,implicature,swmimp091,1,1,2,0.322334
deepseek7b,implicature,swmimp091,1,2,3,0.624872
deepseek7b,implicature,swmimp091,1,3,4,0.122496
deepseek7b,implicature,swmimp091,1,4,5,0.602271
deepseek7b,implicature,swmimp091,1,5,6,0.369251
deepseek7b,implicature,swmimp091,2,1,2,0.114883
deepseek7b,implicature,swmimp091,2,2,3,0.915715
deepseek7b,implicature,swmimp091,2,3,4,0.966219
deepseek7b,implicature,swmimp091,2,4,5,0.1871
deepseek7b,implicature,swmimp091,2,5,6,0.345196
deepseek7b,implicature,swmimp091,3,1,2,0.486337
deepseek7b,implicature,swmimp091,3,2,3,0.622199
deepseek7b,implicature,swmimp091,3,3,4,0.456923
deepseek7b,implicature,swmimp091,3,4,5,0.493968
deepseek7b,implicature,swmimp091,3,5,6,0.273297
deepseek7b,implicature,swmimp092,1,1,2,0.725452
deepseek7b,implicature,swmimp092,1,2,3,0.652973
deepseek7b,implicature,swmimp092,1,3,4,0.385129
deepseek7b,implicature,swmimp092,1,4,5,0.680326
deepseek7b,implicature,swmimp092,1,5,6,0.695436
deepseek7b,implicature,swmimp092,1,6,7,0.279293
deepseek7b,implicature,swmimp092,1,7,8,0.763862
deepseek7b,implicature,swmimp092,1,8,9,0.644224
deepseek7b,implicature,swmimp092,2,1,2,0.147028
deepseek7b,implicature,swmimp092,2,2,3,0.311855
deepseek7b,implicature,swmimp092,2,3,4,0.867748
deepseek7b,implicature,swmimp092,2,4,5,0.857711
deepseek7b,implicature,swmimp092,2,5,6,0.417702
deepseek7b,implicature,swmimp092,2,6,7,0.599273
deepseek7b,implicature,swmimp092,2,7,8,0.678171
deepseek7b,implicature,swmimp092,2,8,9,0.346833
deepseek7b,implicature,swmimp092,3,1,2,0.620625
deepseek7b,implicature,swmimp092,3,2,3,0.678142
deepseek7b,implicature,swmimp092,3,3,4,0.348009
deepseek7b,implicature,swmimp092,3,4,5,0.451411
deepseek7b,implicature,swmimp092,3,5,6,0.2929
deepseek7b,implicature,swmimp092,3,6,7,0.249182
deepseek7b,implicature,swmimp092,3,7,8,0.26258
deepseek7b,implicature,swmimp092,3,8,9,0.378568
deepseek7b,implicature,swmimp093,1,1,2,0.961362
deepseek7b,implicature,swmimp093,1,2,3,0.274782
deepseek7b,implicature,swmimp093,1,3,4,0.382827
deepseek7b,implicature,swmimp093,1,4,5,0.119383
deepseek7b,implicature,swmimp093,2,1,2,0.14154
deepseek7b,implicature,swmimp093,2,2,3,0.271094
deepseek7b,implicature,swmimp093,2,3,4,0.437662
deepseek7b,implicature,swmimp093,2,4,5,0.290429
deepseek7b,implicature,swmimp093,3,1,2,0.560872
deepseek7b,implicature,swmimp093,3,2,3,0.361194
deepseek7b,implicature,swmimp093,3,3,4,0.471676
deepseek7b,implicature,swmimp093,3,4,5,0.036258
deepseek7b,implicature,swmimp094,1,1,2,0.516768
deepseek7b,implicature,swmimp094,1,2,3,0.326272
deepseek7b,implicature,swmimp094,1,3,4,0.353343
deepseek7b,implicature,swmimp094,1,4,5,0.408733
deepseek7b,implicature,swmimp094,1,5,6,0.373486
deepseek7b,implicature,swmimp094,1,6,7,0.445638
deepseek7b,implicature,swmimp094,2,1,2,0.463156
deepseek7b,implicature,swmimp094,2,2,3,0.408753
deepseek7b,implicature,swmimp094,2,3,4,0.374175
deepseek7b,implicature,swmimp094,2,4,5,0.380665
deepseek7b,implicature,swmimp094,2,5,6,0.373568
deepseek7b,implicature,swmimp094,2,6,7,0.223457
deepseek7b,implicature,swmimp094,3,1,2,0.387701
deepseek7b,implicature,swmimp094,3,2,3,0.184532
deepseek7b,implicature,swmimp094,3,3,4,0.515426
deepseek7b,implicature,swmimp094,3,4,5,0.248302
deepseek7b,implicature,swmimp094,3,5,6,0.315545
deepseek7b,implicature,swmimp094,3,6,7,0.107075
deepseek7b,implicature,swmimp095,1,1,2,0.436212
deepseek7b,implicature,swmimp095,1,2,3,0.256814
deepseek7b,implicature,swmimp095,1,3,4,0.171483
deepseek7b,implicature,swmimp095,1,4,5,0.425595
deepseek7b,implicature,swmimp095,2,1,2,0.339823
deepseek7b,implicature,swmimp095,2,2,3,0.531906
deepseek7b,implicature,swmimp095,2,3,4,0.485947
deepseek7b,implicature,swmimp095,2,4,5,0.290346
deepseek7b,implicature,swmimp095,3,1,2,0.156729
deepseek7b,implicature,swmimp095,3,2,3,0.347184
deepseek7b,implicature,swmimp095,3,3,4,0.39989
deepseek7b,implicature,swmimp095,3,4,5,0.460161
deepseek7b,implicature,swmimp096,1,1,2,0.801794
deepseek7b,implicature,swmimp096,1,2,3,0.302652
deepseek7b,implicature,swmimp096,1,3,4,0.734895
deepseek7b,implicature,swmimp096,1,4,5,0.635815
deepseek7b,implicature,swmimp096,1,5,6,0.686365
deepseek7b,implicature,swmimp096,2,1,2,0.717161
deepseek7b,implicature,swmimp096,2,2,3,0.795609
deepseek7b,implicature,swmimp096,2,3,4,0.288951
deepseek7b,implicature,swmimp096,2,4,5,0.361879
deepseek7b,implicature,swmimp096,2,5,6,0.154346
deepseek7b,implicature,swmimp096,3,1,2,0.482324
deepseek7b,implicature,swmimp096,3,2,3,0.620122
deepseek7b,implicature,swmimp096,3,3,4,0.723993
deepseek7b,implicature,swmimp096,3,4,5,0.451603
deepseek7b,implicature,swmimp096,3,5,6,0.442442
deepseek7b,implicature,swmimp097,1,1,2,0.909819
deepseek7b,implicature,swmimp097,1,2,3,0.21832
deepseek7b,implicature,swmimp097,1,3,4,0.059182
deepseek7b,implicature,swmimp097,1,4,5,0.184469
deepseek7b,implicature,swmimp097,1,5,6,0.470253
deepseek7b,implicature,swmimp097,1,6,7,0.388225
deepseek7b,implicature,swmimp097,2,1,2,0.367423
deepseek7b,implicature,swmimp097,2,2,3,0.406544
deepseek7b,implicature,swmimp097,2,3,4,0.347921
deepseek7b,implicature,swmimp097,2,4,5,0.274243
deepseek7b,implicature,swmimp097,2,5,6,0.266101
deepseek7b,implicature,swmimp097,2,6,7,0.284631
deepseek7b,implicature,swmimp097,3,1,2,0.48809
deepseek7b,implicature,swmimp097,3,2,3,0.528901
deepseek7b,implicature,swmimp097,3,3,4,0.216044
deepseek7b,implicature,swmimp097,3,4,5,0.038575
deepseek7b,implicature,swmimp097,3,5,6,0.395787
deepseek7b,implicature,swmimp097,3,6,7,0.209851
deepseek7b,implicature,swmimp098,1,1,2,0.233272
deepseek7b,implicature,swmimp098,1,2,3,0.339791
deepseek7b,implicature,swmimp098,1,3,4,0.828698
deepseek7b,implicature,swmimp098,1,4,5,0.98053
deepseek7b,implicature,swmimp098,1,5,6,0.448315
deepseek7b,implicature,swmimp098,1,6,7,0.456891
deepseek7b,implicature,swmimp098,2,1,2,0.262832
deepseek7b,implicature,swmimp098,2,2,3,0.382701
deepseek7b,implicature,swmimp098,2,3,4,0.33389
deepseek7b,implicature,swmimp098,2,4,5,0.514615
deepseek7b,implicature,swmimp098,2,5,6,0.293805
deepseek7b,implicature,swmimp098,2,6,7,0.460269
deepseek7b,implicature,swmimp098,3,1,2,0.546441
deepseek7b,implicature,swmimp098,3,2,3,0.407073
deepseek7b,implicature,swmimp098,3,3,4,0.147648
deepseek7b,implicature,swmimp098,3,4,5,0.372161
deepseek7b,implicature,swmimp098,3,5,6,0.422061
deepseek7b,implicature,swmimp098,3,6,7,0.419825
deepseek7b,implicature,swmimp099,1,1,2,0.36564
deepseek7b,implicature,swmimp099,1,2,3,0.289678
deepseek7b,implicature,swmimp099,1,3,4,0.195299
deepseek7b,implicature,swmimp099,1,4,5,0.411574
deepseek7b,implicature,swmimp099,2,1,2,0.29419
deepseek7b,implicature,swmimp099,2,2,3,0.32321
deepseek7b,implicature,swmimp099,2,3,4,0.257308
deepseek7b,implicature,swmimp099,2,4,5,0.064769
deepseek7b,implicature,swmimp099,3,1,2,0.271636
deepseek7b,implicature,swmimp099,3,2,3,0.43711
deepseek7b,implicature,swmimp099,3,3,4,0.75759
deepseek7b,implicature,swmimp099,3,4,5,0.752019
deepseek7b,implicature,swmimp100,1,1,2,0.323804
deepseek7b,implicature,swmimp100,1,2,3,0.463109
deepseek7b,implicature,swmimp100,1,3,4,0.516175
deepseek7b,implicature,swmimp100,1,4,5,0.244514
deepseek7b,implicature,swmimp100,1,5,6,0.445627
deepseek7b,implicature,swmimp100,2,1,2,0.860872
deepseek7b,implicature,swmimp100,2,2,3,0.822517
deepseek7b,implicature,swmimp100,2,3,4,0.308586
deepseek7b,implicature,swmimp100,2,4,5,0.286812
deepseek7b,implicature,swmimp100,2,5,6,0.199224
deepseek7b,implicature,swmimp100,3,1,2,0.818564
deepseek7b,implicature,swmimp100,3,2,3,0.930309
deepseek7b,implicature,swmimp100,3,3,4,0.289127
deepseek7b,implicature,swmimp100,3,4,5,0.246533
deepseek7b,implicature,swmimp100,3,5,6,0.364694
deepseek7b,implicature,swmimp101,1,1,2,0.560251
deepseek7b,implicature,swmimp101,1,2,3,0.559172
deepseek7b,implicature,swmimp101,1,3,4,0.032908
deepseek7b,implicature,swmimp101,1,4,5,0.355005
deepseek7b,implicature,swmimp101,1,5,6,0.272753
deepseek7b,implicature,swmimp101,1,6,7,0.022724
deepseek7b,implicature,swmimp101,1,7,8,0.393811
deepseek7b,implicature,swmimp101,1,8,9,0.149264
deepseek7b,implicature,swmimp101,1,9,10,0.451886
deepseek7b,implicature,swmimp101,1,10,11,0.400711
deepseek7b,implicature,swmimp101,1,11,12,0.185855
deepseek7b,implicature,swmimp101,2,1,2,0.703499
deepseek7b,implicature,swmimp101,2,2,3,0.837065
deepseek7b,implicature,swmimp101,2,3,4,0.19655
deepseek7b,implicature,swmimp101,2,4,5,0.249952
deepseek7b,implicature,swmimp101,2,5,6,0.245194
deepseek7b,implicature,swmimp101,2,6,7,0.28533
deepseek7b,implicature,swmimp101,2,7,8,0.354182
deepseek7b,implicature,swmimp101,2,8,9,0.311208
deepseek7b,implicature,swmimp101,2,9,10,0.376227
deepseek7b,implicature,swmimp101,2,10,11,0.29526
deepseek7b,implicature,swmimp101,2,11,12,0.31304
deepseek7b,implicature,swmimp101,3,1,2,0.673051
deepseek7b,implicature,swmimp101,3,2,3,0.652439
deepseek7b,implicature,swmimp101,3,3,4,0.153906
deepseek7b,implicature,swmimp101,3,4,5,0.209795
deepseek7b,implicature,swmimp101,3,5,6,0.379081
deepseek7b,implicature,swmimp101,3,6,7,0.698587
deepseek7b,implicature,swmimp101,3,7,8,0.591774
deepseek7b,implicature,swmimp101,3,8,9,0.379961
deepseek7b,implicature,swmimp101,3,9,10,0.178187
deepseek7b,implicature,swmimp101,3,10,11,0.190831
deepseek7b,implicature,swmimp101,3,11,12,0.215781
deepseek7b,implicature,swmimp102,1,1,2,0.539022
deepseek7b,implicature,swmimp102,1,2,3,0.174764
deepseek7b,implicature,swmimp102,1,3,4,0.230436
deepseek7b,implicature,swmimp102,1,4,5,0.156322
deepseek7b,implicature,swmimp102,1,5,6,0.084887
deepseek7b,implicature,swmimp102,1,6,7,0.816942
deepseek7b,implicature,swmimp102,1,7,8,0.239439
deepseek7b,implicature,swmimp102,1,8,9,0.737102
deepseek7b,implicature,swmimp102,1,9,10,0.318553
deepseek7b,implicature,swmimp102,1,10,11,0.168888
deepseek7b,implicature,swmimp102,1,11,12,0.117912
deepseek7b,implicature,swmimp102,2,1,2,0.866395
deepseek7b,implicature,swmimp102,2,2,3,0.856737
deepseek7b,implicature,swmimp102,2,3,4,0.571606
deepseek7b,implicature,swmimp102,2,4,5,0.157775
deepseek7b,implicature,swmimp102,2,5,6,0.15635
deepseek7b,implicature,swmimp102,2,6,7,0.315351
deepseek7b,implicature,swmimp102,2,7,8,0.140341
deepseek7b,implicature,swmimp102,2,8,9,0.25027
deepseek7b,implicature,swmimp102,2,9,10,0.126259
deepseek7b,implicature,swmimp102,2,10,11,0.270728
deepseek7b,implicature,swmimp102,2,11,12,0.184609
deepseek7b,implicature,swmimp102,3,1,2,0.78973
deepseek7b,implicature,swmimp102,3,2,3,0.230768
deepseek7b,implicature,swmimp102,3,3,4,0.227684
deepseek7b,implicature,swmimp102,3,4,5,0.177465
deepseek7b,implicature,swmimp102,3,5,6,0.227388
deepseek7b,implicature,swmimp102,3,6,7,0.17429
deepseek7b,implicature,swmimp102,3,7,8,0.102431
deepseek7b,implicature,swmimp102,3,8,9,0.172048
deepseek7b,implicature,swmimp102,3,9,10,0.243324
deepseek7b,implicature,swmimp102,3,10,11,0.260806
deepseek7b,implicature,swmimp102,3,11,12,0.225907
deepseek7b,implicature,swmimp104,1,1,2,0.305115
deepseek7b,implicature,swmimp104,1,2,3,0.043804
deepseek7b,implicature,swmimp104,1,3,4,0.156239
deepseek7b,implicature,swmimp104,1,4,5,0.102655
deepseek7b,implicature,swmimp104,1,5,6,0.125476
deepseek7b,implicature,swmimp104,1,6,7,0.200517
deepseek7b,implicature,swmimp104,1,7,8,0.323419
deepseek7b,implicature,swmimp104,1,8,9,0.052179
deepseek7b,implicature,swmimp104,1,9,10,0.288332
deepseek7b,implicature,swmimp104,1,10,11,0.140396
deepseek7b,implicature,swmimp104,1,11,12,0.117975
deepseek7b,implicature,swmimp104,2,1,2,0.719621
deepseek7b,implicature,swmimp104,2,2,3,0.715356
deepseek7b,implicature,swmimp104,2,3,4,0.640911
deepseek7b,implicature,swmimp104,2,4,5,0.307023
deepseek7b,implicature,swmimp104,2,5,6,0.655573
deepseek7b,implicature,swmimp104,2,6,7,0.145092
deepseek7b,implicature,swmimp104,2,7,8,0.26386
deepseek7b,implicature,swmimp104,2,8,9,0.352863
deepseek7b,implicature,swmimp104,2,9,10,0.227975
deepseek7b,implicature,swmimp104,2,10,11,0.202458
deepseek7b,implicature,swmimp104,2,11,12,0.190764
deepseek7b,implicature,swmimp104,3,1,2,0.334706
deepseek7b,implicature,swmimp104,3,2,3,0.257541
deepseek7b,implicature,swmimp104,3,3,4,0.193418
deepseek7b,implicature,swmimp104,3,4,5,0.659353
deepseek7b,implicature,swmimp104,3,5,6,0.827438
deepseek7b,implicature,swmimp104,3,6,7,0.457541
deepseek7b,implicature,swmimp104,3,7,8,0.341767
deepseek7b,implicature,swmimp104,3,8,9,-0.0
deepseek7b,implicature,swmimp104,3,9,10,0.18883
deepseek7b,implicature,swmimp104,3,10,11,0.219962
deepseek7b,implicature,swmimp104,3,11,12,0.211062
deepseek7b,implicature,swmimp110,1,1,2,0.435814
deepseek7b,implicature,swmimp110,1,2,3,0.477449
deepseek7b,implicature,swmimp110,2,1,2,0.418695
deepseek7b,implicature,swmimp110,2,2,3,0.825373
deepseek7b,implicature,swmimp110,3,1,2,0.354024
deepseek7b,implicature,swmimp110,3,2,3,0.334286
deepseek7b,implicature,swmimp111,1,1,2,0.149242
deepseek7b,implicature,swmimp111,1,2,3,0.310268
deepseek7b,implicature,swmimp111,1,3,4,0.312513
deepseek7b,implicature,swmimp111,1,4,5,0.052426
deepseek7b,implicature,swmimp111,1,5,6,0.390397
deepseek7b,implicature,swmimp111,1,6,7,0.415273
deepseek7b,implicature,swmimp111,1,7,8,0.172359
deepseek7b,implicature,swmimp111,1,8,9,0.31899
deepseek7b,implicature,swmimp111,1,9,10,0.170077
deepseek7b,implicature,swmimp111,1,10,11,0.32585
deepseek7b,implicature,swmimp111,1,11,12,0.352035
deepseek7b,implicature,swmimp111,1,12,13,0.148125
deepseek7b,implicature,swmimp111,1,13,14,0.185474
deepseek7b,implicature,swmimp111,1,14,15,0.165529
deepseek7b,implicature,swmimp111,1,15,16,0.169073
deepseek7b,implicature,swmimp111,1,16,17,0.44636
deepseek7b,implicature,swmimp111,1,17,18,0.279688
deepseek7b,implicature,swmimp111,2,1,2,0.304951
deepseek7b,implicature,swmimp111,2,2,3,0.434638
deepseek7b,implicature,swmimp111,2,3,4,0.467701
deepseek7b,implicature,swmimp111,2,4,5,0.32265
deepseek7b,implicature,swmimp111,2,5,6,0.315898
deepseek7b,implicature,swmimp111,2,6,7,0.4634
deepseek7b,implicature,swmimp111,2,7,8,0.388737
deepseek7b,implicature,swmimp111,2,8,9,0.417998
deepseek7b,implicature,swmimp111,2,9,10,0.334694
deepseek7b,implicature,swmimp111,2,10,11,0.04673
deepseek7b,implicature,swmimp111,2,11,12,0.379758
deepseek7b,implicature,swmimp111,2,12,13,0.241816
deepseek7b,implicature,swmimp111,2,13,14,0.237086
deepseek7b,implicature,swmimp111,2,14,15,0.240829
deepseek7b,implicature,swmimp111,2,15,16,0.338021
deepseek7b,implicature,swmimp111,2,16,17,0.272939
deepseek7b,implicature,swmimp111,2,17,18,0.184725
deepseek7b,implicature,swmimp111,3,1,2,0.123508
deepseek7b,implicature,swmimp111,3,2,3,0.32685
deepseek7b,implicature,swmimp111,3,3,4,0.351663
deepseek7b,implicature,swmimp111,3,4,5,0.387624
deepseek7b,implicature,swmimp111,3,5,6,0.3565
deepseek7b,implicature,swmimp111,3,6,7,0.291647
deepseek7b,implicature,swmimp111,3,7,8,0.418799
deepseek7b,implicature,swmimp111,3,8,9,0.383321
deepseek7b,implicature,swmimp111,3,9,10,0.386879
deepseek7b,implicature,swmimp111,3,10,11,0.294108
deepseek7b,implicature,swmimp111,3,11,12,0.400162
deepseek7b,implicature,swmimp111,3,12,13,0.174605
deepseek7b,implicature,swmimp111,3,13,14,0.154568
deepseek7b,implicature,swmimp111,3,14,15,0.193135
deepseek7b,implicature,swmimp111,3,15,16,0.187057
deepseek7b,implicature,swmimp111,3,16,17,0.1189
deepseek7b,implicature,swmimp111,3,17,18,0.235369
deepseek7b,implicature,swmimp112,1,1,2,0.849827
deepseek7b,implicature,swmimp112,1,2,3,0.835562
deepseek7b,implicature,swmimp112,1,3,4,0.348054
deepseek7b,implicature,swmimp112,1,4,5,0.313192
deepseek7b,implicature,swmimp112,1,5,6,0.372977
deepseek7b,implicature,swmimp112,2,1,2,0.301587
deepseek7b,implicature,swmimp112,2,2,3,0.507526
deepseek7b,implicature,swmimp112,2,3,4,0.22133
deepseek7b,implicature,swmimp112,2,4,5,0.741665
deepseek7b,implicature,swmimp112,2,5,6,0.933235
deepseek7b,implicature,swmimp112,3,1,2,0.728782
deepseek7b,implicature,swmimp112,3,2,3,0.131133
deepseek7b,implicature,swmimp112,3,3,4,0.144162
deepseek7b,implicature,swmimp112,3,4,5,0.255634
deepseek7b,implicature,swmimp112,3,5,6,0.653978
deepseek7b,implicature,swmimp113,1,1,2,-0.0
deepseek7b,implicature,swmimp113,1,2,3,-0.0
deepseek7b,implicature,swmimp113,1,3,4,0.67963
deepseek7b,implicature,swmimp113,1,4,5,0.821004
deepseek7b,implicature,swmimp113,1,5,6,0.470737
deepseek7b,implicature,swmimp113,1,6,7,0.785001
deepseek7b,implicature,swmimp113,1,7,8,0.834912
deepseek7b,implicature,swmimp113,2,1,2,0.794886
deepseek7b,implicature,swmimp113,2,2,3,-0.0
deepseek7b,implicature,swmimp113,2,3,4,0.984781
deepseek7b,implicature,swmimp113,2,4,5,0.464542
deepseek7b,implicature,swmimp113,2,5,6,0.324977
deepseek7b,implicature,swmimp113,2,6,7,0.381489
deepseek7b,implicature,swmimp113,2,7,8,0.348216
deepseek7b,implicature,swmimp113,3,1,2,0.652685
deepseek7b,implicature,swmimp113,3,2,3,0.660703
deepseek7b,implicature,swmimp113,3,3,4,0.835594
deepseek7b,implicature,swmimp113,3,4,5,0.883867
deepseek7b,implicature,swmimp113,3,5,6,0.916385
deepseek7b,implicature,swmimp113,3,6,7,0.121662
deepseek7b,implicature,swmimp113,3,7,8,0.560926
deepseek7b,implicature,swmimp114,1,1,2,0.704052
deepseek7b,implicature,swmimp114,1,2,3,0.548734
deepseek7b,implicature,swmimp114,1,3,4,0.942259
deepseek7b,implicature,swmimp114,1,4,5,0.922569
deepseek7b,implicature,swmimp114,1,5,6,0.430233
deepseek7b,implicature,swmimp114,1,6,7,0.218298
deepseek7b,implicature,swmimp114,1,7,8,0.268458
deepseek7b,implicature,swmimp114,1,8,9,0.286407
deepseek7b,implicature,swmimp114,1,9,10,0.187482
deepseek7b,implicature,swmimp114,2,1,2,0.814746
deepseek7b,implicature,swmimp114,2,2,3,0.205075
deepseek7b,implicature,swmimp114,2,3,4,0.171252
deepseek7b,implicature,swmimp114,2,4,5,0.32964
deepseek7b,implicature,swmimp114,2,5,6,0.231258
deepseek7b,implicature,swmimp114,2,6,7,0.135546
deepseek7b,implicature,swmimp114,2,7,8,0.125275
deepseek7b,implicature,swmimp114,2,8,9,0.262994
deepseek7b,implicature,swmimp114,2,9,10,0.236992
deepseek7b,implicature,swmimp114,3,1,2,0.393902
deepseek7b,implicature,swmimp114,3,2,3,0.52393
deepseek7b,implicature,swmimp114,3,3,4,0.210089
deepseek7b,implicature,swmimp114,3,4,5,0.338572
deepseek7b,implicature,swmimp114,3,5,6,0.370529
deepseek7b,implicature,swmimp114,3,6,7,0.290433
deepseek7b,implicature,swmimp114,3,7,8,0.225817
deepseek7b,implicature,swmimp114,3,8,9,0.120508
deepseek7b,implicature,swmimp114,3,9,10,0.221112
deepseek7b,implicature,swmimp115,1,1,2,0.318482
deepseek7b,implicature,swmimp115,1,2,3,0.337288
deepseek7b,implicature,swmimp115,1,3,4,0.890258
deepseek7b,implicature,swmimp115,1,4,5,0.82122
deepseek7b,implicature,swmimp115,2,1,2,0.324444
deepseek7b,implicature,swmimp115,2,2,3,0.235779
deepseek7b,implicature,swmimp115,2,3,4,0.710044
deepseek7b,implicature,swmimp115,2,4,5,0.75972
deepseek7b,implicature,swmimp115,3,1,2,0.172871
deepseek7b,implicature,swmimp115,3,2,3,0.174356
deepseek7b,implicature,swmimp115,3,3,4,0.898183
deepseek7b,implicature,swmimp115,3,4,5,0.890577
deepseek7b,implicature,swmimp116,1,1,2,0.436712
deepseek7b,implicature,swmimp116,1,2,3,0.250793
deepseek7b,implicature,swmimp116,1,3,4,0.250793
deepseek7b,implicature,swmimp116,1,4,5,0.119346
deepseek7b,implicature,swmimp116,1,5,6,0.190467
deepseek7b,implicature,swmimp116,1,6,7,0.459256
deepseek7b,implicature,swmimp116,2,1,2,0.551081
deepseek7b,implicature,swmimp116,2,2,3,0.403136
deepseek7b,implicature,swmimp116,2,3,4,0.243738
deepseek7b,implicature,swmimp116,2,4,5,0.227834
deepseek7b,implicature,swmimp116,2,5,6,0.289106
deepseek7b,implicature,swmimp116,2,6,7,0.444054
deepseek7b,implicature,swmimp116,3,1,2,0.462072
deepseek7b,implicature,swmimp116,3,2,3,0.658778
deepseek7b,implicature,swmimp116,3,3,4,0.652227
deepseek7b,implicature,swmimp116,3,4,5,0.294525
deepseek7b,implicature,swmimp116,3,5,6,0.226666
deepseek7b,implicature,swmimp116,3,6,7,0.285599
deepseek7b,implicature,swmimp117,1,1,2,0.753013
deepseek7b,implicature,swmimp117,1,2,3,0.701889
deepseek7b,implicature,swmimp117,1,3,4,0.431886
deepseek7b,implicature,swmimp117,1,4,5,0.428102
deepseek7b,implicature,swmimp117,2,1,2,0.893022
deepseek7b,implicature,swmimp117,2,2,3,0.840408
deepseek7b,implicature,swmimp117,2,3,4,0.329067
deepseek7b,implicature,swmimp117,2,4,5,0.859332
deepseek7b,implicature,swmimp117,3,1,2,0.758668
deepseek7b,implicature,swmimp117,3,2,3,0.728677
deepseek7b,implicature,swmimp117,3,3,4,0.824146
deepseek7b,implicature,swmimp117,3,4,5,0.299864
deepseek7b,implicature,swmimp118,1,1,2,0.78323
deepseek7b,implicature,swmimp118,1,2,3,0.402542
deepseek7b,implicature,swmimp118,1,3,4,0.146655
deepseek7b,implicature,swmimp118,2,1,2,0.305561
deepseek7b,implicature,swmimp118,2,2,3,0.624558
deepseek7b,implicature,swmimp118,2,3,4,0.429634
deepseek7b,implicature,swmimp118,3,1,2,0.751462
deepseek7b,implicature,swmimp118,3,2,3,0.418839
deepseek7b,implicature,swmimp118,3,3,4,0.361377
deepseek7b,implicature,swmimp119,1,1,2,0.268886
deepseek7b,implicature,swmimp119,1,2,3,0.180993
deepseek7b,implicature,swmimp119,1,3,4,0.120105
deepseek7b,implicature,swmimp119,1,4,5,0.157364
deepseek7b,implicature,swmimp119,1,5,6,0.172604
deepseek7b,implicature,swmimp119,1,6,7,0.103718
deepseek7b,implicature,swmimp119,1,7,8,0.204927
deepseek7b,implicature,swmimp119,1,8,9,0.380371
deepseek7b,implicature,swmimp119,1,9,10,0.181387
deepseek7b,implicature,swmimp119,1,10,11,0.140891
deepseek7b,implicature,swmimp119,1,11,12,0.040999
deepseek7b,implicature,swmimp119,1,12,13,0.068906
deepseek7b,implicature,swmimp119,1,13,14,0.107229
deepseek7b,implicature,swmimp119,1,14,15,0.162045
deepseek7b,implicature,swmimp119,1,15,16,0.124478
deepseek7b,implicature,swmimp119,1,16,17,0.050099
deepseek7b,implicature,swmimp119,1,17,18,0.104513
deepseek7b,implicature,swmimp119,1,18,19,0.207442
deepseek7b,implicature,swmimp119,1,19,20,0.155307
deepseek7b,implicature,swmimp119,1,20,21,0.055545
deepseek7b,implicature,swmimp119,2,1,2,0.424994
deepseek7b,implicature,swmimp119,2,2,3,0.49361
deepseek7b,implicature,swmimp119,2,3,4,0.047248
deepseek7b,implicature,swmimp119,2,4,5,0.129963
deepseek7b,implicature,swmimp119,2,5,6,0.153262
deepseek7b,implicature,swmimp119,2,6,7,0.198405
deepseek7b,implicature,swmimp119,2,7,8,0.186877
deepseek7b,implicature,swmimp119,2,8,9,0.136943
deepseek7b,implicature,swmimp119,2,9,10,0.181219
deepseek7b,implicature,swmimp119,2,10,11,0.153488
deepseek7b,implicature,swmimp119,2,11,12,0.097587
deepseek7b,implicature,swmimp119,2,12,13,0.144566
deepseek7b,implicature,swmimp119,2,13,14,0.210057
deepseek7b,implicature,swmimp119,2,14,15,0.127023
deepseek7b,implicature,swmimp119,2,15,16,0.042509
deepseek7b,implicature,swmimp119,2,16,17,0.090971
deepseek7b,implicature,swmimp119,2,17,18,0.191
deepseek7b,implicature,swmimp119,2,18,19,0.100201
deepseek7b,implicature,swmimp119,2,19,20,0.274318
deepseek7b,implicature,swmimp119,2,20,21,0.298556
deepseek7b,implicature,swmimp119,3,1,2,0.09539
deepseek7b,implicature,swmimp119,3,2,3,0.078654
deepseek7b,implicature,swmimp119,3,3,4,0.118811
deepseek7b,implicature,swmimp119,3,4,5,0.123743
deepseek7b,implicature,swmimp119,3,5,6,0.118522
deepseek7b,implicature,swmimp119,3,6,7,0.176067
deepseek7b,implicature,swmimp119,3,7,8,0.178635
deepseek7b,implicature,swmimp119,3,8,9,0.20144
deepseek7b,implicature,swmimp119,3,9,10,0.222038
deepseek7b,implicature,swmimp119,3,10,11,0.090764
deepseek7b,implicature,swmimp119,3,11,12,0.004851
deepseek7b,implicature,swmimp119,3,12,13,0.137043
deepseek7b,implicature,swmimp119,3,13,14,0.142063
deepseek7b,implicature,swmimp119,3,14,15,0.144017
deepseek7b,implicature,swmimp119,3,15,16,0.23691
deepseek7b,implicature,swmimp119,3,16,17,0.285166
deepseek7b,implicature,swmimp119,3,17,18,0.190047
deepseek7b,implicature,swmimp119,3,18,19,0.162309
deepseek7b,implicature,swmimp119,3,19,20,0.140462
deepseek7b,implicature,swmimp119,3,20,21,0.196081
deepseek7b,implicature,swmimp120,1,1,2,0.237895
deepseek7b,implicature,swmimp120,1,2,3,0.281753
deepseek7b,implicature,swmimp120,1,3,4,0.782424
deepseek7b,implicature,swmimp120,1,4,5,0.932587
deepseek7b,implicature,swmimp120,1,5,6,0.248655
deepseek7b,implicature,swmimp120,1,6,7,0.202585
deepseek7b,implicature,swmimp120,2,1,2,0.231552
deepseek7b,implicature,swmimp120,2,2,3,0.03916
deepseek7b,implicature,swmimp120,2,3,4,0.142779
deepseek7b,implicature,swmimp120,2,4,5,0.398185
deepseek7b,implicature,swmimp120,2,5,6,0.34203
deepseek7b,implicature,swmimp120,2,6,7,0.029845
deepseek7b,implicature,swmimp120,3,1,2,0.433961
deepseek7b,implicature,swmimp120,3,2,3,0.087222
deepseek7b,implicature,swmimp120,3,3,4,0.286713
deepseek7b,implicature,swmimp120,3,4,5,0.227468
deepseek7b,implicature,swmimp120,3,5,6,0.319631
deepseek7b,implicature,swmimp120,3,6,7,0.357716
deepseek7b,implicature,swmimp121,1,1,2,0.496429
deepseek7b,implicature,swmimp121,1,2,3,0.470897
deepseek7b,implicature,swmimp121,1,3,4,0.28805
deepseek7b,implicature,swmimp121,1,4,5,0.246788
deepseek7b,implicature,swmimp121,1,5,6,0.320152
deepseek7b,implicature,swmimp121,1,6,7,0.333969
deepseek7b,implicature,swmimp121,1,7,8,0.418476
deepseek7b,implicature,swmimp121,1,8,9,0.415731
deepseek7b,implicature,swmimp121,2,1,2,0.637244
deepseek7b,implicature,swmimp121,2,2,3,0.702332
deepseek7b,implicature,swmimp121,2,3,4,0.572996
deepseek7b,implicature,swmimp121,2,4,5,0.690401
deepseek7b,implicature,swmimp121,2,5,6,0.396699
deepseek7b,implicature,swmimp121,2,6,7,0.151983
deepseek7b,implicature,swmimp121,2,7,8,0.517215
deepseek7b,implicature,swmimp121,2,8,9,0.532037
deepseek7b,implicature,swmimp121,3,1,2,0.256707
deepseek7b,implicature,swmimp121,3,2,3,0.344235
deepseek7b,implicature,swmimp121,3,3,4,0.247247
deepseek7b,implicature,swmimp121,3,4,5,0.29831
deepseek7b,implicature,swmimp121,3,5,6,0.28652
deepseek7b,implicature,swmimp121,3,6,7,0.389826
deepseek7b,implicature,swmimp121,3,7,8,0.339834
deepseek7b,implicature,swmimp121,3,8,9,0.261318
deepseek7b,implicature,swmimp122,1,1,2,0.622698
deepseek7b,implicature,swmimp122,1,2,3,0.20372
deepseek7b,implicature,swmimp122,2,1,2,0.359566
deepseek7b,implicature,swmimp122,2,2,3,0.240249
deepseek7b,implicature,swmimp122,3,1,2,0.147784
deepseek7b,implicature,swmimp122,3,2,3,0.490117
deepseek7b,implicature,swmimp123,1,1,2,0.294702
deepseek7b,implicature,swmimp123,1,2,3,0.806074
deepseek7b,implicature,swmimp123,1,3,4,0.857176
deepseek7b,implicature,swmimp123,1,4,5,0.413434
deepseek7b,implicature,swmimp123,1,5,6,0.094994
deepseek7b,implicature,swmimp123,1,6,7,0.403768
deepseek7b,implicature,swmimp123,2,1,2,0.367975
deepseek7b,implicature,swmimp123,2,2,3,0.384445
deepseek7b,implicature,swmimp123,2,3,4,0.573615
deepseek7b,implicature,swmimp123,2,4,5,0.384681
deepseek7b,implicature,swmimp123,2,5,6,0.379043
deepseek7b,implicature,swmimp123,2,6,7,0.302357
deepseek7b,implicature,swmimp123,3,1,2,0.236147
deepseek7b,implicature,swmimp123,3,2,3,0.230002
deepseek7b,implicature,swmimp123,3,3,4,0.609808
deepseek7b,implicature,swmimp123,3,4,5,0.621434
deepseek7b,implicature,swmimp123,3,5,6,0.282234
deepseek7b,implicature,swmimp123,3,6,7,0.359972
deepseek7b,implicature,swmimp124,1,1,2,0.207877
deepseek7b,implicature,swmimp124,1,2,3,0.155879
deepseek7b,implicature,swmimp124,1,3,4,0.222667
deepseek7b,implicature,swmimp124,1,4,5,0.318046
deepseek7b,implicature,swmimp124,1,5,6,0.408522
deepseek7b,implicature,swmimp124,1,6,7,0.220349
deepseek7b,implicature,swmimp124,1,7,8,0.441424
deepseek7b,implicature,swmimp124,1,8,9,0.415724
deepseek7b,implicature,swmimp124,1,9,10,0.543141
deepseek7b,implicature,swmimp124,1,10,11,0.474942
deepseek7b,implicature,swmimp124,1,11,12,0.143056
deepseek7b,implicature,swmimp124,1,12,13,0.212167
deepseek7b,implicature,swmimp124,1,13,14,0.232541
deepseek7b,implicature,swmimp124,1,14,15,0.303907
deepseek7b,implicature,swmimp124,2,1,2,0.050754
deepseek7b,implicature,swmimp124,2,2,3,0.274448
deepseek7b,implicature,swmimp124,2,3,4,0.258525
deepseek7b,implicature,swmimp124,2,4,5,0.200945
deepseek7b,implicature,swmimp124,2,5,6,0.324159
deepseek7b,implicature,swmimp124,2,6,7,0.272142
deepseek7b,implicature,swmimp124,2,7,8,0.206931
deepseek7b,implicature,swmimp124,2,8,9,0.161849
deepseek7b,implicature,swmimp124,2,9,10,0.294642
deepseek7b,implicature,swmimp124,2,10,11,0.481374
deepseek7b,implicature,swmimp124,2,11,12,0.369137
deepseek7b,implicature,swmimp124,2,12,13,0.340001
deepseek7b,implicature,swmimp124,2,13,14,0.254496
deepseek7b,implicature,swmimp124,2,14,15,0.127917
deepseek7b,implicature,swmimp124,3,1,2,0.181077
deepseek7b,implicature,swmimp124,3,2,3,0.230612
deepseek7b,implicature,swmimp124,3,3,4,0.443637
deepseek7b,implicature,swmimp124,3,4,5,0.392178
deepseek7b,implicature,swmimp124,3,5,6,0.319522
deepseek7b,implicature,swmimp124,3,6,7,0.304271
deepseek7b,implicature,swmimp124,3,7,8,0.136369
deepseek7b,implicature,swmimp124,3,8,9,0.22883
deepseek7b,implicature,swmimp124,3,9,10,0.200659
deepseek7b,implicature,swmimp124,3,10,11,0.363709
deepseek7b,implicature,swmimp124,3,11,12,0.367207
deepseek7b,implicature,swmimp124,3,12,13,0.205924
deepseek7b,implicature,swmimp124,3,13,14,0.228475
deepseek7b,implicature,swmimp124,3,14,15,0.122521
deepseek7b,implicature,swmimp125,1,1,2,0.624821
deepseek7b,implicature,swmimp125,1,2,3,0.582562
deepseek7b,implicature,swmimp125,1,3,4,0.193578
deepseek7b,implicature,swmimp125,1,4,5,0.313384
deepseek7b,implicature,swmimp125,1,5,6,0.178741
deepseek7b,implicature,swmimp125,1,6,7,0.35266
deepseek7b,implicature,swmimp125,1,7,8,0.315028
deepseek7b,implicature,swmimp125,1,8,9,0.519423
deepseek7b,implicature,swmimp125,1,9,10,0.26708
deepseek7b,implicature,swmimp125,1,10,11,0.233858
deepseek7b,implicature,swmimp125,1,11,12,0.248668
deepseek7b,implicature,swmimp125,1,12,13,0.384771
deepseek7b,implicature,swmimp125,1,13,14,0.286716
deepseek7b,implicature,swmimp125,1,14,15,0.255512
deepseek7b,implicature,swmimp125,2,1,2,0.216317
deepseek7b,implicature,swmimp125,2,2,3,0.128479
deepseek7b,implicature,swmimp125,2,3,4,0.266093
deepseek7b,implicature,swmimp125,2,4,5,0.319709
deepseek7b,implicature,swmimp125,2,5,6,0.329873
deepseek7b,implicature,swmimp125,2,6,7,0.386889
deepseek7b,implicature,swmimp125,2,7,8,0.34378
deepseek7b,implicature,swmimp125,2,8,9,0.204881
deepseek7b,implicature,swmimp125,2,9,10,0.251551
deepseek7b,implicature,swmimp125,2,10,11,0.174707
deepseek7b,implicature,swmimp125,2,11,12,0.373566
deepseek7b,implicature,swmimp125,2,12,13,0.326925
deepseek7b,implicature,swmimp125,2,13,14,0.5271
deepseek7b,implicature,swmimp125,2,14,15,0.463979
deepseek7b,implicature,swmimp125,3,1,2,0.201321
deepseek7b,implicature,swmimp125,3,2,3,0.363768
deepseek7b,implicature,swmimp125,3,3,4,0.08404
deepseek7b,implicature,swmimp125,3,4,5,0.351107
deepseek7b,implicature,swmimp125,3,5,6,0.465724
deepseek7b,implicature,swmimp125,3,6,7,0.420336
deepseek7b,implicature,swmimp125,3,7,8,0.366016
deepseek7b,implicature,swmimp125,3,8,9,0.256279
deepseek7b,implicature,swmimp125,3,9,10,0.292969
deepseek7b,implicature,swmimp125,3,10,11,0.165366
deepseek7b,implicature,swmimp125,3,11,12,0.186718
deepseek7b,implicature,swmimp125,3,12,13,0.274276
deepseek7b,implicature,swmimp125,3,13,14,0.414969
deepseek7b,implicature,swmimp125,3,14,15,0.425392
deepseek7b,implicature,swmimp126,1,1,2,0.327433
deepseek7b,implicature,swmimp126,1,2,3,0.291583
deepseek7b,implicature,swmimp126,1,3,4,0.290495
deepseek7b,implicature,swmimp126,1,4,5,0.230928
deepseek7b,implicature,swmimp126,1,5,6,0.105422
deepseek7b,implicature,swmimp126,1,6,7,0.291551
deepseek7b,implicature,swmimp126,1,7,8,0.346998
deepseek7b,implicature,swmimp126,1,8,9,0.316834
deepseek7b,implicature,swmimp126,2,1,2,0.832748
deepseek7b,implicature,swmimp126,2,2,3,0.31088
deepseek7b,implicature,swmimp126,2,3,4,0.108302
deepseek7b,implicature,swmimp126,2,4,5,0.371468
deepseek7b,implicature,swmimp126,2,5,6,0.317995
deepseek7b,implicature,swmimp126,2,6,7,0.368873
deepseek7b,implicature,swmimp126,2,7,8,0.313102
deepseek7b,implicature,swmimp126,2,8,9,0.346907
deepseek7b,implicature,swmimp126,3,1,2,0.377445
deepseek7b,implicature,swmimp126,3,2,3,0.370553
deepseek7b,implicature,swmimp126,3,3,4,0.395661
deepseek7b,implicature,swmimp126,3,4,5,0.320845
deepseek7b,implicature,swmimp126,3,5,6,0.213868
deepseek7b,implicature,swmimp126,3,6,7,0.410261
deepseek7b,implicature,swmimp126,3,7,8,0.343535
deepseek7b,implicature,swmimp126,3,8,9,0.75404
deepseek7b,implicature,swmimp127,1,1,2,0.648025
deepseek7b,implicature,swmimp127,1,2,3,0.614509
deepseek7b,implicature,swmimp127,1,3,4,0.312669
deepseek7b,implicature,swmimp127,1,4,5,0.163777
deepseek7b,implicature,swmimp127,1,5,6,0.164424
deepseek7b,implicature,swmimp127,1,6,7,0.137351
deepseek7b,implicature,swmimp127,1,7,8,0.315256
deepseek7b,implicature,swmimp127,1,8,9,0.274446
deepseek7b,implicature,swmimp127,1,9,10,0.210878
deepseek7b,implicature,swmimp127,2,1,2,0.850432
deepseek7b,implicature,swmimp127,2,2,3,0.818365
deepseek7b,implicature,swmimp127,2,3,4,0.384277
deepseek7b,implicature,swmimp127,2,4,5,0.294374
deepseek7b,implicature,swmimp127,2,5,6,0.307825
deepseek7b,implicature,swmimp127,2,6,7,0.295305
deepseek7b,implicature,swmimp127,2,7,8,0.246044
deepseek7b,implicature,swmimp127,2,8,9,0.101052
deepseek7b,implicature,swmimp127,2,9,10,0.239485
deepseek7b,implicature,swmimp127,3,1,2,0.25613
deepseek7b,implicature,swmimp127,3,2,3,0.772654
deepseek7b,implicature,swmimp127,3,3,4,0.295011
deepseek7b,implicature,swmimp127,3,4,5,0.578193
deepseek7b,implicature,swmimp127,3,5,6,0.578991
deepseek7b,implicature,swmimp127,3,6,7,0.210598
deepseek7b,implicature,swmimp127,3,7,8,0.071418
deepseek7b,implicature,swmimp127,3,8,9,0.305283
deepseek7b,implicature,swmimp127,3,9,10,0.300487
deepseek7b,implicature,swmimp128,1,1,2,0.299963
deepseek7b,implicature,swmimp128,1,2,3,0.05485
deepseek7b,implicature,swmimp128,1,3,4,0.191159
deepseek7b,implicature,swmimp128,1,4,5,0.25028
deepseek7b,implicature,swmimp128,1,5,6,0.750721
deepseek7b,implicature,swmimp128,1,6,7,0.782316
deepseek7b,implicature,swmimp128,1,7,8,0.07491
deepseek7b,implicature,swmimp128,1,8,9,0.357558
deepseek7b,implicature,swmimp128,1,9,10,0.439112
deepseek7b,implicature,swmimp128,1,10,11,0.207141
deepseek7b,implicature,swmimp128,1,11,12,0.137976
deepseek7b,implicature,swmimp128,1,12,13,0.312288
deepseek7b,implicature,swmimp128,1,13,14,0.324946
deepseek7b,implicature,swmimp128,1,14,15,0.446492
deepseek7b,implicature,swmimp128,1,15,16,0.155329
deepseek7b,implicature,swmimp128,2,1,2,0.161672
deepseek7b,implicature,swmimp128,2,2,3,0.267805
deepseek7b,implicature,swmimp128,2,3,4,0.182966
deepseek7b,implicature,swmimp128,2,4,5,0.271445
deepseek7b,implicature,swmimp128,2,5,6,0.792105
deepseek7b,implicature,swmimp128,2,6,7,0.110905
deepseek7b,implicature,swmimp128,2,7,8,0.66169
deepseek7b,implicature,swmimp128,2,8,9,0.480325
deepseek7b,implicature,swmimp128,2,9,10,0.410407
deepseek7b,implicature,swmimp128,2,10,11,0.313121
deepseek7b,implicature,swmimp128,2,11,12,0.203986
deepseek7b,implicature,swmimp128,2,12,13,0.078951
deepseek7b,implicature,swmimp128,2,13,14,0.326203
deepseek7b,implicature,swmimp128,2,14,15,0.462572
deepseek7b,implicature,swmimp128,2,15,16,0.504267
deepseek7b,implicature,swmimp128,3,1,2,0.83841
deepseek7b,implicature,swmimp128,3,2,3,0.270143
deepseek7b,implicature,swmimp128,3,3,4,0.380492
deepseek7b,implicature,swmimp128,3,4,5,0.866851
deepseek7b,implicature,swmimp128,3,5,6,0.789756
deepseek7b,implicature,swmimp128,3,6,7,0.831317
deepseek7b,implicature,swmimp128,3,7,8,0.818598
deepseek7b,implicature,swmimp128,3,8,9,0.244878
deepseek7b,implicature,swmimp128,3,9,10,0.365223
deepseek7b,implicature,swmimp128,3,10,11,0.299079
deepseek7b,implicature,swmimp128,3,11,12,0.50016
deepseek7b,implicature,swmimp128,3,12,13,0.379847
deepseek7b,implicature,swmimp128,3,13,14,0.450836
deepseek7b,implicature,swmimp128,3,14,15,0.403265
deepseek7b,implicature,swmimp128,3,15,16,0.297407
deepseek7b,implicature,swmimp129,1,1,2,0.254831
deepseek7b,implicature,swmimp129,1,2,3,0.151342
deepseek7b,implicature,swmimp129,1,3,4,0.263036
deepseek7b,implicature,swmimp129,1,4,5,0.263036
deepseek7b,implicature,swmimp129,1,5,6,0.095992
deepseek7b,implicature,swmimp129,1,6,7,0.067262
deepseek7b,implicature,swmimp129,1,7,8,0.16718
deepseek7b,implicature,swmimp129,1,8,9,0.195862
deepseek7b,implicature,swmimp129,1,9,10,0.160892
deepseek7b,implicature,swmimp129,1,10,11,0.009642
deepseek7b,implicature,swmimp129,1,11,12,0.036701
deepseek7b,implicature,swmimp129,1,12,13,0.261278
deepseek7b,implicature,swmimp129,2,1,2,0.27847
deepseek7b,implicature,swmimp129,2,2,3,0.245768
deepseek7b,implicature,swmimp129,2,3,4,0.634268
deepseek7b,implicature,swmimp129,2,4,5,0.636037
deepseek7b,implicature,swmimp129,2,5,6,0.247815
deepseek7b,implicature,swmimp129,2,6,7,0.905522
deepseek7b,implicature,swmimp129,2,7,8,0.889088
deepseek7b,implicature,swmimp129,2,8,9,0.301745
deepseek7b,implicature,swmimp129,2,9,10,0.265751
deepseek7b,implicature,swmimp129,2,10,11,0.109869
deepseek7b,implicature,swmimp129,2,11,12,0.208541
deepseek7b,implicature,swmimp129,2,12,13,0.161212
deepseek7b,implicature,swmimp129,3,1,2,0.169587
deepseek7b,implicature,swmimp129,3,2,3,0.261766
deepseek7b,implicature,swmimp129,3,3,4,0.158371
deepseek7b,implicature,swmimp129,3,4,5,0.137196
deepseek7b,implicature,swmimp129,3,5,6,0.622328
deepseek7b,implicature,swmimp129,3,6,7,0.645153
deepseek7b,implicature,swmimp129,3,7,8,0.0
deepseek7b,implicature,swmimp129,3,8,9,0.104625
deepseek7b,implicature,swmimp129,3,9,10,0.102634
deepseek7b,implicature,swmimp129,3,10,11,0.036366
deepseek7b,implicature,swmimp129,3,11,12,0.121225
deepseek7b,implicature,swmimp129,3,12,13,0.198674
deepseek7b,implicature,swmimp130,1,1,2,0.318749
deepseek7b,implicature,swmimp130,1,2,3,0.120223
deepseek7b,implicature,swmimp130,1,3,4,0.176053
deepseek7b,implicature,swmimp130,1,4,5,0.23482
deepseek7b,implicature,swmimp130,1,5,6,0.194569
deepseek7b,implicature,swmimp130,1,6,7,0.223415
deepseek7b,implicature,swmimp130,1,7,8,0.305981
deepseek7b,implicature,swmimp130,1,8,9,0.249881
deepseek7b,implicature,swmimp130,1,9,10,0.074509
deepseek7b,implicature,swmimp130,2,1,2,0.243332
deepseek7b,implicature,swmimp130,2,2,3,0.0
deepseek7b,implicature,swmimp130,2,3,4,0.270102
deepseek7b,implicature,swmimp130,2,4,5,0.352292
deepseek7b,implicature,swmimp130,2,5,6,0.317085
deepseek7b,implicature,swmimp130,2,6,7,0.327823
deepseek7b,implicature,swmimp130,2,7,8,0.237326
deepseek7b,implicature,swmimp130,2,8,9,0.132722
deepseek7b,implicature,swmimp130,2,9,10,0.182748
deepseek7b,implicature,swmimp130,3,1,2,0.468367
deepseek7b,implicature,swmimp130,3,2,3,0.300747
deepseek7b,implicature,swmimp130,3,3,4,0.037114
deepseek7b,implicature,swmimp130,3,4,5,0.230281
deepseek7b,implicature,swmimp130,3,5,6,0.134225
deepseek7b,implicature,swmimp130,3,6,7,0.176695
deepseek7b,implicature,swmimp130,3,7,8,0.162485
deepseek7b,implicature,swmimp130,3,8,9,0.24384
deepseek7b,implicature,swmimp130,3,9,10,0.069803
deepseek7b,implicature,swmimp131,1,1,2,0.313344
deepseek7b,implicature,swmimp131,1,2,3,0.399213
deepseek7b,implicature,swmimp131,1,3,4,0.398504
deepseek7b,implicature,swmimp131,1,4,5,0.062299
deepseek7b,implicature,swmimp131,1,5,6,0.20534
deepseek7b,implicature,swmimp131,1,6,7,0.213932
deepseek7b,implicature,swmimp131,2,1,2,0.450576
deepseek7b,implicature,swmimp131,2,2,3,0.210727
deepseek7b,implicature,swmimp131,2,3,4,0.217955
deepseek7b,implicature,swmimp131,2,4,5,0.337849
deepseek7b,implicature,swmimp131,2,5,6,0.463391
deepseek7b,implicature,swmimp131,2,6,7,0.455571
deepseek7b,implicature,swmimp131,3,1,2,0.266193
deepseek7b,implicature,swmimp131,3,2,3,0.328051
deepseek7b,implicature,swmimp131,3,3,4,0.187711
deepseek7b,implicature,swmimp131,3,4,5,0.268488
deepseek7b,implicature,swmimp131,3,5,6,0.211756
deepseek7b,implicature,swmimp131,3,6,7,0.436723
deepseek7b,implicature,swmimp132,1,1,2,0.373815
deepseek7b,implicature,swmimp132,1,2,3,0.304533
deepseek7b,implicature,swmimp132,1,3,4,0.152283
deepseek7b,implicature,swmimp132,1,4,5,0.112845
deepseek7b,implicature,swmimp132,1,5,6,0.382202
deepseek7b,implicature,swmimp132,1,6,7,0.42362
deepseek7b,implicature,swmimp132,1,7,8,0.891134
deepseek7b,implicature,swmimp132,1,8,9,0.819041
deepseek7b,implicature,swmimp132,1,9,10,0.239241
deepseek7b,implicature,swmimp132,1,10,11,0.409058
deepseek7b,implicature,swmimp132,2,1,2,0.900801
deepseek7b,implicature,swmimp132,2,2,3,0.383207
deepseek7b,implicature,swmimp132,2,3,4,0.135012
deepseek7b,implicature,swmimp132,2,4,5,0.41045
deepseek7b,implicature,swmimp132,2,5,6,0.923286
deepseek7b,implicature,swmimp132,2,6,7,0.864689
deepseek7b,implicature,swmimp132,2,7,8,0.209034
deepseek7b,implicature,swmimp132,2,8,9,0.19649
deepseek7b,implicature,swmimp132,2,9,10,0.247906
deepseek7b,implicature,swmimp132,2,10,11,0.344042
deepseek7b,implicature,swmimp132,3,1,2,0.792013
deepseek7b,implicature,swmimp132,3,2,3,0.922906
deepseek7b,implicature,swmimp132,3,3,4,0.301854
deepseek7b,implicature,swmimp132,3,4,5,0.936291
deepseek7b,implicature,swmimp132,3,5,6,0.859403
deepseek7b,implicature,swmimp132,3,6,7,0.172219
deepseek7b,implicature,swmimp132,3,7,8,0.243472
deepseek7b,implicature,swmimp132,3,8,9,0.161779
deepseek7b,implicature,swmimp132,3,9,10,0.305429
deepseek7b,implicature,swmimp132,3,10,11,0.345311
deepseek7b,implicature,swmimp133,1,1,2,0.801412
deepseek7b,implicature,swmimp133,1,2,3,0.183832
deepseek7b,implicature,swmimp133,1,3,4,0.182298
deepseek7b,implicature,swmimp133,1,4,5,0.219126
deepseek7b,implicature,swmimp133,1,5,6,0.255541
deepseek7b,implicature,swmimp133,2,1,2,0.312944
deepseek7b,implicature,swmimp133,2,2,3,0.090948
deepseek7b,implicature,swmimp133,2,3,4,0.213431
deepseek7b,implicature,swmimp133,2,4,5,0.315971
deepseek7b,implicature,swmimp133,2,5,6,0.103378
deepseek7b,implicature,swmimp133,3,1,2,0.086851
deepseek7b,implicature,swmimp133,3,2,3,0.422661
deepseek7b,implicature,swmimp133,3,3,4,0.15861
deepseek7b,implicature,swmimp133,3,4,5,0.097797
deepseek7b,implicature,swmimp133,3,5,6,0.186042
deepseek7b,implicature,swmimp134,1,1,2,0.979772
deepseek7b,implicature,swmimp134,1,2,3,0.843428
deepseek7b,implicature,swmimp134,1,3,4,0.793763
deepseek7b,implicature,swmimp134,1,4,5,0.784004
deepseek7b,implicature,swmimp134,1,5,6,0.846696
deepseek7b,implicature,swmimp134,1,6,7,0.851747
deepseek7b,implicature,swmimp134,2,1,2,0.362336
deepseek7b,implicature,swmimp134,2,2,3,0.275065
deepseek7b,implicature,swmimp134,2,3,4,0.363063
deepseek7b,implicature,swmimp134,2,4,5,0.355754
deepseek7b,implicature,swmimp134,2,5,6,0.22241
deepseek7b,implicature,swmimp134,2,6,7,0.305363
deepseek7b,implicature,swmimp134,3,1,2,0.044185
deepseek7b,implicature,swmimp134,3,2,3,0.449134
deepseek7b,implicature,swmimp134,3,3,4,0.490286
deepseek7b,implicature,swmimp134,3,4,5,0.060683
deepseek7b,implicature,swmimp134,3,5,6,0.288299
deepseek7b,implicature,swmimp134,3,6,7,0.066807
deepseek7b,implicature,swmimp135,1,1,2,0.198514
deepseek7b,implicature,swmimp135,1,2,3,0.136478
deepseek7b,implicature,swmimp135,1,3,4,0.2557
deepseek7b,implicature,swmimp135,1,4,5,0.340255
deepseek7b,implicature,swmimp135,1,5,6,0.167009
deepseek7b,implicature,swmimp135,1,6,7,0.252686
deepseek7b,implicature,swmimp135,1,7,8,0.330694
deepseek7b,implicature,swmimp135,1,8,9,0.13109
deepseek7b,implicature,swmimp135,2,1,2,0.362091
deepseek7b,implicature,swmimp135,2,2,3,0.85367
deepseek7b,implicature,swmimp135,2,3,4,0.799607
deepseek7b,implicature,swmimp135,2,4,5,0.290239
deepseek7b,implicature,swmimp135,2,5,6,0.801914
deepseek7b,implicature,swmimp135,2,6,7,0.790831
deepseek7b,implicature,swmimp135,2,7,8,0.18332
deepseek7b,implicature,swmimp135,2,8,9,0.249381
deepseek7b,implicature,swmimp135,3,1,2,0.202907
deepseek7b,implicature,swmimp135,3,2,3,0.062282
deepseek7b,implicature,swmimp135,3,3,4,0.121234
deepseek7b,implicature,swmimp135,3,4,5,0.24603
deepseek7b,implicature,swmimp135,3,5,6,0.283618
deepseek7b,implicature,swmimp135,3,6,7,0.317074
deepseek7b,implicature,swmimp135,3,7,8,0.365129
deepseek7b,implicature,swmimp135,3,8,9,0.378053
deepseek7b,implicature,swmimp136,1,1,2,0.344745
deepseek7b,implicature,swmimp136,1,2,3,0.449388
deepseek7b,implicature,swmimp136,1,3,4,0.283812
deepseek7b,implicature,swmimp136,1,4,5,0.308946
deepseek7b,implicature,swmimp136,1,5,6,0.406354
deepseek7b,implicature,swmimp136,2,1,2,0.763458
deepseek7b,implicature,swmimp136,2,2,3,0.700023
deepseek7b,implicature,swmimp136,2,3,4,0.154845
deepseek7b,implicature,swmimp136,2,4,5,0.313272
deepseek7b,implicature,swmimp136,2,5,6,0.366573
deepseek7b,implicature,swmimp136,3,1,2,0.240226
deepseek7b,implicature,swmimp136,3,2,3,0.452703
deepseek7b,implicature,swmimp136,3,3,4,0.331041
deepseek7b,implicature,swmimp136,3,4,5,0.354789
deepseek7b,implicature,swmimp136,3,5,6,0.525303
deepseek7b,implicature,swmimp137,1,1,2,0.43685
deepseek7b,implicature,swmimp137,1,2,3,0.358866
deepseek7b,implicature,swmimp137,1,3,4,0.429312
deepseek7b,implicature,swmimp137,2,1,2,0.27897
deepseek7b,implicature,swmimp137,2,2,3,0.332979
deepseek7b,implicature,swmimp137,2,3,4,0.266274
deepseek7b,implicature,swmimp137,3,1,2,0.580434
deepseek7b,implicature,swmimp137,3,2,3,0.285425
deepseek7b,implicature,swmimp137,3,3,4,0.392017
deepseek7b,implicature,swmimp138,1,1,2,0.804292
deepseek7b,implicature,swmimp138,1,2,3,0.813639
deepseek7b,implicature,swmimp138,1,3,4,0.160184
deepseek7b,implicature,swmimp138,1,4,5,0.105344
deepseek7b,implicature,swmimp138,1,5,6,0.217276
deepseek7b,implicature,swmimp138,2,1,2,0.807443
deepseek7b,implicature,swmimp138,2,2,3,0.738939
deepseek7b,implicature,swmimp138,2,3,4,0.21603
deepseek7b,implicature,swmimp138,2,4,5,0.306572
deepseek7b,implicature,swmimp138,2,5,6,0.306182
deepseek7b,implicature,swmimp138,3,1,2,0.149925
deepseek7b,implicature,swmimp138,3,2,3,0.378508
deepseek7b,implicature,swmimp138,3,3,4,0.242975
deepseek7b,implicature,swmimp138,3,4,5,0.367343
deepseek7b,implicature,swmimp138,3,5,6,0.188108
deepseek7b,implicature,swmimp139,1,1,2,0.354434
deepseek7b,implicature,swmimp139,1,2,3,0.710901
deepseek7b,implicature,swmimp139,1,3,4,0.748515
deepseek7b,implicature,swmimp139,1,4,5,0.455434
deepseek7b,implicature,swmimp139,1,5,6,0.251637
deepseek7b,implicature,swmimp139,1,6,7,0.268289
deepseek7b,implicature,swmimp139,1,7,8,0.077448
deepseek7b,implicature,swmimp139,2,1,2,0.37613
deepseek7b,implicature,swmimp139,2,2,3,0.354053
deepseek7b,implicature,swmimp139,2,3,4,0.466343
deepseek7b,implicature,swmimp139,2,4,5,0.263065
deepseek7b,implicature,swmimp139,2,5,6,0.293733
deepseek7b,implicature,swmimp139,2,6,7,0.303343
deepseek7b,implicature,swmimp139,2,7,8,0.387874
deepseek7b,implicature,swmimp139,3,1,2,0.407074
deepseek7b,implicature,swmimp139,3,2,3,0.368507
deepseek7b,implicature,swmimp139,3,3,4,0.709229
deepseek7b,implicature,swmimp139,3,4,5,0.617848
deepseek7b,implicature,swmimp139,3,5,6,0.294723
deepseek7b,implicature,swmimp139,3,6,7,0.264545
deepseek7b,implicature,swmimp139,3,7,8,0.299009
deepseek7b,implicature,swmimp140,1,1,2,0.889643
deepseek7b,implicature,swmimp140,1,2,3,0.378588
deepseek7b,implicature,swmimp140,1,3,4,0.314299
deepseek7b,implicature,swmimp140,1,4,5,0.171946
deepseek7b,implicature,swmimp140,1,5,6,0.260398
deepseek7b,implicature,swmimp140,1,6,7,0.223069
deepseek7b,implicature,swmimp140,1,7,8,0.236919
deepseek7b,implicature,swmimp140,1,8,9,0.273182
deepseek7b,implicature,swmimp140,1,9,10,0.323528
deepseek7b,implicature,swmimp140,1,10,11,0.120848
deepseek7b,implicature,swmimp140,1,11,12,0.306267
deepseek7b,implicature,swmimp140,1,12,13,0.166068
deepseek7b,implicature,swmimp140,1,13,14,0.176743
deepseek7b,implicature,swmimp140,1,14,15,0.218061
deepseek7b,implicature,swmimp140,1,15,16,0.311242
deepseek7b,implicature,swmimp140,1,16,17,0.47058
deepseek7b,implicature,swmimp140,1,17,18,0.405277
deepseek7b,implicature,swmimp140,1,18,19,0.08416
deepseek7b,implicature,swmimp140,1,19,20,0.293667
deepseek7b,implicature,swmimp140,1,20,21,0.137792
deepseek7b,implicature,swmimp140,1,21,22,0.220202
deepseek7b,implicature,swmimp140,1,22,23,0.396607
deepseek7b,implicature,swmimp140,1,23,24,0.294537
deepseek7b,implicature,swmimp140,1,24,25,0.166107
deepseek7b,implicature,swmimp140,1,25,26,0.342116
deepseek7b,implicature,swmimp140,1,26,27,0.517078
deepseek7b,implicature,swmimp140,1,27,28,0.084524
deepseek7b,implicature,swmimp140,1,28,29,0.258003
deepseek7b,implicature,swmimp140,1,29,30,0.175878
deepseek7b,implicature,swmimp140,1,30,31,0.271253
deepseek7b,implicature,swmimp140,1,31,32,0.140223
deepseek7b,implicature,swmimp140,1,32,33,0.322993
deepseek7b,implicature,swmimp140,1,33,34,0.28626
deepseek7b,implicature,swmimp140,1,34,35,0.128139
deepseek7b,implicature,swmimp140,1,35,36,0.182813
deepseek7b,implicature,swmimp140,1,36,37,0.08671
deepseek7b,implicature,swmimp140,2,1,2,0.777284
deepseek7b,implicature,swmimp140,2,2,3,0.715281
deepseek7b,implicature,swmimp140,2,3,4,0.493298
deepseek7b,implicature,swmimp140,2,4,5,0.208882
deepseek7b,implicature,swmimp140,2,5,6,0.451084
deepseek7b,implicature,swmimp140,2,6,7,0.212808
deepseek7b,implicature,swmimp140,2,7,8,0.168569
deepseek7b,implicature,swmimp140,2,8,9,0.057839
deepseek7b,implicature,swmimp140,2,9,10,0.002296
deepseek7b,implicature,swmimp140,2,10,11,0.143578
deepseek7b,implicature,swmimp140,2,11,12,0.124319
deepseek7b,implicature,swmimp140,2,12,13,0.231801
deepseek7b,implicature,swmimp140,2,13,14,0.248655
deepseek7b,implicature,swmimp140,2,14,15,0.37132
deepseek7b,implicature,swmimp140,2,15,16,0.040905
deepseek7b,implicature,swmimp140,2,16,17,0.260618
deepseek7b,implicature,swmimp140,2,17,18,0.309829
deepseek7b,implicature,swmimp140,2,18,19,0.428618
deepseek7b,implicature,swmimp140,2,19,20,0.330034
deepseek7b,implicature,swmimp140,2,20,21,0.351501
deepseek7b,implicature,swmimp140,2,21,22,0.193702
deepseek7b,implicature,swmimp140,2,22,23,0.254349
deepseek7b,implicature,swmimp140,2,23,24,0.339962
deepseek7b,implicature,swmimp140,2,24,25,0.275613
deepseek7b,implicature,swmimp140,2,25,26,0.249612
deepseek7b,implicature,swmimp140,2,26,27,0.249612
deepseek7b,implicature,swmimp140,2,27,28,0.119146
deepseek7b,implicature,swmimp140,2,28,29,0.154706
deepseek7b,implicature,swmimp140,2,29,30,0.215336
deepseek7b,implicature,swmimp140,2,30,31,0.419579
deepseek7b,implicature,swmimp140,2,31,32,0.102567
deepseek7b,implicature,swmimp140,2,32,33,0.081109
deepseek7b,implicature,swmimp140,2,33,34,0.25691
deepseek7b,implicature,swmimp140,2,34,35,0.326667
deepseek7b,implicature,swmimp140,2,35,36,0.507451
deepseek7b,implicature,swmimp140,2,36,37,0.397846
deepseek7b,implicature,swmimp140,3,1,2,0.818477
deepseek7b,implicature,swmimp140,3,2,3,0.819124
deepseek7b,implicature,swmimp140,3,3,4,0.288828
deepseek7b,implicature,swmimp140,3,4,5,0.300532
deepseek7b,implicature,swmimp140,3,5,6,0.155619
deepseek7b,implicature,swmimp140,3,6,7,0.218475
deepseek7b,implicature,swmimp140,3,7,8,0.353201
deepseek7b,implicature,swmimp140,3,8,9,0.353892
deepseek7b,implicature,swmimp140,3,9,10,0.227214
deepseek7b,implicature,swmimp140,3,10,11,0.271207
deepseek7b,implicature,swmimp140,3,11,12,0.056294
deepseek7b,implicature,swmimp140,3,12,13,0.158234
deepseek7b,implicature,swmimp140,3,13,14,0.334513
deepseek7b,implicature,swmimp140,3,14,15,0.427097
deepseek7b,implicature,swmimp140,3,15,16,0.279579
deepseek7b,implicature,swmimp140,3,16,17,0.197338
deepseek7b,implicature,swmimp140,3,17,18,0.239989
deepseek7b,implicature,swmimp140,3,18,19,0.070532
deepseek7b,implicature,swmimp140,3,19,20,0.323747
deepseek7b,implicature,swmimp140,3,20,21,0.413067
deepseek7b,implicature,swmimp140,3,21,22,0.347857
deepseek7b,implicature,swmimp140,3,22,23,0.15679
deepseek7b,implicature,swmimp140,3,23,24,0.166617
deepseek7b,implicature,swmimp140,3,24,25,0.110233
deepseek7b,implicature,swmimp140,3,25,26,0.0094
deepseek7b,implicature,swmimp140,3,26,27,0.00828
deepseek7b,implicature,swmimp140,3,27,28,0.147614
deepseek7b,implicature,swmimp140,3,28,29,0.278592
deepseek7b,implicature,swmimp140,3,29,30,0.347667
deepseek7b,implicature,swmimp140,3,30,31,0.302401
deepseek7b,implicature,swmimp140,3,31,32,0.33881
deepseek7b,implicature,swmimp140,3,32,33,0.354945
deepseek7b,implicature,swmimp140,3,33,34,0.092731
deepseek7b,implicature,swmimp140,3,34,35,0.261252
deepseek7b,implicature,swmimp140,3,35,36,0.229774
deepseek7b,implicature,swmimp140,3,36,37,0.115916
deepseek7b,implicature,swmimp141,1,1,2,0.222266
deepseek7b,implicature,swmimp141,1,2,3,0.090634
deepseek7b,implicature,swmimp141,1,3,4,0.041786
deepseek7b,implicature,swmimp141,1,4,5,0.044825
deepseek7b,implicature,swmimp141,1,5,6,0.048141
deepseek7b,implicature,swmimp141,1,6,7,0.021349
deepseek7b,implicature,swmimp141,1,7,8,0.021349
deepseek7b,implicature,swmimp141,1,8,9,0.0
deepseek7b,implicature,swmimp141,1,9,10,0.130969
deepseek7b,implicature,swmimp141,1,10,11,0.411652
deepseek7b,implicature,swmimp141,2,1,2,0.058597
deepseek7b,implicature,swmimp141,2,2,3,0.050118
deepseek7b,implicature,swmimp141,2,3,4,0.040499
deepseek7b,implicature,swmimp141,2,4,5,0.055928
deepseek7b,implicature,swmimp141,2,5,6,0.057269
deepseek7b,implicature,swmimp141,2,6,7,0.134231
deepseek7b,implicature,swmimp141,2,7,8,0.134231
deepseek7b,implicature,swmimp141,2,8,9,0.120959
deepseek7b,implicature,swmimp141,2,9,10,0.120959
deepseek7b,implicature,swmimp141,2,10,11,0.080187
deepseek7b,implicature,swmimp141,3,1,2,0.430361
deepseek7b,implicature,swmimp141,3,2,3,0.117308
deepseek7b,implicature,swmimp141,3,3,4,0.123754
deepseek7b,implicature,swmimp141,3,4,5,0.110546
deepseek7b,implicature,swmimp141,3,5,6,0.031877
deepseek7b,implicature,swmimp141,3,6,7,0.074792
deepseek7b,implicature,swmimp141,3,7,8,0.078483
deepseek7b,implicature,swmimp141,3,8,9,0.103203
deepseek7b,implicature,swmimp141,3,9,10,0.147043
deepseek7b,implicature,swmimp141,3,10,11,0.081983
deepseek7b,implicature,swmimp142,1,1,2,0.228533
deepseek7b,implicature,swmimp142,1,2,3,0.711618
deepseek7b,implicature,swmimp142,1,3,4,0.143688
deepseek7b,implicature,swmimp142,1,4,5,0.209229
deepseek7b,implicature,swmimp142,1,5,6,0.209782
deepseek7b,implicature,swmimp142,1,6,7,0.185577
deepseek7b,implicature,swmimp142,1,7,8,0.371746
deepseek7b,implicature,swmimp142,1,8,9,0.194667
deepseek7b,implicature,swmimp142,1,9,10,0.329781
deepseek7b,implicature,swmimp142,2,1,2,0.694457
deepseek7b,implicature,swmimp142,2,2,3,0.079276
deepseek7b,implicature,swmimp142,2,3,4,0.020319
deepseek7b,implicature,swmimp142,2,4,5,0.336135
deepseek7b,implicature,swmimp142,2,5,6,0.816987
deepseek7b,implicature,swmimp142,2,6,7,0.764966
deepseek7b,implicature,swmimp142,2,7,8,0.153013
deepseek7b,implicature,swmimp142,2,8,9,0.296458
deepseek7b,implicature,swmimp142,2,9,10,0.332553
deepseek7b,implicature,swmimp142,3,1,2,0.296587
deepseek7b,implicature,swmimp142,3,2,3,0.843621
deepseek7b,implicature,swmimp142,3,3,4,0.484988
deepseek7b,implicature,swmimp142,3,4,5,0.445928
deepseek7b,implicature,swmimp142,3,5,6,0.222903
deepseek7b,implicature,swmimp142,3,6,7,0.225718
deepseek7b,implicature,swmimp142,3,7,8,0.136413
deepseek7b,implicature,swmimp142,3,8,9,0.108938
deepseek7b,implicature,swmimp142,3,9,10,0.188657
deepseek7b,implicature,swmimp143,1,1,2,0.203942
deepseek7b,implicature,swmimp143,1,2,3,0.02556
deepseek7b,implicature,swmimp143,1,3,4,0.252221
deepseek7b,implicature,swmimp143,1,4,5,0.11328
deepseek7b,implicature,swmimp143,1,5,6,0.120865
deepseek7b,implicature,swmimp143,1,6,7,0.22853
deepseek7b,implicature,swmimp143,1,7,8,0.178824
deepseek7b,implicature,swmimp143,1,8,9,0.173523
deepseek7b,implicature,swmimp143,1,9,10,0.259113
deepseek7b,implicature,swmimp143,1,10,11,0.462673
deepseek7b,implicature,swmimp143,1,11,12,0.307261
deepseek7b,implicature,swmimp143,1,12,13,0.115931
deepseek7b,implicature,swmimp143,1,13,14,0.092119
deepseek7b,implicature,swmimp143,1,14,15,0.140127
deepseek7b,implicature,swmimp143,1,15,16,0.234955
deepseek7b,implicature,swmimp143,1,16,17,0.280833
deepseek7b,implicature,swmimp143,1,17,18,0.027065
deepseek7b,implicature,swmimp143,2,1,2,0.683884
deepseek7b,implicature,swmimp143,2,2,3,0.236673
deepseek7b,implicature,swmimp143,2,3,4,0.071317
deepseek7b,implicature,swmimp143,2,4,5,0.118608
deepseek7b,implicature,swmimp143,2,5,6,0.249645
deepseek7b,implicature,swmimp143,2,6,7,0.144189
deepseek7b,implicature,swmimp143,2,7,8,0.033386
deepseek7b,implicature,swmimp143,2,8,9,0.252806
deepseek7b,implicature,swmimp143,2,9,10,0.120452
deepseek7b,implicature,swmimp143,2,10,11,0.088336
deepseek7b,implicature,swmimp143,2,11,12,0.119598
deepseek7b,implicature,swmimp143,2,12,13,0.104457
deepseek7b,implicature,swmimp143,2,13,14,0.109808
deepseek7b,implicature,swmimp143,2,14,15,0.286454
deepseek7b,implicature,swmimp143,2,15,16,0.248283
deepseek7b,implicature,swmimp143,2,16,17,0.251707
deepseek7b,implicature,swmimp143,2,17,18,0.299886
deepseek7b,implicature,swmimp143,3,1,2,0.972543
deepseek7b,implicature,swmimp143,3,2,3,0.667027
deepseek7b,implicature,swmimp143,3,3,4,0.200718
deepseek7b,implicature,swmimp143,3,4,5,0.288033
deepseek7b,implicature,swmimp143,3,5,6,0.307008
deepseek7b,implicature,swmimp143,3,6,7,0.31332
deepseek7b,implicature,swmimp143,3,7,8,0.168271
deepseek7b,implicature,swmimp143,3,8,9,0.248311
deepseek7b,implicature,swmimp143,3,9,10,0.193591
deepseek7b,implicature,swmimp143,3,10,11,0.32379
deepseek7b,implicature,swmimp143,3,11,12,0.394025
deepseek7b,implicature,swmimp143,3,12,13,0.316171
deepseek7b,implicature,swmimp143,3,13,14,0.104452
deepseek7b,implicature,swmimp143,3,14,15,0.254021
deepseek7b,implicature,swmimp143,3,15,16,0.373665
deepseek7b,implicature,swmimp143,3,16,17,0.334968
deepseek7b,implicature,swmimp143,3,17,18,0.317592
deepseek7b,implicature,swmimp144,1,1,2,-0.0
deepseek7b,implicature,swmimp144,1,2,3,0.035138
deepseek7b,implicature,swmimp144,1,3,4,0.130761
deepseek7b,implicature,swmimp144,1,4,5,0.032939
deepseek7b,implicature,swmimp144,1,5,6,0.028057
deepseek7b,implicature,swmimp144,1,6,7,0.192889
deepseek7b,implicature,swmimp144,1,7,8,0.19602
deepseek7b,implicature,swmimp144,1,8,9,0.178263
deepseek7b,implicature,swmimp144,1,9,10,0.24561
deepseek7b,implicature,swmimp144,1,10,11,0.207576
deepseek7b,implicature,swmimp144,1,11,12,0.391305
deepseek7b,implicature,swmimp144,1,12,13,0.355297
deepseek7b,implicature,swmimp144,1,13,14,0.150087
deepseek7b,implicature,swmimp144,1,14,15,0.082628
deepseek7b,implicature,swmimp144,1,15,16,0.046133
deepseek7b,implicature,swmimp144,1,16,17,0.069277
deepseek7b,implicature,swmimp144,1,17,18,0.069277
deepseek7b,implicature,swmimp144,1,18,19,0.225528
deepseek7b,implicature,swmimp144,1,19,20,0.215474
deepseek7b,implicature,swmimp144,1,20,21,0.077856
deepseek7b,implicature,swmimp144,1,21,22,0.100539
deepseek7b,implicature,swmimp144,1,22,23,0.045151
deepseek7b,implicature,swmimp144,2,1,2,0.035138
deepseek7b,implicature,swmimp144,2,2,3,0.261007
deepseek7b,implicature,swmimp144,2,3,4,0.294887
deepseek7b,implicature,swmimp144,2,4,5,0.024537
deepseek7b,implicature,swmimp144,2,5,6,0.330255
deepseek7b,implicature,swmimp144,2,6,7,0.318266
deepseek7b,implicature,swmimp144,2,7,8,0.0
deepseek7b,implicature,swmimp144,2,8,9,0.035138
deepseek7b,implicature,swmimp144,2,9,10,0.269259
deepseek7b,implicature,swmimp144,2,10,11,0.269259
deepseek7b,implicature,swmimp144,2,11,12,0.27043
deepseek7b,implicature,swmimp144,2,12,13,0.27043
deepseek7b,implicature,swmimp144,2,13,14,0.152856
deepseek7b,implicature,swmimp144,2,14,15,0.421622
deepseek7b,implicature,swmimp144,2,15,16,0.357578
deepseek7b,implicature,swmimp144,2,16,17,0.191263
deepseek7b,implicature,swmimp144,2,17,18,0.221616
deepseek7b,implicature,swmimp144,2,18,19,0.213392
deepseek7b,implicature,swmimp144,2,19,20,0.204533
deepseek7b,implicature,swmimp144,2,20,21,0.360326
deepseek7b,implicature,swmimp144,2,21,22,0.360846
deepseek7b,implicature,swmimp144,2,22,23,0.142019
deepseek7b,implicature,swmimp144,3,1,2,0.125608
deepseek7b,implicature,swmimp144,3,2,3,0.152903
deepseek7b,implicature,swmimp144,3,3,4,0.190589
deepseek7b,implicature,swmimp144,3,4,5,0.218863
deepseek7b,implicature,swmimp144,3,5,6,0.077
deepseek7b,implicature,swmimp144,3,6,7,0.123189
deepseek7b,implicature,swmimp144,3,7,8,0.27724
deepseek7b,implicature,swmimp144,3,8,9,0.075372
deepseek7b,implicature,swmimp144,3,9,10,0.189947
deepseek7b,implicature,swmimp144,3,10,11,0.238111
deepseek7b,implicature,swmimp144,3,11,12,0.035138
deepseek7b,implicature,swmimp144,3,12,13,0.14875
deepseek7b,implicature,swmimp144,3,13,14,0.174336
deepseek7b,implicature,swmimp144,3,14,15,0.116264
deepseek7b,implicature,swmimp144,3,15,16,0.138894
deepseek7b,implicature,swmimp144,3,16,17,0.195445
deepseek7b,implicature,swmimp144,3,17,18,0.118074
deepseek7b,implicature,swmimp144,3,18,19,0.168951
deepseek7b,implicature,swmimp144,3,19,20,0.0
deepseek7b,implicature,swmimp144,3,20,21,0.235146
deepseek7b,implicature,swmimp144,3,21,22,0.110004
deepseek7b,implicature,swmimp144,3,22,23,0.098009
deepseek7b,implicature,swmimp145,1,1,2,0.347155
deepseek7b,implicature,swmimp145,1,2,3,0.277985
deepseek7b,implicature,swmimp145,1,3,4,0.531131
deepseek7b,implicature,swmimp145,2,1,2,0.302424
deepseek7b,implicature,swmimp145,2,2,3,0.233841
deepseek7b,implicature,swmimp145,2,3,4,0.432898
deepseek7b,implicature,swmimp145,3,1,2,0.341365
deepseek7b,implicature,swmimp145,3,2,3,0.277059
deepseek7b,implicature,swmimp145,3,3,4,0.374508
deepseek7b,implicature,swmimp146,1,1,2,0.777918
deepseek7b,implicature,swmimp146,1,2,3,0.767239
deepseek7b,implicature,swmimp146,1,3,4,0.30642
deepseek7b,implicature,swmimp146,1,4,5,0.283522
deepseek7b,implicature,swmimp146,1,5,6,0.323238
deepseek7b,implicature,swmimp146,1,6,7,0.430932
deepseek7b,implicature,swmimp146,1,7,8,0.301164
deepseek7b,implicature,swmimp146,1,8,9,0.091383
deepseek7b,implicature,swmimp146,1,9,10,0.190315
deepseek7b,implicature,swmimp146,1,10,11,0.389845
deepseek7b,implicature,swmimp146,1,11,12,0.290008
deepseek7b,implicature,swmimp146,1,12,13,0.413876
deepseek7b,implicature,swmimp146,1,13,14,0.220109
deepseek7b,implicature,swmimp146,1,14,15,0.263467
deepseek7b,implicature,swmimp146,1,15,16,0.200133
deepseek7b,implicature,swmimp146,1,16,17,0.195619
deepseek7b,implicature,swmimp146,1,17,18,0.188209
deepseek7b,implicature,swmimp146,1,18,19,0.397818
deepseek7b,implicature,swmimp146,1,19,20,0.238856
deepseek7b,implicature,swmimp146,1,20,21,0.406958
deepseek7b,implicature,swmimp146,1,21,22,0.20935
deepseek7b,implicature,swmimp146,1,22,23,0.289792
deepseek7b,implicature,swmimp146,1,23,24,0.37896
deepseek7b,implicature,swmimp146,1,24,25,0.121813
deepseek7b,implicature,swmimp146,1,25,26,0.113617
deepseek7b,implicature,swmimp146,1,26,27,0.423894
deepseek7b,implicature,swmimp146,1,27,28,0.36989
deepseek7b,implicature,swmimp146,1,28,29,0.123914
deepseek7b,implicature,swmimp146,1,29,30,0.301929
deepseek7b,implicature,swmimp146,2,1,2,0.202182
deepseek7b,implicature,swmimp146,2,2,3,0.20379
deepseek7b,implicature,swmimp146,2,3,4,0.142006
deepseek7b,implicature,swmimp146,2,4,5,0.279494
deepseek7b,implicature,swmimp146,2,5,6,0.395189
deepseek7b,implicature,swmimp146,2,6,7,0.406375
deepseek7b,implicature,swmimp146,2,7,8,0.59104
deepseek7b,implicature,swmimp146,2,8,9,0.154353
deepseek7b,implicature,swmimp146,2,9,10,0.109882
deepseek7b,implicature,swmimp146,2,10,11,0.306351
deepseek7b,implicature,swmimp146,2,11,12,0.195066
deepseek7b,implicature,swmimp146,2,12,13,0.318312
deepseek7b,implicature,swmimp146,2,13,14,0.249077
deepseek7b,implicature,swmimp146,2,14,15,0.192429
deepseek7b,implicature,swmimp146,2,15,16,0.263212
deepseek7b,implicature,swmimp146,2,16,17,0.265729
deepseek7b,implicature,swmimp146,2,17,18,0.252969
deepseek7b,implicature,swmimp146,2,18,19,0.257749
deepseek7b,implicature,swmimp146,2,19,20,0.200792
deepseek7b,implicature,swmimp146,2,20,21,0.059586
deepseek7b,implicature,swmimp146,2,21,22,0.065695
deepseek7b,implicature,swmimp146,2,22,23,0.153565
deepseek7b,implicature,swmimp146,2,23,24,0.105619
deepseek7b,implicature,swmimp146,2,24,25,0.234866
deepseek7b,implicature,swmimp146,2,25,26,0.383593
deepseek7b,implicature,swmimp146,2,26,27,0.370584
deepseek7b,implicature,swmimp146,2,27,28,0.3116
deepseek7b,implicature,swmimp146,2,28,29,0.513604
deepseek7b,implicature,swmimp146,2,29,30,0.354863
deepseek7b,implicature,swmimp146,3,1,2,0.226738
deepseek7b,implicature,swmimp146,3,2,3,0.156967
deepseek7b,implicature,swmimp146,3,3,4,0.22226
deepseek7b,implicature,swmimp146,3,4,5,0.389849
deepseek7b,implicature,swmimp146,3,5,6,0.29624
deepseek7b,implicature,swmimp146,3,6,7,0.379292
deepseek7b,implicature,swmimp146,3,7,8,0.4527
deepseek7b,implicature,swmimp146,3,8,9,0.355909
deepseek7b,implicature,swmimp146,3,9,10,0.317898
deepseek7b,implicature,swmimp146,3,10,11,0.27899
deepseek7b,implicature,swmimp146,3,11,12,0.385064
deepseek7b,implicature,swmimp146,3,12,13,0.379654
deepseek7b,implicature,swmimp146,3,13,14,0.142447
deepseek7b,implicature,swmimp146,3,14,15,0.149346
deepseek7b,implicature,swmimp146,3,15,16,0.304099
deepseek7b,implicature,swmimp146,3,16,17,0.279889
deepseek7b,implicature,swmimp146,3,17,18,0.19924
deepseek7b,implicature,swmimp146,3,18,19,0.277636
deepseek7b,implicature,swmimp146,3,19,20,0.151721
deepseek7b,implicature,swmimp146,3,20,21,0.165711
deepseek7b,implicature,swmimp146,3,21,22,0.128249
deepseek7b,implicature,swmimp146,3,22,23,0.144479
deepseek7b,implicature,swmimp146,3,23,24,0.160972
deepseek7b,implicature,swmimp146,3,24,25,0.1076
deepseek7b,implicature,swmimp146,3,25,26,0.221552
deepseek7b,implicature,swmimp146,3,26,27,0.293011
deepseek7b,implicature,swmimp146,3,27,28,0.263948
deepseek7b,implicature,swmimp146,3,28,29,0.299437
deepseek7b,implicature,swmimp146,3,29,30,0.373863
deepseek7b,implicature,swmimp147,1,1,2,0.740473
deepseek7b,implicature,swmimp147,1,2,3,0.652022
deepseek7b,implicature,swmimp147,1,3,4,0.67425
deepseek7b,implicature,swmimp147,1,4,5,0.242162
deepseek7b,implicature,swmimp147,1,5,6,0.190183
deepseek7b,implicature,swmimp147,1,6,7,0.181666
deepseek7b,implicature,swmimp147,1,7,8,0.14762
deepseek7b,implicature,swmimp147,1,8,9,0.245496
deepseek7b,implicature,swmimp147,1,9,10,0.213945
deepseek7b,implicature,swmimp147,2,1,2,0.419341
deepseek7b,implicature,swmimp147,2,2,3,0.284678
deepseek7b,implicature,swmimp147,2,3,4,0.280179
deepseek7b,implicature,swmimp147,2,4,5,0.310044
deepseek7b,implicature,swmimp147,2,5,6,0.28305
deepseek7b,implicature,swmimp147,2,6,7,0.176801
deepseek7b,implicature,swmimp147,2,7,8,0.165507
deepseek7b,implicature,swmimp147,2,8,9,0.09954
deepseek7b,implicature,swmimp147,2,9,10,0.227418
deepseek7b,implicature,swmimp147,3,1,2,0.744004
deepseek7b,implicature,swmimp147,3,2,3,0.241592
deepseek7b,implicature,swmimp147,3,3,4,0.28482
deepseek7b,implicature,swmimp147,3,4,5,0.250831
deepseek7b,implicature,swmimp147,3,5,6,0.276214
deepseek7b,implicature,swmimp147,3,6,7,0.298966
deepseek7b,implicature,swmimp147,3,7,8,0.233807
deepseek7b,implicature,swmimp147,3,8,9,0.277291
deepseek7b,implicature,swmimp147,3,9,10,0.287802
deepseek7b,implicature,swmimp148,1,1,2,0.382343
deepseek7b,implicature,swmimp148,1,2,3,0.386249
deepseek7b,implicature,swmimp148,1,3,4,0.02499
deepseek7b,implicature,swmimp148,1,4,5,0.426892
deepseek7b,implicature,swmimp148,1,5,6,0.538214
deepseek7b,implicature,swmimp148,1,6,7,0.63992
deepseek7b,implicature,swmimp148,1,7,8,0.654439
deepseek7b,implicature,swmimp148,1,8,9,0.426305
deepseek7b,implicature,swmimp148,1,9,10,0.028754
deepseek7b,implicature,swmimp148,1,10,11,0.166876
deepseek7b,implicature,swmimp148,1,11,12,0.126512
deepseek7b,implicature,swmimp148,1,12,13,0.157781
deepseek7b,implicature,swmimp148,1,13,14,0.243575
deepseek7b,implicature,swmimp148,2,1,2,0.121792
deepseek7b,implicature,swmimp148,2,2,3,0.341782
deepseek7b,implicature,swmimp148,2,3,4,0.235793
deepseek7b,implicature,swmimp148,2,4,5,0.721793
deepseek7b,implicature,swmimp148,2,5,6,0.518791
deepseek7b,implicature,swmimp148,2,6,7,0.229564
deepseek7b,implicature,swmimp148,2,7,8,0.360624
deepseek7b,implicature,swmimp148,2,8,9,0.286184
deepseek7b,implicature,swmimp148,2,9,10,0.179046
deepseek7b,implicature,swmimp148,2,10,11,0.256603
deepseek7b,implicature,swmimp148,2,11,12,0.17604
deepseek7b,implicature,swmimp148,2,12,13,0.234419
deepseek7b,implicature,swmimp148,2,13,14,0.143865
deepseek7b,implicature,swmimp148,3,1,2,0.297089
deepseek7b,implicature,swmimp148,3,2,3,0.168419
deepseek7b,implicature,swmimp148,3,3,4,0.451331
deepseek7b,implicature,swmimp148,3,4,5,0.456235
deepseek7b,implicature,swmimp148,3,5,6,0.34071
deepseek7b,implicature,swmimp148,3,6,7,0.101025
deepseek7b,implicature,swmimp148,3,7,8,0.276299
deepseek7b,implicature,swmimp148,3,8,9,0.357055
deepseek7b,implicature,swmimp148,3,9,10,0.195038
deepseek7b,implicature,swmimp148,3,10,11,0.175043
deepseek7b,implicature,swmimp148,3,11,12,0.288878
deepseek7b,implicature,swmimp148,3,12,13,0.240277
deepseek7b,implicature,swmimp148,3,13,14,0.140763
deepseek7b,implicature,swmimp149,1,1,2,0.359163
deepseek7b,implicature,swmimp149,1,2,3,0.415167
deepseek7b,implicature,swmimp149,1,3,4,0.385238
deepseek7b,implicature,swmimp149,1,4,5,0.256227
deepseek7b,implicature,swmimp149,1,5,6,0.256227
deepseek7b,implicature,swmimp149,1,6,7,0.36072
deepseek7b,implicature,swmimp149,1,7,8,0.30552
deepseek7b,implicature,swmimp149,1,8,9,0.279433
deepseek7b,implicature,swmimp149,1,9,10,0.370569
deepseek7b,implicature,swmimp149,1,10,11,0.478429
deepseek7b,implicature,swmimp149,2,1,2,0.787382
deepseek7b,implicature,swmimp149,2,2,3,0.820069
deepseek7b,implicature,swmimp149,2,3,4,0.476936
deepseek7b,implicature,swmimp149,2,4,5,0.308308
deepseek7b,implicature,swmimp149,2,5,6,0.307785
deepseek7b,implicature,swmimp149,2,6,7,0.013874
deepseek7b,implicature,swmimp149,2,7,8,0.59797
deepseek7b,implicature,swmimp149,2,8,9,0.617385
deepseek7b,implicature,swmimp149,2,9,10,0.336569
deepseek7b,implicature,swmimp149,2,10,11,0.410466
deepseek7b,implicature,swmimp149,3,1,2,0.509451
deepseek7b,implicature,swmimp149,3,2,3,0.878204
deepseek7b,implicature,swmimp149,3,3,4,0.479056
deepseek7b,implicature,swmimp149,3,4,5,0.454592
deepseek7b,implicature,swmimp149,3,5,6,0.454592
deepseek7b,implicature,swmimp149,3,6,7,0.391704
deepseek7b,implicature,swmimp149,3,7,8,0.401788
deepseek7b,implicature,swmimp149,3,8,9,0.241817
deepseek7b,implicature,swmimp149,3,9,10,0.373376
deepseek7b,implicature,swmimp149,3,10,11,0.098232
deepseek7b,implicature,swmimp150,1,1,2,0.147147
deepseek7b,implicature,swmimp150,1,2,3,0.491166
deepseek7b,implicature,swmimp150,1,3,4,0.204316
deepseek7b,implicature,swmimp150,1,4,5,0.124608
deepseek7b,implicature,swmimp150,1,5,6,0.300198
deepseek7b,implicature,swmimp150,2,1,2,0.494169
deepseek7b,implicature,swmimp150,2,2,3,0.884813
deepseek7b,implicature,swmimp150,2,3,4,0.896706
deepseek7b,implicature,swmimp150,2,4,5,0.234869
deepseek7b,implicature,swmimp150,2,5,6,0.239595
deepseek7b,implicature,swmimp150,3,1,2,0.508422
deepseek7b,implicature,swmimp150,3,2,3,0.183182
deepseek7b,implicature,swmimp150,3,3,4,0.077367
deepseek7b,implicature,swmimp150,3,4,5,0.324393
deepseek7b,implicature,swmimp150,3,5,6,0.44166
deepseek7b,implicature,swmimp151,1,1,2,0.187979
deepseek7b,implicature,swmimp151,1,2,3,0.187162
deepseek7b,implicature,swmimp151,1,3,4,0.42617
deepseek7b,implicature,swmimp151,1,4,5,0.511782
deepseek7b,implicature,swmimp151,1,5,6,0.09723
deepseek7b,implicature,swmimp151,1,6,7,0.53383
deepseek7b,implicature,swmimp151,1,7,8,0.38957
deepseek7b,implicature,swmimp151,2,1,2,0.332183
deepseek7b,implicature,swmimp151,2,2,3,0.36551
deepseek7b,implicature,swmimp151,2,3,4,0.139593
deepseek7b,implicature,swmimp151,2,4,5,0.191347
deepseek7b,implicature,swmimp151,2,5,6,0.488225
deepseek7b,implicature,swmimp151,2,6,7,0.337365
deepseek7b,implicature,swmimp151,2,7,8,0.477174
deepseek7b,implicature,swmimp151,3,1,2,0.267173
deepseek7b,implicature,swmimp151,3,2,3,0.571818
deepseek7b,implicature,swmimp151,3,3,4,0.325798
deepseek7b,implicature,swmimp151,3,4,5,0.475555
deepseek7b,implicature,swmimp151,3,5,6,0.214015
deepseek7b,implicature,swmimp151,3,6,7,0.155389
deepseek7b,implicature,swmimp151,3,7,8,0.2186
deepseek7b,implicature,swmimp152,1,1,2,0.748369
deepseek7b,implicature,swmimp152,1,2,3,0.150642
deepseek7b,implicature,swmimp152,1,3,4,0.835183
deepseek7b,implicature,swmimp152,1,4,5,0.251743
deepseek7b,implicature,swmimp152,1,5,6,0.353497
deepseek7b,implicature,swmimp152,1,6,7,0.138858
deepseek7b,implicature,swmimp152,1,7,8,0.125179
deepseek7b,implicature,swmimp152,1,8,9,0.133041
deepseek7b,implicature,swmimp152,1,9,10,0.268561
deepseek7b,implicature,swmimp152,2,1,2,0.767173
deepseek7b,implicature,swmimp152,2,2,3,0.280819
deepseek7b,implicature,swmimp152,2,3,4,0.323655
deepseek7b,implicature,swmimp152,2,4,5,0.328492
deepseek7b,implicature,swmimp152,2,5,6,0.454963
deepseek7b,implicature,swmimp152,2,6,7,0.13184
deepseek7b,implicature,swmimp152,2,7,8,0.179792
deepseek7b,implicature,swmimp152,2,8,9,0.242396
deepseek7b,implicature,swmimp152,2,9,10,0.174977
deepseek7b,implicature,swmimp152,3,1,2,-0.0
deepseek7b,implicature,swmimp152,3,2,3,0.959951
deepseek7b,implicature,swmimp152,3,3,4,0.363162
deepseek7b,implicature,swmimp152,3,4,5,0.323215
deepseek7b,implicature,swmimp152,3,5,6,0.259591
deepseek7b,implicature,swmimp152,3,6,7,0.152195
deepseek7b,implicature,swmimp152,3,7,8,0.193817
deepseek7b,implicature,swmimp152,3,8,9,0.132184
deepseek7b,implicature,swmimp152,3,9,10,0.141824
deepseek7b,implicature,swmimp153,1,1,2,0.060744
deepseek7b,implicature,swmimp153,1,2,3,0.021618
deepseek7b,implicature,swmimp153,1,3,4,0.01017
deepseek7b,implicature,swmimp153,1,4,5,0.275446
deepseek7b,implicature,swmimp153,1,5,6,0.23053
deepseek7b,implicature,swmimp153,1,6,7,0.370103
deepseek7b,implicature,swmimp153,1,7,8,0.083383
deepseek7b,implicature,swmimp153,1,8,9,0.173142
deepseek7b,implicature,swmimp153,1,9,10,0.215172
deepseek7b,implicature,swmimp153,2,1,2,0.273051
deepseek7b,implicature,swmimp153,2,2,3,0.02732
deepseek7b,implicature,swmimp153,2,3,4,0.215611
deepseek7b,implicature,swmimp153,2,4,5,0.177631
deepseek7b,implicature,swmimp153,2,5,6,0.484565
deepseek7b,implicature,swmimp153,2,6,7,0.114696
deepseek7b,implicature,swmimp153,2,7,8,0.107815
deepseek7b,implicature,swmimp153,2,8,9,0.118185
deepseek7b,implicature,swmimp153,2,9,10,0.395214
deepseek7b,implicature,swmimp153,3,1,2,0.204705
deepseek7b,implicature,swmimp153,3,2,3,0.273892
deepseek7b,implicature,swmimp153,3,3,4,0.308896
deepseek7b,implicature,swmimp153,3,4,5,0.278615
deepseek7b,implicature,swmimp153,3,5,6,0.087658
deepseek7b,implicature,swmimp153,3,6,7,0.714872
deepseek7b,implicature,swmimp153,3,7,8,0.429914
deepseek7b,implicature,swmimp153,3,8,9,0.445206
deepseek7b,implicature,swmimp153,3,9,10,0.47841
deepseek7b,implicature,swmimp154,1,1,2,0.39247
deepseek7b,implicature,swmimp154,1,2,3,0.474583
deepseek7b,implicature,swmimp154,1,3,4,0.359571
deepseek7b,implicature,swmimp154,1,4,5,0.359115
deepseek7b,implicature,swmimp154,1,5,6,0.307136
deepseek7b,implicature,swmimp154,1,6,7,0.359788
deepseek7b,implicature,swmimp154,1,7,8,0.572748
deepseek7b,implicature,swmimp154,1,8,9,0.367569
deepseek7b,implicature,swmimp154,1,9,10,0.385201
deepseek7b,implicature,swmimp154,1,10,11,0.106361
deepseek7b,implicature,swmimp154,1,11,12,0.335292
deepseek7b,implicature,swmimp154,1,12,13,0.336435
deepseek7b,implicature,swmimp154,1,13,14,0.268368
deepseek7b,implicature,swmimp154,1,14,15,0.259683
deepseek7b,implicature,swmimp154,1,15,16,0.246761
deepseek7b,implicature,swmimp154,1,16,17,0.238877
deepseek7b,implicature,swmimp154,1,17,18,0.448266
deepseek7b,implicature,swmimp154,1,18,19,0.243012
deepseek7b,implicature,swmimp154,2,1,2,0.747368
deepseek7b,implicature,swmimp154,2,2,3,0.570262
deepseek7b,implicature,swmimp154,2,3,4,0.602846
deepseek7b,implicature,swmimp154,2,4,5,0.685481
deepseek7b,implicature,swmimp154,2,5,6,0.353307
deepseek7b,implicature,swmimp154,2,6,7,0.395413
deepseek7b,implicature,swmimp154,2,7,8,0.694909
deepseek7b,implicature,swmimp154,2,8,9,0.080135
deepseek7b,implicature,swmimp154,2,9,10,0.691285
deepseek7b,implicature,swmimp154,2,10,11,0.140959
deepseek7b,implicature,swmimp154,2,11,12,0.311508
deepseek7b,implicature,swmimp154,2,12,13,0.114364
deepseek7b,implicature,swmimp154,2,13,14,0.339791
deepseek7b,implicature,swmimp154,2,14,15,0.657792
deepseek7b,implicature,swmimp154,2,15,16,0.61103
deepseek7b,implicature,swmimp154,2,16,17,0.197849
deepseek7b,implicature,swmimp154,2,17,18,0.135059
deepseek7b,implicature,swmimp154,2,18,19,0.29443
deepseek7b,implicature,swmimp154,3,1,2,0.828796
deepseek7b,implicature,swmimp154,3,2,3,0.836327
deepseek7b,implicature,swmimp154,3,3,4,0.723475
deepseek7b,implicature,swmimp154,3,4,5,0.295755
deepseek7b,implicature,swmimp154,3,5,6,0.295834
deepseek7b,implicature,swmimp154,3,6,7,0.819028
deepseek7b,implicature,swmimp154,3,7,8,0.866334
deepseek7b,implicature,swmimp154,3,8,9,0.393105
deepseek7b,implicature,swmimp154,3,9,10,0.67096
deepseek7b,implicature,swmimp154,3,10,11,0.717175
deepseek7b,implicature,swmimp154,3,11,12,0.247024
deepseek7b,implicature,swmimp154,3,12,13,0.593208
deepseek7b,implicature,swmimp154,3,13,14,0.576526
deepseek7b,implicature,swmimp154,3,14,15,0.122848
deepseek7b,implicature,swmimp154,3,15,16,0.807793
deepseek7b,implicature,swmimp154,3,16,17,0.246845
deepseek7b,implicature,swmimp154,3,17,18,0.727594
deepseek7b,implicature,swmimp154,3,18,19,0.267999
deepseek7b,implicature,swmimp155,1,1,2,0.114924
deepseek7b,implicature,swmimp155,2,1,2,0.27913
deepseek7b,implicature,swmimp155,3,1,2,0.199084
deepseek7b,implicature,swmimp156,1,1,2,0.807471
deepseek7b,implicature,swmimp156,1,2,3,0.801233
deepseek7b,implicature,swmimp156,1,3,4,0.127284
deepseek7b,implicature,swmimp156,1,4,5,0.044137
deepseek7b,implicature,swmimp156,1,5,6,0.269134
deepseek7b,implicature,swmimp156,1,6,7,0.183253
deepseek7b,implicature,swmimp156,1,7,8,0.415838
deepseek7b,implicature,swmimp156,1,8,9,0.509325
deepseek7b,implicature,swmimp156,1,9,10,0.180693
deepseek7b,implicature,swmimp156,1,10,11,0.583701
deepseek7b,implicature,swmimp156,1,11,12,0.160836
deepseek7b,implicature,swmimp156,1,12,13,0.123948
deepseek7b,implicature,swmimp156,1,13,14,0.2634
deepseek7b,implicature,swmimp156,2,1,2,0.46057
deepseek7b,implicature,swmimp156,2,2,3,0.818937
deepseek7b,implicature,swmimp156,2,3,4,0.236836
deepseek7b,implicature,swmimp156,2,4,5,0.244289
deepseek7b,implicature,swmimp156,2,5,6,0.524438
deepseek7b,implicature,swmimp156,2,6,7,0.527299
deepseek7b,implicature,swmimp156,2,7,8,0.10798
deepseek7b,implicature,swmimp156,2,8,9,0.408424
deepseek7b,implicature,swmimp156,2,9,10,0.507984
deepseek7b,implicature,swmimp156,2,10,11,0.208089
deepseek7b,implicature,swmimp156,2,11,12,0.240469
deepseek7b,implicature,swmimp156,2,12,13,0.471223
deepseek7b,implicature,swmimp156,2,13,14,0.557543
deepseek7b,implicature,swmimp156,3,1,2,0.373146
deepseek7b,implicature,swmimp156,3,2,3,0.305458
deepseek7b,implicature,swmimp156,3,3,4,0.285518
deepseek7b,implicature,swmimp156,3,4,5,0.295193
deepseek7b,implicature,swmimp156,3,5,6,0.227625
deepseek7b,implicature,swmimp156,3,6,7,0.476628
deepseek7b,implicature,swmimp156,3,7,8,0.567752
deepseek7b,implicature,swmimp156,3,8,9,0.171957
deepseek7b,implicature,swmimp156,3,9,10,0.3011
deepseek7b,implicature,swmimp156,3,10,11,0.092841
deepseek7b,implicature,swmimp156,3,11,12,0.182385
deepseek7b,implicature,swmimp156,3,12,13,0.082694
deepseek7b,implicature,swmimp156,3,13,14,0.149655
deepseek7b,implicature,swmimp157,1,1,2,0.457593
deepseek7b,implicature,swmimp157,1,2,3,0.56169
deepseek7b,implicature,swmimp157,1,3,4,0.468084
deepseek7b,implicature,swmimp157,2,1,2,0.604887
deepseek7b,implicature,swmimp157,2,2,3,0.700977
deepseek7b,implicature,swmimp157,2,3,4,0.939116
deepseek7b,implicature,swmimp157,3,1,2,0.465986
deepseek7b,implicature,swmimp157,3,2,3,0.284266
deepseek7b,implicature,swmimp157,3,3,4,0.3137
deepseek7b,implicature,swmimp158,1,1,2,0.275497
deepseek7b,implicature,swmimp158,1,2,3,0.348225
deepseek7b,implicature,swmimp158,1,3,4,0.578551
deepseek7b,implicature,swmimp158,1,4,5,0.501089
deepseek7b,implicature,swmimp158,2,1,2,0.309949
deepseek7b,implicature,swmimp158,2,2,3,0.281423
deepseek7b,implicature,swmimp158,2,3,4,0.156406
deepseek7b,implicature,swmimp158,2,4,5,0.187059
deepseek7b,implicature,swmimp158,3,1,2,0.475618
deepseek7b,implicature,swmimp158,3,2,3,0.200443
deepseek7b,implicature,swmimp158,3,3,4,0.344698
deepseek7b,implicature,swmimp158,3,4,5,0.220036
deepseek7b,implicature,swmimp159,1,1,2,0.839316
deepseek7b,implicature,swmimp159,1,2,3,0.388046
deepseek7b,implicature,swmimp159,1,3,4,0.863107
deepseek7b,implicature,swmimp159,1,4,5,0.865598
deepseek7b,implicature,swmimp159,1,5,6,0.702585
deepseek7b,implicature,swmimp159,1,6,7,0.552469
deepseek7b,implicature,swmimp159,1,7,8,0.205775
deepseek7b,implicature,swmimp159,2,1,2,0.592408
deepseek7b,implicature,swmimp159,2,2,3,0.606042
deepseek7b,implicature,swmimp159,2,3,4,0.677779
deepseek7b,implicature,swmimp159,2,4,5,0.189371
deepseek7b,implicature,swmimp159,2,5,6,0.231331
deepseek7b,implicature,swmimp159,2,6,7,0.380942
deepseek7b,implicature,swmimp159,2,7,8,0.179427
deepseek7b,implicature,swmimp159,3,1,2,0.193638
deepseek7b,implicature,swmimp159,3,2,3,0.316479
deepseek7b,implicature,swmimp159,3,3,4,0.318831
deepseek7b,implicature,swmimp159,3,4,5,0.260017
deepseek7b,implicature,swmimp159,3,5,6,0.187825
deepseek7b,implicature,swmimp159,3,6,7,0.165032
deepseek7b,implicature,swmimp159,3,7,8,0.11461
deepseek7b,implicature,swmimp160,1,1,2,0.443917
deepseek7b,implicature,swmimp160,1,2,3,0.381584
deepseek7b,implicature,swmimp160,1,3,4,0.210377
deepseek7b,implicature,swmimp160,1,4,5,0.324241
deepseek7b,implicature,swmimp160,1,5,6,0.305038
deepseek7b,implicature,swmimp160,1,6,7,0.45208
deepseek7b,implicature,swmimp160,1,7,8,0.525549
deepseek7b,implicature,swmimp160,2,1,2,0.831809
deepseek7b,implicature,swmimp160,2,2,3,0.778094
deepseek7b,implicature,swmimp160,2,3,4,0.31126
deepseek7b,implicature,swmimp160,2,4,5,0.282952
deepseek7b,implicature,swmimp160,2,5,6,0.179551
deepseek7b,implicature,swmimp160,2,6,7,0.256415
deepseek7b,implicature,swmimp160,2,7,8,0.323012
deepseek7b,implicature,swmimp160,3,1,2,0.951044
deepseek7b,implicature,swmimp160,3,2,3,0.802812
deepseek7b,implicature,swmimp160,3,3,4,0.857714
deepseek7b,implicature,swmimp160,3,4,5,0.294228
deepseek7b,implicature,swmimp160,3,5,6,0.313088
deepseek7b,implicature,swmimp160,3,6,7,0.268249
deepseek7b,implicature,swmimp160,3,7,8,0.359016
deepseek7b,implicature,swmimp161,1,1,2,0.972099
deepseek7b,implicature,swmimp161,1,2,3,0.749229
deepseek7b,implicature,swmimp161,1,3,4,0.78344
deepseek7b,implicature,swmimp161,1,4,5,0.715731
deepseek7b,implicature,swmimp161,1,5,6,0.757988
deepseek7b,implicature,swmimp161,1,6,7,0.891226
deepseek7b,implicature,swmimp161,1,7,8,0.202307
deepseek7b,implicature,swmimp161,2,1,2,0.863207
deepseek7b,implicature,swmimp161,2,2,3,0.776872
deepseek7b,implicature,swmimp161,2,3,4,0.312659
deepseek7b,implicature,swmimp161,2,4,5,0.679543
deepseek7b,implicature,swmimp161,2,5,6,0.90187
deepseek7b,implicature,swmimp161,2,6,7,0.938733
deepseek7b,implicature,swmimp161,2,7,8,0.15445
deepseek7b,implicature,swmimp161,3,1,2,0.946131
deepseek7b,implicature,swmimp161,3,2,3,0.891728
deepseek7b,implicature,swmimp161,3,3,4,0.438453
deepseek7b,implicature,swmimp161,3,4,5,0.354881
deepseek7b,implicature,swmimp161,3,5,6,0.879789
deepseek7b,implicature,swmimp161,3,6,7,0.932995
deepseek7b,implicature,swmimp161,3,7,8,0.396817
deepseek7b,implicature,swmimp162,1,1,2,0.764687
deepseek7b,implicature,swmimp162,1,2,3,0.679446
deepseek7b,implicature,swmimp162,1,3,4,0.580606
deepseek7b,implicature,swmimp162,1,4,5,0.471811
deepseek7b,implicature,swmimp162,1,5,6,0.302263
deepseek7b,implicature,swmimp162,1,6,7,0.536673
deepseek7b,implicature,swmimp162,2,1,2,0.301593
deepseek7b,implicature,swmimp162,2,2,3,0.363211
deepseek7b,implicature,swmimp162,2,3,4,0.368497
deepseek7b,implicature,swmimp162,2,4,5,0.362085
deepseek7b,implicature,swmimp162,2,5,6,0.365281
deepseek7b,implicature,swmimp162,2,6,7,0.096946
deepseek7b,implicature,swmimp162,3,1,2,0.414417
deepseek7b,implicature,swmimp162,3,2,3,0.477858
deepseek7b,implicature,swmimp162,3,3,4,0.458262
deepseek7b,implicature,swmimp162,3,4,5,0.312846
deepseek7b,implicature,swmimp162,3,5,6,0.367509
deepseek7b,implicature,swmimp162,3,6,7,0.349958
deepseek7b,implicature,swmimp163,1,1,2,0.559341
deepseek7b,implicature,swmimp163,1,2,3,0.380433
deepseek7b,implicature,swmimp163,1,3,4,0.36005
deepseek7b,implicature,swmimp163,1,4,5,0.379474
deepseek7b,implicature,swmimp163,1,5,6,0.171101
deepseek7b,implicature,swmimp163,1,6,7,0.184596
deepseek7b,implicature,swmimp163,1,7,8,0.106863
deepseek7b,implicature,swmimp163,1,8,9,0.37795
deepseek7b,implicature,swmimp163,1,9,10,0.323946
deepseek7b,implicature,swmimp163,2,1,2,0.438279
deepseek7b,implicature,swmimp163,2,2,3,0.303267
deepseek7b,implicature,swmimp163,2,3,4,0.29675
deepseek7b,implicature,swmimp163,2,4,5,0.227819
deepseek7b,implicature,swmimp163,2,5,6,0.116323
deepseek7b,implicature,swmimp163,2,6,7,0.086365
deepseek7b,implicature,swmimp163,2,7,8,0.043337
deepseek7b,implicature,swmimp163,2,8,9,0.083373
deepseek7b,implicature,swmimp163,2,9,10,0.05734
deepseek7b,implicature,swmimp163,3,1,2,0.421143
deepseek7b,implicature,swmimp163,3,2,3,0.319752
deepseek7b,implicature,swmimp163,3,3,4,0.07954
deepseek7b,implicature,swmimp163,3,4,5,0.123863
deepseek7b,implicature,swmimp163,3,5,6,0.083758
deepseek7b,implicature,swmimp163,3,6,7,0.121155
deepseek7b,implicature,swmimp163,3,7,8,0.059097
deepseek7b,implicature,swmimp163,3,8,9,0.215041
deepseek7b,implicature,swmimp163,3,9,10,0.245461
deepseek7b,implicature,swmimp164,1,1,2,0.21184
deepseek7b,implicature,swmimp164,1,2,3,0.936375
deepseek7b,implicature,swmimp164,1,3,4,0.815374
deepseek7b,implicature,swmimp164,1,4,5,0.944722
deepseek7b,implicature,swmimp164,2,1,2,0.193904
deepseek7b,implicature,swmimp164,2,2,3,0.426739
deepseek7b,implicature,swmimp164,2,3,4,0.829524
deepseek7b,implicature,swmimp164,2,4,5,0.777092
deepseek7b,implicature,swmimp164,3,1,2,0.116682
deepseek7b,implicature,swmimp164,3,2,3,0.711265
deepseek7b,implicature,swmimp164,3,3,4,0.581169
deepseek7b,implicature,swmimp164,3,4,5,0.577916
deepseek7b,implicature,swmimp165,1,1,2,0.846551
deepseek7b,implicature,swmimp165,1,2,3,0.36589
deepseek7b,implicature,swmimp165,1,3,4,0.1934
deepseek7b,implicature,swmimp165,2,1,2,0.491548
deepseek7b,implicature,swmimp165,2,2,3,0.256667
deepseek7b,implicature,swmimp165,2,3,4,0.423752
deepseek7b,implicature,swmimp165,3,1,2,0.433954
deepseek7b,implicature,swmimp165,3,2,3,0.428541
deepseek7b,implicature,swmimp165,3,3,4,0.426856
deepseek7b,implicature,swmimp166,1,1,2,0.494135
deepseek7b,implicature,swmimp166,1,2,3,0.413222
deepseek7b,implicature,swmimp166,2,1,2,0.541281
deepseek7b,implicature,swmimp166,2,2,3,0.570217
deepseek7b,implicature,swmimp166,3,1,2,0.491994
deepseek7b,implicature,swmimp166,3,2,3,0.220867
deepseek7b,implicature,swmimp167,1,1,2,0.82159
deepseek7b,implicature,swmimp167,1,2,3,0.871986
deepseek7b,implicature,swmimp167,1,3,4,0.283456
deepseek7b,implicature,swmimp167,1,4,5,0.795442
deepseek7b,implicature,swmimp167,1,5,6,0.774142
deepseek7b,implicature,swmimp167,2,1,2,0.7622
deepseek7b,implicature,swmimp167,2,2,3,0.877094
deepseek7b,implicature,swmimp167,2,3,4,0.17919
deepseek7b,implicature,swmimp167,2,4,5,0.282834
deepseek7b,implicature,swmimp167,2,5,6,0.329637
deepseek7b,implicature,swmimp167,3,1,2,0.405508
deepseek7b,implicature,swmimp167,3,2,3,0.355215
deepseek7b,implicature,swmimp167,3,3,4,0.82466
deepseek7b,implicature,swmimp167,3,4,5,0.264782
deepseek7b,implicature,swmimp167,3,5,6,0.415226
deepseek7b,implicature,swmimp168,1,1,2,0.232126
deepseek7b,implicature,swmimp168,1,2,3,0.244405
deepseek7b,implicature,swmimp168,1,3,4,0.176654
deepseek7b,implicature,swmimp168,1,4,5,0.223273
deepseek7b,implicature,swmimp168,1,5,6,0.315383
deepseek7b,implicature,swmimp168,1,6,7,0.410453
deepseek7b,implicature,swmimp168,2,1,2,0.994447
deepseek7b,implicature,swmimp168,2,2,3,0.622858
deepseek7b,implicature,swmimp168,2,3,4,0.242664
deepseek7b,implicature,swmimp168,2,4,5,0.358173
deepseek7b,implicature,swmimp168,2,5,6,0.178845
deepseek7b,implicature,swmimp168,2,6,7,0.097862
deepseek7b,implicature,swmimp168,3,1,2,0.774459
deepseek7b,implicature,swmimp168,3,2,3,0.992956
deepseek7b,implicature,swmimp168,3,3,4,0.305492
deepseek7b,implicature,swmimp168,3,4,5,0.213961
deepseek7b,implicature,swmimp168,3,5,6,0.412601
deepseek7b,implicature,swmimp168,3,6,7,0.424097
deepseek7b,implicature,swmimp169,1,1,2,0.520472
deepseek7b,implicature,swmimp169,1,2,3,0.200416
deepseek7b,implicature,swmimp169,1,3,4,0.093368
deepseek7b,implicature,swmimp169,1,4,5,0.076104
deepseek7b,implicature,swmimp169,1,5,6,0.351224
deepseek7b,implicature,swmimp169,1,6,7,0.373102
deepseek7b,implicature,swmimp169,2,1,2,0.209531
deepseek7b,implicature,swmimp169,2,2,3,0.141052
deepseek7b,implicature,swmimp169,2,3,4,0.153656
deepseek7b,implicature,swmimp169,2,4,5,0.164349
deepseek7b,implicature,swmimp169,2,5,6,0.178925
deepseek7b,implicature,swmimp169,2,6,7,0.321199
deepseek7b,implicature,swmimp169,3,1,2,0.396385
deepseek7b,implicature,swmimp169,3,2,3,0.181957
deepseek7b,implicature,swmimp169,3,3,4,0.250894
deepseek7b,implicature,swmimp169,3,4,5,0.168096
deepseek7b,implicature,swmimp169,3,5,6,0.101633
deepseek7b,implicature,swmimp169,3,6,7,0.176992
deepseek7b,implicature,swmimp170,1,1,2,0.330906
deepseek7b,implicature,swmimp170,1,2,3,0.386035
deepseek7b,implicature,swmimp170,1,3,4,0.120867
deepseek7b,implicature,swmimp170,1,4,5,0.4081
deepseek7b,implicature,swmimp170,2,1,2,0.267969
deepseek7b,implicature,swmimp170,2,2,3,0.178333
deepseek7b,implicature,swmimp170,2,3,4,0.27783
deepseek7b,implicature,swmimp170,2,4,5,0.309003
deepseek7b,implicature,swmimp170,3,1,2,0.407874
deepseek7b,implicature,swmimp170,3,2,3,0.493479
deepseek7b,implicature,swmimp170,3,3,4,0.178572
deepseek7b,implicature,swmimp170,3,4,5,0.412926
deepseek7b,implicature,swmimp171,1,1,2,0.278025
deepseek7b,implicature,swmimp171,1,2,3,0.215012
deepseek7b,implicature,swmimp171,1,3,4,0.079597
deepseek7b,implicature,swmimp171,1,4,5,0.237007
deepseek7b,implicature,swmimp171,1,5,6,0.255958
deepseek7b,implicature,swmimp171,1,6,7,0.14935
deepseek7b,implicature,swmimp171,1,7,8,0.140806
deepseek7b,implicature,swmimp171,1,8,9,0.188869
deepseek7b,implicature,swmimp171,1,9,10,0.202897
deepseek7b,implicature,swmimp171,1,10,11,0.162753
deepseek7b,implicature,swmimp171,1,11,12,0.067349
deepseek7b,implicature,swmimp171,2,1,2,0.383733
deepseek7b,implicature,swmimp171,2,2,3,0.109384
deepseek7b,implicature,swmimp171,2,3,4,0.437971
deepseek7b,implicature,swmimp171,2,4,5,0.34154
deepseek7b,implicature,swmimp171,2,5,6,0.185852
deepseek7b,implicature,swmimp171,2,6,7,0.296637
deepseek7b,implicature,swmimp171,2,7,8,0.187014
deepseek7b,implicature,swmimp171,2,8,9,0.171815
deepseek7b,implicature,swmimp171,2,9,10,0.231015
deepseek7b,implicature,swmimp171,2,10,11,0.332068
deepseek7b,implicature,swmimp171,2,11,12,0.325924
deepseek7b,implicature,swmimp171,3,1,2,0.421088
deepseek7b,implicature,swmimp171,3,2,3,0.432168
deepseek7b,implicature,swmimp171,3,3,4,0.523558
deepseek7b,implicature,swmimp171,3,4,5,0.291988
deepseek7b,implicature,swmimp171,3,5,6,0.169985
deepseek7b,implicature,swmimp171,3,6,7,0.305219
deepseek7b,implicature,swmimp171,3,7,8,0.374428
deepseek7b,implicature,swmimp171,3,8,9,0.129801
deepseek7b,implicature,swmimp171,3,9,10,0.307912
deepseek7b,implicature,swmimp171,3,10,11,0.368226
deepseek7b,implicature,swmimp171,3,11,12,0.329029
deepseek7b,implicature,swmimp172,1,1,2,0.626932
deepseek7b,implicature,swmimp172,1,2,3,0.332658
deepseek7b,implicature,swmimp172,1,3,4,0.335952
deepseek7b,implicature,swmimp172,2,1,2,0.513748
deepseek7b,implicature,swmimp172,2,2,3,0.53083
deepseek7b,implicature,swmimp172,2,3,4,0.271239
deepseek7b,implicature,swmimp172,3,1,2,0.183475
deepseek7b,implicature,swmimp172,3,2,3,0.337296
deepseek7b,implicature,swmimp172,3,3,4,0.220227
deepseek7b,implicature,swmimp173,1,1,2,0.895176
deepseek7b,implicature,swmimp173,1,2,3,0.848652
deepseek7b,implicature,swmimp173,1,3,4,0.371522
deepseek7b,implicature,swmimp173,1,4,5,0.890182
deepseek7b,implicature,swmimp173,2,1,2,0.799558
deepseek7b,implicature,swmimp173,2,2,3,0.131421
deepseek7b,implicature,swmimp173,2,3,4,0.485057
deepseek7b,implicature,swmimp173,2,4,5,0.446813
deepseek7b,implicature,swmimp173,3,1,2,0.319819
deepseek7b,implicature,swmimp173,3,2,3,0.656002
deepseek7b,implicature,swmimp173,3,3,4,0.674291
deepseek7b,implicature,swmimp173,3,4,5,0.186096
deepseek7b,implicature,swmimp174,1,1,2,0.938873
deepseek7b,implicature,swmimp174,1,2,3,0.213692
deepseek7b,implicature,swmimp174,1,3,4,0.417029
deepseek7b,implicature,swmimp174,1,4,5,0.261394
deepseek7b,implicature,swmimp174,1,5,6,0.269785
deepseek7b,implicature,swmimp174,2,1,2,0.320297
deepseek7b,implicature,swmimp174,2,2,3,0.357341
deepseek7b,implicature,swmimp174,2,3,4,0.233894
deepseek7b,implicature,swmimp174,2,4,5,0.374509
deepseek7b,implicature,swmimp174,2,5,6,0.35777
deepseek7b,implicature,swmimp174,3,1,2,0.840726
deepseek7b,implicature,swmimp174,3,2,3,0.297383
deepseek7b,implicature,swmimp174,3,3,4,0.154958
deepseek7b,implicature,swmimp174,3,4,5,0.17332
deepseek7b,implicature,swmimp174,3,5,6,0.30585
deepseek7b,implicature,swmimp175,1,1,2,0.554997
deepseek7b,implicature,swmimp175,1,2,3,0.832636
deepseek7b,implicature,swmimp175,1,3,4,0.487072
deepseek7b,implicature,swmimp175,1,4,5,0.403729
deepseek7b,implicature,swmimp175,1,5,6,0.47154
deepseek7b,implicature,swmimp175,2,1,2,0.591397
deepseek7b,implicature,swmimp175,2,2,3,0.809028
deepseek7b,implicature,swmimp175,2,3,4,0.341999
deepseek7b,implicature,swmimp175,2,4,5,0.582092
deepseek7b,implicature,swmimp175,2,5,6,0.558737
deepseek7b,implicature,swmimp175,3,1,2,0.644589
deepseek7b,implicature,swmimp175,3,2,3,0.749774
deepseek7b,implicature,swmimp175,3,3,4,0.771019
deepseek7b,implicature,swmimp175,3,4,5,0.365502
deepseek7b,implicature,swmimp175,3,5,6,0.33182
deepseek7b,implicature,swmimp176,1,1,2,0.802689
deepseek7b,implicature,swmimp176,1,2,3,0.940991
deepseek7b,implicature,swmimp176,1,3,4,0.086182
deepseek7b,implicature,swmimp176,1,4,5,0.947676
deepseek7b,implicature,swmimp176,1,5,6,0.910053
deepseek7b,implicature,swmimp176,2,1,2,0.950825
deepseek7b,implicature,swmimp176,2,2,3,-0.0
deepseek7b,implicature,swmimp176,2,3,4,0.955053
deepseek7b,implicature,swmimp176,2,4,5,0.955053
deepseek7b,implicature,swmimp176,2,5,6,0.910053
deepseek7b,implicature,swmimp176,3,1,2,0.785143
deepseek7b,implicature,swmimp176,3,2,3,0.893001
deepseek7b,implicature,swmimp176,3,3,4,0.927224
deepseek7b,implicature,swmimp176,3,4,5,0.927224
deepseek7b,implicature,swmimp176,3,5,6,0.865551
deepseek7b,implicature,swmimp177,1,1,2,0.304131
deepseek7b,implicature,swmimp177,1,2,3,0.368028
deepseek7b,implicature,swmimp177,1,3,4,0.268075
deepseek7b,implicature,swmimp177,1,4,5,0.323187
deepseek7b,implicature,swmimp177,1,5,6,0.491894
deepseek7b,implicature,swmimp177,1,6,7,0.541604
deepseek7b,implicature,swmimp177,1,7,8,0.571146
deepseek7b,implicature,swmimp177,2,1,2,0.753493
deepseek7b,implicature,swmimp177,2,2,3,0.536716
deepseek7b,implicature,swmimp177,2,3,4,0.790815
deepseek7b,implicature,swmimp177,2,4,5,0.7969
deepseek7b,implicature,swmimp177,2,5,6,0.019681
deepseek7b,implicature,swmimp177,2,6,7,0.293883
deepseek7b,implicature,swmimp177,2,7,8,0.850285
deepseek7b,implicature,swmimp177,3,1,2,0.739904
deepseek7b,implicature,swmimp177,3,2,3,0.845371
deepseek7b,implicature,swmimp177,3,3,4,0.206426
deepseek7b,implicature,swmimp177,3,4,5,0.371173
deepseek7b,implicature,swmimp177,3,5,6,0.46076
deepseek7b,implicature,swmimp177,3,6,7,0.498904
deepseek7b,implicature,swmimp177,3,7,8,0.479928
deepseek7b,implicature,swmimp178,1,1,2,0.144348
deepseek7b,implicature,swmimp178,1,2,3,0.386058
deepseek7b,implicature,swmimp178,1,3,4,0.535363
deepseek7b,implicature,swmimp178,1,4,5,0.690392
deepseek7b,implicature,swmimp178,1,5,6,0.863051
deepseek7b,implicature,swmimp178,1,6,7,0.195817
deepseek7b,implicature,swmimp178,1,7,8,0.249143
deepseek7b,implicature,swmimp178,1,8,9,0.136401
deepseek7b,implicature,swmimp178,1,9,10,0.346348
deepseek7b,implicature,swmimp178,1,10,11,0.441343
deepseek7b,implicature,swmimp178,1,11,12,0.419415
deepseek7b,implicature,swmimp178,1,12,13,0.164986
deepseek7b,implicature,swmimp178,1,13,14,0.274108
deepseek7b,implicature,swmimp178,1,14,15,0.359433
deepseek7b,implicature,swmimp178,1,15,16,0.244601
deepseek7b,implicature,swmimp178,1,16,17,0.107671
deepseek7b,implicature,swmimp178,1,17,18,0.033808
deepseek7b,implicature,swmimp178,2,1,2,0.549623
deepseek7b,implicature,swmimp178,2,2,3,0.152904
deepseek7b,implicature,swmimp178,2,3,4,0.143442
deepseek7b,implicature,swmimp178,2,4,5,0.366949
deepseek7b,implicature,swmimp178,2,5,6,0.574662
deepseek7b,implicature,swmimp178,2,6,7,0.601895
deepseek7b,implicature,swmimp178,2,7,8,0.452699
deepseek7b,implicature,swmimp178,2,8,9,0.406708
deepseek7b,implicature,swmimp178,2,9,10,0.166396
deepseek7b,implicature,swmimp178,2,10,11,0.32832
deepseek7b,implicature,swmimp178,2,11,12,0.105381
deepseek7b,implicature,swmimp178,2,12,13,0.3045
deepseek7b,implicature,swmimp178,2,13,14,0.181323
deepseek7b,implicature,swmimp178,2,14,15,0.41234
deepseek7b,implicature,swmimp178,2,15,16,0.535032
deepseek7b,implicature,swmimp178,2,16,17,0.105581
deepseek7b,implicature,swmimp178,2,17,18,0.446479
deepseek7b,implicature,swmimp178,3,1,2,0.814727
deepseek7b,implicature,swmimp178,3,2,3,0.746719
deepseek7b,implicature,swmimp178,3,3,4,0.376712
deepseek7b,implicature,swmimp178,3,4,5,0.218539
deepseek7b,implicature,swmimp178,3,5,6,0.805258
deepseek7b,implicature,swmimp178,3,6,7,0.785806
deepseek7b,implicature,swmimp178,3,7,8,0.223442
deepseek7b,implicature,swmimp178,3,8,9,0.490938
deepseek7b,implicature,swmimp178,3,9,10,0.398268
deepseek7b,implicature,swmimp178,3,10,11,0.418124
deepseek7b,implicature,swmimp178,3,11,12,0.253628
deepseek7b,implicature,swmimp178,3,12,13,0.162077
deepseek7b,implicature,swmimp178,3,13,14,0.054832
deepseek7b,implicature,swmimp178,3,14,15,0.763867
deepseek7b,implicature,swmimp178,3,15,16,0.809137
deepseek7b,implicature,swmimp178,3,16,17,0.255233
deepseek7b,implicature,swmimp178,3,17,18,0.076665
deepseek7b,implicature,swmimp179,1,1,2,0.452385
deepseek7b,implicature,swmimp179,1,2,3,0.281021
deepseek7b,implicature,swmimp179,1,3,4,0.831098
deepseek7b,implicature,swmimp179,1,4,5,0.464904
deepseek7b,implicature,swmimp179,1,5,6,0.784633
deepseek7b,implicature,swmimp179,1,6,7,0.417556
deepseek7b,implicature,swmimp179,1,7,8,0.40709
deepseek7b,implicature,swmimp179,1,8,9,0.594168
deepseek7b,implicature,swmimp179,2,1,2,0.373251
deepseek7b,implicature,swmimp179,2,2,3,0.371916
deepseek7b,implicature,swmimp179,2,3,4,0.2692
deepseek7b,implicature,swmimp179,2,4,5,0.762493
deepseek7b,implicature,swmimp179,2,5,6,0.705096
deepseek7b,implicature,swmimp179,2,6,7,0.411324
deepseek7b,implicature,swmimp179,2,7,8,0.79932
deepseek7b,implicature,swmimp179,2,8,9,0.849915
deepseek7b,implicature,swmimp179,3,1,2,0.376815
deepseek7b,implicature,swmimp179,3,2,3,0.749457
deepseek7b,implicature,swmimp179,3,3,4,0.615909
deepseek7b,implicature,swmimp179,3,4,5,0.915985
deepseek7b,implicature,swmimp179,3,5,6,0.460192
deepseek7b,implicature,swmimp179,3,6,7,0.378812
deepseek7b,implicature,swmimp179,3,7,8,0.87456
deepseek7b,implicature,swmimp179,3,8,9,0.876984
deepseek7b,implicature,swmimp180,1,1,2,0.868331
deepseek7b,implicature,swmimp180,1,2,3,0.16759
deepseek7b,implicature,swmimp180,1,3,4,0.241714
deepseek7b,implicature,swmimp180,1,4,5,0.143309
deepseek7b,implicature,swmimp180,1,5,6,0.170608
deepseek7b,implicature,swmimp180,2,1,2,0.227603
deepseek7b,implicature,swmimp180,2,2,3,0.199985
deepseek7b,implicature,swmimp180,2,3,4,0.538639
deepseek7b,implicature,swmimp180,2,4,5,0.299749
deepseek7b,implicature,swmimp180,2,5,6,0.245847
deepseek7b,implicature,swmimp180,3,1,2,0.838495
deepseek7b,implicature,swmimp180,3,2,3,0.533694
deepseek7b,implicature,swmimp180,3,3,4,0.768522
deepseek7b,implicature,swmimp180,3,4,5,0.413996
deepseek7b,implicature,swmimp180,3,5,6,0.18685
deepseek7b,implicature,swmimp181,1,1,2,0.309843
deepseek7b,implicature,swmimp181,1,2,3,0.443342
deepseek7b,implicature,swmimp181,1,3,4,0.392377
deepseek7b,implicature,swmimp181,1,4,5,0.279822
deepseek7b,implicature,swmimp181,1,5,6,0.47448
deepseek7b,implicature,swmimp181,1,6,7,0.392616
deepseek7b,implicature,swmimp181,1,7,8,0.539299
deepseek7b,implicature,swmimp181,2,1,2,0.233254
deepseek7b,implicature,swmimp181,2,2,3,0.184635
deepseek7b,implicature,swmimp181,2,3,4,0.361316
deepseek7b,implicature,swmimp181,2,4,5,0.39629
deepseek7b,implicature,swmimp181,2,5,6,0.170703
deepseek7b,implicature,swmimp181,2,6,7,0.20509
deepseek7b,implicature,swmimp181,2,7,8,0.132725
deepseek7b,implicature,swmimp181,3,1,2,0.39891
deepseek7b,implicature,swmimp181,3,2,3,0.472367
deepseek7b,implicature,swmimp181,3,3,4,0.834956
deepseek7b,implicature,swmimp181,3,4,5,0.712721
deepseek7b,implicature,swmimp181,3,5,6,0.297562
deepseek7b,implicature,swmimp181,3,6,7,0.338543
deepseek7b,implicature,swmimp181,3,7,8,0.506931
deepseek7b,implicature,swmimp182,1,1,2,0.466223
deepseek7b,implicature,swmimp182,2,1,2,0.077833
deepseek7b,implicature,swmimp182,3,1,2,0.283615
deepseek7b,implicature,swmimp183,1,1,2,0.378479
deepseek7b,implicature,swmimp183,1,2,3,0.26408
deepseek7b,implicature,swmimp183,1,3,4,0.678853
deepseek7b,implicature,swmimp183,2,1,2,0.744912
deepseek7b,implicature,swmimp183,2,2,3,0.763091
deepseek7b,implicature,swmimp183,2,3,4,0.197429
deepseek7b,implicature,swmimp183,3,1,2,0.239516
deepseek7b,implicature,swmimp183,3,2,3,0.32264
deepseek7b,implicature,swmimp183,3,3,4,0.420862
deepseek7b,implicature,swmimp184,1,1,2,0.337837
deepseek7b,implicature,swmimp184,1,2,3,0.171848
deepseek7b,implicature,swmimp184,1,3,4,0.29931
deepseek7b,implicature,swmimp184,1,4,5,0.570105
deepseek7b,implicature,swmimp184,2,1,2,0.303181
deepseek7b,implicature,swmimp184,2,2,3,0.093505
deepseek7b,implicature,swmimp184,2,3,4,0.218922
deepseek7b,implicature,swmimp184,2,4,5,0.163439
deepseek7b,implicature,swmimp184,3,1,2,0.377163
deepseek7b,implicature,swmimp184,3,2,3,0.272017
deepseek7b,implicature,swmimp184,3,3,4,0.143743
deepseek7b,implicature,swmimp184,3,4,5,0.381312
deepseek7b,implicature,swmimp185,1,1,2,0.878059
deepseek7b,implicature,swmimp185,1,2,3,0.792801
deepseek7b,implicature,swmimp185,1,3,4,0.344035
deepseek7b,implicature,swmimp185,1,4,5,0.184873
deepseek7b,implicature,swmimp185,2,1,2,0.545649
deepseek7b,implicature,swmimp185,2,2,3,0.412062
deepseek7b,implicature,swmimp185,2,3,4,0.460857
deepseek7b,implicature,swmimp185,2,4,5,0.350871
deepseek7b,implicature,swmimp185,3,1,2,0.13594
deepseek7b,implicature,swmimp185,3,2,3,0.277299
deepseek7b,implicature,swmimp185,3,3,4,0.202654
deepseek7b,implicature,swmimp185,3,4,5,0.374574
deepseek7b,implicature,swmimp186,1,1,2,0.238359
deepseek7b,implicature,swmimp186,2,1,2,0.135212
deepseek7b,implicature,swmimp186,3,1,2,0.261745
deepseek7b,implicature,swmimp187,1,1,2,0.16774
deepseek7b,implicature,swmimp187,1,2,3,0.175004
deepseek7b,implicature,swmimp187,2,1,2,0.193489
deepseek7b,implicature,swmimp187,2,2,3,0.231322
deepseek7b,implicature,swmimp187,3,1,2,0.24697
deepseek7b,implicature,swmimp187,3,2,3,0.448068
deepseek7b,implicature,swmimp188,1,1,2,0.132352
deepseek7b,implicature,swmimp188,1,2,3,0.45574
deepseek7b,implicature,swmimp188,1,3,4,0.447324
deepseek7b,implicature,swmimp188,1,4,5,0.307696
deepseek7b,implicature,swmimp188,2,1,2,0.134697
deepseek7b,implicature,swmimp188,2,2,3,0.713971
deepseek7b,implicature,swmimp188,2,3,4,0.823782
deepseek7b,implicature,swmimp188,2,4,5,0.429024
deepseek7b,implicature,swmimp188,3,1,2,0.449583
deepseek7b,implicature,swmimp188,3,2,3,0.224828
deepseek7b,implicature,swmimp188,3,3,4,0.459868
deepseek7b,implicature,swmimp188,3,4,5,0.268301
deepseek7b,implicature,swmimp189,1,1,2,0.411505
deepseek7b,implicature,swmimp189,1,2,3,0.128696
deepseek7b,implicature,swmimp189,1,3,4,0.119371
deepseek7b,implicature,swmimp189,2,1,2,0.3674
deepseek7b,implicature,swmimp189,2,2,3,0.199838
deepseek7b,implicature,swmimp189,2,3,4,0.17865
deepseek7b,implicature,swmimp189,3,1,2,0.353205
deepseek7b,implicature,swmimp189,3,2,3,0.093972
deepseek7b,implicature,swmimp189,3,3,4,0.266867
deepseek7b,implicature,swmimp190,1,1,2,0.629898
deepseek7b,implicature,swmimp190,1,2,3,0.475439
deepseek7b,implicature,swmimp190,1,3,4,0.121459
deepseek7b,implicature,swmimp190,2,1,2,0.315567
deepseek7b,implicature,swmimp190,2,2,3,0.409141
deepseek7b,implicature,swmimp190,2,3,4,0.264904
deepseek7b,implicature,swmimp190,3,1,2,0.694529
deepseek7b,implicature,swmimp190,3,2,3,0.306062
deepseek7b,implicature,swmimp190,3,3,4,0.232829
deepseek7b,implicature,swmimp191,1,1,2,0.638845
deepseek7b,implicature,swmimp191,1,2,3,0.602657
deepseek7b,implicature,swmimp191,1,3,4,0.50672
deepseek7b,implicature,swmimp191,1,4,5,0.422482
deepseek7b,implicature,swmimp191,2,1,2,0.679307
deepseek7b,implicature,swmimp191,2,2,3,0.863604
deepseek7b,implicature,swmimp191,2,3,4,0.852291
deepseek7b,implicature,swmimp191,2,4,5,0.152222
deepseek7b,implicature,swmimp191,3,1,2,0.477524
deepseek7b,implicature,swmimp191,3,2,3,0.357785
deepseek7b,implicature,swmimp191,3,3,4,0.581648
deepseek7b,implicature,swmimp191,3,4,5,0.443762
deepseek7b,implicature,swmimp192,1,1,2,0.664036
deepseek7b,implicature,swmimp192,1,2,3,0.628099
deepseek7b,implicature,swmimp192,1,3,4,0.150511
deepseek7b,implicature,swmimp192,1,4,5,0.235649
deepseek7b,implicature,swmimp192,2,1,2,0.319916
deepseek7b,implicature,swmimp192,2,2,3,0.403718
deepseek7b,implicature,swmimp192,2,3,4,0.344672
deepseek7b,implicature,swmimp192,2,4,5,0.188355
deepseek7b,implicature,swmimp192,3,1,2,0.276038
deepseek7b,implicature,swmimp192,3,2,3,0.649129
deepseek7b,implicature,swmimp192,3,3,4,0.66427
deepseek7b,implicature,swmimp192,3,4,5,0.354654
deepseek7b,implicature,swmimp193,1,1,2,0.433071
deepseek7b,implicature,swmimp193,1,2,3,0.230048
deepseek7b,implicature,swmimp193,1,3,4,0.375361
deepseek7b,implicature,swmimp193,2,1,2,0.616144
deepseek7b,implicature,swmimp193,2,2,3,0.900761
deepseek7b,implicature,swmimp193,2,3,4,0.463491
deepseek7b,implicature,swmimp193,3,1,2,0.30822
deepseek7b,implicature,swmimp193,3,2,3,0.177103
deepseek7b,implicature,swmimp193,3,3,4,0.32368
deepseek7b,implicature,swmimp194,1,1,2,0.798749
deepseek7b,implicature,swmimp194,1,2,3,0.76092
deepseek7b,implicature,swmimp194,1,3,4,0.763251
deepseek7b,implicature,swmimp194,1,4,5,0.613763
deepseek7b,implicature,swmimp194,1,5,6,0.218325
deepseek7b,implicature,swmimp194,2,1,2,0.413539
deepseek7b,implicature,swmimp194,2,2,3,0.041873
deepseek7b,implicature,swmimp194,2,3,4,0.253638
deepseek7b,implicature,swmimp194,2,4,5,0.224986
deepseek7b,implicature,swmimp194,2,5,6,0.165774
deepseek7b,implicature,swmimp194,3,1,2,0.289628
deepseek7b,implicature,swmimp194,3,2,3,0.874876
deepseek7b,implicature,swmimp194,3,3,4,0.879116
deepseek7b,implicature,swmimp194,3,4,5,0.296966
deepseek7b,implicature,swmimp194,3,5,6,0.385251
deepseek7b,implicature,swmimp195,1,1,2,0.133598
deepseek7b,implicature,swmimp195,1,2,3,0.522135
deepseek7b,implicature,swmimp195,1,3,4,0.512335
deepseek7b,implicature,swmimp195,1,4,5,0.117322
deepseek7b,implicature,swmimp195,1,5,6,0.286866
deepseek7b,implicature,swmimp195,1,6,7,0.551566
deepseek7b,implicature,swmimp195,1,7,8,0.355121
deepseek7b,implicature,swmimp195,1,8,9,0.536007
deepseek7b,implicature,swmimp195,1,9,10,0.535537
deepseek7b,implicature,swmimp195,2,1,2,0.25155
deepseek7b,implicature,swmimp195,2,2,3,0.222832
deepseek7b,implicature,swmimp195,2,3,4,0.355194
deepseek7b,implicature,swmimp195,2,4,5,0.820027
deepseek7b,implicature,swmimp195,2,5,6,0.931636
deepseek7b,implicature,swmimp195,2,6,7,0.213296
deepseek7b,implicature,swmimp195,2,7,8,0.247159
deepseek7b,implicature,swmimp195,2,8,9,0.270345
deepseek7b,implicature,swmimp195,2,9,10,0.225491
deepseek7b,implicature,swmimp195,3,1,2,0.235426
deepseek7b,implicature,swmimp195,3,2,3,0.265004
deepseek7b,implicature,swmimp195,3,3,4,0.088459
deepseek7b,implicature,swmimp195,3,4,5,0.076643
deepseek7b,implicature,swmimp195,3,5,6,0.074926
deepseek7b,implicature,swmimp195,3,6,7,0.124705
deepseek7b,implicature,swmimp195,3,7,8,0.479498
deepseek7b,implicature,swmimp195,3,8,9,0.501969
deepseek7b,implicature,swmimp195,3,9,10,0.185315
deepseek7b,implicature,swmimp196,1,1,2,0.555823
deepseek7b,implicature,swmimp196,1,2,3,0.294295
deepseek7b,implicature,swmimp196,1,3,4,0.207608
deepseek7b,implicature,swmimp196,1,4,5,0.210679
deepseek7b,implicature,swmimp196,1,5,6,0.395607
deepseek7b,implicature,swmimp196,1,6,7,0.302077
deepseek7b,implicature,swmimp196,2,1,2,0.11099
deepseek7b,implicature,swmimp196,2,2,3,0.179232
deepseek7b,implicature,swmimp196,2,3,4,0.368708
deepseek7b,implicature,swmimp196,2,4,5,0.362384
deepseek7b,implicature,swmimp196,2,5,6,0.319367
deepseek7b,implicature,swmimp196,2,6,7,0.375018
deepseek7b,implicature,swmimp196,3,1,2,0.16629
deepseek7b,implicature,swmimp196,3,2,3,0.141543
deepseek7b,implicature,swmimp196,3,3,4,0.458277
deepseek7b,implicature,swmimp196,3,4,5,0.46432
deepseek7b,implicature,swmimp196,3,5,6,0.222133
deepseek7b,implicature,swmimp196,3,6,7,0.430791
deepseek7b,implicature,swmimp197,1,1,2,0.545324
deepseek7b,implicature,swmimp197,1,2,3,0.562626
deepseek7b,implicature,swmimp197,2,1,2,0.864635
deepseek7b,implicature,swmimp197,2,2,3,0.861153
deepseek7b,implicature,swmimp197,3,1,2,0.946765
deepseek7b,implicature,swmimp197,3,2,3,0.97241
deepseek7b,implicature,swmimp198,1,1,2,0.435414
deepseek7b,implicature,swmimp198,1,2,3,0.627796
deepseek7b,implicature,swmimp198,1,3,4,0.613227
deepseek7b,implicature,swmimp198,2,1,2,0.29458
deepseek7b,implicature,swmimp198,2,2,3,0.2622
deepseek7b,implicature,swmimp198,2,3,4,0.385762
deepseek7b,implicature,swmimp198,3,1,2,0.291312
deepseek7b,implicature,swmimp198,3,2,3,0.311336
deepseek7b,implicature,swmimp198,3,3,4,0.376288
deepseek7b,implicature,swmimp199,1,1,2,0.224022
deepseek7b,implicature,swmimp199,1,2,3,0.149997
deepseek7b,implicature,swmimp199,1,3,4,0.25252
deepseek7b,implicature,swmimp199,1,4,5,0.242495
deepseek7b,implicature,swmimp199,2,1,2,0.31509
deepseek7b,implicature,swmimp199,2,2,3,0.427323
deepseek7b,implicature,swmimp199,2,3,4,0.815533
deepseek7b,implicature,swmimp199,2,4,5,0.813459
deepseek7b,implicature,swmimp199,3,1,2,0.578701
deepseek7b,implicature,swmimp199,3,2,3,0.270283
deepseek7b,implicature,swmimp199,3,3,4,0.318712
deepseek7b,implicature,swmimp199,3,4,5,0.196461
deepseek7b,implicature,swmimp200,1,1,2,0.250871
deepseek7b,implicature,swmimp200,1,2,3,0.269914
deepseek7b,implicature,swmimp200,1,3,4,0.241949
deepseek7b,implicature,swmimp200,2,1,2,0.868364
deepseek7b,implicature,swmimp200,2,2,3,0.851784
deepseek7b,implicature,swmimp200,2,3,4,0.319222
deepseek7b,implicature,swmimp200,3,1,2,0.305121
deepseek7b,implicature,swmimp200,3,2,3,0.211412
deepseek7b,implicature,swmimp200,3,3,4,0.337145
