model,task,story_id,repetition,stability
deepseek14b,false_belief,fb001,1,0.13548171520233154
deepseek14b,false_belief,fb001,2,0.1256931573152542
deepseek14b,false_belief,fb001,3,0.2047007977962494
deepseek14b,false_belief,fb002,1,0.08153504133224487
deepseek14b,false_belief,fb002,2,0.09201080799102783
deepseek14b,false_belief,fb002,3,0.10873061418533325
deepseek14b,false_belief,fb003,1,0.08744850754737854
deepseek14b,false_belief,fb003,2,0.07606329023838043
deepseek14b,false_belief,fb003,3,0.17055320739746094
deepseek14b,false_belief,fb004,1,0.10116498172283173
deepseek14b,false_belief,fb004,2,0.1125921905040741
deepseek14b,false_belief,fb004,3,0.09489938616752625
deepseek14b,false_belief,fb005,1,0.20768046379089355
deepseek14b,false_belief,fb005,2,0.15527763962745667
deepseek14b,false_belief,fb005,3,0.08242222666740417
deepseek14b,false_belief,fb006,1,0.1615941822528839
deepseek14b,false_belief,fb006,2,0.06415638327598572
deepseek14b,false_belief,fb006,3,0.15774326026439667
deepseek14b,false_belief,fb007,1,0.15975283086299896
deepseek14b,false_belief,fb007,2,0.1247444897890091
deepseek14b,false_belief,fb007,3,0.10287481546401978
deepseek14b,false_belief,fb008,1,0.05767786502838135
deepseek14b,false_belief,fb008,2,0.07063238322734833
deepseek14b,false_belief,fb008,3,0.05640712380409241
deepseek14b,false_belief,fb009,1,0.19420234362284342
deepseek14b,false_belief,fb009,2,0.13344027598698935
deepseek14b,false_belief,fb009,3,0.1533215045928955
deepseek14b,false_belief,fb010,1,0.15101581811904907
deepseek14b,false_belief,fb010,2,0.10870534181594849
deepseek14b,false_belief,fb010,3,0.13211515545845032
deepseek14b,false_belief,fb011,1,0.1121000200510025
deepseek14b,false_belief,fb011,2,0.11321355402469635
deepseek14b,false_belief,fb011,3,0.13039688766002655
deepseek14b,false_belief,fb012,1,0.1528063863515854
deepseek14b,false_belief,fb012,2,0.13960105180740356
deepseek14b,false_belief,fb012,3,0.1481652408838272
deepseek14b,false_belief,fb013,1,0.11760829389095306
deepseek14b,false_belief,fb013,2,0.10798300802707672
deepseek14b,false_belief,fb013,3,0.1261921525001526
deepseek14b,false_belief,fb014,1,0.2230536937713623
deepseek14b,false_belief,fb014,2,0.08299106359481812
deepseek14b,false_belief,fb014,3,0.338828980922699
deepseek14b,false_belief,fb015,1,0.07072000205516815
deepseek14b,false_belief,fb015,2,0.11012908816337585
deepseek14b,false_belief,fb015,3,0.24643489718437195
deepseek14b,false_belief,fb016,1,0.0814511626958847
deepseek14b,false_belief,fb016,2,0.12647093832492828
deepseek14b,false_belief,fb016,3,0.13356024026870728
deepseek14b,false_belief,fb017,1,0.06041613221168518
deepseek14b,false_belief,fb017,2,0.08446013927459717
deepseek14b,false_belief,fb017,3,0.1456398069858551
deepseek14b,false_belief,fb018,1,0.13909810781478882
deepseek14b,false_belief,fb018,2,0.08108651638031006
deepseek14b,false_belief,fb018,3,0.11292964220046997
deepseek14b,false_belief,fb019,1,0.11080089211463928
deepseek14b,false_belief,fb019,2,0.08027659356594086
deepseek14b,false_belief,fb019,3,0.25743256881833076
deepseek14b,false_belief,fb020,1,0.14951778948307037
deepseek14b,false_belief,fb020,2,0.18670837581157684
deepseek14b,false_belief,fb020,3,0.1240944117307663
deepseek14b,false_belief,fb021,1,0.06278513669967652
deepseek14b,false_belief,fb021,2,0.07023544311523437
deepseek14b,false_belief,fb021,3,0.08476892709732056
deepseek14b,false_belief,fb022,1,0.11573323607444763
deepseek14b,false_belief,fb022,2,0.13777917623519897
deepseek14b,false_belief,fb022,3,0.17097556591033936
deepseek14b,false_belief,fb023,1,0.34164928197860717
deepseek14b,false_belief,fb023,2,0.1931580424308777
deepseek14b,false_belief,fb023,3,0.10362588167190552
deepseek14b,false_belief,fb024,1,0.12483535210291545
deepseek14b,false_belief,fb024,2,0.13515718777974448
deepseek14b,false_belief,fb024,3,0.13219151894251505
deepseek14b,false_belief,fb025,1,0.11251728236675262
deepseek14b,false_belief,fb025,2,0.1539430171251297
deepseek14b,false_belief,fb025,3,0.19267538189888
deepseek14b,false_belief,fb026,1,0.1546961466471354
deepseek14b,false_belief,fb026,2,0.11764452854792277
deepseek14b,false_belief,fb026,3,0.19966763257980347
deepseek14b,false_belief,fb027,1,0.09098225831985474
deepseek14b,false_belief,fb027,2,0.13960814476013184
deepseek14b,false_belief,fb027,3,0.09735564390818278
deepseek14b,false_belief,fb028,1,0.11883141100406647
deepseek14b,false_belief,fb028,2,0.14566192030906677
deepseek14b,false_belief,fb028,3,0.21405036747455597
deepseek14b,false_belief,fb029,1,0.12854263186454773
deepseek14b,false_belief,fb029,2,0.07390066981315613
deepseek14b,false_belief,fb029,3,0.1149912178516388
deepseek14b,false_belief,fb030,1,0.12640440464019775
deepseek14b,false_belief,fb030,2,0.09017445147037506
deepseek14b,false_belief,fb030,3,0.11181323230266571
deepseek14b,false_belief,fb031,1,0.14522674679756165
deepseek14b,false_belief,fb031,2,0.1623738557100296
deepseek14b,false_belief,fb031,3,0.1100362092256546
deepseek14b,false_belief,fb032,1,0.1672193557024002
deepseek14b,false_belief,fb032,2,0.08786867558956146
deepseek14b,false_belief,fb032,3,0.11460615694522858
deepseek14b,false_belief,fb033,1,0.10175159573554993
deepseek14b,false_belief,fb033,2,0.1214776337146759
deepseek14b,false_belief,fb033,3,0.07229042053222656
deepseek14b,false_belief,fb034,1,0.16029763221740723
deepseek14b,false_belief,fb034,2,0.11611153185367584
deepseek14b,false_belief,fb034,3,0.09006501734256744
deepseek14b,false_belief,fb035,1,0.07839411497116089
deepseek14b,false_belief,fb035,2,0.11402621865272522
deepseek14b,false_belief,fb035,3,0.0950397402048111
deepseek14b,false_belief,fb036,1,0.087412428855896
deepseek14b,false_belief,fb036,2,0.08567357063293457
deepseek14b,false_belief,fb036,3,0.1865724265575409
deepseek14b,false_belief,fb037,1,0.07416921854019165
deepseek14b,false_belief,fb037,2,0.13003896176815033
deepseek14b,false_belief,fb037,3,0.11137928068637848
deepseek14b,false_belief,fb038,1,0.0742843747138977
deepseek14b,false_belief,fb038,2,0.1222458928823471
deepseek14b,false_belief,fb038,3,0.18842869997024536
deepseek14b,false_belief,fb039,1,0.07430608570575714
deepseek14b,false_belief,fb039,2,0.12738379836082458
deepseek14b,false_belief,fb039,3,0.15303504467010498
deepseek14b,false_belief,fb040,1,0.15821173787117004
deepseek14b,false_belief,fb040,2,0.12154228985309601
deepseek14b,false_belief,fb040,3,0.10160019993782043
deepseek14b,false_belief,fb041,1,0.16644123196601868
deepseek14b,false_belief,fb041,2,0.18807727098464966
deepseek14b,false_belief,fb041,3,0.15239042043685913
deepseek14b,false_belief,fb042,1,0.08876371383666992
deepseek14b,false_belief,fb042,2,0.1877431571483612
deepseek14b,false_belief,fb042,3,0.1106276661157608
deepseek14b,false_belief,fb043,1,0.20874783396720886
deepseek14b,false_belief,fb043,2,0.11724534630775452
deepseek14b,false_belief,fb043,3,0.15247052907943726
deepseek14b,false_belief,fb044,1,0.13364940881729126
deepseek14b,false_belief,fb044,2,0.07954047620296478
deepseek14b,false_belief,fb044,3,0.11161522567272186
deepseek14b,false_belief,fb045,1,0.11952182054519653
deepseek14b,false_belief,fb045,2,0.09564416408538819
deepseek14b,false_belief,fb045,3,0.09354950189590454
deepseek14b,false_belief,fb046,1,0.16321462392807007
deepseek14b,false_belief,fb046,2,0.08759328722953796
deepseek14b,false_belief,fb046,3,0.11231410503387451
deepseek14b,false_belief,fb047,1,0.10548046231269836
deepseek14b,false_belief,fb047,2,0.11452564597129822
deepseek14b,false_belief,fb047,3,0.07567647099494934
deepseek14b,false_belief,fb048,1,0.17972712218761444
deepseek14b,false_belief,fb048,2,0.10997757315635681
deepseek14b,false_belief,fb048,3,0.1593978852033615
deepseek14b,false_belief,fb049,1,0.12426827847957611
deepseek14b,false_belief,fb049,2,0.06379052996635437
deepseek14b,false_belief,fb049,3,0.07857075333595276
deepseek14b,false_belief,fb050,1,0.08825883269309998
deepseek14b,false_belief,fb050,2,0.17677977681159973
deepseek14b,false_belief,fb050,3,0.16920539736747742
deepseek14b,false_belief,fb051,1,0.16632046302159628
deepseek14b,false_belief,fb051,2,0.1367212931315104
deepseek14b,false_belief,fb051,3,0.2135993242263794
deepseek14b,false_belief,fb052,1,0.11080436408519745
deepseek14b,false_belief,fb052,2,0.05086645483970642
deepseek14b,false_belief,fb052,3,0.14214663207530975
deepseek14b,false_belief,fb053,1,0.10551571846008301
deepseek14b,false_belief,fb053,2,0.13858966529369354
deepseek14b,false_belief,fb053,3,0.1407058835029602
deepseek14b,false_belief,fb054,1,0.10753476619720459
deepseek14b,false_belief,fb054,2,0.1582486778497696
deepseek14b,false_belief,fb054,3,0.08173127472400665
deepseek14b,false_belief,fb055,1,0.0875176340341568
deepseek14b,false_belief,fb055,2,0.11127601563930511
deepseek14b,false_belief,fb055,3,0.10270482301712036
deepseek14b,false_belief,fb056,1,0.07168789207935333
deepseek14b,false_belief,fb056,2,0.1090126782655716
deepseek14b,false_belief,fb056,3,0.15334247052669525
deepseek14b,false_belief,fb057,1,0.13934920728206635
deepseek14b,false_belief,fb057,2,0.12617862224578857
deepseek14b,false_belief,fb057,3,0.17209893465042114
deepseek14b,false_belief,fb058,1,0.1730232536792755
deepseek14b,false_belief,fb058,2,0.13921336829662323
deepseek14b,false_belief,fb058,3,0.12158896028995514
deepseek14b,false_belief,fb059,1,0.10489839315414429
deepseek14b,false_belief,fb059,2,0.10563264787197113
deepseek14b,false_belief,fb059,3,0.14254435896873474
deepseek14b,false_belief,fb060,1,0.15615877509117126
deepseek14b,false_belief,fb060,2,0.1197725385427475
deepseek14b,false_belief,fb060,3,0.16848872601985931
deepseek14b,false_belief,sfp011,1,0.09584477543830872
deepseek14b,false_belief,sfp011,2,0.15093457698822021
deepseek14b,false_belief,sfp011,3,0.10936428606510162
deepseek14b,false_belief,sfp012,1,0.10530222952365875
deepseek14b,false_belief,sfp012,2,0.15366756916046143
deepseek14b,false_belief,sfp012,3,0.14258800446987152
deepseek14b,false_belief,sfp013,1,0.08869977295398712
deepseek14b,false_belief,sfp013,2,0.1732769012451172
deepseek14b,false_belief,sfp013,3,0.17924338579177856
deepseek14b,false_belief,sfp014,1,0.09662938117980957
deepseek14b,false_belief,sfp014,2,0.11711728572845459
deepseek14b,false_belief,sfp014,3,0.1357678771018982
deepseek14b,false_belief,sfp015,1,0.08474737405776978
deepseek14b,false_belief,sfp015,2,0.1424228310585022
deepseek14b,false_belief,sfp015,3,0.09594972133636474
deepseek14b,false_belief,sfp016,1,0.2055557370185852
deepseek14b,false_belief,sfp016,2,0.11875944137573242
deepseek14b,false_belief,sfp016,3,0.22306243181228638
deepseek14b,false_belief,sfp017,1,0.2490735501050949
deepseek14b,false_belief,sfp017,2,0.1775144636631012
deepseek14b,false_belief,sfp017,3,0.22131885588169098
deepseek14b,false_belief,sfp018,1,0.20131978392601013
deepseek14b,false_belief,sfp018,2,0.22121502459049225
deepseek14b,false_belief,sfp018,3,0.14363230764865875
deepseek14b,false_belief,sfp019,1,0.18819250166416168
deepseek14b,false_belief,sfp019,2,0.23961980640888214
deepseek14b,false_belief,sfp019,3,0.2565489262342453
deepseek14b,false_belief,sfp020,1,0.07920026779174805
deepseek14b,false_belief,sfp020,2,0.09859670698642731
deepseek14b,false_belief,sfp020,3,0.1134682148694992
deepseek14b,faux_pas,sfp001,1,0.16898289918899537
deepseek14b,faux_pas,sfp001,2,0.1790457010269165
deepseek14b,faux_pas,sfp001,3,0.20903345346450805
deepseek14b,faux_pas,sfp002,1,0.3532816022634506
deepseek14b,faux_pas,sfp002,2,0.34799616783857346
deepseek14b,faux_pas,sfp002,3,0.39494168758392334
deepseek14b,faux_pas,sfp003,1,0.4307440146803856
deepseek14b,faux_pas,sfp003,2,0.4183808043599129
deepseek14b,faux_pas,sfp003,3,0.4155995026230812
deepseek14b,faux_pas,sfp004,1,0.3873087093234062
deepseek14b,faux_pas,sfp004,2,0.4127339646220207
deepseek14b,faux_pas,sfp004,3,0.3442642539739609
deepseek14b,faux_pas,sfp005,1,0.26970162987709045
deepseek14b,faux_pas,sfp005,2,0.25478560477495193
deepseek14b,faux_pas,sfp005,3,0.24441242218017578
deepseek14b,faux_pas,sfp006,1,0.4286651015281677
deepseek14b,faux_pas,sfp006,2,0.26166945695877075
deepseek14b,faux_pas,sfp006,3,0.3369268625974655
deepseek14b,faux_pas,sfp007,1,0.34896206855773926
deepseek14b,faux_pas,sfp007,2,0.37428849190473557
deepseek14b,faux_pas,sfp007,3,0.35414715856313705
deepseek14b,faux_pas,sfp008,1,0.27369266748428345
deepseek14b,faux_pas,sfp008,2,0.28087741136550903
deepseek14b,faux_pas,sfp008,3,0.22924076318740844
deepseek14b,faux_pas,sfp009,1,0.31689582268397015
deepseek14b,faux_pas,sfp009,2,0.3380591968695323
deepseek14b,faux_pas,sfp009,3,0.35200536251068115
deepseek14b,faux_pas,sfp010,1,0.36152878403663635
deepseek14b,faux_pas,sfp010,2,0.23991066217422485
deepseek14b,faux_pas,sfp010,3,0.3447459936141968
deepseek14b,implicature,swmimp001,1,0.4872684053012303
deepseek14b,implicature,swmimp001,2,0.3975847193173
deepseek14b,implicature,swmimp001,3,0.24885758331843785
deepseek14b,implicature,swmimp002,1,0.39119161367416383
deepseek14b,implicature,swmimp002,2,0.3637701153755188
deepseek14b,implicature,swmimp002,3,0.4795502543449402
deepseek14b,implicature,swmimp003,1,0.24318265914916992
deepseek14b,implicature,swmimp003,2,0.42062922318776447
deepseek14b,implicature,swmimp003,3,0.1851133108139038
deepseek14b,implicature,swmimp004,1,0.5358027517795563
deepseek14b,implicature,swmimp004,2,0.2852707803249359
deepseek14b,implicature,swmimp004,3,0.3794783055782318
deepseek14b,implicature,swmimp005,1,0.25816114743550617
deepseek14b,implicature,swmimp005,2,0.17803218960762024
deepseek14b,implicature,swmimp005,3,0.27946985761324566
deepseek14b,implicature,swmimp006,1,0.28986577192942303
deepseek14b,implicature,swmimp006,2,0.4945922593275706
deepseek14b,implicature,swmimp006,3,0.23116165399551392
deepseek14b,implicature,swmimp007,1,0.47435086593031883
deepseek14b,implicature,swmimp007,2,0.4188982844352722
deepseek14b,implicature,swmimp007,3,0.5499770556177411
deepseek14b,implicature,swmimp008,1,0.22740176916122437
deepseek14b,implicature,swmimp008,2,0.30605641603469846
deepseek14b,implicature,swmimp008,3,0.1977790117263794
deepseek14b,implicature,swmimp009,1,0.32490150928497313
deepseek14b,implicature,swmimp009,2,0.2556061029434204
deepseek14b,implicature,swmimp009,3,0.12207752466201782
deepseek14b,implicature,swmimp010,1,0.42531459778547287
deepseek14b,implicature,swmimp010,2,0.44720591604709625
deepseek14b,implicature,swmimp010,3,0.6179744899272919
deepseek14b,implicature,swmimp011,1,0.19622033834457397
deepseek14b,implicature,swmimp011,2,0.5065745785832405
deepseek14b,implicature,swmimp011,3,0.3442353755235672
deepseek14b,implicature,swmimp012,1,0.16028312842051187
deepseek14b,implicature,swmimp012,2,0.29164111614227295
deepseek14b,implicature,swmimp012,3,0.2660197814305623
deepseek14b,implicature,swmimp013,1,0.34881657361984253
deepseek14b,implicature,swmimp013,2,0.14285463094711304
deepseek14b,implicature,swmimp013,3,0.22038257122039795
deepseek14b,implicature,swmimp014,1,0.2999457120895386
deepseek14b,implicature,swmimp014,2,0.514756977558136
deepseek14b,implicature,swmimp014,3,0.4304405748844147
deepseek14b,implicature,swmimp015,1,0.2393817901611328
deepseek14b,implicature,swmimp015,2,0.4494870901107788
deepseek14b,implicature,swmimp015,3,0.5314046442508698
deepseek14b,implicature,swmimp016,1,0.2951197458638085
deepseek14b,implicature,swmimp016,2,0.2905900710158878
deepseek14b,implicature,swmimp016,3,0.2066969871520996
deepseek14b,implicature,swmimp017,1,0.4609070122241974
deepseek14b,implicature,swmimp017,2,0.34701768557230633
deepseek14b,implicature,swmimp017,3,0.448016216357549
deepseek14b,implicature,swmimp018,1,0.29269370436668396
deepseek14b,implicature,swmimp018,2,0.07524636387825012
deepseek14b,implicature,swmimp018,3,0.18839281797409058
deepseek14b,implicature,swmimp019,1,0.2569517195224762
deepseek14b,implicature,swmimp019,2,0.4755547568202019
deepseek14b,implicature,swmimp019,3,0.13073912262916565
deepseek14b,implicature,swmimp020,1,0.45937461654345196
deepseek14b,implicature,swmimp020,2,0.2534521023432414
deepseek14b,implicature,swmimp020,3,0.19718442360560098
deepseek14b,implicature,swmimp021,1,0.1827297806739807
deepseek14b,implicature,swmimp021,2,0.23809850215911865
deepseek14b,implicature,swmimp021,3,0.45434629917144775
deepseek14b,implicature,swmimp022,1,0.3001008828481038
deepseek14b,implicature,swmimp022,2,0.3740069270133972
deepseek14b,implicature,swmimp022,3,0.3264109293619792
deepseek14b,implicature,swmimp023,1,0.1489807367324829
deepseek14b,implicature,swmimp023,2,0.12029978632926941
deepseek14b,implicature,swmimp023,3,0.3053813874721527
deepseek14b,implicature,swmimp024,1,0.24521639943122864
deepseek14b,implicature,swmimp024,2,0.2495105117559433
deepseek14b,implicature,swmimp024,3,0.27244240045547485
deepseek14b,implicature,swmimp025,1,0.49735391736030576
deepseek14b,implicature,swmimp025,2,0.39531267881393434
deepseek14b,implicature,swmimp025,3,0.3497028112411499
deepseek14b,implicature,swmimp026,1,0.35600580275058746
deepseek14b,implicature,swmimp026,2,0.5322302579879761
deepseek14b,implicature,swmimp026,3,0.34119490534067154
deepseek14b,implicature,swmimp027,1,0.4228738248348236
deepseek14b,implicature,swmimp027,2,0.41652557253837585
deepseek14b,implicature,swmimp027,3,0.21012470126152039
deepseek14b,implicature,swmimp028,1,0.19938834508260092
deepseek14b,implicature,swmimp028,2,0.20322330792744955
deepseek14b,implicature,swmimp028,3,0.2877979228893916
deepseek14b,implicature,swmimp029,1,0.3234941562016805
deepseek14b,implicature,swmimp029,2,0.3444990317026774
deepseek14b,implicature,swmimp029,3,0.18174507220586142
deepseek14b,implicature,swmimp030,1,0.22956218322118124
deepseek14b,implicature,swmimp030,2,0.18509946266810098
deepseek14b,implicature,swmimp030,3,0.1845334768295288
deepseek14b,implicature,swmimp031,1,0.34588185378483366
deepseek14b,implicature,swmimp031,2,0.4190202185085842
deepseek14b,implicature,swmimp031,3,0.2862245185034616
deepseek14b,implicature,swmimp032,1,0.1961420476436615
deepseek14b,implicature,swmimp032,2,0.31158141791820526
deepseek14b,implicature,swmimp032,3,0.5654523074626923
deepseek14b,implicature,swmimp033,1,0.3089311569929123
deepseek14b,implicature,swmimp033,2,0.35797299444675446
deepseek14b,implicature,swmimp033,3,0.2330043762922287
deepseek14b,implicature,swmimp034,1,0.21078327298164368
deepseek14b,implicature,swmimp034,2,0.25396615266799927
deepseek14b,implicature,swmimp034,3,0.175513356924057
deepseek14b,implicature,swmimp035,1,0.3094582110643387
deepseek14b,implicature,swmimp035,2,0.312218502163887
deepseek14b,implicature,swmimp035,3,0.2096605896949768
deepseek14b,implicature,swmimp036,1,0.366775906085968
deepseek14b,implicature,swmimp036,2,0.37134485244750975
deepseek14b,implicature,swmimp036,3,0.3711285889148712
deepseek14b,implicature,swmimp037,1,0.3311980813741684
deepseek14b,implicature,swmimp037,2,0.3442143648862839
deepseek14b,implicature,swmimp037,3,0.2618381530046463
deepseek14b,implicature,swmimp038,1,0.42569048206011456
deepseek14b,implicature,swmimp038,2,0.27222127715746564
deepseek14b,implicature,swmimp038,3,0.24360411365826926
deepseek14b,implicature,swmimp039,1,0.48425900340080263
deepseek14b,implicature,swmimp039,2,0.32123621106147765
deepseek14b,implicature,swmimp039,3,0.40413740277290344
deepseek14b,implicature,swmimp040,1,0.3113497197628021
deepseek14b,implicature,swmimp040,2,0.35438378900289536
deepseek14b,implicature,swmimp040,3,0.46072422340512276
deepseek14b,implicature,swmimp041,1,0.3692428767681122
deepseek14b,implicature,swmimp041,2,0.35785359144210815
deepseek14b,implicature,swmimp041,3,0.31015679240226746
deepseek14b,implicature,swmimp042,1,0.3306853771209717
deepseek14b,implicature,swmimp042,2,0.38135869304339093
deepseek14b,implicature,swmimp042,3,0.327533483505249
deepseek14b,implicature,swmimp043,1,0.3165642321109772
deepseek14b,implicature,swmimp043,2,0.2447848916053772
deepseek14b,implicature,swmimp043,3,0.2256999909877777
deepseek14b,implicature,swmimp044,1,0.18963947296142578
deepseek14b,implicature,swmimp044,2,0.29718139171600344
deepseek14b,implicature,swmimp044,3,0.4831439435482025
deepseek14b,implicature,swmimp045,1,0.34995491057634354
deepseek14b,implicature,swmimp045,2,0.23422430455684662
deepseek14b,implicature,swmimp045,3,0.3856412097811699
deepseek14b,implicature,swmimp046,1,0.18698794841766359
deepseek14b,implicature,swmimp046,2,0.3894754469394684
deepseek14b,implicature,swmimp046,3,0.26017673015594484
deepseek14b,implicature,swmimp047,1,0.2690057158470154
deepseek14b,implicature,swmimp047,2,0.4257410566012065
deepseek14b,implicature,swmimp047,3,0.5166468719641367
deepseek14b,implicature,swmimp048,1,0.34266939759254456
deepseek14b,implicature,swmimp048,2,0.24736621975898743
deepseek14b,implicature,swmimp048,3,0.3672867566347122
deepseek14b,implicature,swmimp049,1,0.302961103618145
deepseek14b,implicature,swmimp049,2,0.30319535732269287
deepseek14b,implicature,swmimp049,3,0.20251008868217468
deepseek14b,implicature,swmimp050,1,0.2710728645324707
deepseek14b,implicature,swmimp050,2,0.40742682218551635
deepseek14b,implicature,swmimp050,3,0.32519155740737915
deepseek14b,implicature,swmimp051,1,0.37224736213684084
deepseek14b,implicature,swmimp051,2,0.3181756973266602
deepseek14b,implicature,swmimp051,3,0.22754244804382323
deepseek14b,implicature,swmimp052,1,0.4927886575460434
deepseek14b,implicature,swmimp052,2,0.285906121134758
deepseek14b,implicature,swmimp052,3,0.2425171136856079
deepseek14b,implicature,swmimp053,1,0.2764507631460826
deepseek14b,implicature,swmimp053,2,0.5075142085552216
deepseek14b,implicature,swmimp053,3,0.3469572216272354
deepseek14b,implicature,swmimp054,1,0.4999903440475464
deepseek14b,implicature,swmimp054,2,0.5794560611248016
deepseek14b,implicature,swmimp054,3,0.38428592681884766
deepseek14b,implicature,swmimp055,1,0.28748793601989747
deepseek14b,implicature,swmimp055,2,0.42855562567710875
deepseek14b,implicature,swmimp055,3,0.2742666363716125
deepseek14b,implicature,swmimp056,1,0.3670654892921448
deepseek14b,implicature,swmimp056,2,0.3973684956630071
deepseek14b,implicature,swmimp056,3,0.43740302324295044
deepseek14b,implicature,swmimp057,1,0.48367324471473694
deepseek14b,implicature,swmimp057,2,0.26660319169362384
deepseek14b,implicature,swmimp057,3,0.5570673458278179
deepseek14b,implicature,swmimp058,1,0.50310746828715
deepseek14b,implicature,swmimp058,2,0.3069860537846883
deepseek14b,implicature,swmimp058,3,0.16070115566253662
deepseek14b,implicature,swmimp059,1,0.17061690986156464
deepseek14b,implicature,swmimp059,2,0.2904834747314453
deepseek14b,implicature,swmimp059,3,0.195097416639328
deepseek14b,implicature,swmimp060,1,0.3089354733626048
deepseek14b,implicature,swmimp060,2,0.23696998755137125
deepseek14b,implicature,swmimp060,3,0.23746623595555624
deepseek14b,implicature,swmimp061,1,0.2026781439781189
deepseek14b,implicature,swmimp061,2,0.49147120118141174
deepseek14b,implicature,swmimp061,3,0.3205094337463379
deepseek14b,implicature,swmimp062,1,0.15092547734578451
deepseek14b,implicature,swmimp062,2,0.2660910089810689
deepseek14b,implicature,swmimp062,3,0.3638663589954376
deepseek14b,implicature,swmimp063,1,0.23235057294368744
deepseek14b,implicature,swmimp063,2,0.3038196414709091
deepseek14b,implicature,swmimp063,3,0.38419899344444275
deepseek14b,implicature,swmimp064,1,0.2941959500312805
deepseek14b,implicature,swmimp064,2,0.3753807097673416
deepseek14b,implicature,swmimp064,3,0.21201026439666748
deepseek14b,implicature,swmimp065,1,0.24594877660274506
deepseek14b,implicature,swmimp065,2,0.37892113129297894
deepseek14b,implicature,swmimp065,3,0.25903528928756714
deepseek14b,implicature,swmimp066,1,0.2637680967648824
deepseek14b,implicature,swmimp066,2,0.11864781379699707
deepseek14b,implicature,swmimp066,3,0.3937262197335561
deepseek14b,implicature,swmimp067,1,0.3142068266868591
deepseek14b,implicature,swmimp067,2,0.2586803674697876
deepseek14b,implicature,swmimp067,3,0.3571509957313538
deepseek14b,implicature,swmimp068,1,0.3717397501071294
deepseek14b,implicature,swmimp068,2,0.310239573319753
deepseek14b,implicature,swmimp068,3,0.41750214497248334
deepseek14b,implicature,swmimp069,1,0.22744759321212768
deepseek14b,implicature,swmimp069,2,0.6750802055001259
deepseek14b,implicature,swmimp069,3,0.20185399055480957
deepseek14b,implicature,swmimp070,1,0.5086689069867134
deepseek14b,implicature,swmimp070,2,0.32932591438293457
deepseek14b,implicature,swmimp070,3,0.33509325981140137
deepseek14b,implicature,swmimp071,1,0.5187952518463135
deepseek14b,implicature,swmimp071,2,0.23999681323766708
deepseek14b,implicature,swmimp071,3,0.33981776237487793
deepseek14b,implicature,swmimp072,1,0.21612930297851562
deepseek14b,implicature,swmimp072,2,0.2500803271929423
deepseek14b,implicature,swmimp072,3,0.2351636290550232
deepseek14b,implicature,swmimp073,1,0.30034103989601135
deepseek14b,implicature,swmimp073,2,0.35198312997817993
deepseek14b,implicature,swmimp073,3,0.46329067647457123
deepseek14b,implicature,swmimp074,1,0.3406728307406108
deepseek14b,implicature,swmimp074,2,0.28278376162052155
deepseek14b,implicature,swmimp074,3,0.33672041694323224
deepseek14b,implicature,swmimp075,1,0.34839166487966267
deepseek14b,implicature,swmimp075,2,0.3961150731359209
deepseek14b,implicature,swmimp075,3,0.3580629527568817
deepseek14b,implicature,swmimp076,1,0.1917218714952469
deepseek14b,implicature,swmimp076,2,0.18617698550224304
deepseek14b,implicature,swmimp076,3,0.4275265634059906
deepseek14b,implicature,swmimp077,1,0.3602400541305542
deepseek14b,implicature,swmimp077,2,0.24581190347671508
deepseek14b,implicature,swmimp077,3,0.18446794748306275
deepseek14b,implicature,swmimp078,1,0.285870040456454
deepseek14b,implicature,swmimp078,2,0.18325633307298025
deepseek14b,implicature,swmimp078,3,0.25818737347920734
deepseek14b,implicature,swmimp079,1,0.29728040524891447
deepseek14b,implicature,swmimp079,2,0.3273371713502066
deepseek14b,implicature,swmimp079,3,0.3444253163678305
deepseek14b,implicature,swmimp080,1,0.2083731174468994
deepseek14b,implicature,swmimp080,2,0.3278723478317261
deepseek14b,implicature,swmimp080,3,0.20721142292022704
deepseek14b,implicature,swmimp081,1,0.3285684585571289
deepseek14b,implicature,swmimp081,2,0.36750993728637693
deepseek14b,implicature,swmimp081,3,0.64044588804245
deepseek14b,implicature,swmimp082,1,0.3626675456762314
deepseek14b,implicature,swmimp082,2,0.2554517388343811
deepseek14b,implicature,swmimp082,3,0.4519565775990486
deepseek14b,implicature,swmimp083,1,0.23550665378570557
deepseek14b,implicature,swmimp083,2,0.3423972378174464
deepseek14b,implicature,swmimp083,3,0.1975817084312439
deepseek14b,implicature,swmimp084,1,0.4229643225669861
deepseek14b,implicature,swmimp084,2,0.38036429286003115
deepseek14b,implicature,swmimp084,3,0.2789318323135376
deepseek14b,implicature,swmimp085,1,0.38662688434123993
deepseek14b,implicature,swmimp085,2,0.23568492010235786
deepseek14b,implicature,swmimp085,3,0.37831951305270195
deepseek14b,implicature,swmimp086,1,0.2855443835258484
deepseek14b,implicature,swmimp086,2,0.23677337169647217
deepseek14b,implicature,swmimp086,3,0.3535370588302612
deepseek14b,implicature,swmimp087,1,0.2268148809671402
deepseek14b,implicature,swmimp087,2,0.32562118768692017
deepseek14b,implicature,swmimp087,3,0.4383370727300644
deepseek14b,implicature,swmimp088,1,0.34115444868803024
deepseek14b,implicature,swmimp088,2,0.28014475107192993
deepseek14b,implicature,swmimp088,3,0.2920766919851303
deepseek14b,implicature,swmimp089,1,0.41663477818171185
deepseek14b,implicature,swmimp089,2,0.3847086727619171
deepseek14b,implicature,swmimp089,3,0.5514108637968699
deepseek14b,implicature,swmimp090,1,0.22383375962575278
deepseek14b,implicature,swmimp090,2,0.2573585510253906
deepseek14b,implicature,swmimp090,3,0.26516332228978473
deepseek14b,implicature,swmimp091,1,0.26794772744178774
deepseek14b,implicature,swmimp091,2,0.28705692291259766
deepseek14b,implicature,swmimp091,3,0.4133046388626099
deepseek14b,implicature,swmimp092,1,0.3276576027274132
deepseek14b,implicature,swmimp092,2,0.40860099345445633
deepseek14b,implicature,swmimp092,3,0.42032869160175323
deepseek14b,implicature,swmimp093,1,0.23029832541942596
deepseek14b,implicature,swmimp093,2,0.29681171476840973
deepseek14b,implicature,swmimp093,3,0.37946781516075134
deepseek14b,implicature,swmimp094,1,0.3490189810593923
deepseek14b,implicature,swmimp094,2,0.3168780356645584
deepseek14b,implicature,swmimp094,3,0.38572705785433453
deepseek14b,implicature,swmimp095,1,0.2851574793457985
deepseek14b,implicature,swmimp095,2,0.533416360616684
deepseek14b,implicature,swmimp095,3,0.4556286111474037
deepseek14b,implicature,swmimp096,1,0.475128835439682
deepseek14b,implicature,swmimp096,2,0.20348827838897704
deepseek14b,implicature,swmimp096,3,0.24617820978164673
deepseek14b,implicature,swmimp097,1,0.3709392845630646
deepseek14b,implicature,swmimp097,2,0.3002624710400899
deepseek14b,implicature,swmimp097,3,0.30998070041338605
deepseek14b,implicature,swmimp098,1,0.4059301018714905
deepseek14b,implicature,swmimp098,2,0.4560574193795522
deepseek14b,implicature,swmimp098,3,0.4910229444503784
deepseek14b,implicature,swmimp099,1,0.5135518610477448
deepseek14b,implicature,swmimp099,2,0.365727074444294
deepseek14b,implicature,swmimp099,3,0.455378495156765
deepseek14b,implicature,swmimp100,1,0.24880036115646362
deepseek14b,implicature,swmimp100,2,0.3179895877838135
deepseek14b,implicature,swmimp100,3,0.30699719190597535
deepseek14b,implicature,swmimp101,1,0.28819775039499457
deepseek14b,implicature,swmimp101,2,0.39250465956601227
deepseek14b,implicature,swmimp101,3,0.4457145902243527
deepseek14b,implicature,swmimp102,1,0.32712535153735767
deepseek14b,implicature,swmimp102,2,0.36489450389688666
deepseek14b,implicature,swmimp102,3,0.3694218695163727
deepseek14b,implicature,swmimp103,1,0.0
deepseek14b,implicature,swmimp103,2,0.0
deepseek14b,implicature,swmimp103,3,0.0
deepseek14b,implicature,swmimp104,1,0.25511175935918634
deepseek14b,implicature,swmimp104,2,0.34850590879266913
deepseek14b,implicature,swmimp104,3,0.22554604031822897
deepseek14b,implicature,swmimp105,1,0.0
deepseek14b,implicature,swmimp105,2,0.0
deepseek14b,implicature,swmimp105,3,0.0
deepseek14b,implicature,swmimp106,1,0.0
deepseek14b,implicature,swmimp106,2,0.0
deepseek14b,implicature,swmimp106,3,0.0
deepseek14b,implicature,swmimp107,1,0.0
deepseek14b,implicature,swmimp107,2,0.0
deepseek14b,implicature,swmimp107,3,0.0
deepseek14b,implicature,swmimp108,1,0.0
deepseek14b,implicature,swmimp108,2,0.0
deepseek14b,implicature,swmimp108,3,0.0
deepseek14b,implicature,swmimp109,1,0.0
deepseek14b,implicature,swmimp109,2,0.0
deepseek14b,implicature,swmimp109,3,0.0
deepseek14b,implicature,swmimp110,1,0.2126900553703308
deepseek14b,implicature,swmimp110,2,0.1171765923500061
deepseek14b,implicature,swmimp110,3,0.21196907758712769
deepseek14b,implicature,swmimp111,1,0.37576259935603423
deepseek14b,implicature,swmimp111,2,0.3576849896241637
deepseek14b,implicature,swmimp111,3,0.3393526322701398
deepseek14b,implicature,swmimp112,1,0.2977860450744629
deepseek14b,implicature,swmimp112,2,0.2880146861076355
deepseek14b,implicature,swmimp112,3,0.30055739879608157
deepseek14b,implicature,swmimp113,1,0.2508867383003235
deepseek14b,implicature,swmimp113,2,0.23855179122516088
deepseek14b,implicature,swmimp113,3,0.34515510712351116
deepseek14b,implicature,swmimp114,1,0.2681417730119493
deepseek14b,implicature,swmimp114,2,0.3097766604688432
deepseek14b,implicature,swmimp114,3,0.26628294255998397
deepseek14b,implicature,swmimp115,1,0.24908149242401123
deepseek14b,implicature,swmimp115,2,0.35308924317359924
deepseek14b,implicature,swmimp115,3,0.25732845067977905
deepseek14b,implicature,swmimp116,1,0.3888366123040517
deepseek14b,implicature,swmimp116,2,0.34708212812741596
deepseek14b,implicature,swmimp116,3,0.3620421787103017
deepseek14b,implicature,swmimp117,1,0.3487822078168392
deepseek14b,implicature,swmimp117,2,0.20185226202011108
deepseek14b,implicature,swmimp117,3,0.19419130682945251
deepseek14b,implicature,swmimp118,1,0.3451560338338216
deepseek14b,implicature,swmimp118,2,0.31190576155980426
deepseek14b,implicature,swmimp118,3,0.410267174243927
deepseek14b,implicature,swmimp119,1,0.29244937002658844
deepseek14b,implicature,swmimp119,2,0.22839559614658356
deepseek14b,implicature,swmimp119,3,0.28854684829711913
deepseek14b,implicature,swmimp120,1,0.29089558124542236
deepseek14b,implicature,swmimp120,2,0.4190081904331843
deepseek14b,implicature,swmimp120,3,0.28137163321177167
deepseek14b,implicature,swmimp121,1,0.38003597781062126
deepseek14b,implicature,swmimp121,2,0.3061819486320019
deepseek14b,implicature,swmimp121,3,0.3087795078754425
deepseek14b,implicature,swmimp122,1,0.20920848846435547
deepseek14b,implicature,swmimp122,2,0.19821608066558838
deepseek14b,implicature,swmimp122,3,0.20136910676956177
deepseek14b,implicature,swmimp123,1,0.4029599477847417
deepseek14b,implicature,swmimp123,2,0.4645009736220042
deepseek14b,implicature,swmimp123,3,0.4032762696345647
deepseek14b,implicature,swmimp124,1,0.38689504138060976
deepseek14b,implicature,swmimp124,2,0.3852697036096028
deepseek14b,implicature,swmimp124,3,0.35033653889383587
deepseek14b,implicature,swmimp125,1,0.3309039941855839
deepseek14b,implicature,swmimp125,2,0.37043242156505585
deepseek14b,implicature,swmimp125,3,0.3886258325406483
deepseek14b,implicature,swmimp126,1,0.2939615026116371
deepseek14b,implicature,swmimp126,2,0.3041731156408787
deepseek14b,implicature,swmimp126,3,0.31142015382647514
deepseek14b,implicature,swmimp127,1,0.2998758653799693
deepseek14b,implicature,swmimp127,2,0.45416683124171364
deepseek14b,implicature,swmimp127,3,0.4210275676515367
deepseek14b,implicature,swmimp128,1,0.3210170328617096
deepseek14b,implicature,swmimp128,2,0.3516285479068756
deepseek14b,implicature,swmimp128,3,0.3206944684187571
deepseek14b,implicature,swmimp129,1,0.33833326896031696
deepseek14b,implicature,swmimp129,2,0.23185904820760092
deepseek14b,implicature,swmimp129,3,0.36296851312120754
deepseek14b,implicature,swmimp130,1,0.2822306023703681
deepseek14b,implicature,swmimp130,2,0.1822894745402866
deepseek14b,implicature,swmimp130,3,0.4132508933544159
deepseek14b,implicature,swmimp131,1,0.45853636662165326
deepseek14b,implicature,swmimp131,2,0.3080298602581024
deepseek14b,implicature,swmimp131,3,0.23743459582328796
deepseek14b,implicature,swmimp132,1,0.29457221627235414
deepseek14b,implicature,swmimp132,2,0.19848105311393738
deepseek14b,implicature,swmimp132,3,0.2186240792274475
deepseek14b,implicature,swmimp133,1,0.26956839561462403
deepseek14b,implicature,swmimp133,2,0.36434513330459595
deepseek14b,implicature,swmimp133,3,0.4103848457336426
deepseek14b,implicature,swmimp134,1,0.32667140165964764
deepseek14b,implicature,swmimp134,2,0.21506813168525696
deepseek14b,implicature,swmimp134,3,0.27448217074076336
deepseek14b,implicature,swmimp135,1,0.366764634847641
deepseek14b,implicature,swmimp135,2,0.319314144551754
deepseek14b,implicature,swmimp135,3,0.338888768106699
deepseek14b,implicature,swmimp136,1,0.2909126281738281
deepseek14b,implicature,swmimp136,2,0.41233536005020144
deepseek14b,implicature,swmimp136,3,0.39925256967544553
deepseek14b,implicature,swmimp137,1,0.5775529940923055
deepseek14b,implicature,swmimp137,2,0.3442949453989665
deepseek14b,implicature,swmimp137,3,0.42794761061668396
deepseek14b,implicature,swmimp138,1,0.18018022775650025
deepseek14b,implicature,swmimp138,2,0.25117266178131104
deepseek14b,implicature,swmimp138,3,0.19408124685287476
deepseek14b,implicature,swmimp139,1,0.4688246250152588
deepseek14b,implicature,swmimp139,2,0.39355068121637615
deepseek14b,implicature,swmimp139,3,0.207189108644213
deepseek14b,implicature,swmimp140,1,0.40006737038493156
deepseek14b,implicature,swmimp140,2,0.3471239432692528
deepseek14b,implicature,swmimp140,3,0.34784567687246537
deepseek14b,implicature,swmimp141,1,0.1859279453754425
deepseek14b,implicature,swmimp141,2,0.15226229429244995
deepseek14b,implicature,swmimp141,3,0.19244658946990967
deepseek14b,implicature,swmimp142,1,0.3352036012543572
deepseek14b,implicature,swmimp142,2,0.3813311556975047
deepseek14b,implicature,swmimp142,3,0.45238625672128463
deepseek14b,implicature,swmimp143,1,0.3819364887826583
deepseek14b,implicature,swmimp143,2,0.3440233977401958
deepseek14b,implicature,swmimp143,3,0.4237048450638266
deepseek14b,implicature,swmimp144,1,0.44201662323691626
deepseek14b,implicature,swmimp144,2,0.3989401391961358
deepseek14b,implicature,swmimp144,3,0.4121993455019864
deepseek14b,implicature,swmimp145,1,0.397378146648407
deepseek14b,implicature,swmimp145,2,0.6339548677206039
deepseek14b,implicature,swmimp145,3,0.280412753423055
deepseek14b,implicature,swmimp146,1,0.39533693317709295
deepseek14b,implicature,swmimp146,2,0.30604444906629363
deepseek14b,implicature,swmimp146,3,0.3702662802975753
deepseek14b,implicature,swmimp147,1,0.2232408987151252
deepseek14b,implicature,swmimp147,2,0.3107864492469364
deepseek14b,implicature,swmimp147,3,0.2599971360630459
deepseek14b,implicature,swmimp148,1,0.36410902784420895
deepseek14b,implicature,swmimp148,2,0.3110512884763571
deepseek14b,implicature,swmimp148,3,0.31911861208768993
deepseek14b,implicature,swmimp149,1,0.33559669852256774
deepseek14b,implicature,swmimp149,2,0.40914577841758726
deepseek14b,implicature,swmimp149,3,0.17891570925712585
deepseek14b,implicature,swmimp150,1,0.2981593728065491
deepseek14b,implicature,swmimp150,2,0.3721192479133606
deepseek14b,implicature,swmimp150,3,0.3864312171936035
deepseek14b,implicature,swmimp151,1,0.45893377917153494
deepseek14b,implicature,swmimp151,2,0.3263123333454132
deepseek14b,implicature,swmimp151,3,0.36285722255706787
deepseek14b,implicature,swmimp152,1,0.26016130050023395
deepseek14b,implicature,swmimp152,2,0.31131017539236283
deepseek14b,implicature,swmimp152,3,0.2497902380095588
deepseek14b,implicature,swmimp153,1,0.3043889535797967
deepseek14b,implicature,swmimp153,2,0.26374922196070355
deepseek14b,implicature,swmimp153,3,0.34731510943836635
deepseek14b,implicature,swmimp154,1,0.4844996647702323
deepseek14b,implicature,swmimp154,2,0.3963778118292491
deepseek14b,implicature,swmimp154,3,0.4002174594336086
deepseek14b,implicature,swmimp155,1,0.2711597681045532
deepseek14b,implicature,swmimp155,2,0.36747437715530396
deepseek14b,implicature,swmimp155,3,0.2757309675216675
deepseek14b,implicature,swmimp156,1,0.4161937259710752
deepseek14b,implicature,swmimp156,2,0.24648552216016328
deepseek14b,implicature,swmimp156,3,0.24353713255662185
deepseek14b,implicature,swmimp157,1,0.41680794954299927
deepseek14b,implicature,swmimp157,2,0.28254397710164386
deepseek14b,implicature,swmimp157,3,0.45197299122810364
deepseek14b,implicature,swmimp158,1,0.39471834897994995
deepseek14b,implicature,swmimp158,2,0.27220404148101807
deepseek14b,implicature,swmimp158,3,0.5123718678951263
deepseek14b,implicature,swmimp159,1,0.26506854806627544
deepseek14b,implicature,swmimp159,2,0.4381242607321058
deepseek14b,implicature,swmimp159,3,0.28894474676677157
deepseek14b,implicature,swmimp160,1,0.3607545367309025
deepseek14b,implicature,swmimp160,2,0.4177162987845285
deepseek14b,implicature,swmimp160,3,0.35030481219291687
deepseek14b,implicature,swmimp161,1,0.34643395457948956
deepseek14b,implicature,swmimp161,2,0.561569264956883
deepseek14b,implicature,swmimp161,3,0.40584986550467356
deepseek14b,implicature,swmimp162,1,0.3290533473094304
deepseek14b,implicature,swmimp162,2,0.35258252422014874
deepseek14b,implicature,swmimp162,3,0.3109813133875529
deepseek14b,implicature,swmimp163,1,0.23933416273858812
deepseek14b,implicature,swmimp163,2,0.4054686923821767
deepseek14b,implicature,swmimp163,3,0.3014739983611637
deepseek14b,implicature,swmimp164,1,0.3344370201230049
deepseek14b,implicature,swmimp164,2,0.15303751826286316
deepseek14b,implicature,swmimp164,3,0.15461783111095428
deepseek14b,implicature,swmimp165,1,0.5326917270819346
deepseek14b,implicature,swmimp165,2,0.45979395508766174
deepseek14b,implicature,swmimp165,3,0.42351483305295307
deepseek14b,implicature,swmimp166,1,0.2501671314239502
deepseek14b,implicature,swmimp166,2,0.0884040892124176
deepseek14b,implicature,swmimp166,3,0.10806387662887573
deepseek14b,implicature,swmimp167,1,0.4365266740322113
deepseek14b,implicature,swmimp167,2,0.26323399543762205
deepseek14b,implicature,swmimp167,3,0.4745240032672882
deepseek14b,implicature,swmimp168,1,0.2493260602156321
deepseek14b,implicature,swmimp168,2,0.31568246086438495
deepseek14b,implicature,swmimp168,3,0.30797963837782544
deepseek14b,implicature,swmimp169,1,0.2982649852832158
deepseek14b,implicature,swmimp169,2,0.3384282737970352
deepseek14b,implicature,swmimp169,3,0.29976998766263324
deepseek14b,implicature,swmimp170,1,0.3720407858490944
deepseek14b,implicature,swmimp170,2,0.17950662970542908
deepseek14b,implicature,swmimp170,3,0.36167337000370026
deepseek14b,implicature,swmimp171,1,0.3248453140258789
deepseek14b,implicature,swmimp171,2,0.2557196888056668
deepseek14b,implicature,swmimp171,3,0.35309548811479047
deepseek14b,implicature,swmimp172,1,0.6394917567571005
deepseek14b,implicature,swmimp172,2,0.222460667292277
deepseek14b,implicature,swmimp172,3,0.5539274513721466
deepseek14b,implicature,swmimp173,1,0.27200284600257874
deepseek14b,implicature,swmimp173,2,0.41259878873825073
deepseek14b,implicature,swmimp173,3,0.24101117253303528
deepseek14b,implicature,swmimp174,1,0.3575889587402344
deepseek14b,implicature,swmimp174,2,0.363827520608902
deepseek14b,implicature,swmimp174,3,0.37804220914840697
deepseek14b,implicature,swmimp175,1,0.19250094890594482
deepseek14b,implicature,swmimp175,2,0.29429653882980344
deepseek14b,implicature,swmimp175,3,0.2927483916282654
deepseek14b,implicature,swmimp176,1,0.36362102031707766
deepseek14b,implicature,swmimp176,2,0.4310926377773285
deepseek14b,implicature,swmimp176,3,0.32483127117156985
deepseek14b,implicature,swmimp177,1,0.20822644233703613
deepseek14b,implicature,swmimp177,2,0.37321074519838604
deepseek14b,implicature,swmimp177,3,0.39316145862851826
deepseek14b,implicature,swmimp178,1,0.37118608460706826
deepseek14b,implicature,swmimp178,2,0.2808858384104336
deepseek14b,implicature,swmimp178,3,0.4017815589904785
deepseek14b,implicature,swmimp179,1,0.27761315554380417
deepseek14b,implicature,swmimp179,2,0.47970376163721085
deepseek14b,implicature,swmimp179,3,0.462886655703187
deepseek14b,implicature,swmimp180,1,0.4368178009986877
deepseek14b,implicature,swmimp180,2,0.33029523491859436
deepseek14b,implicature,swmimp180,3,0.26270983219146726
deepseek14b,implicature,swmimp181,1,0.46116914067949566
deepseek14b,implicature,swmimp181,2,0.42366098506110056
deepseek14b,implicature,swmimp181,3,0.26347177369253977
deepseek14b,implicature,swmimp182,1,0.43657374382019043
deepseek14b,implicature,swmimp182,2,0.21099966764450073
deepseek14b,implicature,swmimp182,3,0.25398939847946167
deepseek14b,implicature,swmimp183,1,0.33777083953221637
deepseek14b,implicature,swmimp183,2,0.2518746852874756
deepseek14b,implicature,swmimp183,3,0.32869158188501996
deepseek14b,implicature,swmimp184,1,0.5157712548971176
deepseek14b,implicature,swmimp184,2,0.23538625240325928
deepseek14b,implicature,swmimp184,3,0.29463671147823334
deepseek14b,implicature,swmimp185,1,0.2958112731575966
deepseek14b,implicature,swmimp185,2,0.2978064715862274
deepseek14b,implicature,swmimp185,3,0.3122480809688568
deepseek14b,implicature,swmimp186,1,0.45234596729278564
deepseek14b,implicature,swmimp186,2,0.4677339196205139
deepseek14b,implicature,swmimp186,3,0.423409640789032
deepseek14b,implicature,swmimp187,1,0.5435911118984222
deepseek14b,implicature,swmimp187,2,0.32591064274311066
deepseek14b,implicature,swmimp187,3,0.35955318808555603
deepseek14b,implicature,swmimp188,1,0.38438791036605835
deepseek14b,implicature,swmimp188,2,0.33300892263650894
deepseek14b,implicature,swmimp188,3,0.23242737352848053
deepseek14b,implicature,swmimp189,1,0.2551358739535014
deepseek14b,implicature,swmimp189,2,0.2878699501355489
deepseek14b,implicature,swmimp189,3,0.3871365984280904
deepseek14b,implicature,swmimp190,1,0.4223301112651825
deepseek14b,implicature,swmimp190,2,0.2214507261912028
deepseek14b,implicature,swmimp190,3,0.4749313195546468
deepseek14b,implicature,swmimp191,1,0.2062217891216278
deepseek14b,implicature,swmimp191,2,0.20701727271080017
deepseek14b,implicature,swmimp191,3,0.2900878041982651
deepseek14b,implicature,swmimp192,1,0.2868500202894211
deepseek14b,implicature,swmimp192,2,0.43799588084220886
deepseek14b,implicature,swmimp192,3,0.4043314680457115
deepseek14b,implicature,swmimp193,1,0.17202369372049967
deepseek14b,implicature,swmimp193,2,0.4294669032096863
deepseek14b,implicature,swmimp193,3,0.516684333483378
deepseek14b,implicature,swmimp194,1,0.47286967039108274
deepseek14b,implicature,swmimp194,2,0.40067461133003235
deepseek14b,implicature,swmimp194,3,0.37579614520072935
deepseek14b,implicature,swmimp195,1,0.2514733672142029
deepseek14b,implicature,swmimp195,2,0.24960451655917698
deepseek14b,implicature,swmimp195,3,0.22919419076707628
deepseek14b,implicature,swmimp196,1,0.26905256509780884
deepseek14b,implicature,swmimp196,2,0.4238755653301875
deepseek14b,implicature,swmimp196,3,0.25804632902145386
deepseek14b,implicature,swmimp197,1,0.30664268136024475
deepseek14b,implicature,swmimp197,2,0.42317089438438416
deepseek14b,implicature,swmimp197,3,0.35825806856155396
deepseek14b,implicature,swmimp198,1,0.23049098253250122
deepseek14b,implicature,swmimp198,2,0.2755187352498372
deepseek14b,implicature,swmimp198,3,0.19418728351593018
deepseek14b,implicature,swmimp199,1,0.22070595622062683
deepseek14b,implicature,swmimp199,2,0.2785615026950836
deepseek14b,implicature,swmimp199,3,0.31023119390010834
deepseek14b,implicature,swmimp200,1,0.4554263651371002
deepseek14b,implicature,swmimp200,2,0.37250415484110516
deepseek14b,implicature,swmimp200,3,0.31103718280792236
deepseek32b,false_belief,fb001,1,0.09467543661594391
deepseek32b,false_belief,fb001,2,0.08280874788761139
deepseek32b,false_belief,fb001,3,0.08107399940490723
deepseek32b,false_belief,fb002,1,0.061956155300140384
deepseek32b,false_belief,fb002,2,0.07276632785797119
deepseek32b,false_belief,fb002,3,0.061777138710021974
deepseek32b,false_belief,fb003,1,0.08297249674797058
deepseek32b,false_belief,fb003,2,0.05423194169998169
deepseek32b,false_belief,fb003,3,0.05825287103652954
deepseek32b,false_belief,fb004,1,0.10149367153644562
deepseek32b,false_belief,fb004,2,0.07467778027057648
deepseek32b,false_belief,fb004,3,0.0938911885023117
deepseek32b,false_belief,fb005,1,0.08247441053390503
deepseek32b,false_belief,fb005,2,0.11076706647872925
deepseek32b,false_belief,fb005,3,0.08095017075538635
deepseek32b,false_belief,fb006,1,0.08636431396007538
deepseek32b,false_belief,fb006,2,0.13614384829998016
deepseek32b,false_belief,fb006,3,0.13850528001785278
deepseek32b,false_belief,fb007,1,0.14423012733459473
deepseek32b,false_belief,fb007,2,0.09551939368247986
deepseek32b,false_belief,fb007,3,0.2617853172123432
deepseek32b,false_belief,fb008,1,0.05057801306247711
deepseek32b,false_belief,fb008,2,0.037917837500572205
deepseek32b,false_belief,fb008,3,0.06944747269153595
deepseek32b,false_belief,fb009,1,0.10825578371683757
deepseek32b,false_belief,fb009,2,0.1025364597638448
deepseek32b,false_belief,fb009,3,0.09604098399480183
deepseek32b,false_belief,fb010,1,0.09285628795623779
deepseek32b,false_belief,fb010,2,0.09146153926849365
deepseek32b,false_belief,fb010,3,0.09940454363822937
deepseek32b,false_belief,fb011,1,0.07100741565227509
deepseek32b,false_belief,fb011,2,0.06751692295074463
deepseek32b,false_belief,fb011,3,0.1176237016916275
deepseek32b,false_belief,fb012,1,0.10075515508651733
deepseek32b,false_belief,fb012,2,0.0831037312746048
deepseek32b,false_belief,fb012,3,0.09357808530330658
deepseek32b,false_belief,fb013,1,0.09250083565711975
deepseek32b,false_belief,fb013,2,0.31300613400526345
deepseek32b,false_belief,fb013,3,0.10216465592384338
deepseek32b,false_belief,fb014,1,0.11063957214355469
deepseek32b,false_belief,fb014,2,0.1395215392112732
deepseek32b,false_belief,fb014,3,0.10049062967300415
deepseek32b,false_belief,fb015,1,0.08263185620307922
deepseek32b,false_belief,fb015,2,0.07840771973133087
deepseek32b,false_belief,fb015,3,0.11217376589775085
deepseek32b,false_belief,fb016,1,0.12501156330108643
deepseek32b,false_belief,fb016,2,0.07810281217098236
deepseek32b,false_belief,fb016,3,0.08430162072181702
deepseek32b,false_belief,fb017,1,0.06713588535785675
deepseek32b,false_belief,fb017,2,0.06608006358146667
deepseek32b,false_belief,fb017,3,0.08650964498519897
deepseek32b,false_belief,fb018,1,0.08633188903331757
deepseek32b,false_belief,fb018,2,0.09741339087486267
deepseek32b,false_belief,fb018,3,0.07745161652565002
deepseek32b,false_belief,fb019,1,0.13164979219436646
deepseek32b,false_belief,fb019,2,0.10786397755146027
deepseek32b,false_belief,fb019,3,0.08955897390842438
deepseek32b,false_belief,fb020,1,0.11157310009002686
deepseek32b,false_belief,fb020,2,0.1277419775724411
deepseek32b,false_belief,fb020,3,0.15783825516700745
deepseek32b,false_belief,fb021,1,0.1013755202293396
deepseek32b,false_belief,fb021,2,0.06100584268569946
deepseek32b,false_belief,fb021,3,0.07436304092407227
deepseek32b,false_belief,fb022,1,0.09928447008132935
deepseek32b,false_belief,fb022,2,0.139704167842865
deepseek32b,false_belief,fb022,3,0.18801163136959076
deepseek32b,false_belief,fb023,1,0.23899729251861573
deepseek32b,false_belief,fb023,2,0.11066260337829589
deepseek32b,false_belief,fb023,3,0.11643649339675903
deepseek32b,false_belief,fb024,1,0.09218551715215047
deepseek32b,false_belief,fb024,2,0.18475552399953207
deepseek32b,false_belief,fb024,3,0.09089887142181396
deepseek32b,false_belief,fb025,1,0.07277019321918488
deepseek32b,false_belief,fb025,2,0.08349134027957916
deepseek32b,false_belief,fb025,3,0.10397250950336456
deepseek32b,false_belief,fb026,1,0.18302168448766074
deepseek32b,false_belief,fb026,2,0.12751728296279907
deepseek32b,false_belief,fb026,3,0.10986451307932536
deepseek32b,false_belief,fb027,1,0.1237586537996928
deepseek32b,false_belief,fb027,2,0.1407342553138733
deepseek32b,false_belief,fb027,3,0.10952965418497722
deepseek32b,false_belief,fb028,1,0.13429003953933716
deepseek32b,false_belief,fb028,2,0.10298039019107819
deepseek32b,false_belief,fb028,3,0.12712402641773224
deepseek32b,false_belief,fb029,1,0.07821202278137207
deepseek32b,false_belief,fb029,2,0.08494699001312256
deepseek32b,false_belief,fb029,3,0.14711330831050873
deepseek32b,false_belief,fb030,1,0.06286987662315369
deepseek32b,false_belief,fb030,2,0.08215062320232391
deepseek32b,false_belief,fb030,3,0.06714935600757599
deepseek32b,false_belief,fb031,1,0.10337074100971222
deepseek32b,false_belief,fb031,2,0.10597455501556396
deepseek32b,false_belief,fb031,3,0.12240466475486755
deepseek32b,false_belief,fb032,1,0.08278459310531616
deepseek32b,false_belief,fb032,2,0.11493031680583954
deepseek32b,false_belief,fb032,3,0.05832169950008392
deepseek32b,false_belief,fb033,1,0.0747845321893692
deepseek32b,false_belief,fb033,2,0.0923597663640976
deepseek32b,false_belief,fb033,3,0.07682698965072632
deepseek32b,false_belief,fb034,1,0.08983582258224487
deepseek32b,false_belief,fb034,2,0.06717945635318756
deepseek32b,false_belief,fb034,3,0.08887393772602081
deepseek32b,false_belief,fb035,1,0.1178082525730133
deepseek32b,false_belief,fb035,2,0.11998984217643738
deepseek32b,false_belief,fb035,3,0.09181861579418182
deepseek32b,false_belief,fb036,1,0.14360448122024536
deepseek32b,false_belief,fb036,2,0.07766956090927124
deepseek32b,false_belief,fb036,3,0.13391262292861938
deepseek32b,false_belief,fb037,1,0.29405211843550205
deepseek32b,false_belief,fb037,2,0.07625709474086761
deepseek32b,false_belief,fb037,3,0.07006917893886566
deepseek32b,false_belief,fb038,1,0.12194986641407013
deepseek32b,false_belief,fb038,2,0.16057488322257996
deepseek32b,false_belief,fb038,3,0.16520018875598907
deepseek32b,false_belief,fb039,1,0.06753869354724884
deepseek32b,false_belief,fb039,2,0.06349392235279083
deepseek32b,false_belief,fb039,3,0.0878593921661377
deepseek32b,false_belief,fb040,1,0.09605571627616882
deepseek32b,false_belief,fb040,2,0.09322993457317352
deepseek32b,false_belief,fb040,3,0.12945067882537842
deepseek32b,false_belief,fb041,1,0.13561783730983734
deepseek32b,false_belief,fb041,2,0.14555570483207703
deepseek32b,false_belief,fb041,3,0.14082922041416168
deepseek32b,false_belief,fb042,1,0.11827707290649414
deepseek32b,false_belief,fb042,2,0.16104918718338013
deepseek32b,false_belief,fb042,3,0.15742605924606323
deepseek32b,false_belief,fb043,1,0.09507855772972107
deepseek32b,false_belief,fb043,2,0.13831304013729095
deepseek32b,false_belief,fb043,3,0.16386444866657257
deepseek32b,false_belief,fb044,1,0.11566519737243652
deepseek32b,false_belief,fb044,2,0.13099296391010284
deepseek32b,false_belief,fb044,3,0.11795231699943542
deepseek32b,false_belief,fb045,1,0.08533235788345336
deepseek32b,false_belief,fb045,2,0.0860094428062439
deepseek32b,false_belief,fb045,3,0.05958975553512573
deepseek32b,false_belief,fb046,1,0.0855642557144165
deepseek32b,false_belief,fb046,2,0.07781946659088135
deepseek32b,false_belief,fb046,3,0.08112965524196625
deepseek32b,false_belief,fb047,1,0.12016481161117554
deepseek32b,false_belief,fb047,2,0.05896800756454468
deepseek32b,false_belief,fb047,3,0.19458045065402985
deepseek32b,false_belief,fb048,1,0.11189419031143188
deepseek32b,false_belief,fb048,2,0.08126547932624817
deepseek32b,false_belief,fb048,3,0.08586245775222778
deepseek32b,false_belief,fb049,1,0.07821007072925568
deepseek32b,false_belief,fb049,2,0.07145696878433228
deepseek32b,false_belief,fb049,3,0.0935286283493042
deepseek32b,false_belief,fb050,1,0.10838422179222107
deepseek32b,false_belief,fb050,2,0.1310412883758545
deepseek32b,false_belief,fb050,3,0.13668954372406006
deepseek32b,false_belief,fb051,1,0.10155504941940308
deepseek32b,false_belief,fb051,2,0.08455508947372437
deepseek32b,false_belief,fb051,3,0.09908207257588704
deepseek32b,false_belief,fb052,1,0.08465918898582458
deepseek32b,false_belief,fb052,2,0.08802278339862823
deepseek32b,false_belief,fb052,3,0.07075618207454681
deepseek32b,false_belief,fb053,1,0.06309911608695984
deepseek32b,false_belief,fb053,2,0.07856401801109314
deepseek32b,false_belief,fb053,3,0.0825120359659195
deepseek32b,false_belief,fb054,1,0.14469076693058014
deepseek32b,false_belief,fb054,2,0.07638469338417053
deepseek32b,false_belief,fb054,3,0.19130390882492065
deepseek32b,false_belief,fb055,1,0.10206954181194305
deepseek32b,false_belief,fb055,2,0.10223379731178284
deepseek32b,false_belief,fb055,3,0.08771242201328278
deepseek32b,false_belief,fb056,1,0.1416473239660263
deepseek32b,false_belief,fb056,2,0.10973645746707916
deepseek32b,false_belief,fb056,3,0.11608986556529999
deepseek32b,false_belief,fb057,1,0.10941898822784424
deepseek32b,false_belief,fb057,2,0.13724496960639954
deepseek32b,false_belief,fb057,3,0.1872546225786209
deepseek32b,false_belief,fb058,1,0.13670752942562103
deepseek32b,false_belief,fb058,2,0.09634323418140411
deepseek32b,false_belief,fb058,3,0.11944474279880524
deepseek32b,false_belief,fb059,1,0.10586845874786377
deepseek32b,false_belief,fb059,2,0.10477791726589203
deepseek32b,false_belief,fb059,3,0.10355424880981445
deepseek32b,false_belief,fb060,1,0.1459818333387375
deepseek32b,false_belief,fb060,2,0.1433161348104477
deepseek32b,false_belief,fb060,3,0.10583138465881348
deepseek32b,false_belief,sfp011,1,0.14534001052379608
deepseek32b,false_belief,sfp011,2,0.09168790280818939
deepseek32b,false_belief,sfp011,3,0.09971784055233002
deepseek32b,false_belief,sfp012,1,0.11593551933765411
deepseek32b,false_belief,sfp012,2,0.08814407885074615
deepseek32b,false_belief,sfp012,3,0.06777569651603699
deepseek32b,false_belief,sfp013,1,0.06913268566131592
deepseek32b,false_belief,sfp013,2,0.08366313576698303
deepseek32b,false_belief,sfp013,3,0.08377261459827423
deepseek32b,false_belief,sfp014,1,0.16016815106074014
deepseek32b,false_belief,sfp014,2,0.08952796459197998
deepseek32b,false_belief,sfp014,3,0.09023517370223999
deepseek32b,false_belief,sfp015,1,0.07801287174224854
deepseek32b,false_belief,sfp015,2,0.05328354835510254
deepseek32b,false_belief,sfp015,3,0.1152491807937622
deepseek32b,false_belief,sfp016,1,0.10904980897903442
deepseek32b,false_belief,sfp016,2,0.07946754693984985
deepseek32b,false_belief,sfp016,3,0.09930508136749268
deepseek32b,false_belief,sfp017,1,0.1466469168663025
deepseek32b,false_belief,sfp017,2,0.16560757160186768
deepseek32b,false_belief,sfp017,3,0.13145238161087036
deepseek32b,false_belief,sfp018,1,0.19286344945430756
deepseek32b,false_belief,sfp018,2,0.09875267744064331
deepseek32b,false_belief,sfp018,3,0.1926538348197937
deepseek32b,false_belief,sfp019,1,0.13642479479312897
deepseek32b,false_belief,sfp019,2,0.1892108917236328
deepseek32b,false_belief,sfp019,3,0.17980380356311798
deepseek32b,false_belief,sfp020,1,0.08950231969356537
deepseek32b,false_belief,sfp020,2,0.09417550265789032
deepseek32b,false_belief,sfp020,3,0.08043234050273895
deepseek32b,faux_pas,sfp001,1,0.17469769716262817
deepseek32b,faux_pas,sfp001,2,0.294634735584259
deepseek32b,faux_pas,sfp001,3,0.18718868494033813
deepseek32b,faux_pas,sfp002,1,0.43890250474214554
deepseek32b,faux_pas,sfp002,2,0.43462443351745605
deepseek32b,faux_pas,sfp002,3,0.32060107588768005
deepseek32b,faux_pas,sfp003,1,0.5595299452543259
deepseek32b,faux_pas,sfp003,2,0.36749621480703354
deepseek32b,faux_pas,sfp003,3,0.4164048060774803
deepseek32b,faux_pas,sfp004,1,0.3030878156423569
deepseek32b,faux_pas,sfp004,2,0.29779916256666183
deepseek32b,faux_pas,sfp004,3,0.38325850665569305
deepseek32b,faux_pas,sfp005,1,0.4202389754354954
deepseek32b,faux_pas,sfp005,2,0.32762956991791725
deepseek32b,faux_pas,sfp005,3,0.23367629945278168
deepseek32b,faux_pas,sfp006,1,0.37255212664604187
deepseek32b,faux_pas,sfp006,2,0.4090266078710556
deepseek32b,faux_pas,sfp006,3,0.2186676561832428
deepseek32b,faux_pas,sfp007,1,0.42527519911527634
deepseek32b,faux_pas,sfp007,2,0.3530537411570549
deepseek32b,faux_pas,sfp007,3,0.38471005856990814
deepseek32b,faux_pas,sfp008,1,0.17985086441040038
deepseek32b,faux_pas,sfp008,2,0.24802968502044678
deepseek32b,faux_pas,sfp008,3,0.2938661813735962
deepseek32b,faux_pas,sfp009,1,0.33303829034169513
deepseek32b,faux_pas,sfp009,2,0.3461524248123169
deepseek32b,faux_pas,sfp009,3,0.39470821619033813
deepseek32b,faux_pas,sfp010,1,0.2944650451342265
deepseek32b,faux_pas,sfp010,2,0.4271929959456126
deepseek32b,faux_pas,sfp010,3,0.45909712711970013
deepseek32b,implicature,swmimp001,1,0.16426364013126918
deepseek32b,implicature,swmimp001,2,0.24534463030951364
deepseek32b,implicature,swmimp001,3,0.23873518194471086
deepseek32b,implicature,swmimp002,1,0.38359235525131224
deepseek32b,implicature,swmimp002,2,0.37120600938797
deepseek32b,implicature,swmimp002,3,0.2944578051567078
deepseek32b,implicature,swmimp003,1,0.25011340777079266
deepseek32b,implicature,swmimp003,2,0.302571435769399
deepseek32b,implicature,swmimp003,3,0.352986474831899
deepseek32b,implicature,swmimp004,1,0.3056381344795227
deepseek32b,implicature,swmimp004,2,0.2533672899007797
deepseek32b,implicature,swmimp004,3,0.35203085094690323
deepseek32b,implicature,swmimp005,1,0.23597734173138937
deepseek32b,implicature,swmimp005,2,0.2388426959514618
deepseek32b,implicature,swmimp005,3,0.16986976067225137
deepseek32b,implicature,swmimp006,1,0.25573869546254474
deepseek32b,implicature,swmimp006,2,0.18997408946355185
deepseek32b,implicature,swmimp006,3,0.21656344334284464
deepseek32b,implicature,swmimp007,1,0.2772199170930045
deepseek32b,implicature,swmimp007,2,0.3532651024205344
deepseek32b,implicature,swmimp007,3,0.2520636320114136
deepseek32b,implicature,swmimp008,1,0.17977131605148317
deepseek32b,implicature,swmimp008,2,0.1294817328453064
deepseek32b,implicature,swmimp008,3,0.10867576599121094
deepseek32b,implicature,swmimp009,1,0.1484226703643799
deepseek32b,implicature,swmimp009,2,0.08669161796569824
deepseek32b,implicature,swmimp009,3,0.1739548921585083
deepseek32b,implicature,swmimp010,1,0.4041897654533386
deepseek32b,implicature,swmimp010,2,0.3708508312702179
deepseek32b,implicature,swmimp010,3,0.2996981590986252
deepseek32b,implicature,swmimp011,1,0.28445321321487427
deepseek32b,implicature,swmimp011,2,0.3122223913669586
deepseek32b,implicature,swmimp011,3,0.2527916431427002
deepseek32b,implicature,swmimp012,1,0.15197211503982544
deepseek32b,implicature,swmimp012,2,0.22679402430852255
deepseek32b,implicature,swmimp012,3,0.16007637977600098
deepseek32b,implicature,swmimp013,1,0.14420431852340698
deepseek32b,implicature,swmimp013,2,0.20146214962005615
deepseek32b,implicature,swmimp013,3,0.31095078587532043
deepseek32b,implicature,swmimp014,1,0.24031725525856018
deepseek32b,implicature,swmimp014,2,0.2985732853412628
deepseek32b,implicature,swmimp014,3,0.2750771939754486
deepseek32b,implicature,swmimp015,1,0.2861338257789612
deepseek32b,implicature,swmimp015,2,0.5420491695404053
deepseek32b,implicature,swmimp015,3,0.44124066829681396
deepseek32b,implicature,swmimp016,1,0.13562168346510994
deepseek32b,implicature,swmimp016,2,0.16234895255830553
deepseek32b,implicature,swmimp016,3,0.13876142104466757
deepseek32b,implicature,swmimp017,1,0.20707706610361734
deepseek32b,implicature,swmimp017,2,0.18631428480148315
deepseek32b,implicature,swmimp017,3,0.27001655101776123
deepseek32b,implicature,swmimp018,1,0.28936532139778137
deepseek32b,implicature,swmimp018,2,0.3487018644809723
deepseek32b,implicature,swmimp018,3,0.3292093873023987
deepseek32b,implicature,swmimp019,1,0.16404128074645996
deepseek32b,implicature,swmimp019,2,0.1242823600769043
deepseek32b,implicature,swmimp019,3,0.12963826954364777
deepseek32b,implicature,swmimp020,1,0.16886927684148154
deepseek32b,implicature,swmimp020,2,0.23430999120076498
deepseek32b,implicature,swmimp020,3,0.2205023169517517
deepseek32b,implicature,swmimp021,1,0.1559818983078003
deepseek32b,implicature,swmimp021,2,0.3053591847419739
deepseek32b,implicature,swmimp021,3,0.23205876350402832
deepseek32b,implicature,swmimp022,1,0.4032447338104248
deepseek32b,implicature,swmimp022,2,0.45097053050994873
deepseek32b,implicature,swmimp022,3,0.4654705623785655
deepseek32b,implicature,swmimp023,1,0.2749403715133667
deepseek32b,implicature,swmimp023,2,0.11192017793655396
deepseek32b,implicature,swmimp023,3,0.22667229175567627
deepseek32b,implicature,swmimp024,1,0.24112194776535034
deepseek32b,implicature,swmimp024,2,0.3238505870103836
deepseek32b,implicature,swmimp024,3,0.18502408266067505
deepseek32b,implicature,swmimp025,1,0.2325191617012024
deepseek32b,implicature,swmimp025,2,0.31174306869506835
deepseek32b,implicature,swmimp025,3,0.23586599826812743
deepseek32b,implicature,swmimp026,1,0.16143526136875153
deepseek32b,implicature,swmimp026,2,0.32435590773820877
deepseek32b,implicature,swmimp026,3,0.20582883059978485
deepseek32b,implicature,swmimp027,1,0.1853215992450714
deepseek32b,implicature,swmimp027,2,0.3009204566478729
deepseek32b,implicature,swmimp027,3,0.30514389276504517
deepseek32b,implicature,swmimp028,1,0.2139986753463745
deepseek32b,implicature,swmimp028,2,0.25262580315272015
deepseek32b,implicature,swmimp028,3,0.21351280808448792
deepseek32b,implicature,swmimp029,1,0.1315328280131022
deepseek32b,implicature,swmimp029,2,0.37811241547266644
deepseek32b,implicature,swmimp029,3,0.35832806428273517
deepseek32b,implicature,swmimp030,1,0.24586224555969238
deepseek32b,implicature,swmimp030,2,0.11167679230372111
deepseek32b,implicature,swmimp030,3,0.10790812969207764
deepseek32b,implicature,swmimp031,1,0.30307123916489737
deepseek32b,implicature,swmimp031,2,0.26470366546085905
deepseek32b,implicature,swmimp031,3,0.30446132591792513
deepseek32b,implicature,swmimp032,1,0.3068052331606547
deepseek32b,implicature,swmimp032,2,0.2798554946978887
deepseek32b,implicature,swmimp032,3,0.24762776494026184
deepseek32b,implicature,swmimp033,1,0.2131824493408203
deepseek32b,implicature,swmimp033,2,0.31221291422843933
deepseek32b,implicature,swmimp033,3,0.3678918108344078
deepseek32b,implicature,swmimp034,1,0.1797063648700714
deepseek32b,implicature,swmimp034,2,0.26114311814308167
deepseek32b,implicature,swmimp034,3,0.21660855412483215
deepseek32b,implicature,swmimp035,1,0.23901507258415222
deepseek32b,implicature,swmimp035,2,0.2287866473197937
deepseek32b,implicature,swmimp035,3,0.24149180948734283
deepseek32b,implicature,swmimp036,1,0.31112889051437376
deepseek32b,implicature,swmimp036,2,0.3373029828071594
deepseek32b,implicature,swmimp036,3,0.32655358910560606
deepseek32b,implicature,swmimp037,1,0.26953426003456116
deepseek32b,implicature,swmimp037,2,0.22474269568920135
deepseek32b,implicature,swmimp037,3,0.2258078157901764
deepseek32b,implicature,swmimp038,1,0.17839054266611734
deepseek32b,implicature,swmimp038,2,0.184689591328303
deepseek32b,implicature,swmimp038,3,0.17129323879877725
deepseek32b,implicature,swmimp039,1,0.32458133697509767
deepseek32b,implicature,swmimp039,2,0.48064220547676084
deepseek32b,implicature,swmimp039,3,0.22071623802185059
deepseek32b,implicature,swmimp040,1,0.2056725174188614
deepseek32b,implicature,swmimp040,2,0.3391520082950592
deepseek32b,implicature,swmimp040,3,0.36789561808109283
deepseek32b,implicature,swmimp041,1,0.36904773116111755
deepseek32b,implicature,swmimp041,2,0.22959144413471222
deepseek32b,implicature,swmimp041,3,0.22573353350162506
deepseek32b,implicature,swmimp042,1,0.3037136197090149
deepseek32b,implicature,swmimp042,2,0.4458615879217784
deepseek32b,implicature,swmimp042,3,0.38810547192891437
deepseek32b,implicature,swmimp043,1,0.2096235752105713
deepseek32b,implicature,swmimp043,2,0.2613561749458313
deepseek32b,implicature,swmimp043,3,0.3044007420539856
deepseek32b,implicature,swmimp044,1,0.19078878164291382
deepseek32b,implicature,swmimp044,2,0.23560538291931152
deepseek32b,implicature,swmimp044,3,0.22956715822219848
deepseek32b,implicature,swmimp045,1,0.2046309858560562
deepseek32b,implicature,swmimp045,2,0.28566765785217285
deepseek32b,implicature,swmimp045,3,0.3071063309907913
deepseek32b,implicature,swmimp046,1,0.22076648473739624
deepseek32b,implicature,swmimp046,2,0.269858181476593
deepseek32b,implicature,swmimp046,3,0.2511485695838928
deepseek32b,implicature,swmimp047,1,0.15151647726694742
deepseek32b,implicature,swmimp047,2,0.1957833170890808
deepseek32b,implicature,swmimp047,3,0.31212298075358075
deepseek32b,implicature,swmimp048,1,0.30096858739852905
deepseek32b,implicature,swmimp048,2,0.2049151360988617
deepseek32b,implicature,swmimp048,3,0.22384102642536163
deepseek32b,implicature,swmimp049,1,0.23859332501888275
deepseek32b,implicature,swmimp049,2,0.33836425840854645
deepseek32b,implicature,swmimp049,3,0.14237268269062042
deepseek32b,implicature,swmimp050,1,0.33314400911331177
deepseek32b,implicature,swmimp050,2,0.2528934121131897
deepseek32b,implicature,swmimp050,3,0.17764374017715454
deepseek32b,implicature,swmimp051,1,0.15646098852157592
deepseek32b,implicature,swmimp051,2,0.2840370416641235
deepseek32b,implicature,swmimp051,3,0.25088236331939695
deepseek32b,implicature,swmimp052,1,0.2402963787317276
deepseek32b,implicature,swmimp052,2,0.2572956681251526
deepseek32b,implicature,swmimp052,3,0.2872970998287201
deepseek32b,implicature,swmimp053,1,0.2615771492322286
deepseek32b,implicature,swmimp053,2,0.3112705449263255
deepseek32b,implicature,swmimp053,3,0.2049665848414103
deepseek32b,implicature,swmimp054,1,0.17629510164260864
deepseek32b,implicature,swmimp054,2,0.2751436233520508
deepseek32b,implicature,swmimp054,3,0.368175208568573
deepseek32b,implicature,swmimp055,1,0.4344151198863983
deepseek32b,implicature,swmimp055,2,0.3690430998802185
deepseek32b,implicature,swmimp055,3,0.3460085988044739
deepseek32b,implicature,swmimp056,1,0.2838749885559082
deepseek32b,implicature,swmimp056,2,0.2749460240205129
deepseek32b,implicature,swmimp056,3,0.27899760007858276
deepseek32b,implicature,swmimp057,1,0.36016181111335754
deepseek32b,implicature,swmimp057,2,0.30363184213638306
deepseek32b,implicature,swmimp057,3,0.26723992824554443
deepseek32b,implicature,swmimp058,1,0.18403623501459757
deepseek32b,implicature,swmimp058,2,0.10784236590067546
deepseek32b,implicature,swmimp058,3,0.17858296632766724
deepseek32b,implicature,swmimp059,1,0.23904724419116974
deepseek32b,implicature,swmimp059,2,0.1772245615720749
deepseek32b,implicature,swmimp059,3,0.25659047067165375
deepseek32b,implicature,swmimp060,1,0.16279484828313193
deepseek32b,implicature,swmimp060,2,0.1881927251815796
deepseek32b,implicature,swmimp060,3,0.2733163038889567
deepseek32b,implicature,swmimp061,1,0.30155107378959656
deepseek32b,implicature,swmimp061,2,0.19746923446655273
deepseek32b,implicature,swmimp061,3,0.6585302501916885
deepseek32b,implicature,swmimp062,1,0.22372462352116904
deepseek32b,implicature,swmimp062,2,0.15687835216522217
deepseek32b,implicature,swmimp062,3,0.36173460880915326
deepseek32b,implicature,swmimp063,1,0.3402550369501114
deepseek32b,implicature,swmimp063,2,0.18236158788204193
deepseek32b,implicature,swmimp063,3,0.28378449380397797
deepseek32b,implicature,swmimp064,1,0.39207378029823303
deepseek32b,implicature,swmimp064,2,0.2316800206899643
deepseek32b,implicature,swmimp064,3,0.22149242460727692
deepseek32b,implicature,swmimp065,1,0.31594984730084735
deepseek32b,implicature,swmimp065,2,0.29986143112182617
deepseek32b,implicature,swmimp065,3,0.3855330099662145
deepseek32b,implicature,swmimp066,1,0.2249955733617147
deepseek32b,implicature,swmimp066,2,0.1633394956588745
deepseek32b,implicature,swmimp066,3,0.3722684383392334
deepseek32b,implicature,swmimp067,1,0.16551765203475952
deepseek32b,implicature,swmimp067,2,0.29807913303375244
deepseek32b,implicature,swmimp067,3,0.22602399587631225
deepseek32b,implicature,swmimp068,1,0.16720174749692282
deepseek32b,implicature,swmimp068,2,0.22360172867774963
deepseek32b,implicature,swmimp068,3,0.20875397324562073
deepseek32b,implicature,swmimp069,1,0.3790015459060669
deepseek32b,implicature,swmimp069,2,0.45286973714828493
deepseek32b,implicature,swmimp069,3,0.28185172080993653
deepseek32b,implicature,swmimp070,1,0.4250149130821228
deepseek32b,implicature,swmimp070,2,0.33583005517721176
deepseek32b,implicature,swmimp070,3,0.32091163098812103
deepseek32b,implicature,swmimp071,1,0.26368559896945953
deepseek32b,implicature,swmimp071,2,0.30605921149253845
deepseek32b,implicature,swmimp071,3,0.2822866290807724
deepseek32b,implicature,swmimp072,1,0.320339302221934
deepseek32b,implicature,swmimp072,2,0.23128455877304077
deepseek32b,implicature,swmimp072,3,0.2909608284632365
deepseek32b,implicature,swmimp073,1,0.2137539585431417
deepseek32b,implicature,swmimp073,2,0.3524579505125682
deepseek32b,implicature,swmimp073,3,0.2206869920094808
deepseek32b,implicature,swmimp074,1,0.1932761271794637
deepseek32b,implicature,swmimp074,2,0.20352489749590555
deepseek32b,implicature,swmimp074,3,0.1766897737979889
deepseek32b,implicature,swmimp075,1,0.15471066747392928
deepseek32b,implicature,swmimp075,2,0.133700430393219
deepseek32b,implicature,swmimp075,3,0.12153072016579765
deepseek32b,implicature,swmimp076,1,0.2592930644750595
deepseek32b,implicature,swmimp076,2,0.23292464017868042
deepseek32b,implicature,swmimp076,3,0.26402758061885834
deepseek32b,implicature,swmimp077,1,0.38426089882850645
deepseek32b,implicature,swmimp077,2,0.22527675628662108
deepseek32b,implicature,swmimp077,3,0.2589199423789978
deepseek32b,implicature,swmimp078,1,0.20635615785916647
deepseek32b,implicature,swmimp078,2,0.247444878021876
deepseek32b,implicature,swmimp078,3,0.2377638022104899
deepseek32b,implicature,swmimp079,1,0.20911317212241037
deepseek32b,implicature,swmimp079,2,0.2478466715131487
deepseek32b,implicature,swmimp079,3,0.23334391627992904
deepseek32b,implicature,swmimp080,1,0.16924738883972168
deepseek32b,implicature,swmimp080,2,0.16822773218154907
deepseek32b,implicature,swmimp080,3,0.1726158857345581
deepseek32b,implicature,swmimp081,1,0.15748281478881837
deepseek32b,implicature,swmimp081,2,0.30878046751022337
deepseek32b,implicature,swmimp081,3,0.1449108600616455
deepseek32b,implicature,swmimp082,1,0.3201402723789215
deepseek32b,implicature,swmimp082,2,0.15412572026252747
deepseek32b,implicature,swmimp082,3,0.24315257370471954
deepseek32b,implicature,swmimp083,1,0.24724306662877402
deepseek32b,implicature,swmimp083,2,0.19618716835975647
deepseek32b,implicature,swmimp083,3,0.2961951494216919
deepseek32b,implicature,swmimp084,1,0.244000244140625
deepseek32b,implicature,swmimp084,2,0.2985399603843689
deepseek32b,implicature,swmimp084,3,0.24951847791671752
deepseek32b,implicature,swmimp085,1,0.2165272980928421
deepseek32b,implicature,swmimp085,2,0.2369227334856987
deepseek32b,implicature,swmimp085,3,0.22918768972158432
deepseek32b,implicature,swmimp086,1,0.13511989116668702
deepseek32b,implicature,swmimp086,2,0.2200510859489441
deepseek32b,implicature,swmimp086,3,0.17413848638534546
deepseek32b,implicature,swmimp087,1,0.361171692609787
deepseek32b,implicature,swmimp087,2,0.3926628679037094
deepseek32b,implicature,swmimp087,3,0.3366410583257675
deepseek32b,implicature,swmimp088,1,0.44144682213664055
deepseek32b,implicature,swmimp088,2,0.3220367506146431
deepseek32b,implicature,swmimp088,3,0.2113702893257141
deepseek32b,implicature,swmimp089,1,0.37880126635233563
deepseek32b,implicature,swmimp089,2,0.24203362067540488
deepseek32b,implicature,swmimp089,3,0.25183520714441937
deepseek32b,implicature,swmimp090,1,0.16618220011393228
deepseek32b,implicature,swmimp090,2,0.13458057244618735
deepseek32b,implicature,swmimp090,3,0.17085508505503336
deepseek32b,implicature,swmimp091,1,0.30228755474090574
deepseek32b,implicature,swmimp091,2,0.15882463455200196
deepseek32b,implicature,swmimp091,3,0.2687528967857361
deepseek32b,implicature,swmimp092,1,0.2528180330991745
deepseek32b,implicature,swmimp092,2,0.3389798253774643
deepseek32b,implicature,swmimp092,3,0.27839862555265427
deepseek32b,implicature,swmimp093,1,0.20989525318145752
deepseek32b,implicature,swmimp093,2,0.2654293328523636
deepseek32b,implicature,swmimp093,3,0.19698530435562134
deepseek32b,implicature,swmimp094,1,0.2071894109249115
deepseek32b,implicature,swmimp094,2,0.14118475715319315
deepseek32b,implicature,swmimp094,3,0.2258844574292501
deepseek32b,implicature,swmimp095,1,0.1033041775226593
deepseek32b,implicature,swmimp095,2,0.1005273163318634
deepseek32b,implicature,swmimp095,3,0.09801733493804932
deepseek32b,implicature,swmimp096,1,0.21396889686584472
deepseek32b,implicature,swmimp096,2,0.1975074291229248
deepseek32b,implicature,swmimp096,3,0.3163440108299255
deepseek32b,implicature,swmimp097,1,0.23408502340316772
deepseek32b,implicature,swmimp097,2,0.21279593308766684
deepseek32b,implicature,swmimp097,3,0.2360414663950602
deepseek32b,implicature,swmimp098,1,0.3089677443106969
deepseek32b,implicature,swmimp098,2,0.38363449772198993
deepseek32b,implicature,swmimp098,3,0.2684374948342641
deepseek32b,implicature,swmimp099,1,0.29313936829566956
deepseek32b,implicature,swmimp099,2,0.30982741713523865
deepseek32b,implicature,swmimp099,3,0.2998334765434265
deepseek32b,implicature,swmimp100,1,0.34118807315826416
deepseek32b,implicature,swmimp100,2,0.2292264461517334
deepseek32b,implicature,swmimp100,3,0.35905579328536985
deepseek32b,implicature,swmimp101,1,0.35611556334929034
deepseek32b,implicature,swmimp101,2,0.27508926120671356
deepseek32b,implicature,swmimp101,3,0.2725972153923728
deepseek32b,implicature,swmimp102,1,0.24014317989349365
deepseek32b,implicature,swmimp102,2,0.33682933720675384
deepseek32b,implicature,swmimp102,3,0.20641258629885587
deepseek32b,implicature,swmimp103,1,0.0
deepseek32b,implicature,swmimp103,2,0.0
deepseek32b,implicature,swmimp103,3,0.0
deepseek32b,implicature,swmimp104,1,0.2283094200220975
deepseek32b,implicature,swmimp104,2,0.23339055884968152
deepseek32b,implicature,swmimp104,3,0.2752772948958657
deepseek32b,implicature,swmimp105,1,0.0
deepseek32b,implicature,swmimp105,2,0.0
deepseek32b,implicature,swmimp105,3,0.0
deepseek32b,implicature,swmimp106,1,0.0
deepseek32b,implicature,swmimp106,2,0.0
deepseek32b,implicature,swmimp106,3,0.0
deepseek32b,implicature,swmimp107,1,0.0
deepseek32b,implicature,swmimp107,2,0.0
deepseek32b,implicature,swmimp107,3,0.0
deepseek32b,implicature,swmimp108,1,0.0
deepseek32b,implicature,swmimp108,2,0.0
deepseek32b,implicature,swmimp108,3,0.0
deepseek32b,implicature,swmimp109,1,0.0
deepseek32b,implicature,swmimp109,2,0.0
deepseek32b,implicature,swmimp109,3,0.0
deepseek32b,implicature,swmimp110,1,0.23551520705223083
deepseek32b,implicature,swmimp110,2,0.3764217495918274
deepseek32b,implicature,swmimp110,3,0.30953076481819153
deepseek32b,implicature,swmimp111,1,0.22133375967250152
deepseek32b,implicature,swmimp111,2,0.2709680374930887
deepseek32b,implicature,swmimp111,3,0.23570707265068502
deepseek32b,implicature,swmimp112,1,0.18031949996948243
deepseek32b,implicature,swmimp112,2,0.23912982940673827
deepseek32b,implicature,swmimp112,3,0.24075229167938234
deepseek32b,implicature,swmimp113,1,0.19821672780173166
deepseek32b,implicature,swmimp113,2,0.31485737221581594
deepseek32b,implicature,swmimp113,3,0.20958502803530013
deepseek32b,implicature,swmimp114,1,0.24706221951378715
deepseek32b,implicature,swmimp114,2,0.2721206810739305
deepseek32b,implicature,swmimp114,3,0.278439246945911
deepseek32b,implicature,swmimp115,1,0.3336518704891205
deepseek32b,implicature,swmimp115,2,0.2815987467765808
deepseek32b,implicature,swmimp115,3,0.2914663255214691
deepseek32b,implicature,swmimp116,1,0.2579969863096873
deepseek32b,implicature,swmimp116,2,0.15847589572270712
deepseek32b,implicature,swmimp116,3,0.22435288627942404
deepseek32b,implicature,swmimp117,1,0.15704162418842316
deepseek32b,implicature,swmimp117,2,0.2584337294101715
deepseek32b,implicature,swmimp117,3,0.31137220561504364
deepseek32b,implicature,swmimp118,1,0.2741048534711202
deepseek32b,implicature,swmimp118,2,0.20123730103174844
deepseek32b,implicature,swmimp118,3,0.3877006570498149
deepseek32b,implicature,swmimp119,1,0.14683362543582917
deepseek32b,implicature,swmimp119,2,0.13347176909446717
deepseek32b,implicature,swmimp119,3,0.13928896486759185
deepseek32b,implicature,swmimp120,1,0.2498119374116262
deepseek32b,implicature,swmimp120,2,0.4074419438838959
deepseek32b,implicature,swmimp120,3,0.32306724786758423
deepseek32b,implicature,swmimp121,1,0.255532830953598
deepseek32b,implicature,swmimp121,2,0.25697343796491623
deepseek32b,implicature,swmimp121,3,0.30153653770685196
deepseek32b,implicature,swmimp122,1,0.27728143334388733
deepseek32b,implicature,swmimp122,2,0.23739314079284668
deepseek32b,implicature,swmimp122,3,0.27529987692832947
deepseek32b,implicature,swmimp123,1,0.27804168065388996
deepseek32b,implicature,swmimp123,2,0.30207499861717224
deepseek32b,implicature,swmimp123,3,0.31580286224683124
deepseek32b,implicature,swmimp124,1,0.3308855210031782
deepseek32b,implicature,swmimp124,2,0.2827357862676893
deepseek32b,implicature,swmimp124,3,0.2590213418006897
deepseek32b,implicature,swmimp125,1,0.1878293284348079
deepseek32b,implicature,swmimp125,2,0.15002769657543727
deepseek32b,implicature,swmimp125,3,0.12412490589278084
deepseek32b,implicature,swmimp126,1,0.3207431808114052
deepseek32b,implicature,swmimp126,2,0.2855384014546871
deepseek32b,implicature,swmimp126,3,0.1644965410232544
deepseek32b,implicature,swmimp127,1,0.2557297150293986
deepseek32b,implicature,swmimp127,2,0.1446081598599752
deepseek32b,implicature,swmimp127,3,0.20057990153630575
deepseek32b,implicature,swmimp128,1,0.21896147727966309
deepseek32b,implicature,swmimp128,2,0.30000603199005127
deepseek32b,implicature,swmimp128,3,0.2417790134747823
deepseek32b,implicature,swmimp129,1,0.2127060890197754
deepseek32b,implicature,swmimp129,2,0.265939325094223
deepseek32b,implicature,swmimp129,3,0.23365408182144165
deepseek32b,implicature,swmimp130,1,0.20269462797376844
deepseek32b,implicature,swmimp130,2,0.20014057556788126
deepseek32b,implicature,swmimp130,3,0.1350772049691942
deepseek32b,implicature,swmimp131,1,0.26138727863629657
deepseek32b,implicature,swmimp131,2,0.3292977015177409
deepseek32b,implicature,swmimp131,3,0.32481146852175397
deepseek32b,implicature,swmimp132,1,0.18248611092567443
deepseek32b,implicature,swmimp132,2,0.285291975736618
deepseek32b,implicature,swmimp132,3,0.17301400899887084
deepseek32b,implicature,swmimp133,1,0.14069640636444092
deepseek32b,implicature,swmimp133,2,0.12302961349487304
deepseek32b,implicature,swmimp133,3,0.341894394159317
deepseek32b,implicature,swmimp134,1,0.2724592685699463
deepseek32b,implicature,swmimp134,2,0.3006841739018758
deepseek32b,implicature,swmimp134,3,0.2552479108174642
deepseek32b,implicature,swmimp135,1,0.2427271604537964
deepseek32b,implicature,swmimp135,2,0.22622685879468918
deepseek32b,implicature,swmimp135,3,0.28719788044691086
deepseek32b,implicature,swmimp136,1,0.290034282207489
deepseek32b,implicature,swmimp136,2,0.26811533570289614
deepseek32b,implicature,swmimp136,3,0.2417470097541809
deepseek32b,implicature,swmimp137,1,0.3095863163471222
deepseek32b,implicature,swmimp137,2,0.30502796173095703
deepseek32b,implicature,swmimp137,3,0.42502933740615845
deepseek32b,implicature,swmimp138,1,0.3974839150905609
deepseek32b,implicature,swmimp138,2,0.2985870361328125
deepseek32b,implicature,swmimp138,3,0.29274702072143555
deepseek32b,implicature,swmimp139,1,0.23361655644008092
deepseek32b,implicature,swmimp139,2,0.3249497669083731
deepseek32b,implicature,swmimp139,3,0.18238200460161483
deepseek32b,implicature,swmimp140,1,0.24334772924582163
deepseek32b,implicature,swmimp140,2,0.2309270997842153
deepseek32b,implicature,swmimp140,3,0.23529737856653002
deepseek32b,implicature,swmimp141,1,0.1249908447265625
deepseek32b,implicature,swmimp141,2,0.11150095462799073
deepseek32b,implicature,swmimp141,3,0.13220633268356324
deepseek32b,implicature,swmimp142,1,0.2119863231976827
deepseek32b,implicature,swmimp142,2,0.2576746079656813
deepseek32b,implicature,swmimp142,3,0.29770587550269234
deepseek32b,implicature,swmimp143,1,0.15749713252572453
deepseek32b,implicature,swmimp143,2,0.19722296209896312
deepseek32b,implicature,swmimp143,3,0.231451458790723
deepseek32b,implicature,swmimp144,1,0.2930790754881772
deepseek32b,implicature,swmimp144,2,0.3270615501837297
deepseek32b,implicature,swmimp144,3,0.25782849571921607
deepseek32b,implicature,swmimp145,1,0.2730253338813782
deepseek32b,implicature,swmimp145,2,0.1809898018836975
deepseek32b,implicature,swmimp145,3,0.35058297713597614
deepseek32b,implicature,swmimp146,1,0.17977530791841703
deepseek32b,implicature,swmimp146,2,0.18700121908352293
deepseek32b,implicature,swmimp146,3,0.1727746396229185
deepseek32b,implicature,swmimp147,1,0.22678612338172066
deepseek32b,implicature,swmimp147,2,0.2633129424519009
deepseek32b,implicature,swmimp147,3,0.305366575717926
deepseek32b,implicature,swmimp148,1,0.2891489359048697
deepseek32b,implicature,swmimp148,2,0.275649382517888
deepseek32b,implicature,swmimp148,3,0.2220098880621103
deepseek32b,implicature,swmimp149,1,0.2565937638282776
deepseek32b,implicature,swmimp149,2,0.22007493376731874
deepseek32b,implicature,swmimp149,3,0.21526755690574645
deepseek32b,implicature,swmimp150,1,0.27420668601989745
deepseek32b,implicature,swmimp150,2,0.28927836418151853
deepseek32b,implicature,swmimp150,3,0.2830647945404053
deepseek32b,implicature,swmimp151,1,0.21385068552834646
deepseek32b,implicature,swmimp151,2,0.11861263002668108
deepseek32b,implicature,swmimp151,3,0.2529396840504238
deepseek32b,implicature,swmimp152,1,0.1959139241112603
deepseek32b,implicature,swmimp152,2,0.15747308731079102
deepseek32b,implicature,swmimp152,3,0.11601175202263726
deepseek32b,implicature,swmimp153,1,0.3074239393075307
deepseek32b,implicature,swmimp153,2,0.3298371169302199
deepseek32b,implicature,swmimp153,3,0.280566993686888
deepseek32b,implicature,swmimp154,1,0.18344305455684662
deepseek32b,implicature,swmimp154,2,0.17861815293629965
deepseek32b,implicature,swmimp154,3,0.17873063352372912
deepseek32b,implicature,swmimp155,1,0.2310703992843628
deepseek32b,implicature,swmimp155,2,0.37877732515335083
deepseek32b,implicature,swmimp155,3,0.2968587279319763
deepseek32b,implicature,swmimp156,1,0.23309496732858512
deepseek32b,implicature,swmimp156,2,0.26258803330934966
deepseek32b,implicature,swmimp156,3,0.22379229160455558
deepseek32b,implicature,swmimp157,1,0.3996176024278005
deepseek32b,implicature,swmimp157,2,0.3578770061333974
deepseek32b,implicature,swmimp157,3,0.3197558919588725
deepseek32b,implicature,swmimp158,1,0.3184186816215515
deepseek32b,implicature,swmimp158,2,0.23968708515167236
deepseek32b,implicature,swmimp158,3,0.24100354313850403
deepseek32b,implicature,swmimp159,1,0.29547338826315744
deepseek32b,implicature,swmimp159,2,0.26824050290243967
deepseek32b,implicature,swmimp159,3,0.29130575486591886
deepseek32b,implicature,swmimp160,1,0.25535658427647184
deepseek32b,implicature,swmimp160,2,0.3256455489567348
deepseek32b,implicature,swmimp160,3,0.25226478917258127
deepseek32b,implicature,swmimp161,1,0.4275608701365335
deepseek32b,implicature,swmimp161,2,0.39697859968457905
deepseek32b,implicature,swmimp161,3,0.367171117237636
deepseek32b,implicature,swmimp162,1,0.2775265375773112
deepseek32b,implicature,swmimp162,2,0.2590025067329407
deepseek32b,implicature,swmimp162,3,0.2710885802904765
deepseek32b,implicature,swmimp163,1,0.2441335850291782
deepseek32b,implicature,swmimp163,2,0.1848148438665602
deepseek32b,implicature,swmimp163,3,0.19512473543485007
deepseek32b,implicature,swmimp164,1,0.30582278966903687
deepseek32b,implicature,swmimp164,2,0.13388392329216003
deepseek32b,implicature,swmimp164,3,0.18206089735031128
deepseek32b,implicature,swmimp165,1,0.33119521538416546
deepseek32b,implicature,swmimp165,2,0.5602805217107137
deepseek32b,implicature,swmimp165,3,0.3127910892168681
deepseek32b,implicature,swmimp166,1,0.3011517822742462
deepseek32b,implicature,swmimp166,2,0.2886723279953003
deepseek32b,implicature,swmimp166,3,0.2792111337184906
deepseek32b,implicature,swmimp167,1,0.30892821550369265
deepseek32b,implicature,swmimp167,2,0.2098832130432129
deepseek32b,implicature,swmimp167,3,0.3377660632133484
deepseek32b,implicature,swmimp168,1,0.3201431731383006
deepseek32b,implicature,swmimp168,2,0.25730299949645996
deepseek32b,implicature,swmimp168,3,0.2192996839682261
deepseek32b,implicature,swmimp169,1,0.25338199734687805
deepseek32b,implicature,swmimp169,2,0.209750364224116
deepseek32b,implicature,swmimp169,3,0.25106362501780194
deepseek32b,implicature,swmimp170,1,0.23564596474170685
deepseek32b,implicature,swmimp170,2,0.19117026031017303
deepseek32b,implicature,swmimp170,3,0.23648782074451447
deepseek32b,implicature,swmimp171,1,0.20960459925911643
deepseek32b,implicature,swmimp171,2,0.19168352538889105
deepseek32b,implicature,swmimp171,3,0.25118479945442895
deepseek32b,implicature,swmimp172,1,0.2466516892115275
deepseek32b,implicature,swmimp172,2,0.4493120511372884
deepseek32b,implicature,swmimp172,3,0.2848259210586548
deepseek32b,implicature,swmimp173,1,0.22618836164474487
deepseek32b,implicature,swmimp173,2,0.288802407681942
deepseek32b,implicature,swmimp173,3,0.3107224702835083
deepseek32b,implicature,swmimp174,1,0.3443194508552551
deepseek32b,implicature,swmimp174,2,0.43225682973861695
deepseek32b,implicature,swmimp174,3,0.37480400800704955
deepseek32b,implicature,swmimp175,1,0.26336097717285156
deepseek32b,implicature,swmimp175,2,0.21960173845291137
deepseek32b,implicature,swmimp175,3,0.3066270112991333
deepseek32b,implicature,swmimp176,1,0.40904759168624877
deepseek32b,implicature,swmimp176,2,0.29913192987442017
deepseek32b,implicature,swmimp176,3,0.28642088174819946
deepseek32b,implicature,swmimp177,1,0.29180822627885
deepseek32b,implicature,swmimp177,2,0.19463599579674856
deepseek32b,implicature,swmimp177,3,0.30045067838260103
deepseek32b,implicature,swmimp178,1,0.24214793303433588
deepseek32b,implicature,swmimp178,2,0.2610137567800634
deepseek32b,implicature,swmimp178,3,0.31422342097058015
deepseek32b,implicature,swmimp179,1,0.2554483711719513
deepseek32b,implicature,swmimp179,2,0.444298692047596
deepseek32b,implicature,swmimp179,3,0.29319532960653305
deepseek32b,implicature,swmimp180,1,0.22653857469558716
deepseek32b,implicature,swmimp180,2,0.2612219095230103
deepseek32b,implicature,swmimp180,3,0.3020570158958435
deepseek32b,implicature,swmimp181,1,0.17730423382350377
deepseek32b,implicature,swmimp181,2,0.16769064324242727
deepseek32b,implicature,swmimp181,3,0.22728286470685685
deepseek32b,implicature,swmimp182,1,0.4859730005264282
deepseek32b,implicature,swmimp182,2,0.34360867738723755
deepseek32b,implicature,swmimp182,3,0.404153048992157
deepseek32b,implicature,swmimp183,1,0.3813692629337311
deepseek32b,implicature,swmimp183,2,0.3187921444574992
deepseek32b,implicature,swmimp183,3,0.421450396378835
deepseek32b,implicature,swmimp184,1,0.22483444213867188
deepseek32b,implicature,swmimp184,2,0.2875675857067108
deepseek32b,implicature,swmimp184,3,0.32424819469451904
deepseek32b,implicature,swmimp185,1,0.32998599112033844
deepseek32b,implicature,swmimp185,2,0.3201117217540741
deepseek32b,implicature,swmimp185,3,0.28876835107803345
deepseek32b,implicature,swmimp186,1,0.29033541679382324
deepseek32b,implicature,swmimp186,2,0.21432524919509888
deepseek32b,implicature,swmimp186,3,0.13257157802581787
deepseek32b,implicature,swmimp187,1,0.18544349074363708
deepseek32b,implicature,swmimp187,2,0.2471981644630432
deepseek32b,implicature,swmimp187,3,0.10327205061912537
deepseek32b,implicature,swmimp188,1,0.2115904539823532
deepseek32b,implicature,swmimp188,2,0.3448360413312912
deepseek32b,implicature,swmimp188,3,0.20042158663272858
deepseek32b,implicature,swmimp189,1,0.2353993058204651
deepseek32b,implicature,swmimp189,2,0.10275286436080933
deepseek32b,implicature,swmimp189,3,0.1472291350364685
deepseek32b,implicature,swmimp190,1,0.17066460847854614
deepseek32b,implicature,swmimp190,2,0.1923394799232483
deepseek32b,implicature,swmimp190,3,0.2925939162572225
deepseek32b,implicature,swmimp191,1,0.2424202859401703
deepseek32b,implicature,swmimp191,2,0.18033529818058014
deepseek32b,implicature,swmimp191,3,0.24571962654590607
deepseek32b,implicature,swmimp192,1,0.4087422043085098
deepseek32b,implicature,swmimp192,2,0.3378572165966034
deepseek32b,implicature,swmimp192,3,0.44101253151893616
deepseek32b,implicature,swmimp193,1,0.267938752969106
deepseek32b,implicature,swmimp193,2,0.332336684068044
deepseek32b,implicature,swmimp193,3,0.3813265760739644
deepseek32b,implicature,swmimp194,1,0.16208142042160034
deepseek32b,implicature,swmimp194,2,0.3326030969619751
deepseek32b,implicature,swmimp194,3,0.388171124458313
deepseek32b,implicature,swmimp195,1,0.24655818939208984
deepseek32b,implicature,swmimp195,2,0.14299117856555515
deepseek32b,implicature,swmimp195,3,0.17182469367980957
deepseek32b,implicature,swmimp196,1,0.24450520674387613
deepseek32b,implicature,swmimp196,2,0.28243088722229004
deepseek32b,implicature,swmimp196,3,0.24909345308939615
deepseek32b,implicature,swmimp197,1,0.2707139849662781
deepseek32b,implicature,swmimp197,2,0.2683155834674835
deepseek32b,implicature,swmimp197,3,0.25022780895233154
deepseek32b,implicature,swmimp198,1,0.13168122371037802
deepseek32b,implicature,swmimp198,2,0.26842151085535687
deepseek32b,implicature,swmimp198,3,0.26625484228134155
deepseek32b,implicature,swmimp199,1,0.22722546756267548
deepseek32b,implicature,swmimp199,2,0.2822364270687103
deepseek32b,implicature,swmimp199,3,0.144802063703537
deepseek32b,implicature,swmimp200,1,0.2266745169957479
deepseek32b,implicature,swmimp200,2,0.26335402329762775
deepseek32b,implicature,swmimp200,3,0.30503374338150024
deepseek7b,false_belief,fb001,1,0.16709448397159576
deepseek7b,false_belief,fb001,2,0.1946844756603241
deepseek7b,false_belief,fb001,3,0.16118991374969482
deepseek7b,false_belief,fb002,1,0.16069374084472657
deepseek7b,false_belief,fb002,2,0.16407594680786133
deepseek7b,false_belief,fb002,3,0.17081490755081177
deepseek7b,false_belief,fb003,1,0.13329154253005981
deepseek7b,false_belief,fb003,2,0.11073465645313263
deepseek7b,false_belief,fb003,3,0.15319882333278656
deepseek7b,false_belief,fb004,1,0.15743334591388702
deepseek7b,false_belief,fb004,2,0.17445243895053864
deepseek7b,false_belief,fb004,3,0.16791880130767822
deepseek7b,false_belief,fb005,1,0.5773576619103551
deepseek7b,false_belief,fb005,2,0.24795407056808472
deepseek7b,false_belief,fb005,3,0.26488354802131653
deepseek7b,false_belief,fb006,1,0.2341463267803192
deepseek7b,false_belief,fb006,2,0.23960216343402863
deepseek7b,false_belief,fb006,3,0.1932787001132965
deepseek7b,false_belief,fb007,1,0.16925182938575745
deepseek7b,false_belief,fb007,2,0.1657985895872116
deepseek7b,false_belief,fb007,3,0.2918125241994858
deepseek7b,false_belief,fb008,1,0.08392685651779175
deepseek7b,false_belief,fb008,2,0.1513793170452118
deepseek7b,false_belief,fb008,3,0.13893570005893707
deepseek7b,false_belief,fb009,1,0.20581541458765665
deepseek7b,false_belief,fb009,2,0.1777254343032837
deepseek7b,false_belief,fb009,3,0.25870128472646076
deepseek7b,false_belief,fb010,1,0.15752862393856049
deepseek7b,false_belief,fb010,2,0.23699404299259186
deepseek7b,false_belief,fb010,3,0.2101098746061325
deepseek7b,false_belief,fb011,1,0.13880465924739838
deepseek7b,false_belief,fb011,2,0.1299741119146347
deepseek7b,false_belief,fb011,3,0.1965445876121521
deepseek7b,false_belief,fb012,1,0.2616182565689087
deepseek7b,false_belief,fb012,2,0.19064415991306305
deepseek7b,false_belief,fb012,3,0.24194450676441193
deepseek7b,false_belief,fb013,1,0.20968422293663025
deepseek7b,false_belief,fb013,2,0.17490297555923462
deepseek7b,false_belief,fb013,3,0.27655406296253204
deepseek7b,false_belief,fb014,1,0.143457293510437
deepseek7b,false_belief,fb014,2,0.2549673318862915
deepseek7b,false_belief,fb014,3,0.2766510844230652
deepseek7b,false_belief,fb015,1,0.2933281511068344
deepseek7b,false_belief,fb015,2,0.24429656565189362
deepseek7b,false_belief,fb015,3,0.2108011394739151
deepseek7b,false_belief,fb016,1,0.15723101794719696
deepseek7b,false_belief,fb016,2,0.13914348185062408
deepseek7b,false_belief,fb016,3,0.1467745006084442
deepseek7b,false_belief,fb017,1,0.1624613106250763
deepseek7b,false_belief,fb017,2,0.2835053950548172
deepseek7b,false_belief,fb017,3,0.12741804122924805
deepseek7b,false_belief,fb018,1,0.22552786767482758
deepseek7b,false_belief,fb018,2,0.25753937661647797
deepseek7b,false_belief,fb018,3,0.24615581333637238
deepseek7b,false_belief,fb019,1,0.1323888897895813
deepseek7b,false_belief,fb019,2,0.09719252586364746
deepseek7b,false_belief,fb019,3,0.22778496146202087
deepseek7b,false_belief,fb020,1,0.20985481142997742
deepseek7b,false_belief,fb020,2,0.2788250595331192
deepseek7b,false_belief,fb020,3,0.26665206253528595
deepseek7b,false_belief,fb021,1,0.12737727165222168
deepseek7b,false_belief,fb021,2,0.19016386270523072
deepseek7b,false_belief,fb021,3,0.11946901082992553
deepseek7b,false_belief,fb022,1,0.31701041758060455
deepseek7b,false_belief,fb022,2,0.24530120193958282
deepseek7b,false_belief,fb022,3,0.2817261964082718
deepseek7b,false_belief,fb023,1,0.24024032354354857
deepseek7b,false_belief,fb023,2,0.2172090530395508
deepseek7b,false_belief,fb023,3,0.18756970167160034
deepseek7b,false_belief,fb024,1,0.2557576298713684
deepseek7b,false_belief,fb024,2,0.20177010695139566
deepseek7b,false_belief,fb024,3,0.14904709657033285
deepseek7b,false_belief,fb025,1,0.22839348018169403
deepseek7b,false_belief,fb025,2,0.2083221822977066
deepseek7b,false_belief,fb025,3,0.22677646577358246
deepseek7b,false_belief,fb026,1,0.18538999557495117
deepseek7b,false_belief,fb026,2,0.20052065451939902
deepseek7b,false_belief,fb026,3,0.23653221130371094
deepseek7b,false_belief,fb027,1,0.11990914742151897
deepseek7b,false_belief,fb027,2,0.17553637425104776
deepseek7b,false_belief,fb027,3,0.2128604253133138
deepseek7b,false_belief,fb028,1,0.20340478420257568
deepseek7b,false_belief,fb028,2,0.4534226208925247
deepseek7b,false_belief,fb028,3,0.2144884318113327
deepseek7b,false_belief,fb029,1,0.19092783331871033
deepseek7b,false_belief,fb029,2,0.11656434834003448
deepseek7b,false_belief,fb029,3,0.170353963971138
deepseek7b,false_belief,fb030,1,0.143715962767601
deepseek7b,false_belief,fb030,2,0.2175612449645996
deepseek7b,false_belief,fb030,3,0.18411831557750702
deepseek7b,false_belief,fb031,1,0.19841092824935913
deepseek7b,false_belief,fb031,2,0.26460421085357666
deepseek7b,false_belief,fb031,3,0.10061955451965332
deepseek7b,false_belief,fb032,1,0.1668534278869629
deepseek7b,false_belief,fb032,2,0.25007373094558716
deepseek7b,false_belief,fb032,3,0.1879928708076477
deepseek7b,false_belief,fb033,1,0.15820373594760895
deepseek7b,false_belief,fb033,2,0.12558108568191528
deepseek7b,false_belief,fb033,3,0.1376667618751526
deepseek7b,false_belief,fb034,1,0.14192035794258118
deepseek7b,false_belief,fb034,2,0.1852499395608902
deepseek7b,false_belief,fb034,3,0.1987590193748474
deepseek7b,false_belief,fb035,1,0.15282288193702698
deepseek7b,false_belief,fb035,2,0.23659183084964752
deepseek7b,false_belief,fb035,3,0.12270471453666687
deepseek7b,false_belief,fb036,1,0.28639806509017945
deepseek7b,false_belief,fb036,2,0.19133933782577514
deepseek7b,false_belief,fb036,3,0.1974562168121338
deepseek7b,false_belief,fb037,1,0.153842031955719
deepseek7b,false_belief,fb037,2,0.2766958922147751
deepseek7b,false_belief,fb037,3,0.1528031826019287
deepseek7b,false_belief,fb038,1,0.251957431435585
deepseek7b,false_belief,fb038,2,0.1904756724834442
deepseek7b,false_belief,fb038,3,0.19599704444408417
deepseek7b,false_belief,fb039,1,0.1889258623123169
deepseek7b,false_belief,fb039,2,0.1887635439634323
deepseek7b,false_belief,fb039,3,0.14258916676044464
deepseek7b,false_belief,fb040,1,0.22645936906337738
deepseek7b,false_belief,fb040,2,0.1868392825126648
deepseek7b,false_belief,fb040,3,0.1885138750076294
deepseek7b,false_belief,fb041,1,0.2022528052330017
deepseek7b,false_belief,fb041,2,0.2207871526479721
deepseek7b,false_belief,fb041,3,0.2330256700515747
deepseek7b,false_belief,fb042,1,0.2715437561273575
deepseek7b,false_belief,fb042,2,0.1975826770067215
deepseek7b,false_belief,fb042,3,0.1696252077817917
deepseek7b,false_belief,fb043,1,0.23018987476825714
deepseek7b,false_belief,fb043,2,0.20590440928936005
deepseek7b,false_belief,fb043,3,0.17142535746097565
deepseek7b,false_belief,fb044,1,0.2274082452058792
deepseek7b,false_belief,fb044,2,0.25799138844013214
deepseek7b,false_belief,fb044,3,0.1929696947336197
deepseek7b,false_belief,fb045,1,0.27030956745147705
deepseek7b,false_belief,fb045,2,0.23381006717681885
deepseek7b,false_belief,fb045,3,0.2935015201568604
deepseek7b,false_belief,fb046,1,0.19300197064876556
deepseek7b,false_belief,fb046,2,0.1794852316379547
deepseek7b,false_belief,fb046,3,0.17692670226097107
deepseek7b,false_belief,fb047,1,0.1877288669347763
deepseek7b,false_belief,fb047,2,0.16079658269882202
deepseek7b,false_belief,fb047,3,0.16098526120185852
deepseek7b,false_belief,fb048,1,0.21708713471889496
deepseek7b,false_belief,fb048,2,0.22025538980960846
deepseek7b,false_belief,fb048,3,0.2673549950122833
deepseek7b,false_belief,fb049,1,0.20572999119758606
deepseek7b,false_belief,fb049,2,0.2172509729862213
deepseek7b,false_belief,fb049,3,0.2182791829109192
deepseek7b,false_belief,fb050,1,0.2551795542240143
deepseek7b,false_belief,fb050,2,0.23955181241035461
deepseek7b,false_belief,fb050,3,0.25860537588596344
deepseek7b,false_belief,fb051,1,0.17043610413869223
deepseek7b,false_belief,fb051,2,0.1760717233022054
deepseek7b,false_belief,fb051,3,0.19031383593877158
deepseek7b,false_belief,fb052,1,0.11467015743255615
deepseek7b,false_belief,fb052,2,0.18707013130187988
deepseek7b,false_belief,fb052,3,0.29108092188835144
deepseek7b,false_belief,fb053,1,0.21324610710144043
deepseek7b,false_belief,fb053,2,0.2266971319913864
deepseek7b,false_belief,fb053,3,0.22984908521175385
deepseek7b,false_belief,fb054,1,0.2070733606815338
deepseek7b,false_belief,fb054,2,0.18531262874603271
deepseek7b,false_belief,fb054,3,0.19934694468975067
deepseek7b,false_belief,fb055,1,0.1967901736497879
deepseek7b,false_belief,fb055,2,0.15455564856529236
deepseek7b,false_belief,fb055,3,0.15243656933307648
deepseek7b,false_belief,fb056,1,0.2188560962677002
deepseek7b,false_belief,fb056,2,0.15680725872516632
deepseek7b,false_belief,fb056,3,0.16964347660541534
deepseek7b,false_belief,fb057,1,0.27883660793304443
deepseek7b,false_belief,fb057,2,0.29347486793994904
deepseek7b,false_belief,fb057,3,0.29202327132225037
deepseek7b,false_belief,fb058,1,0.16093164682388306
deepseek7b,false_belief,fb058,2,0.15853595733642578
deepseek7b,false_belief,fb058,3,0.2308623343706131
deepseek7b,false_belief,fb059,1,0.1839367002248764
deepseek7b,false_belief,fb059,2,0.16968007385730743
deepseek7b,false_belief,fb059,3,0.13847127556800842
deepseek7b,false_belief,fb060,1,0.22406981885433197
deepseek7b,false_belief,fb060,2,0.21663795411586761
deepseek7b,false_belief,fb060,3,0.2264384776353836
deepseek7b,false_belief,sfp011,1,0.14357715845108032
deepseek7b,false_belief,sfp011,2,0.252498596906662
deepseek7b,false_belief,sfp011,3,0.13546591997146606
deepseek7b,false_belief,sfp012,1,0.11598668992519379
deepseek7b,false_belief,sfp012,2,0.1702137291431427
deepseek7b,false_belief,sfp012,3,0.2654472291469574
deepseek7b,false_belief,sfp013,1,0.15034468472003937
deepseek7b,false_belief,sfp013,2,0.1924217939376831
deepseek7b,false_belief,sfp013,3,0.16845454275608063
deepseek7b,false_belief,sfp014,1,0.1766264041264852
deepseek7b,false_belief,sfp014,2,0.16125208139419556
deepseek7b,false_belief,sfp014,3,0.19762065013249716
deepseek7b,false_belief,sfp015,1,0.15051181316375734
deepseek7b,false_belief,sfp015,2,0.15305094718933104
deepseek7b,false_belief,sfp015,3,0.1297563433647156
deepseek7b,false_belief,sfp016,1,0.18978712558746338
deepseek7b,false_belief,sfp016,2,0.3076878547668457
deepseek7b,false_belief,sfp016,3,0.1518757939338684
deepseek7b,false_belief,sfp017,1,0.22721165418624878
deepseek7b,false_belief,sfp017,2,0.23718120157718658
deepseek7b,false_belief,sfp017,3,0.1404045820236206
deepseek7b,false_belief,sfp018,1,0.13482198119163513
deepseek7b,false_belief,sfp018,2,0.13909900188446045
deepseek7b,false_belief,sfp018,3,0.1356823444366455
deepseek7b,false_belief,sfp019,1,0.24345308542251587
deepseek7b,false_belief,sfp019,2,0.22800494730472565
deepseek7b,false_belief,sfp019,3,0.20058448612689972
deepseek7b,false_belief,sfp020,1,0.07132312655448914
deepseek7b,false_belief,sfp020,2,0.06729735434055328
deepseek7b,false_belief,sfp020,3,0.09372660517692566
deepseek7b,faux_pas,sfp001,1,0.2791395843029022
deepseek7b,faux_pas,sfp001,2,0.2802567362785339
deepseek7b,faux_pas,sfp001,3,0.2685169816017151
deepseek7b,faux_pas,sfp002,1,0.793348150793463
deepseek7b,faux_pas,sfp002,2,0.5732293576002121
deepseek7b,faux_pas,sfp002,3,0.6067289561033249
deepseek7b,faux_pas,sfp003,1,0.42328517884016037
deepseek7b,faux_pas,sfp003,2,0.6213502679020166
deepseek7b,faux_pas,sfp003,3,0.49518886394798756
deepseek7b,faux_pas,sfp004,1,0.5305935405194759
deepseek7b,faux_pas,sfp004,2,0.32704849541187286
deepseek7b,faux_pas,sfp004,3,0.38763415813446045
deepseek7b,faux_pas,sfp005,1,0.5071549825370312
deepseek7b,faux_pas,sfp005,2,0.41938313096761703
deepseek7b,faux_pas,sfp005,3,0.2075934112071991
deepseek7b,faux_pas,sfp006,1,0.40927523374557495
deepseek7b,faux_pas,sfp006,2,0.6912151239812374
deepseek7b,faux_pas,sfp006,3,0.29397669434547424
deepseek7b,faux_pas,sfp007,1,0.650445343926549
deepseek7b,faux_pas,sfp007,2,0.39330290257930756
deepseek7b,faux_pas,sfp007,3,0.7378561347723007
deepseek7b,faux_pas,sfp008,1,0.5478704452514649
deepseek7b,faux_pas,sfp008,2,0.4997327983379364
deepseek7b,faux_pas,sfp008,3,0.47727697640657424
deepseek7b,faux_pas,sfp009,1,0.4566585222880046
deepseek7b,faux_pas,sfp009,2,0.5044915676116943
deepseek7b,faux_pas,sfp009,3,0.23918139934539795
deepseek7b,faux_pas,sfp010,1,0.5630465485155582
deepseek7b,faux_pas,sfp010,2,0.5763615518808365
deepseek7b,faux_pas,sfp010,3,0.47308338681856793
deepseek7b,implicature,swmimp001,1,0.22171145677566528
deepseek7b,implicature,swmimp001,2,0.3169961656842913
deepseek7b,implicature,swmimp001,3,0.34595579334667753
deepseek7b,implicature,swmimp002,1,0.725946520268917
deepseek7b,implicature,swmimp002,2,0.6035651385784149
deepseek7b,implicature,swmimp002,3,0.5320908755064011
deepseek7b,implicature,swmimp003,1,0.18722540140151978
deepseek7b,implicature,swmimp003,2,0.3741916666428248
deepseek7b,implicature,swmimp003,3,0.7009303520123163
deepseek7b,implicature,swmimp004,1,0.2551654577255249
deepseek7b,implicature,swmimp004,2,0.5422031208872795
deepseek7b,implicature,swmimp004,3,0.25539395213127136
deepseek7b,implicature,swmimp005,1,0.3658800770839055
deepseek7b,implicature,swmimp005,2,0.3571002235015233
deepseek7b,implicature,swmimp005,3,0.3116614719231923
deepseek7b,implicature,swmimp006,1,0.3942200342814128
deepseek7b,implicature,swmimp006,2,0.5264707605044047
deepseek7b,implicature,swmimp006,3,0.3403087655703227
deepseek7b,implicature,swmimp007,1,0.344025867325919
deepseek7b,implicature,swmimp007,2,0.35831046955926077
deepseek7b,implicature,swmimp007,3,0.4172329136303493
deepseek7b,implicature,swmimp008,1,0.2645154118537903
deepseek7b,implicature,swmimp008,2,0.4475288510322571
deepseek7b,implicature,swmimp008,3,0.394887775182724
deepseek7b,implicature,swmimp009,1,0.4823350727558136
deepseek7b,implicature,swmimp009,2,0.6192938476800919
deepseek7b,implicature,swmimp009,3,0.33755328357219694
deepseek7b,implicature,swmimp010,1,0.16358841955661774
deepseek7b,implicature,swmimp010,2,0.33144327998161316
deepseek7b,implicature,swmimp010,3,0.27329371869564056
deepseek7b,implicature,swmimp011,1,0.3382917791604996
deepseek7b,implicature,swmimp011,2,0.35839058086276054
deepseek7b,implicature,swmimp011,3,0.35983727872371674
deepseek7b,implicature,swmimp012,1,0.6517955188949903
deepseek7b,implicature,swmimp012,2,0.3775995175043742
deepseek7b,implicature,swmimp012,3,0.2871336142222087
deepseek7b,implicature,swmimp013,1,0.3548752963542938
deepseek7b,implicature,swmimp013,2,0.3169581890106201
deepseek7b,implicature,swmimp013,3,0.1378636360168457
deepseek7b,implicature,swmimp014,1,0.2867528796195984
deepseek7b,implicature,swmimp014,2,0.4642990380525589
deepseek7b,implicature,swmimp014,3,0.4433422088623047
deepseek7b,implicature,swmimp015,1,0.40598756074905396
deepseek7b,implicature,swmimp015,2,0.8452704846858978
deepseek7b,implicature,swmimp015,3,0.86219123005867
deepseek7b,implicature,swmimp016,1,0.26356352700127494
deepseek7b,implicature,swmimp016,2,0.3511975275145637
deepseek7b,implicature,swmimp016,3,0.3481696711646186
deepseek7b,implicature,swmimp017,1,0.4109126478433609
deepseek7b,implicature,swmimp017,2,0.326967716217041
deepseek7b,implicature,swmimp017,3,0.34088077147801715
deepseek7b,implicature,swmimp018,1,0.8609093241393566
deepseek7b,implicature,swmimp018,2,0.3292275369167328
deepseek7b,implicature,swmimp018,3,0.045426249504089355
deepseek7b,implicature,swmimp019,1,0.3446411266922951
deepseek7b,implicature,swmimp019,2,0.12614402174949646
deepseek7b,implicature,swmimp019,3,0.3385517969727516
deepseek7b,implicature,swmimp020,1,0.23448618253072104
deepseek7b,implicature,swmimp020,2,0.2843587398529053
deepseek7b,implicature,swmimp020,3,0.2487988273302714
deepseek7b,implicature,swmimp021,1,0.9535644687712193
deepseek7b,implicature,swmimp021,2,0.9143951237201691
deepseek7b,implicature,swmimp021,3,0.68632772564888
deepseek7b,implicature,swmimp022,1,0.41230836013952893
deepseek7b,implicature,swmimp022,2,0.37533406416575116
deepseek7b,implicature,swmimp022,3,0.27564525604248047
deepseek7b,implicature,swmimp023,1,0.877033170312643
deepseek7b,implicature,swmimp023,2,0.10521247982978821
deepseek7b,implicature,swmimp023,3,0.15593546628952026
deepseek7b,implicature,swmimp024,1,0.7623189613223076
deepseek7b,implicature,swmimp024,2,0.6850288584828377
deepseek7b,implicature,swmimp024,3,0.47918881475925446
deepseek7b,implicature,swmimp025,1,0.5907664462924004
deepseek7b,implicature,swmimp025,2,0.6729487091302871
deepseek7b,implicature,swmimp025,3,0.4846450209617615
deepseek7b,implicature,swmimp026,1,0.21405158936977386
deepseek7b,implicature,swmimp026,2,0.5514022782444954
deepseek7b,implicature,swmimp026,3,0.4215349555015564
deepseek7b,implicature,swmimp027,1,0.5689627081155777
deepseek7b,implicature,swmimp027,2,0.36661747097969055
deepseek7b,implicature,swmimp027,3,0.6395715922117233
deepseek7b,implicature,swmimp028,1,0.5187453726927439
deepseek7b,implicature,swmimp028,2,0.5401911934216818
deepseek7b,implicature,swmimp028,3,0.3079642951488495
deepseek7b,implicature,swmimp029,1,0.5743934710820516
deepseek7b,implicature,swmimp029,2,0.18585477272669473
deepseek7b,implicature,swmimp029,3,0.7127274423837662
deepseek7b,implicature,swmimp030,1,0.23889793952306113
deepseek7b,implicature,swmimp030,2,0.18239933252334595
deepseek7b,implicature,swmimp030,3,0.11372880140940349
deepseek7b,implicature,swmimp031,1,0.33082189304488047
deepseek7b,implicature,swmimp031,2,0.5387480791125979
deepseek7b,implicature,swmimp031,3,0.4396590973649706
deepseek7b,implicature,swmimp032,1,0.37783033152421314
deepseek7b,implicature,swmimp032,2,0.24047939976056418
deepseek7b,implicature,swmimp032,3,0.22451160351435342
deepseek7b,implicature,swmimp033,1,0.5415362175554037
deepseek7b,implicature,swmimp033,2,0.27355068922042847
deepseek7b,implicature,swmimp033,3,0.7440069019794464
deepseek7b,implicature,swmimp034,1,0.11542171239852905
deepseek7b,implicature,swmimp034,2,0.48381297290325165
deepseek7b,implicature,swmimp034,3,0.13930338621139526
deepseek7b,implicature,swmimp035,1,0.517405990511179
deepseek7b,implicature,swmimp035,2,0.4240105599164963
deepseek7b,implicature,swmimp035,3,0.5451104864478111
deepseek7b,implicature,swmimp036,1,0.33435019850730896
deepseek7b,implicature,swmimp036,2,0.3509268581867218
deepseek7b,implicature,swmimp036,3,0.2712448716163635
deepseek7b,implicature,swmimp037,1,0.4073699787259102
deepseek7b,implicature,swmimp037,2,0.2239145189523697
deepseek7b,implicature,swmimp037,3,0.28191277384757996
deepseek7b,implicature,swmimp038,1,0.33561015129089355
deepseek7b,implicature,swmimp038,2,0.3560384213924408
deepseek7b,implicature,swmimp038,3,0.3883889118830363
deepseek7b,implicature,swmimp039,1,0.34885751605033877
deepseek7b,implicature,swmimp039,2,0.47740125060081484
deepseek7b,implicature,swmimp039,3,0.3814728260040283
deepseek7b,implicature,swmimp040,1,0.504583140835166
deepseek7b,implicature,swmimp040,2,0.46369127556681633
deepseek7b,implicature,swmimp040,3,0.3142217919230461
deepseek7b,implicature,swmimp041,1,0.14807839691638947
deepseek7b,implicature,swmimp041,2,0.2192414551973343
deepseek7b,implicature,swmimp041,3,0.31730300933122635
deepseek7b,implicature,swmimp042,1,0.4198823074499766
deepseek7b,implicature,swmimp042,2,0.4934549033641815
deepseek7b,implicature,swmimp042,3,0.48051483929157257
deepseek7b,implicature,swmimp043,1,0.20600497722625732
deepseek7b,implicature,swmimp043,2,0.5934222787618637
deepseek7b,implicature,swmimp043,3,0.433970108628273
deepseek7b,implicature,swmimp044,1,0.3290597438812256
deepseek7b,implicature,swmimp044,2,0.4223767280578613
deepseek7b,implicature,swmimp044,3,0.3692965030670166
deepseek7b,implicature,swmimp045,1,0.6138675734400749
deepseek7b,implicature,swmimp045,2,0.6221159547567368
deepseek7b,implicature,swmimp045,3,0.29235443472862244
deepseek7b,implicature,swmimp046,1,0.36305513978004456
deepseek7b,implicature,swmimp046,2,0.49779200851917266
deepseek7b,implicature,swmimp046,3,0.1986275792121887
deepseek7b,implicature,swmimp047,1,0.24664674202601114
deepseek7b,implicature,swmimp047,2,0.3044802248477936
deepseek7b,implicature,swmimp047,3,0.34961289167404175
deepseek7b,implicature,swmimp048,1,0.2868390679359436
deepseek7b,implicature,swmimp048,2,0.29648010432720184
deepseek7b,implicature,swmimp048,3,0.18142227828502655
deepseek7b,implicature,swmimp049,1,0.4139096662402153
deepseek7b,implicature,swmimp049,2,0.25265952944755554
deepseek7b,implicature,swmimp049,3,0.3068935126066208
deepseek7b,implicature,swmimp050,1,0.2987876653671265
deepseek7b,implicature,swmimp050,2,0.19274784326553346
deepseek7b,implicature,swmimp050,3,0.15097358226776122
deepseek7b,implicature,swmimp051,1,0.39914603233337403
deepseek7b,implicature,swmimp051,2,0.353594970703125
deepseek7b,implicature,swmimp051,3,0.25068905353546145
deepseek7b,implicature,swmimp052,1,0.5610586404800415
deepseek7b,implicature,swmimp052,2,0.47472618520259857
deepseek7b,implicature,swmimp052,3,0.3111841380596161
deepseek7b,implicature,swmimp053,1,0.36659156282742816
deepseek7b,implicature,swmimp053,2,0.20700021584828696
deepseek7b,implicature,swmimp053,3,0.404474601149559
deepseek7b,implicature,swmimp054,1,0.24014586210250854
deepseek7b,implicature,swmimp054,2,0.2921905517578125
deepseek7b,implicature,swmimp054,3,0.32529497146606445
deepseek7b,implicature,swmimp055,1,0.4201270639896393
deepseek7b,implicature,swmimp055,2,0.4077918231487274
deepseek7b,implicature,swmimp055,3,0.3763848185539246
deepseek7b,implicature,swmimp056,1,0.4091477890809377
deepseek7b,implicature,swmimp056,2,0.28242115179697674
deepseek7b,implicature,swmimp056,3,0.33711691697438556
deepseek7b,implicature,swmimp057,1,0.3910160760084788
deepseek7b,implicature,swmimp057,2,0.3630319635073344
deepseek7b,implicature,swmimp057,3,0.72123451034228
deepseek7b,implicature,swmimp058,1,0.24831942717234293
deepseek7b,implicature,swmimp058,2,0.2847146888573964
deepseek7b,implicature,swmimp058,3,0.19324475526809692
deepseek7b,implicature,swmimp059,1,0.2843841314315796
deepseek7b,implicature,swmimp059,2,0.29999539256095886
deepseek7b,implicature,swmimp059,3,0.29175516963005066
deepseek7b,implicature,swmimp060,1,0.44642776250839233
deepseek7b,implicature,swmimp060,2,0.4121331771214803
deepseek7b,implicature,swmimp060,3,0.5230620304743449
deepseek7b,implicature,swmimp061,1,0.34254345297813416
deepseek7b,implicature,swmimp061,2,0.2966597080230713
deepseek7b,implicature,swmimp061,3,0.41628438234329224
deepseek7b,implicature,swmimp062,1,0.09787313143412273
deepseek7b,implicature,swmimp062,2,0.14737534523010254
deepseek7b,implicature,swmimp062,3,0.47379957636197406
deepseek7b,implicature,swmimp063,1,0.5323508717119694
deepseek7b,implicature,swmimp063,2,0.6226275712251663
deepseek7b,implicature,swmimp063,3,0.5958696436136961
deepseek7b,implicature,swmimp064,1,0.2858981341123581
deepseek7b,implicature,swmimp064,2,0.4747689887881279
deepseek7b,implicature,swmimp064,3,0.3514304459095001
deepseek7b,implicature,swmimp065,1,0.368449330329895
deepseek7b,implicature,swmimp065,2,0.3484792610009511
deepseek7b,implicature,swmimp065,3,0.2818494439125061
deepseek7b,implicature,swmimp066,1,0.7820674677689871
deepseek7b,implicature,swmimp066,2,0.29332272211710614
deepseek7b,implicature,swmimp066,3,0.3576299746831258
deepseek7b,implicature,swmimp067,1,0.362717741727829
deepseek7b,implicature,swmimp067,2,0.21746606826782228
deepseek7b,implicature,swmimp067,3,0.26312536001205444
deepseek7b,implicature,swmimp068,1,0.4228108872969945
deepseek7b,implicature,swmimp068,2,0.5696439445018768
deepseek7b,implicature,swmimp068,3,0.33868714918692905
deepseek7b,implicature,swmimp069,1,0.42324641942977903
deepseek7b,implicature,swmimp069,2,0.3561670362949371
deepseek7b,implicature,swmimp069,3,0.2767930507659912
deepseek7b,implicature,swmimp070,1,0.1651868224143982
deepseek7b,implicature,swmimp070,2,0.5089462772011757
deepseek7b,implicature,swmimp070,3,0.2367471307516098
deepseek7b,implicature,swmimp071,1,0.657338622957468
deepseek7b,implicature,swmimp071,2,0.2023703008890152
deepseek7b,implicature,swmimp071,3,0.5019928067922592
deepseek7b,implicature,swmimp072,1,0.4146008292833964
deepseek7b,implicature,swmimp072,2,0.21998649835586548
deepseek7b,implicature,swmimp072,3,0.2899983525276184
deepseek7b,implicature,swmimp073,1,0.5521211152275404
deepseek7b,implicature,swmimp073,2,0.4866641163825989
deepseek7b,implicature,swmimp073,3,0.6674430097142855
deepseek7b,implicature,swmimp074,1,0.2948024074236552
deepseek7b,implicature,swmimp074,2,0.5028270656863848
deepseek7b,implicature,swmimp074,3,0.22389681140581766
deepseek7b,implicature,swmimp075,1,0.49691946378776003
deepseek7b,implicature,swmimp075,2,0.3547136975186212
deepseek7b,implicature,swmimp075,3,0.3918526406799044
deepseek7b,implicature,swmimp076,1,0.31325241923332214
deepseek7b,implicature,swmimp076,2,0.4321248084306717
deepseek7b,implicature,swmimp076,3,0.586689580231905
deepseek7b,implicature,swmimp077,1,0.4319719135761261
deepseek7b,implicature,swmimp077,2,0.4051687180995941
deepseek7b,implicature,swmimp077,3,0.4198731243610382
deepseek7b,implicature,swmimp078,1,0.2837507128715515
deepseek7b,implicature,swmimp078,2,0.45653989911079407
deepseek7b,implicature,swmimp078,3,0.3947790712118149
deepseek7b,implicature,swmimp079,1,0.5435465340103421
deepseek7b,implicature,swmimp079,2,0.4698010299886976
deepseek7b,implicature,swmimp079,3,0.3747924566268921
deepseek7b,implicature,swmimp080,1,0.30019923448562624
deepseek7b,implicature,swmimp080,2,0.1782092809677124
deepseek7b,implicature,swmimp080,3,0.24851596355438232
deepseek7b,implicature,swmimp081,1,0.4718948841094971
deepseek7b,implicature,swmimp081,2,0.46771579384803774
deepseek7b,implicature,swmimp081,3,0.43519832491874694
deepseek7b,implicature,swmimp082,1,0.5535901468247175
deepseek7b,implicature,swmimp082,2,0.5832677073776722
deepseek7b,implicature,swmimp082,3,0.39562689885497093
deepseek7b,implicature,swmimp083,1,0.2569792370001475
deepseek7b,implicature,swmimp083,2,0.30458341042200726
deepseek7b,implicature,swmimp083,3,0.23193698128064474
deepseek7b,implicature,swmimp084,1,0.2574401140213013
deepseek7b,implicature,swmimp084,2,0.5969285473227501
deepseek7b,implicature,swmimp084,3,0.28024137020111084
deepseek7b,implicature,swmimp085,1,0.4253808939829469
deepseek7b,implicature,swmimp085,2,0.549065331928432
deepseek7b,implicature,swmimp085,3,0.3485068902373314
deepseek7b,implicature,swmimp086,1,0.37494001984596254
deepseek7b,implicature,swmimp086,2,0.38424739241600037
deepseek7b,implicature,swmimp086,3,0.360951292514801
deepseek7b,implicature,swmimp087,1,0.6414422690868378
deepseek7b,implicature,swmimp087,2,0.534635741263628
deepseek7b,implicature,swmimp087,3,0.5578168854117393
deepseek7b,implicature,swmimp088,1,0.4328673332929611
deepseek7b,implicature,swmimp088,2,0.5575115755200386
deepseek7b,implicature,swmimp088,3,0.49769147112965584
deepseek7b,implicature,swmimp089,1,0.3567274212837219
deepseek7b,implicature,swmimp089,2,0.4124518434206645
deepseek7b,implicature,swmimp089,3,0.4790408213933309
deepseek7b,implicature,swmimp090,1,0.43060259024302167
deepseek7b,implicature,swmimp090,2,0.535097286105156
deepseek7b,implicature,swmimp090,3,0.15483001867930093
deepseek7b,implicature,swmimp091,1,0.40824466943740845
deepseek7b,implicature,swmimp091,2,0.5058224081993103
deepseek7b,implicature,swmimp091,3,0.466544634103775
deepseek7b,implicature,swmimp092,1,0.6033368818461895
deepseek7b,implicature,swmimp092,2,0.528290219604969
deepseek7b,implicature,swmimp092,3,0.4101771041750908
deepseek7b,implicature,swmimp093,1,0.434588729403913
deepseek7b,implicature,swmimp093,2,0.28518106043338776
deepseek7b,implicature,swmimp093,3,0.3575000464916229
deepseek7b,implicature,swmimp094,1,0.40404000381628674
deepseek7b,implicature,swmimp094,2,0.3706289033095042
deepseek7b,implicature,swmimp094,3,0.2930968205134074
deepseek7b,implicature,swmimp095,1,0.3225259780883789
deepseek7b,implicature,swmimp095,2,0.4120055362582207
deepseek7b,implicature,swmimp095,3,0.34099099040031433
deepseek7b,implicature,swmimp096,1,0.6323042422533035
deepseek7b,implicature,swmimp096,2,0.4635893017053604
deepseek7b,implicature,swmimp096,3,0.5440969049930573
deepseek7b,implicature,swmimp097,1,0.3717113596697648
deepseek7b,implicature,swmimp097,2,0.3244772255420685
deepseek7b,implicature,swmimp097,3,0.3128747840722402
deepseek7b,implicature,swmimp098,1,0.5479162850727638
deepseek7b,implicature,swmimp098,2,0.3746851434310277
deepseek7b,implicature,swmimp098,3,0.38586826125780743
deepseek7b,implicature,swmimp099,1,0.3155476152896881
deepseek7b,implicature,swmimp099,2,0.23486901819705963
deepseek7b,implicature,swmimp099,3,0.5545885115861893
deepseek7b,implicature,swmimp100,1,0.39864585995674134
deepseek7b,implicature,swmimp100,2,0.49560210704803465
deepseek7b,implicature,swmimp100,3,0.5298451691865921
deepseek7b,implicature,swmimp101,1,0.30766737732020294
deepseek7b,implicature,swmimp101,2,0.37886431135914544
deepseek7b,implicature,swmimp101,3,0.3930357586253773
deepseek7b,implicature,swmimp102,1,0.3258425959131934
deepseek7b,implicature,swmimp102,2,0.3542201099070636
deepseek7b,implicature,swmimp102,3,0.25743998180736194
deepseek7b,implicature,swmimp103,1,0.0
deepseek7b,implicature,swmimp103,2,0.0
deepseek7b,implicature,swmimp103,3,0.0
deepseek7b,implicature,swmimp104,1,0.16873697259209372
deepseek7b,implicature,swmimp104,2,0.40195411985570734
deepseek7b,implicature,swmimp104,3,0.3356016793034293
deepseek7b,implicature,swmimp105,1,0.0
deepseek7b,implicature,swmimp105,2,0.0
deepseek7b,implicature,swmimp105,3,0.0
deepseek7b,implicature,swmimp106,1,0.0
deepseek7b,implicature,swmimp106,2,0.0
deepseek7b,implicature,swmimp106,3,0.0
deepseek7b,implicature,swmimp107,1,0.0
deepseek7b,implicature,swmimp107,2,0.0
deepseek7b,implicature,swmimp107,3,0.0
deepseek7b,implicature,swmimp108,1,0.0
deepseek7b,implicature,swmimp108,2,0.0
deepseek7b,implicature,swmimp108,3,0.0
deepseek7b,implicature,swmimp109,1,0.0
deepseek7b,implicature,swmimp109,2,0.0
deepseek7b,implicature,swmimp109,3,0.0
deepseek7b,implicature,swmimp110,1,0.4566318392753601
deepseek7b,implicature,swmimp110,2,0.6220341101288795
deepseek7b,implicature,swmimp110,3,0.3441551625728607
deepseek7b,implicature,swmimp111,1,0.2566870030234842
deepseek7b,implicature,swmimp111,2,0.3172101413502413
deepseek7b,implicature,swmimp111,3,0.2814526768291698
deepseek7b,implicature,swmimp112,1,0.5439224779605866
deepseek7b,implicature,swmimp112,2,0.5410684868693352
deepseek7b,implicature,swmimp112,3,0.38273773789405824
deepseek7b,implicature,swmimp113,1,0.5130406234945569
deepseek7b,implicature,swmimp113,2,0.4712701626121998
deepseek7b,implicature,swmimp113,3,0.6616891430956977
deepseek7b,implicature,swmimp114,1,0.5009436222414175
deepseek7b,implicature,swmimp114,2,0.2791976051198112
deepseek7b,implicature,swmimp114,3,0.2994323902659946
deepseek7b,implicature,swmimp115,1,0.5918122343719006
deepseek7b,implicature,swmimp115,2,0.5074967369437218
deepseek7b,implicature,swmimp115,3,0.5339967664331198
deepseek7b,implicature,swmimp116,1,0.2845611572265625
deepseek7b,implicature,swmimp116,2,0.3598247567812602
deepseek7b,implicature,swmimp116,3,0.42997772494951886
deepseek7b,implicature,swmimp117,1,0.5787224397063255
deepseek7b,implicature,swmimp117,2,0.7304572872817516
deepseek7b,implicature,swmimp117,3,0.6528386287391186
deepseek7b,implicature,swmimp118,1,0.4441424111525218
deepseek7b,implicature,swmimp118,2,0.45325109362602234
deepseek7b,implicature,swmimp118,3,0.5105595141649246
deepseek7b,implicature,swmimp119,1,0.1493905395269394
deepseek7b,implicature,swmimp119,2,0.18413991928100587
deepseek7b,implicature,swmimp119,3,0.15215064883232116
deepseek7b,implicature,swmimp120,1,0.4476498179137707
deepseek7b,implicature,swmimp120,2,0.19725861152013144
deepseek7b,implicature,swmimp120,3,0.2854517201582591
deepseek7b,implicature,swmimp121,1,0.3738114535808563
deepseek7b,implicature,swmimp121,2,0.5251133069396019
deepseek7b,implicature,swmimp121,3,0.30299951881170273
deepseek7b,implicature,swmimp122,1,0.41320887207984924
deepseek7b,implicature,swmimp122,2,0.2999074459075928
deepseek7b,implicature,swmimp122,3,0.3189504146575928
deepseek7b,implicature,swmimp123,1,0.4783582141002019
deepseek7b,implicature,swmimp123,2,0.39868613580862683
deepseek7b,implicature,swmimp123,3,0.3899328013261159
deepseek7b,implicature,swmimp124,1,0.3071602987391608
deepseek7b,implicature,swmimp124,2,0.2583801490919931
deepseek7b,implicature,swmimp124,3,0.26607083848544527
deepseek7b,implicature,swmimp125,1,0.339771568775177
deepseek7b,implicature,swmimp125,2,0.30813203964914593
deepseek7b,implicature,swmimp125,3,0.3048772556441171
deepseek7b,implicature,swmimp126,1,0.2751554027199745
deepseek7b,implicature,swmimp126,2,0.3712842930108309
deepseek7b,implicature,swmimp126,3,0.3982760850340128
deepseek7b,implicature,swmimp127,1,0.31570392184787327
deepseek7b,implicature,swmimp127,2,0.3930174443456862
deepseek7b,implicature,swmimp127,3,0.37430715726481545
deepseek7b,implicature,swmimp128,1,0.3190028131008148
deepseek7b,implicature,swmimp128,2,0.3485611836115519
deepseek7b,implicature,swmimp128,3,0.5157507677872976
deepseek7b,implicature,swmimp129,1,0.16058775782585144
deepseek7b,implicature,swmimp129,2,0.407007098197937
deepseek7b,implicature,swmimp129,3,0.21316045274337134
deepseek7b,implicature,swmimp130,1,0.21091115474700928
deepseek7b,implicature,swmimp130,2,0.22927014695273507
deepseek7b,implicature,swmimp130,3,0.20261748631795248
deepseek7b,implicature,swmimp131,1,0.2654387056827545
deepseek7b,implicature,swmimp131,2,0.35601159930229187
deepseek7b,implicature,swmimp131,3,0.2831535041332245
deepseek7b,implicature,swmimp132,1,0.4107773579657078
deepseek7b,implicature,swmimp132,2,0.4614916816353798
deepseek7b,implicature,swmimp132,3,0.5040678143501282
deepseek7b,implicature,swmimp133,1,0.3284421503543854
deepseek7b,implicature,swmimp133,2,0.20733476877212526
deepseek7b,implicature,swmimp133,3,0.19039230346679686
deepseek7b,implicature,swmimp134,1,0.8499016879747311
deepseek7b,implicature,swmimp134,2,0.31399843096733093
deepseek7b,implicature,swmimp134,3,0.23323251803716025
deepseek7b,implicature,swmimp135,1,0.226553313434124
deepseek7b,implicature,swmimp135,2,0.5413816533982754
deepseek7b,implicature,swmimp135,3,0.24704096466302872
deepseek7b,implicature,swmimp136,1,0.3586489796638489
deepseek7b,implicature,swmimp136,2,0.45963420867919924
deepseek7b,implicature,swmimp136,3,0.38081228733062744
deepseek7b,implicature,swmimp137,1,0.4083428780237834
deepseek7b,implicature,swmimp137,2,0.29274117946624756
deepseek7b,implicature,swmimp137,3,0.41929225126902264
deepseek7b,implicature,swmimp138,1,0.4201468825340271
deepseek7b,implicature,swmimp138,2,0.47503297924995425
deepseek7b,implicature,swmimp138,3,0.2653719067573547
deepseek7b,implicature,swmimp139,1,0.4095225419316973
deepseek7b,implicature,swmimp139,2,0.3492201736995152
deepseek7b,implicature,swmimp139,3,0.4229908585548401
deepseek7b,implicature,swmimp140,1,0.26765881727139157
deepseek7b,implicature,swmimp140,2,0.2797968267566628
deepseek7b,implicature,swmimp140,3,0.2659954114092721
deepseek7b,implicature,swmimp141,1,0.10329707264900208
deepseek7b,implicature,swmimp141,2,0.08529785871505738
deepseek7b,implicature,swmimp141,3,0.12993484139442443
deepseek7b,implicature,swmimp142,1,0.2871800694200728
deepseek7b,implicature,swmimp142,2,0.38824038207530975
deepseek7b,implicature,swmimp142,3,0.3281949659188588
deepseek7b,implicature,swmimp143,1,0.18922479713664336
deepseek7b,implicature,swmimp143,2,0.20114633440971375
deepseek7b,implicature,swmimp143,3,0.3398532021571608
deepseek7b,implicature,swmimp144,1,0.13980933211066507
deepseek7b,implicature,swmimp144,2,0.22748434814539822
deepseek7b,implicature,swmimp144,3,0.14581056074662643
deepseek7b,implicature,swmimp145,1,0.38542378942171734
deepseek7b,implicature,swmimp145,2,0.3230540156364441
deepseek7b,implicature,swmimp145,3,0.33097749948501587
deepseek7b,implicature,swmimp146,1,0.3106961599711714
deepseek7b,implicature,swmimp146,2,0.25998533183130723
deepseek7b,implicature,swmimp146,3,0.25878485934487705
deepseek7b,implicature,swmimp147,1,0.3653130696879493
deepseek7b,implicature,swmimp147,2,0.24961751037173802
deepseek7b,implicature,swmimp147,3,0.3217029836442735
deepseek7b,implicature,swmimp148,1,0.3232961342884944
deepseek7b,implicature,swmimp148,2,0.2927919878409459
deepseek7b,implicature,swmimp148,3,0.26832025326215303
deepseek7b,implicature,swmimp149,1,0.3466691911220551
deepseek7b,implicature,swmimp149,2,0.4676742523908615
deepseek7b,implicature,swmimp149,3,0.4282813586294651
deepseek7b,implicature,swmimp150,1,0.2534869313240051
deepseek7b,implicature,swmimp150,2,0.5500305652618408
deepseek7b,implicature,swmimp150,3,0.30700468420982363
deepseek7b,implicature,swmimp151,1,0.33338909489767893
deepseek7b,implicature,swmimp151,2,0.3330566201891218
deepseek7b,implicature,swmimp151,3,0.31833541819027494
deepseek7b,implicature,swmimp152,1,0.3338971833388011
deepseek7b,implicature,swmimp152,2,0.3204564220375485
deepseek7b,implicature,swmimp152,3,0.28065988587008583
deepseek7b,implicature,swmimp153,1,0.160034265783098
deepseek7b,implicature,swmimp153,2,0.21267649862501356
deepseek7b,implicature,swmimp153,3,0.35801870624224347
deepseek7b,implicature,swmimp154,1,0.33673536280790967
deepseek7b,implicature,swmimp154,2,0.4235438373353746
deepseek7b,implicature,swmimp154,3,0.5575903430581093
deepseek7b,implicature,swmimp155,1,0.1149243712425232
deepseek7b,implicature,swmimp155,2,0.2791298031806946
deepseek7b,implicature,swmimp155,3,0.19908368587493896
deepseek7b,implicature,swmimp156,1,0.3438656972004817
deepseek7b,implicature,swmimp156,2,0.40877556571593654
deepseek7b,implicature,swmimp156,3,0.270150193801293
deepseek7b,implicature,swmimp157,1,0.4957890510559082
deepseek7b,implicature,swmimp157,2,0.7483265946308771
deepseek7b,implicature,swmimp157,3,0.35465075572331745
deepseek7b,implicature,swmimp158,1,0.42584067583084106
deepseek7b,implicature,swmimp158,2,0.23370927572250366
deepseek7b,implicature,swmimp158,3,0.31019866466522217
deepseek7b,implicature,swmimp159,1,0.6309852195637566
deepseek7b,implicature,swmimp159,2,0.40818574173109873
deepseek7b,implicature,swmimp159,3,0.222347514969962
deepseek7b,implicature,swmimp160,1,0.37754087362970623
deepseek7b,implicature,swmimp160,2,0.4232989251613617
deepseek7b,implicature,swmimp160,3,0.5494502553982394
deepseek7b,implicature,swmimp161,1,0.7245741984141725
deepseek7b,implicature,swmimp161,2,0.6610477188868182
deepseek7b,implicature,swmimp161,3,0.6915418393909931
deepseek7b,implicature,swmimp162,1,0.5559141412377357
deepseek7b,implicature,swmimp162,2,0.30960212151209515
deepseek7b,implicature,swmimp162,3,0.39680830637613934
deepseek7b,implicature,swmimp163,1,0.31597261627515155
deepseek7b,implicature,swmimp163,2,0.18365034792158338
deepseek7b,implicature,swmimp163,3,0.18542328808042738
deepseek7b,implicature,swmimp164,1,0.7270778017118573
deepseek7b,implicature,swmimp164,2,0.5568148717284203
deepseek7b,implicature,swmimp164,3,0.4967579171061516
deepseek7b,implicature,swmimp165,1,0.4686138580242793
deepseek7b,implicature,swmimp165,2,0.390655517578125
deepseek7b,implicature,swmimp165,3,0.42978358268737793
deepseek7b,implicature,swmimp166,1,0.45367860794067383
deepseek7b,implicature,swmimp166,2,0.5557487308979034
deepseek7b,implicature,swmimp166,3,0.3564307391643524
deepseek7b,implicature,swmimp167,1,0.7093232125043869
deepseek7b,implicature,swmimp167,2,0.4861908510327339
deepseek7b,implicature,swmimp167,3,0.4530782014131546
deepseek7b,implicature,swmimp168,1,0.2670488854249318
deepseek7b,implicature,swmimp168,2,0.4158080571020643
deepseek7b,implicature,swmimp168,3,0.5205944523525735
deepseek7b,implicature,swmimp169,1,0.26911430060863495
deepseek7b,implicature,swmimp169,2,0.1947853366533915
deepseek7b,implicature,swmimp169,3,0.21265971660614014
deepseek7b,implicature,swmimp170,1,0.31147709488868713
deepseek7b,implicature,swmimp170,2,0.2582836300134659
deepseek7b,implicature,swmimp170,3,0.37321291863918304
deepseek7b,implicature,swmimp171,1,0.17978385903618552
deepseek7b,implicature,swmimp171,2,0.27299575914036145
deepseek7b,implicature,swmimp171,3,0.3321275087920102
deepseek7b,implicature,swmimp172,1,0.4318474233150482
deepseek7b,implicature,swmimp172,2,0.4386056264241536
deepseek7b,implicature,swmimp172,3,0.2469997008641561
deepseek7b,implicature,swmimp173,1,0.7513829879462719
deepseek7b,implicature,swmimp173,2,0.4657120145857334
deepseek7b,implicature,swmimp173,3,0.45905202627182007
deepseek7b,implicature,swmimp174,1,0.420154495537281
deepseek7b,implicature,swmimp174,2,0.3287620782852173
deepseek7b,implicature,swmimp174,3,0.3544473499059677
deepseek7b,implicature,swmimp175,1,0.549994769692421
deepseek7b,implicature,swmimp175,2,0.5766506880521775
deepseek7b,implicature,swmimp175,3,0.5725408136844635
deepseek7b,implicature,swmimp176,1,0.7375179916620255
deepseek7b,implicature,swmimp176,2,0.7541970387101173
deepseek7b,implicature,swmimp176,3,0.8796284481883049
deepseek7b,implicature,swmimp177,1,0.4097235543387277
deepseek7b,implicature,swmimp177,2,0.5773960245507104
deepseek7b,implicature,swmimp177,3,0.514638140797615
deepseek7b,implicature,swmimp178,1,0.3289579231949413
deepseek7b,implicature,swmimp178,2,0.3431901703862583
deepseek7b,implicature,swmimp178,3,0.45023369876777425
deepseek7b,implicature,swmimp179,1,0.5291069746017456
deepseek7b,implicature,swmimp179,2,0.5678143557161093
deepseek7b,implicature,swmimp179,3,0.656089230440557
deepseek7b,implicature,swmimp180,1,0.31831054091453553
deepseek7b,implicature,swmimp180,2,0.30236443877220154
deepseek7b,implicature,swmimp180,3,0.5483112245798111
deepseek7b,implicature,swmimp181,1,0.4045396106583731
deepseek7b,implicature,swmimp181,2,0.24057297195707047
deepseek7b,implicature,swmimp181,3,0.5088556387594768
deepseek7b,implicature,swmimp182,1,0.46622323989868164
deepseek7b,implicature,swmimp182,2,0.07783347368240356
deepseek7b,implicature,swmimp182,3,0.2836148738861084
deepseek7b,implicature,swmimp183,1,0.44047032793362934
deepseek7b,implicature,swmimp183,2,0.5684774021307627
deepseek7b,implicature,swmimp183,3,0.32767250140508014
deepseek7b,implicature,swmimp184,1,0.3447750508785248
deepseek7b,implicature,swmimp184,2,0.19476202130317688
deepseek7b,implicature,swmimp184,3,0.2935585230588913
deepseek7b,implicature,swmimp185,1,0.5499420035630465
deepseek7b,implicature,swmimp185,2,0.4423597455024719
deepseek7b,implicature,swmimp185,3,0.24761661887168884
deepseek7b,implicature,swmimp186,1,0.23835939168930054
deepseek7b,implicature,swmimp186,2,0.13521212339401245
deepseek7b,implicature,swmimp186,3,0.2617449164390564
deepseek7b,implicature,swmimp187,1,0.17137214541435242
deepseek7b,implicature,swmimp187,2,0.21240562200546265
deepseek7b,implicature,swmimp187,3,0.34751880168914795
deepseek7b,implicature,swmimp188,1,0.3357781320810318
deepseek7b,implicature,swmimp188,2,0.5253685936331749
deepseek7b,implicature,swmimp188,3,0.3506447970867157
deepseek7b,implicature,swmimp189,1,0.21985721588134766
deepseek7b,implicature,swmimp189,2,0.24862913290659586
deepseek7b,implicature,swmimp189,3,0.2380150556564331
deepseek7b,implicature,swmimp190,1,0.4089321295420329
deepseek7b,implicature,swmimp190,2,0.32987062136332196
deepseek7b,implicature,swmimp190,3,0.4111398657162984
deepseek7b,implicature,swmimp191,1,0.542676292359829
deepseek7b,implicature,swmimp191,2,0.6368560940027237
deepseek7b,implicature,swmimp191,3,0.46517981588840485
deepseek7b,implicature,swmimp192,1,0.4195735529065132
deepseek7b,implicature,swmimp192,2,0.31416551768779755
deepseek7b,implicature,swmimp192,3,0.48602239042520523
deepseek7b,implicature,swmimp193,1,0.3461601734161377
deepseek7b,implicature,swmimp193,2,0.6601318667332331
deepseek7b,implicature,swmimp193,3,0.2696677049001058
deepseek7b,implicature,swmimp194,1,0.6310016632080078
deepseek7b,implicature,swmimp194,2,0.2199618935585022
deepseek7b,implicature,swmimp194,3,0.5451675578951836
deepseek7b,implicature,swmimp195,1,0.39449845751126605
deepseek7b,implicature,swmimp195,2,0.3930588944090737
deepseek7b,implicature,swmimp195,3,0.2257716523276435
deepseek7b,implicature,swmimp196,1,0.3276815017064412
deepseek7b,implicature,swmimp196,2,0.2859499454498291
deepseek7b,implicature,swmimp196,3,0.3138921558856964
deepseek7b,implicature,swmimp197,1,0.5539750158786774
deepseek7b,implicature,swmimp197,2,0.8628939390182495
deepseek7b,implicature,swmimp197,3,0.9595877015963197
deepseek7b,implicature,swmimp198,1,0.5588122506936392
deepseek7b,implicature,swmimp198,2,0.3141804138819377
deepseek7b,implicature,swmimp198,3,0.3263118664423625
deepseek7b,implicature,swmimp199,1,0.21725834906101227
deepseek7b,implicature,swmimp199,2,0.5928510576486588
deepseek7b,implicature,swmimp199,3,0.3410390615463257
deepseek7b,implicature,swmimp200,1,0.25424468517303467
deepseek7b,implicature,swmimp200,2,0.6797898312409719
deepseek7b,implicature,swmimp200,3,0.28455909093221027
